genome_id,file,bytes,sha256,shape,dtype,per_row_sum_min,per_row_sum_max
4875,Acidipropionibacterium_acidipropionici_ATCC_4875.pt,3947512,16dd3efa20e46d90fba3fef2139ac72119559e10fd5af9e31e4ecda73c2485b4,367x5376,torch.bfloat16,3.0003132820129395,3.001291275024414
15308,Acinetobacter_baumannii_ATCC_15308.pt,4334514,3fbb33e9dae12cc933e4111c2d410e245f09a450577cada36bc079f0d2f0fc52,403x5376,torch.bfloat16,2.9969863891601562,3.001166343688965
17961,Acinetobacter_baumannii_ATCC_17961.pt,4323762,f1ab157bbdb560be6a0424b3384f912544e5541d2426cfd26241af81162d22fe,402x5376,torch.bfloat16,2.997422218322754,3.0012707710266113
17978,Acinetobacter_baumannii_ATCC_17978.pt,4409778,1179eb6905044c44acccc727a833c89488b8e788a40b837a7ec7e2453f1d6f74,410x5376,torch.bfloat16,2.999094009399414,3.0010809898376465
19606,Acinetobacter_baumannii_ATCC_19606.pt,4313010,63f09bf63bb462534f5679c3b0625da692fdf7c119e0de03c73031f0462b7075,401x5376,torch.bfloat16,2.9989891052246094,3.0011672973632812
BAA-1605,Acinetobacter_baumannii_ATCC_BAA_1605.pt,4366785,62e3608a4410401af337ca43758ce3236f04b051ff6602824e999d919ad06c32,406x5376,torch.bfloat16,2.9977951049804688,3.0012083053588867
BAA-1710,Acinetobacter_baumannii_ATCC_BAA_1710.pt,4280769,ccd319dda71c4fc87fd37aab47b832c75e5a9d435231426bca2b9d60d0d86c0b,398x5376,torch.bfloat16,2.9988174438476562,3.0020389556884766
BAA-1794,Acinetobacter_baumannii_ATCC_BAA_1794.pt,4302273,af7be3fd0caf0504ea3ac01d47d3c07bdb30702a43f15ae1fa229ca3d8c50bf0,400x5376,torch.bfloat16,2.9977035522460938,3.002976417541504
BAA-1798,Acinetobacter_baumannii_ATCC_BAA_1798.pt,4356033,276cc6ec10dbe2f587927858d3dc2f28bd540434e73124f8ed0ebbe27a1c33c8,405x5376,torch.bfloat16,2.997295379638672,3.0037612915039062
BAA-1800,Acinetobacter_baumannii_ATCC_BAA_1800.pt,4323777,ac01b0b2e7d7d8e5b4edfeb84c50556ac757d7aa8a20a88f279e7a44647af257,402x5376,torch.bfloat16,3.000185012817383,3.0033440589904785
BAA-747,Acinetobacter_baumannii_ATCC_BAA_747.pt,4334524,1ae0c1f23facb8466314f4d1cd0c5d6900a38d6229c23675618db48473d81208,403x5376,torch.bfloat16,2.998746871948242,3.001126766204834
33304,Acinetobacter_baylyi_ATCC_33304.pt,4087203,30d836400b7db2e69ffa2a7e82913a0c5c2ab8633ce63dc7be64ec2a62a72624,380x5376,torch.bfloat16,2.995609760284424,3.0025711059570312
23055,Acinetobacter_calcoaceticus_ATCC_23055.pt,4248518,0eb3bd7941f48d160fb6cf970a6e3926483edf72a7653c7bff0ab44912076700,395x5376,torch.bfloat16,3.0002403259277344,3.001657485961914
17908,Acinetobacter_junii_ATCC_17908.pt,3700062,ecab5d81c23b74edd4fa3128a6f4e9c8830a793480b88125ea44c18787b72e8c,344x5376,torch.bfloat16,2.9960708618164062,3.0041046142578125
15309,Acinetobacter_lwoffii_ATCC_15309.pt,3700136,2afc5011faf839ed506ee313952e36eeec6af2854675f1c19f2b25e85d6b183e,344x5376,torch.bfloat16,2.9962387084960938,3.002086639404297
12104,Actinomyces_naeslundii_ATCC_12104.pt,3313069,a665aa1196228cfe4590144b6ecb450e68e76adc5d957dee9dbe9e2632513489,308x5376,torch.bfloat16,2.9996719360351562,3.001169204711914
15987,Actinomyces_viscosus_ATCC_15987.pt,3775395,03e33cd942244a80bc5cfb76cea2637905faf03093ca8ee92be76651f8a8ac47,351x5376,torch.bfloat16,2.9983139038085938,3.002368927001953
700406,Aerococcus_viridans_ATCC_700406.pt,2280803,8853e90be50003cf073f69cafc78f0d9d591a6b9032f3d8a144d84099512169d,212x5376,torch.bfloat16,2.9991226196289062,3.0029296875
35654,Aeromonas_hydrophila_ATCC_35654.pt,5097891,3f5e6826ba6814f9aba1a6382125ae54750c5bde008def5ff137e286b78bed1e,474x5376,torch.bfloat16,3.0003509521484375,3.001220703125
49140,Aeromonas_hydrophila_ATCC_49140.pt,5259171,ad41f83c43ff0eaff5958dc1a4d89854c8c37340e761f701651e591d619e3821,489x5376,torch.bfloat16,2.9996604919433594,3.0016422271728516
7966,Aeromonas_hydrophila_ATCC_7966.pt,5108574,279bb44a96c49d628860f33bcce4070e9e51b17af53a4d73842ad871dd2db1b5,475x5376,torch.bfloat16,2.9973526000976562,3.001105308532715
33658,Aeromonas_salmonicida_subsp_salmonicida_ATCC_33658.pt,5259266,8392acdf370035fe2a8974c82a416c19ccfa432611251cdebecc06149be11166,489x5376,torch.bfloat16,2.997171401977539,3.001832962036133
43979,Aeromonas_sobria_ATCC_43979.pt,5162319,d4bbf535007dc3231bb2bcdc6fa3acd37b220431d58b93d1d2e71dc5afeefc4d,480x5376,torch.bfloat16,2.9991979598999023,3.0014543533325195
35624,Aeromonas_veronii_ATCC_35624.pt,4947284,0a500149c4dddd82a193ef1a70412937abaa114bd35b6d6f1af9593f1173f384,460x5376,torch.bfloat16,2.996532440185547,3.001819133758545
29522,Aggregatibacter_actinomycetemcomitans_ATCC_29522.pt,2323960,e1f6a70d95dfd424774990f37888142a579de11c903db056a6716adbd5f2f5c4,216x5376,torch.bfloat16,2.999654769897461,3.001162052154541
29523,Aggregatibacter_actinomycetemcomitans_ATCC_29523.pt,2495992,3cb9e11817d0a6c74cef747cb8be21adb4c393a790e5c7b1053fab124d0717ec,232x5376,torch.bfloat16,2.9984130859375,3.0011277198791504
8750,Alcaligenes_faecalis_subsp_faecalis_ATCC_8750.pt,4388329,e826d696615fc4ce9287751425dd035af7bf125d82a64c3e59834ff449e8fc9e,408x5376,torch.bfloat16,2.995992660522461,3.0012283325195312
49025,Alicyclobacillus_acidoterrestris_ATCC_49025.pt,4689375,5585d484ebbabe98eb19ec9f2ed5ee5a328124b08eb2f822beeadd08c2dc9f90,436x5376,torch.bfloat16,2.9990062713623047,3.001193046569824
51259,Alloprevotella_tannerae_ATCC_51259.pt,2807730,6e27a6b6d38c8d341b8b242705e7fc24fcf7b717b83bc48b5bdfb2aa7c5c4842,261x5376,torch.bfloat16,3.0002708435058594,3.001098155975342
66981,Alternaria_alternata_ATCC_66981.pt,36117411,947a5849999376144034a6c971ed96d5ec9f457e6464ee85cd679378ae47efb4,3359x5376,torch.bfloat16,2.9975109100341797,3.002224922180176
22342,Aspergillus_awamori_ATCC_22342.pt,39084894,5b9d6fb70e0ae770b0d5e8f6923185282f6089d5db381d8637e0832f1e57a481,3635x5376,torch.bfloat16,2.995199680328369,3.0048675537109375
16404,Aspergillus_brasiliensis_ATCC_16404.pt,40514999,12c6d214692103cbb5f46490bb715afbc19579ca4695be7104db9d3b37ad10b0,3768x5376,torch.bfloat16,2.9980740547180176,3.0023326873779297
9642,Aspergillus_brasiliensis_ATCC_9642.pt,39300018,ec4f6afbef9f01fed1332349d0c9aa1b13d4937259d4820440eee8d2b2803fed,3655x5376,torch.bfloat16,2.997344970703125,3.0015769004821777
20611,Aspergillus_fijiensis_ATCC_20611.pt,39493544,e08d02be76beef9047e1598a95405d7f9d7d392e32790ef4ffe82dd369fc3736,3673x5376,torch.bfloat16,2.997882843017578,3.0050125122070312
204304,Aspergillus_flavus_ATCC_204304.pt,40977246,b84a292a265f37302a3955bd87b96d326a82a66a67b3bac7d6ccff0e2f13ad98,3811x5376,torch.bfloat16,2.9972610473632812,3.004091262817383
9643,Aspergillus_flavus_ATCC_9643.pt,41375060,a87a7f8987ee767ba6c6b916259c30bed150a3ae82a767139f8b8348380d6ff5,3848x5376,torch.bfloat16,2.999094009399414,3.0014991760253906
1022,Aspergillus_fumigatus_ATCC_1022.pt,30698403,b1cec65295505a93f88547e8762387c8a27b3f95679e005ec132af63bfa80584,2855x5376,torch.bfloat16,2.9973983764648438,3.001922607421875
204305,Aspergillus_fumigatus_ATCC_204305.pt,31074733,6d0d208299d3b105ae9557fd936ef805404dfb8caffda566592e42a0553d161f,2890x5376,torch.bfloat16,2.996837615966797,3.0019326210021973
96918,Aspergillus_fumigatus_ATCC_96918.pt,31182248,ab27b1688ce02904d55772a20da5363f39b41b2d63de1b10a2c442e270b6f7f0,2900x5376,torch.bfloat16,2.9970970153808594,3.0036840438842773
1015,Aspergillus_niger_ATCC_1015.pt,38289231,367b6941305465f0b95451acb35f7d17cded8cde63cb27330718ce87ebe83a22,3561x5376,torch.bfloat16,2.99658203125,3.0028982162475586
6275,Aspergillus_niger_ATCC_6275.pt,40407375,93fd8c550c19bd28616359ee33c7fb8b48e5beac24f78676e34553a300384e66,3758x5376,torch.bfloat16,2.9962921142578125,3.0035247802734375
9142,Aspergillus_niger_ATCC_9142.pt,38493519,a73af4e283d7440dbcac0dc82863f81255f41a32e6ea1de27151019c426533b7,3580x5376,torch.bfloat16,2.994659423828125,3.0041732788085938
MYA-4892,Aspergillus_niger_ATCC_MYA_4892.pt,38816163,924e8f690363820646c93a923d2c3587d412e6334d21d752c2ee26d90c38671b,3610x5376,torch.bfloat16,2.997882843017578,3.0027923583984375
1012,Aspergillus_terreus_ATCC_1012.pt,32988505,79beff6cd18e6086c3b82efdb2c510fa099bb37bf43b147a55f3c95921d6afa5,3068x5376,torch.bfloat16,2.997629165649414,3.0057830810546875
1004,Aspergillus_tubingensis_ATCC_1004.pt,38450605,467dd0552ab8126a6883c7c646b452c067d8d7b04862cc09a2f9019147ee5681,3576x5376,torch.bfloat16,2.997194290161133,3.0032262802124023
1041,Aspergillus_ustus_ATCC_1041.pt,44439375,50f39206f8dbca90d5bdfb68fc8b95ab984bb336fb794a0ed3063a64cc5ecefc,4133x5376,torch.bfloat16,2.994171142578125,3.0053253173828125
23842,Bacillus_amyloliquefaciens_ATCC_23842.pt,4313025,4694ef6c0b9de0ca09ee29d05e874b5ab0787327a23f20fb1f12558e49acd78e,401x5376,torch.bfloat16,3.00046443939209,3.0010929107666016
9372,Bacillus_atrophaeus_ATCC_9372.pt,4474201,022cf0482af9d1bee7ec4cd24b70015c849fb087775993f2aad166b241898254,416x5376,torch.bfloat16,3.0003700256347656,3.001147747039795
10876,Bacillus_cereus_ATCC_10876.pt,6517066,0e1ba11f8a290ab790eabf29d806d9d5c921f1e2884fa1cac4c04557f5430e3c,606x5376,torch.bfloat16,3.0,3.0017833709716797
11778,Bacillus_cereus_ATCC_11778.pt,5388106,38cb2db8f1eba85bd1c63ccdc914c9e153e5b0fc4b020162ed1168964f6a7c4c,501x5376,torch.bfloat16,3.0003538131713867,3.003154754638672
13472,Bacillus_cereus_ATCC_13472.pt,5753674,3e312b2e7af58902047c3b48b42f67dc64cce645963acf3b9008d81c821b6b6a,535x5376,torch.bfloat16,3.0003600120544434,3.0015573501586914
14579,Bacillus_cereus_ATCC_14579.pt,5850442,53f1e19d51895371b731d73620376229dbd37b8ac9c0a3d0b30676c4648ea39e,544x5376,torch.bfloat16,2.9990291595458984,3.001375675201416
49064,Bacillus_cereus_ATCC_49064.pt,5850442,9822854d59569051052200955706119828b9a37c67c10b064b9063c7aa837274,544x5376,torch.bfloat16,2.999011993408203,3.0012478828430176
14580,Bacillus_licheniformis_ATCC_14580.pt,4549549,d06683c4fb62729968905eeb0e18b29ec326d1d2cdeefbdce5c01dba97fcc6d5,423x5376,torch.bfloat16,3.000479221343994,3.00162410736084
10987,Bacillus_pacificus_ATCC_10987.pt,5893465,c94c2cae06d6c839f503d19ce6ecb9b00a77964f989479d3e58ccebe257c26fd,548x5376,torch.bfloat16,2.9987378120422363,3.0032691955566406
10702,Bacillus_paranthracis_ATCC_10702.pt,6022568,f765695d79fee09320e4eb45ed11611d9936c965ea776187702d0a2363b33f6a,560x5376,torch.bfloat16,2.9957275390625,3.001225471496582
13061,Bacillus_paranthracis_ATCC_13061.pt,5968808,e8cb22fd629db99021af4e41fd3534fc32b9641dd27517212d65d25adc5068d5,555x5376,torch.bfloat16,2.9987354278564453,3.004079818725586
19659,Bacillus_spizizenii_ATCC_19659.pt,4355934,2e84a7fb5b542d9195c4db586127ae5490ee5e37be0a93ea9880fe04caa50a5d,405x5376,torch.bfloat16,3.0004429817199707,3.0023880004882812
6633,Bacillus_spizizenii_ATCC_6633.pt,4355929,79a103e29fd1a3285507f3408b301f904e9dbcc06de9f2c8a336e56b2a410af0,405x5376,torch.bfloat16,3.0004286766052246,3.0018043518066406
11774,Bacillus_subtilis_ATCC_11774.pt,4420436,91ec4a2f2438bc94899ddbd21bb0d9b73c08c991d0af5ffe422476d2d25c5599,411x5376,torch.bfloat16,2.9960412979125977,3.0010952949523926
21332,Bacillus_subtilis_ATCC_21332.pt,4613972,7619ea3cafa89c79962e703c8672a189738381766e05eb093003a2fcf7a16974,429x5376,torch.bfloat16,3.0004019737243652,3.0011544227600098
23857,Bacillus_subtilis_ATCC_23857.pt,4538708,3f30bf1e35402e0868c1b7aa7ffe4939ccfae1a959a2eae95bfb50ceaa61e1f3,422x5376,torch.bfloat16,2.998845100402832,3.0011749267578125
6051,Bacillus_subtilis_ATCC_6051.pt,4635471,c087762be54f3eddc5da52b85d8d7d522256d7f5fc95b86efeb8c745a17ce5ba,431x5376,torch.bfloat16,3.000361919403076,3.0012154579162598
10792,Bacillus_thuringiensis_ATCC_10792.pt,7022509,5a73f652fa8c3ace5b0848f3b81e9c2d63a6b0ed41bc8edee9fe83b2280e8643,653x5376,torch.bfloat16,2.9951343536376953,3.0022802352905273
4342,Bacillus_tropicus_ATCC_4342.pt,5710671,6a1449b535d8564b597e409608a19f20f79ded058607308ec01276af2a95eaf0,531x5376,torch.bfloat16,2.9994239807128906,3.001749038696289
25285,Bacteroides_fragilis_ATCC_25285.pt,5700003,c5fcf3c7a6399aea6b7c3c838f6fa48af88585acb222f0c8252e31a38693a7bb,530x5376,torch.bfloat16,2.996013641357422,3.0020294189453125
29771,Bacteroides_fragilis_ATCC_29771.pt,5678499,1cf49b5f57c0a9f0621590ea75de93a69c50641986d241a19a356c9f188b2846,528x5376,torch.bfloat16,2.9948863983154297,3.0033397674560547
29741,Bacteroides_thetaiotaomicron_ATCC_29741.pt,6646219,8b23e41cf4d6d71b14fd617ce8d24565fcf80d12336a5f097ec004e8e1e54182,618x5376,torch.bfloat16,2.9989871978759766,3.0011134147644043
15703,Bifidobacterium_adolescentis_ATCC_15703.pt,2259403,f484296f04b25defded87946cc99204885ed6814accc214c624331cdd9e858b1,210x5376,torch.bfloat16,2.997565746307373,3.0011258125305176
15700,Bifidobacterium_breve_ATCC_15700.pt,2452904,bf6f88ae62161900bc8f88b8178c006f4453e60cc18cc30a4610f3196fbe7e6c,228x5376,torch.bfloat16,2.998128890991211,3.001160144805908
BAA-999,Bifidobacterium_longum_ATCC_BAA_999.pt,2603447,9fd6cd56b0fdf8a894afc509a241ddfcc6712815f6d493163f76f476cda175ef,242x5376,torch.bfloat16,3.000443458557129,3.001227855682373
15697,Bifidobacterium_longum_subsp_infantis_ATCC_15697.pt,3055096,52b9a080c1ff8c8f9c8debd5287bbe927b4b27b2a288d57fc48b578f7b085bfe,284x5376,torch.bfloat16,2.9994659423828125,3.0011491775512695
15707,Bifidobacterium_longum_subsp_longum_ATCC_15707.pt,2581998,63a287c6e1f0beab93947a49c6c183178edb65beed4cad9c25b65c266b4280eb,240x5376,torch.bfloat16,2.9990882873535156,3.001160144805908
29236,Blautia_coccoides_ATCC_29236.pt,6560084,04bc3b1046ecbf76c595f4886a64296922b3062a7ab0e77d5acf27aadd5085cb,610x5376,torch.bfloat16,2.9997901916503906,3.001126289367676
9340,Bordetella_pertussis_ATCC_9340.pt,4506462,d563df537fc525687a4b49e465525351ee86f5318c7c0e0c8b57e59cb30f67fb,419x5376,torch.bfloat16,2.9987220764160156,3.001948356628418
17765,Burkholderia_cepacia_ATCC_17765.pt,8334243,05461716d5c9096d3aa43f837bc3cb06831ce7ad23f152d6ecaf07d79facabf8,775x5376,torch.bfloat16,3.000126838684082,3.0027637481689453
25416,Burkholderia_cepacia_ATCC_25416.pt,9226659,8986a310c8f05f72e989e073d04a6294dd6f49c67c3e999318a16ae0b96689db,858x5376,torch.bfloat16,2.997098922729492,3.001544952392578
17616,Burkholderia_multivorans_ATCC_17616.pt,7549367,d6a2ce98ec5fa9ed9d22ab29a5d19813c1b3cc25a1919ba37a09909588eee5a3,702x5376,torch.bfloat16,2.9985055923461914,3.001296043395996
700388,Burkholderia_thailandensis_ATCC_700388.pt,7248326,1566c9413e176b3d0b8a171d2cc9152d8b1b0533f7e601a775319d5639ca0f86,674x5376,torch.bfloat16,2.9978151321411133,3.001281261444092
33291,Campylobacter_jejuni_subsp_jejuni_ATCC_33291.pt,1743332,6a7c2815482f35ff3a1ded68f0127e969195e1993a305e0195b572b08f04f9b8,162x5376,torch.bfloat16,3.0003442764282227,3.0013785362243652
33292,Campylobacter_jejuni_subsp_jejuni_ATCC_33292.pt,1829348,3e71943b1233a357f444fc92952ddd93e65ea313db384fb93311e1f00b7bb0c6,170x5376,torch.bfloat16,3.0002241134643555,3.001241683959961
10231,Candida_albicans_ATCC_10231.pt,16032591,587634d034d2f2a524ff6a627bccbce433ed1eb692238c4a259385982397d26e,1491x5376,torch.bfloat16,2.996063232421875,3.003326416015625
11006,Candida_albicans_ATCC_11006.pt,16204623,b5c021668047c6a5ef1592ee166a5c25012b0a42f8ec255158bda2bea84f192c,1507x5376,torch.bfloat16,2.99530029296875,3.00421142578125
14053,Candida_albicans_ATCC_14053.pt,16312143,64f6cb6c741bd35530d6b29b1216df3de9248ee58fa07887d187f27c329fc9ce,1517x5376,torch.bfloat16,2.9960784912109375,3.004301071166992
18804,Candida_albicans_ATCC_18804.pt,15946575,610e310cef64ff105d7bd2fd50b046093459cc10aaa39a820a6aae7cbe3b31af,1483x5376,torch.bfloat16,2.997746467590332,3.0029544830322266
200955,Candida_albicans_ATCC_200955.pt,15957332,cd3ad25b46be725ffdd3f9fd54f8632036b7da9957fd61ca573534956b71fe1c,1484x5376,torch.bfloat16,2.996337890625,3.00469970703125
2091,Candida_albicans_ATCC_2091.pt,15269194,254b13fb742812036524e639ecca5b0227cd8326572e2b5512469216f93cb3bc,1420x5376,torch.bfloat16,2.9974594116210938,3.0037498474121094
24433,Candida_albicans_ATCC_24433.pt,15882063,d24eef29e85ff9c35ccade16bdd4fae0bb5008626121a83511ed28123e8ef4c4,1477x5376,torch.bfloat16,2.9966278076171875,3.0030479431152344
66027,Candida_albicans_ATCC_66027.pt,16064847,ab2b6534fb3de95a13ff05d7c6881fc2c50971fc76022adb97fce2cc21c6e83e,1494x5376,torch.bfloat16,2.995555877685547,3.00469970703125
76485,Candida_albicans_ATCC_76485.pt,16215375,be1c34e035c4e65b5012c97332a8c8097ff82531158285d6f15528ef010423f5,1508x5376,torch.bfloat16,2.9954605102539062,3.0060195922851562
90028,Candida_albicans_ATCC_90028.pt,16279887,500b6914e5ff92d17fc51585eee5942d0d84e3080dbece1172133c75bd37bf86,1514x5376,torch.bfloat16,2.9968204498291016,3.0039138793945312
96901,Candida_albicans_ATCC_96901.pt,16086351,2251867e3725ab10dfc634e3d2c7bd3599aca2678017d18fee80569131ec2f48,1496x5376,torch.bfloat16,2.995849609375,3.0029296875
MYA-2876,Candida_albicans_ATCC_MYA_2876.pt,15989598,70009a7a5bd12fb81649f135bafd4378b4997d2b2ef80aea0371203cb51d8412,1487x5376,torch.bfloat16,2.997086524963379,3.0051937103271484
MYA-646,Candida_dubliniensis_ATCC_MYA_646.pt,16086445,ef2af7c74e96582368fc929029f5d646e898fdcc7a13e303059b782a69fdbd7c,1496x5376,torch.bfloat16,2.996166229248047,3.004009246826172
2001,Candida_glabrata_ATCC_2001.pt,13656394,80c4e1ee761ed9f8df2280aab370800e6f7d4e0bf34b88305ab1fadc23bd7787,1270x5376,torch.bfloat16,2.9986114501953125,3.0022621154785156
66028,Candida_kefyr_ATCC_66028.pt,12215616,c997c7748729897da9f6fae7d810f98ab5cb74db4519f395126b1642c283acf7,1136x5376,torch.bfloat16,2.9967403411865234,3.005767822265625
14243,Candida_krusei_ATCC_14243.pt,11721029,a3ca7950aa467464f2904e4655ee4f1da371bcaab9af619077ec34b262804576,1090x5376,torch.bfloat16,2.9987640380859375,3.001654624938965
28870,Candida_krusei_ATCC_28870.pt,11989829,a18fec79aa8a458bcb91722c65434a97a6eb4ba02d32207550cec3902f98212c,1115x5376,torch.bfloat16,2.9975852966308594,3.0068931579589844
34449,Candida_lusitaniae_ATCC_34449.pt,13161817,923ba4747a3110fc4f3b635f817c20628490bd5852ccf2a2497849531c81bd64,1224x5376,torch.bfloat16,2.9970703125,3.0020370483398438
22019,Candida_parapsilosis_ATCC_22019.pt,14054307,0acc074829a250e65e5f4773fe81a85dff07c8f59f2b52db50a2063f4ec58bce,1307x5376,torch.bfloat16,2.9959716796875,3.0032196044921875
90018,Candida_parapsilosis_ATCC_90018.pt,14118819,270fc70957a93df0555f1663484d6e4525425c70b3d71193581d2bacadbebb13,1313x5376,torch.bfloat16,2.9966373443603516,3.0029525756835938
13803,Candida_tropicalis_ATCC_13803.pt,16699225,1f6c165f2642637b717d3799cfb544c42e338f85eda6da5f1d280172c3fa9b2d,1553x5376,torch.bfloat16,2.9981794357299805,3.0054640769958496
66029,Candida_tropicalis_ATCC_66029.pt,16021849,5044ff28970534b0529ea872e85587e65e9204c4c9b35cc242de314e7d07434e,1490x5376,torch.bfloat16,2.99664306640625,3.0054931640625
750,Candida_tropicalis_ATCC_750.pt,15978831,cda965c7a618b20091d443f58e209a1601aef3de61e0a188bbac548b2d47529c,1486x5376,torch.bfloat16,2.9984893798828125,3.002333641052246
MYA-3404,Candida_tropicalis_ATCC_MYA_3404.pt,16161704,d0ee0bf8ce8d2f3f753edabf3587ae59746035cc95d1c98ecc56b6831abb4173,1503x5376,torch.bfloat16,2.9978675842285156,3.0021324157714844
31532,Chromobacterium_subtsugae_ATCC_31532.pt,4958140,b96bfb2e0ee5625fcab5620afe01ff61a80f72e3bf47fa6f2d75948a4648cd06,461x5376,torch.bfloat16,2.997608184814453,3.0012526512145996
12472,Chromobacterium_violaceum_ATCC_12472.pt,5119420,ae9f950e62f86f49d060f1a6e6503b4aa4081d32745c8683a7564179b3d6521d,476x5376,torch.bfloat16,2.999786376953125,3.0012965202331543
8090,Citrobacter_freundii_ATCC_8090.pt,5345118,8eb6af0f627b666702814c61140a291bb8969a2a75f72b20777cae1cbb8be116,497x5376,torch.bfloat16,3.000457763671875,3.003814697265625
BAA-895,Citrobacter_koseri_ATCC_BAA_895.pt,5108643,853d7dd5f8d9b3f8e8d4a4f831245f2a4b99797c62736d09ebec294b15a940ef,475x5376,torch.bfloat16,2.9992446899414062,3.001098155975342
43255,Clostridioides_difficile_ATCC_43255.pt,4678583,0d0a8e1c7f29051207db1895a782fb77f4df726d67a630be8867e6287d351dfc,435x5376,torch.bfloat16,2.998702049255371,3.002163887023926
43598,Clostridioides_difficile_ATCC_43598.pt,4495799,e0606d5bd0ee22cff96dd78459a07e5fe5dcaa56c052ad84c74535981b11bdbb,418x5376,torch.bfloat16,3.000330924987793,3.0017356872558594
BAA-1382,Clostridioides_difficile_ATCC_BAA_1382.pt,4635590,e8e1e0f20b348e76584d9b3843b7564bee5a3fd58fdb5336a1f7384607d5f1e2,431x5376,torch.bfloat16,2.9995555877685547,3.0013179779052734
27757,Clostridium_nexile_ATCC_27757.pt,4226905,77f636b2942f5ccbed57211ff612921f47f9b11e11c6da19c2c51c43f00c0b63,393x5376,torch.bfloat16,2.9974288940429688,3.0025787353515625
10543,Clostridium_perfringens_ATCC_10543.pt,3635634,4b0f9369d23769c1b605f4ad672534f27eff20ec83d54e82a497f322805c58ef,338x5376,torch.bfloat16,2.997921943664551,3.0013089179992676
12915,Clostridium_perfringens_ATCC_12915.pt,3313074,3c880c01d31f2f9bb562dcca66a673901a8d925fbbd7ebb933d8d16d2dfeb03a,308x5376,torch.bfloat16,2.9991302490234375,3.001366138458252
13124,Clostridium_perfringens_ATCC_13124.pt,3506610,87c8d3aee374e0ba74af21848861e1e6e3a4a6ec4bc8da36d4b7bbbd4c8db280,326x5376,torch.bfloat16,2.9996557235717773,3.0012717247009277
3624,Clostridium_perfringens_ATCC_3624.pt,3495853,baecb867044674d050dc2450fae65fc2bca21856ff7af2f44666abad980c54b7,325x5376,torch.bfloat16,2.999532699584961,3.0011987686157227
3626,Clostridium_perfringens_ATCC_3626.pt,4194733,6e372719f54ad8f54998171c7f2fba0a0216ede95099d0f0f3e0a766e542541b,390x5376,torch.bfloat16,2.994873046875,3.003620147705078
12464,Clostridium_septicum_ATCC_12464.pt,3667875,2851897c69c60f10eff3d2df5f484d167714db29be43c052a9d16c4af823c52e,341x5376,torch.bfloat16,2.9972267150878906,3.0013375282287598
19404,Clostridium_sporogenes_ATCC_19404.pt,4431277,ef424abbd4857e1a905edb492f588b46235a55f14dde38eeb0a973d9b2d88783,412x5376,torch.bfloat16,2.9992523193359375,3.001309871673584
13032,Corynebacterium_glutamicum_ATCC_13032.pt,3571137,313efcce8f570e18409d0aac62a75aca51f601259dc98daead33c07dbfc5c280,332x5376,torch.bfloat16,2.9987106323242188,3.0010814666748047
BAA-949,Corynebacterium_jeikeium_ATCC_BAA_949.pt,2560449,97aa7e46b5f8ed365988c57dd5c4e3faab3f9094bf6c14423050ed16fe074b1b,238x5376,torch.bfloat16,2.9968490600585938,3.0042800903320312
19410,Corynebacterium_pseudotuberculosis_ATCC_19410.pt,2517481,ddc7e22e7f2be51b149d43ba981e2614f98a401ba3e4cca645a68ca1c0205270,234x5376,torch.bfloat16,2.9997329711914062,3.001042366027832
19412,Corynebacterium_renale_ATCC_19412.pt,2517421,820e77a4c3bf8f582892abd60707221bec4265884029f08443141bf812d116ca,234x5376,torch.bfloat16,3.000192642211914,3.0011396408081055
373,Corynebacterium_xerosis_ATCC_373.pt,2904488,2883ddfa38050fce4f28baff14ff4612e07cdceced7b12ef8e101185462328a8,270x5376,torch.bfloat16,3.000366687774658,3.0014991760253906
51329,Cronobacter_muytjensii_ATCC_51329.pt,4700077,7a891e0ea1d2351c2f9a6fe300c6a25a84157b921b8f040a1ce7861a9ecc771a,437x5376,torch.bfloat16,3.0003981590270996,3.0018863677978516
29544,Cronobacter_sakazakii_ATCC_29544.pt,5033384,b9b1ac7f655d361f9a801ff8f6b3d9815eceb8466c34e3319942e1abfd39536b,468x5376,torch.bfloat16,2.9974517822265625,3.0023651123046875
BAA-894,Cronobacter_sakazakii_ATCC_BAA_894.pt,4882866,d87162aa430245a5b1522e57b35d0294ebe1f87a2594a3a6d8f70f90ff4a89ca,454x5376,torch.bfloat16,2.9982051849365234,3.00120210647583
13690,Cryptococcus_neoformans_var_grubii_ATCC_13690.pt,20602345,c5e90c8fe10942f671f0b48bf4feae872b55a92c6394056f98100fd6f6ac0098,1916x5376,torch.bfloat16,2.99652099609375,3.0038585662841797
208821,Cryptococcus_neoformans_var_grubii_ATCC_208821.pt,20709870,c34c74a40d95f5596979d8ebc8e0894a457e40ebcf581a722689c71cd9e88f45,1926x5376,torch.bfloat16,2.997386932373047,3.0030593872070312
90112,Cryptococcus_neoformans_var_grubii_ATCC_90112.pt,20656105,3ff38d08cd5544b9d3f6b46ee6180af0e134f95891d5ac97e0f090bca1b5d5a1,1921x5376,torch.bfloat16,2.996664047241211,3.003204345703125
11827,Cutibacterium_acnes_ATCC_11827.pt,2689374,1f4e70f9f25991ce866f3e55a9ebf5903f7a0fcff2a8c9b6221d4187ee2e6845,250x5376,torch.bfloat16,3.000441074371338,3.001155376434326
11828,Cutibacterium_acnes_ATCC_11828.pt,2689374,f1f8c6217cf8ed9dbbdc3f84de9f129dba6caf113d93027838b1dce083d0015b,250x5376,torch.bfloat16,2.9976158142089844,3.001115322113037
29399,Cutibacterium_acnes_ATCC_29399.pt,2689374,b246b2e8d84056147cb4dd04c299ff58c2ccc87f0bd0d0d1ef9b9c45d618966e,250x5376,torch.bfloat16,2.9987268447875977,3.0010809898376465
33179,Cutibacterium_acnes_ATCC_33179.pt,2689374,7a0d5f0b9a573fe4aecd5441826d12539e9da25bdbb206103f56d02acaf771e6,250x5376,torch.bfloat16,2.998809814453125,3.001133918762207
51277,Cutibacterium_acnes_ATCC_51277.pt,2764638,7ae3ccf2b5584d3a785b89e55cbc4e3cef9fbdee2027ca335b1988833ab730af,257x5376,torch.bfloat16,2.9988555908203125,3.0011844635009766
6919,Cutibacterium_acnes_ATCC_6919.pt,2689369,fd8aa454599c3913372a7f24cee916883664a5174bd1b13e117b6fd31c24cf75,250x5376,torch.bfloat16,3.000471591949463,3.0020456314086914
33202,Edwardsiella_ictaluri_ATCC_33202.pt,4140968,964beec6d123b60820b3401c56f5223e395e8a67535bbdf5c397d33f43bb948f,385x5376,torch.bfloat16,2.997772216796875,3.00191593170166
15947,Edwardsiella_tarda_ATCC_15947.pt,4151641,637e0825c998c91a20c745bf01fb4ac86876b2e5566ddfdc7203565ca86667e0,386x5376,torch.bfloat16,2.9953994750976562,3.004446029663086
BAA-2468,Enterobacter_cloacae_ATCC_BAA_2468.pt,5700018,2e2a0be39b60bdda1ea4fb353f8e78dd498c12e71041e0755f3d77b4780b0292,530x5376,torch.bfloat16,2.9986610412597656,3.003150463104248
BAA-3045,Enterobacter_cloacae_ATCC_BAA_3045.pt,5538738,caee918a388e5a8a1680186b9c00c9354f0c73969454004dcedd71a0add913ba,515x5376,torch.bfloat16,2.9976806640625,3.0040206909179688
13047,Enterobacter_cloacae_subsp_cloacae_ATCC_13047.pt,6044137,5d07e428a50c97751dd8c9db2e63dd68c61b6214afdeca023a67ae1a84edbf52,562x5376,torch.bfloat16,2.998445510864258,3.0013227462768555
23355,Enterobacter_cloacae_subsp_cloacae_ATCC_23355.pt,5237737,27a8b8dd46570e8c643bc0a0f7ee4b37e7d5472444acea991fef774947b49db1,487x5376,torch.bfloat16,2.9959068298339844,3.0011143684387207
35030,Enterobacter_cloacae_subsp_cloacae_ATCC_35030.pt,5140969,72f266d52983d4965abfc55bb83c07c38336526d4f06ec60ffb92f89ee9c9f8f,478x5376,torch.bfloat16,2.9970703125,3.001659393310547
BAA-1143,Enterobacter_cloacae_subsp_cloacae_ATCC_BAA_1143.pt,5388280,b3f677a1b279a6a9a48f48cf8d050202b7e5d5ab19943253aa2cd99ddcf1dff5,501x5376,torch.bfloat16,2.9970703125,3.0010762214660645
700323,Enterobacter_hormaechei_ATCC_700323.pt,5162423,004e278ba11b96364c93b452d6e1a10eb34b6bcb52ff0d8b4e5a55c2826ec50f,480x5376,torch.bfloat16,3.0000805854797363,3.00335693359375
49141,Enterobacter_ludwigii_ATCC_49141.pt,5323688,91a461793b263c87dd6526bacc74a42f18f77126d29c4aa7d36d7a34e66df41d,495x5376,torch.bfloat16,2.999053955078125,3.0011558532714844
700327,Enterococcus_casseliflavus_ATCC_700327.pt,3764678,0b06bbd83854b537c1d97a470e7db6e3f39eb7d6fa9e1c930687a8a9cebd2c2f,350x5376,torch.bfloat16,2.9984130859375,3.001133441925049
19432,Enterococcus_durans_ATCC_19432.pt,3442014,93d844f655b4a078680d122f7fa72955c1f1dd6d7dc366f4bba7decdf86fe98c,320x5376,torch.bfloat16,2.995697021484375,3.0010986328125
14506,Enterococcus_faecalis_ATCC_14506.pt,3259304,ed009770d6e9486c17e576b4844ed18481f18ff2b7f17ce31dcff74442fd0727,303x5376,torch.bfloat16,3.0003409385681152,3.001366138458252
19433,Enterococcus_faecalis_ATCC_19433.pt,3087272,f76c238347a5cbe91843b00903c49f4c4e2b88e616546102e1a4183605f11d85,287x5376,torch.bfloat16,3.0002779960632324,3.001291275024414
29212,Enterococcus_faecalis_ATCC_29212.pt,3302312,1fefd386cc004cd30a1607d8723de5fa8c693e9f31bb00c5efb0c88baf7e6573,307x5376,torch.bfloat16,2.9983787536621094,3.0025672912597656
33186,Enterococcus_faecalis_ATCC_33186.pt,3065768,86cfb355c05adfa91626f9d19012b591d27a0b781ea7b857cf3ca81d7dde41d1,285x5376,torch.bfloat16,2.9987258911132812,3.001156806945801
47077,Enterococcus_faecalis_ATCC_47077.pt,2947496,428bca7f25fe1fad580ce3e2ae9b44fbb87b171fc1f1cd9ac520beb9ccebacfd,274x5376,torch.bfloat16,2.9998841285705566,3.00113582611084
51299,Enterococcus_faecalis_ATCC_51299.pt,3753896,b3d77f2ea057f57e1fc74a8923183c0c88d46afd4e1ba79b86da57677a1cceba,349x5376,torch.bfloat16,2.9967870712280273,3.003450393676758
51575,Enterococcus_faecalis_ATCC_51575.pt,3753896,28f1a9f97e0d6422acf046afc43684ec9f9589e44501728a616d1fb8823276d1,349x5376,torch.bfloat16,2.9986038208007812,3.001232624053955
700802,Enterococcus_faecalis_ATCC_700802.pt,3624877,a4721c2156e208eefdbb054d87dd20d748e7b5cc77507f9f0dacb4df73c63664,337x5376,torch.bfloat16,2.9974708557128906,3.002086639404297
7080,Enterococcus_faecalis_ATCC_7080.pt,3012003,a7687df67c465f17f97ee44408860851535cd67ad51a55547fd52ed5b9a68675,280x5376,torch.bfloat16,3.0001893043518066,3.0025596618652344
BAA-2365,Enterococcus_faecalis_ATCC_BAA_2365.pt,3786167,b9331c6e53a69e4a90df5aaa26c533854d9fc9381a565f04a564511e8e6c59e3,352x5376,torch.bfloat16,2.9981231689453125,3.002145767211914
19434,Enterococcus_faecium_ATCC_19434.pt,2721635,1617bff20aa1cc565ef2bf989ff528849b38c56f3c59ca563340c6ce9bb1cbfb,253x5376,torch.bfloat16,3.000333309173584,3.0011706352233887
27270,Enterococcus_faecium_ATCC_27270.pt,2710883,83b43f5f2c84e96c0a9048da01880d50a20749633edb4e8a32edc580f13ee6a4,252x5376,torch.bfloat16,2.9960594177246094,3.0018386840820312
35667,Enterococcus_faecium_ATCC_35667.pt,2635619,119adfa550e91b950a2a4fe0ef49466f3ba7061a277ea34658493601956585f6,245x5376,torch.bfloat16,3.0004405975341797,3.0013113021850586
51559,Enterococcus_faecium_ATCC_51559.pt,3452835,5ee8fd7e1a7fd86549faa95bb91c990eae0f94b9078edb5453999442cd69cabb,321x5376,torch.bfloat16,2.996124267578125,3.0013275146484375
6569,Enterococcus_faecium_ATCC_6569.pt,3130206,29fc5eb6fd25d1e9298ec2e6a5fe1f71fc207190c1a5d4e030076565e51cfdf6,291x5376,torch.bfloat16,3.0004615783691406,3.0029983520507812
700221,Enterococcus_faecium_ATCC_700221.pt,3431336,ddd52794af57c76aa0e5af766574c3db2c2b4f89e39c05622458c2f7aa38e817,319x5376,torch.bfloat16,2.9981842041015625,3.002544403076172
BAA-2316,Enterococcus_faecium_ATCC_BAA_2316.pt,3442098,64624e07e49ca866ebb3d43476286329e75d97502a12ef1f22e6d67cbf62644f,320x5376,torch.bfloat16,2.9997329711914062,3.0030455589294434
10541,Enterococcus_hirae_ATCC_10541.pt,3065689,d229c2372594c6fcda26400110f9f43b79afb65dc2a06d9c9828282329ba978d,285x5376,torch.bfloat16,3.0002808570861816,3.0033340454101562
#001,Escherichia_coli_ATCC_#001.pt,6140746,a2d8d050d8f4ac6c43908acfc6ded0a4d4e913a99fa0bd4a74260b418057e948,571x5376,torch.bfloat16,2.9983134269714355,3.0034942626953125
#003,Escherichia_coli_ATCC_#003.pt,5205322,a0cc39be689449e3bf829d56353059a1d23c3c6c1b7be99c3a15e511f062fe93,484x5376,torch.bfloat16,3.0004429817199707,3.002805709838867
#004,Escherichia_coli_ATCC_#004.pt,4990282,97c26e1cd472dd95fa55e59a4c62eddc5ed05babe3ca8ec23bde81f2f83cb3fb,464x5376,torch.bfloat16,2.9994239807128906,3.0011563301086426
#005,Escherichia_coli_ATCC_#005.pt,4882762,d59b56a387d8e5ee35a52845cbaf4664e525a53b48204a47245ff5014f061238,454x5376,torch.bfloat16,2.9986572265625,3.001250743865967
10536,Escherichia_coli_ATCC_10536.pt,5624655,0a755d9b86860411f9f6a86765a46efee363e1bb8d36581181fcbede530de96c,523x5376,torch.bfloat16,2.9977216720581055,3.001265048980713
11229,Escherichia_coli_ATCC_11229.pt,5334351,cd46d2959527ec1b25d2226e67f2c1a713152f0228c4d98868a94e91489bc19a,496x5376,torch.bfloat16,2.9958343505859375,3.0011520385742188
11303,Escherichia_coli_ATCC_11303.pt,4979535,0c13a4bfaa638a9ba3c8fe8a3460c9885591f4809bfe10beb9053fb16c033c7a,463x5376,torch.bfloat16,2.9996414184570312,3.0011167526245117
11775,Escherichia_coli_ATCC_11775.pt,5431119,dd4c73c43781218f4c8d383c61f6a1d920df2e8a1d50a5a92d617bc04406be0c,505x5376,torch.bfloat16,2.9980506896972656,3.001162528991699
12014,Escherichia_coli_ATCC_12014.pt,5828943,a2b7a52dc28c67b7ff5331ac695a97670bb21e2afb753b19771d72dc808a7527,542x5376,torch.bfloat16,2.996227264404297,3.0012168884277344
15224,Escherichia_coli_ATCC_15224.pt,5388111,c614d50aaed71d05463d4f5d6b73983dbea9914d38a4028d6d56bc3b8ce73839,501x5376,torch.bfloat16,2.996532440185547,3.0035438537597656
15597,Escherichia_coli_ATCC_15597.pt,5076303,37e473bcf853d779853d2cecd6e6deb274c6a7479f473584e4ab9709482d2603,472x5376,torch.bfloat16,3.0004630088806152,3.001913070678711
23506,Escherichia_coli_ATCC_23506.pt,5678415,3b494c7d71159c23bd70d0fabb0ebc18d535c1ab72919fe1737fcf40457a1c21,528x5376,torch.bfloat16,2.996673583984375,3.0031204223632812
23631,Escherichia_coli_ATCC_23631.pt,5087055,b662eda1e17f263a2718f40aa62fa550d7e790bdace6c5b0515b5aff56452618,473x5376,torch.bfloat16,2.9994029998779297,3.001162052154541
23716,Escherichia_coli_ATCC_23716.pt,5162319,aac2ccd9e2892d88de514ab41e28df7a1c889b622b68deab5ff5f646967f1d05,480x5376,torch.bfloat16,2.9967193603515625,3.0011062622070312
23724,Escherichia_coli_ATCC_23724.pt,5173071,6302a30c2218dd143475fe1eb4f8ba14d31b325444e6ec4bcde1fcbd1f71666b,481x5376,torch.bfloat16,2.9967803955078125,3.001527786254883
25404,Escherichia_coli_ATCC_25404.pt,5087055,243a73ea18ea111dda065134a12dca102b5aa776821d8bfeca60eb101c69329e,473x5376,torch.bfloat16,2.9994029998779297,3.001133441925049
25922,Escherichia_coli_ATCC_25922.pt,5635407,85e7584c169af2738d412874309c95e4dc3c14e17aa8cde86fd3eb24daf084e3,524x5376,torch.bfloat16,2.996065139770508,3.0012264251708984
27325,Escherichia_coli_ATCC_27325.pt,5001039,a8337263a89fbe58904c8108954274141acdb8b0ddc15e9fb4a3c2208e8facc9,465x5376,torch.bfloat16,3.0004281997680664,3.002410888671875
31616,Escherichia_coli_ATCC_31616.pt,5592399,48a3774bf7bb6d4ef9cbba85975c14212de562adc03db9e8f0fc6150c07174e4,520x5376,torch.bfloat16,2.998582363128662,3.0027661323547363
35150,Escherichia_coli_ATCC_35150.pt,6054735,7ff1a920c0cb64af9515ffc53e5f36eaa229fdd0c8741b9c6a0396acbf513cc0,563x5376,torch.bfloat16,2.99664306640625,3.005035400390625
35218,Escherichia_coli_ATCC_35218.pt,5549391,09be8204540877307c7fc0c33efadba940353563584a6b49ca6c877bf6f5f1a0,516x5376,torch.bfloat16,2.998541831970215,3.0012292861938477
4157,Escherichia_coli_ATCC_4157.pt,5646154,63221305f4cc2443f435f656c0d711d61374c17ecb93b85e8ca81d00d31c8da3,525x5376,torch.bfloat16,2.9973063468933105,3.0017313957214355
43827,Escherichia_coli_ATCC_43827.pt,5323599,e785808feaf1581087d4013252a6e89d685f35b5f7b406fc67ad8a50f8b0d177,495x5376,torch.bfloat16,2.9965667724609375,3.001190185546875
43894,Escherichia_coli_ATCC_43894.pt,6054735,306781ab8f2ad3c8eae005b846ef48f17fa8a21dd257c2b3b53318cb22ec885c,563x5376,torch.bfloat16,2.996337890625,3.002410888671875
43895,Escherichia_coli_ATCC_43895.pt,6043983,ee371a08ccae44ce14d721b527af27d573778820478a54cd974e6ea6c05c06b9,562x5376,torch.bfloat16,2.9965248107910156,3.002124786376953
47076,Escherichia_coli_ATCC_47076.pt,4990287,4d62c70dd0aa949eb324d7d7b7bec5bc627ea22ea175a17ddc1c3ba57616f9c4,464x5376,torch.bfloat16,2.999241828918457,3.001197338104248
51659,Escherichia_coli_ATCC_51659.pt,6194511,8dddacf9be22082134907cdaf5c7703bb7e4764e4042ea43b0fd9581eaa361ef,576x5376,torch.bfloat16,2.9969024658203125,3.004304885864258
700336,Escherichia_coli_ATCC_700336.pt,5678420,0dea0991d4138e3a59394c4f399d7832e967613a96241e249a3661f5c9fa96b8,528x5376,torch.bfloat16,2.999908447265625,3.0011115074157715
700728,Escherichia_coli_ATCC_700728.pt,6033236,fc3433549b25a9919d9299361c063a5faa497542a92a2501fb8b08c2f9cf5381,561x5376,torch.bfloat16,2.997537612915039,3.0036544799804688
700926,Escherichia_coli_ATCC_700926.pt,5001044,003f18bde658bb3d11214267633b1a14674b9aa44fc6aab7d4f9cc464004411c,465x5376,torch.bfloat16,2.9978408813476562,3.001098155975342
700928,Escherichia_coli_ATCC_700928.pt,5635412,1580d71b15db498a0778836971f389055f1fab5697cd0ccae50c4becb629c9a1,524x5376,torch.bfloat16,3.0003886222839355,3.001741409301758
8739,Escherichia_coli_ATCC_8739.pt,5108554,06afcd52fbffc0bab9ceaf4e4c2275348e58d5b181350c9a7f74c97944c101f5,475x5376,torch.bfloat16,3.000462532043457,3.0043067932128906
9637,Escherichia_coli_ATCC_9637.pt,5398858,d59b65dcc9f254f0e754ec47ffb92e938746650be4bddc20f498a116389a50d2,502x5376,torch.bfloat16,2.99578857421875,3.001842498779297
BAA-1025,Escherichia_coli_ATCC_BAA_1025.pt,4872030,377aaad56790a44c8309635ce93947b414938f6cd9bc460c273d3c4fffc0c6f6,453x5376,torch.bfloat16,2.997957229614258,3.001176357269287
BAA-2340,Escherichia_coli_ATCC_BAA_2340.pt,5861214,f4c921f02ac08e5c074f07ba67368811e26c26f82bc1e26ef1a144e46b39c983,545x5376,torch.bfloat16,2.999431610107422,3.0024375915527344
BAA-2452,Escherichia_coli_ATCC_BAA_2452.pt,5441886,51cd5c6374d2e23f839609c5735d0d70944295a58fa68b375d8a3eefc9710521,506x5376,torch.bfloat16,2.998626708984375,3.0044898986816406
BAA-2469,Escherichia_coli_ATCC_BAA_2469.pt,5979486,7f9df299cbdd736bc002768981894d0822a272198bbbabe3db2e92474b79b5ef,556x5376,torch.bfloat16,2.9970245361328125,3.003082275390625
BAA-2471,Escherichia_coli_ATCC_BAA_2471.pt,5484894,c88ea390e2432d108ebf5715fe1c37927f496a455a8a0cfeb4268b5636c76540,510x5376,torch.bfloat16,2.999744415283203,3.001570701599121
BAA-2523,Escherichia_coli_ATCC_BAA_2523.pt,5689182,2bc9f1103acb95d5af06052992bcf7e31ad5b9352c2663eb84c89745938866a5,529x5376,torch.bfloat16,2.9991369247436523,3.001173496246338
BAA-3051,Escherichia_coli_ATCC_BAA_3051.pt,5850462,61b32ff80e7ac85ae76c6108db54fc9b8f1d56c308636c8c70cdee0c8b9c5f32,544x5376,torch.bfloat16,2.997654914855957,3.002044677734375
BAA-3054,Escherichia_coli_ATCC_BAA_3054.pt,5979486,5ef8ca9785c4a3899e34b0ab11ba6e5027b5831c9166f2cd748feb6cb5027594,556x5376,torch.bfloat16,2.998106002807617,3.0013675689697266
BAA-3170,Escherichia_coli_ATCC_BAA_3170.pt,5699934,e20e695e03de710aaf5465454b095dedc7042b8214ca20e064945c987e50d12d,530x5376,torch.bfloat16,2.9959716796875,3.00347900390625
49676,Exiguobacterium_chiriqhucha_ATCC_49676.pt,3270086,f254bf4efe04af6259f653f6b4f2fb9a12809b393a80a58a25a5792a1e985955,304x5376,torch.bfloat16,2.999256134033203,3.004119873046875
36031,Fusarium_keratoplasticum_ATCC_36031.pt,53073335,61ea380c6060a8260730bd90382b5460cd6cf74c71263bd0c112011dbd2d6501,4936x5376,torch.bfloat16,2.9970474243164062,3.003467559814453
MYA-1198,Fusarium_oxysporum_ATCC_MYA_1198.pt,54223784,9fa935b634fd7fd0257130502295081393feb7e1c3643fb0bfdfea79001616ff,5043x5376,torch.bfloat16,2.994873046875,3.00274658203125
23726,Fusobacterium_nucleatum_subsp_nucleatum_ATCC_23726.pt,2474498,9e6cead427cd7339d8cd7400576ed691117cbb51939564255608806da000511d,230x5376,torch.bfloat16,2.9993162155151367,3.0012149810791016
25586,Fusobacterium_nucleatum_subsp_nucleatum_ATCC_25586.pt,2345474,c56321807d01c297a4c7e7f78f636f07caf9355278edb21165e1205f2787a21d,218x5376,torch.bfloat16,3.000115394592285,3.0013256072998047
10953,Fusobacterium_nucleatum_subsp_polymorphum_ATCC_10953.pt,2657356,1bd01d37eeecc208c2edc92933464993aebc586ed4d4505aa5c10e3537552bd0,247x5376,torch.bfloat16,3.0000734329223633,3.00262451171875
49256,Fusobacterium_nucleatum_subsp_vincentii_ATCC_49256.pt,2356226,af6869c41857fc83ced07f89350e9dab3695b54542b3d7d5bfded7ecc31bcfc4,219x5376,torch.bfloat16,3.000175952911377,3.001378059387207
27725,Fusobacterium_varium_ATCC_27725.pt,3560355,040720f4a9ae037569c13f1ef52d6458bcd7797e3266b96c39d9f358707fc06b,331x5376,torch.bfloat16,2.999448776245117,3.0013232231140137
14018,Gardnerella_vaginalis_ATCC_14018.pt,1797032,60c537a1a4b8258decfd77aee03c1f3da204bb17a653a275c93197feb74529e0,167x5376,torch.bfloat16,3.000150680541992,3.0010523796081543
49145,Gardnerella_vaginalis_ATCC_49145.pt,1850792,a03dd69d305d2ec92107ba652ad0f61b457e69ca836a7b1a2f31fe1add4ea13b,172x5376,torch.bfloat16,2.9958038330078125,3.0011091232299805
19417,Glaesserella_parasuis_ATCC_19417.pt,2646440,363fc59c91a5326ab5292a48bf86370e47043fe44a67d29bc750903720edd839,246x5376,torch.bfloat16,2.998749256134033,3.0010690689086914
10211,Haemophilus_influenzae_ATCC_10211.pt,2055085,6180c1989c98249d576b41a5c951094e27deaea673a7b08f85c631f7e5d7b8b4,191x5376,torch.bfloat16,3.0003819465637207,3.001091957092285
19418,Haemophilus_influenzae_ATCC_19418.pt,2001325,1f57d872c1d6ca0ba45d0dc4b090a21db482acc55c75367515a1d9670c6f59e0,186x5376,torch.bfloat16,3.000382900238037,3.0011143684387207
49247,Haemophilus_influenzae_ATCC_49247.pt,2012077,88e9d510433a68aa056d56981240c07498990aa7830ac0c5d47d9cff95856bdd,187x5376,torch.bfloat16,3.000354766845703,3.001112937927246
49766,Haemophilus_influenzae_ATCC_49766.pt,2001325,7add0c3600e1300d237192a60d8539c3bdd8d47d571964176712e49dd1e62689,186x5376,torch.bfloat16,3.000443458557129,3.0011558532714844
51907,Haemophilus_influenzae_ATCC_51907.pt,1979821,91e4cfbc4fa5c315cd6f6a55af787a1a1d3eb617c40b7865923dd00d5eff647b,184x5376,torch.bfloat16,3.0002050399780273,3.0022735595703125
43504,Helicobacter_pylori_ATCC_43504.pt,1818462,57bd962cf06f49fe86f58b7870655cdafb797e7e739e69358e2db6e8d2d58d52,169x5376,torch.bfloat16,2.9956512451171875,3.0017852783203125
43526,Helicobacter_pylori_ATCC_43526.pt,1818462,d5c4cc6e96a75d6c9bceca1eacaa8597ee5a43e8bb2ea93b5ba42902d8fbd5f7,169x5376,torch.bfloat16,2.9976043701171875,3.0011038780212402
43629,Helicobacter_pylori_ATCC_43629.pt,1925982,9278bffeafe86a18a71dff1ac8fad81f959ceb4628c463fbd12d4a3e3155eef6,179x5376,torch.bfloat16,2.99853515625,3.0012550354003906
51653,Helicobacter_pylori_ATCC_51653.pt,1743198,d439b167174b7df66169ffafdd0ccca811d6a3e844024084ab59d24d5ac681cd,162x5376,torch.bfloat16,2.9982452392578125,3.0012927055358887
700392,Helicobacter_pylori_ATCC_700392.pt,1796963,ecf8a0c66c00ca55d298e612eb0fab21ade2e9d9a7d375355f7d42ecc2f2aaaf,167x5376,torch.bfloat16,3.000375747680664,3.0015029907226562
6258,Issatchenkia_orientalis_ATCC_6258.pt,11764141,6c5186d774d5f6ba4668390871110e595395d494f732a00d96db4f3529b0ff16,1094x5376,torch.bfloat16,2.9985485076904297,3.0019783973693848
13048,Klebsiella_aerogenes_ATCC_13048.pt,5689251,38e71f5f7b701d185483ed71a615e80fa9be8138d72e4086ff3dfa6d6efea452,529x5376,torch.bfloat16,3.0003538131713867,3.0013351440429688
35029,Klebsiella_aerogenes_ATCC_35029.pt,5700003,33cb43deb4763549e5a34e395956538b02c5f9e7584c62cb1a98440d227bfd71,530x5376,torch.bfloat16,2.99560546875,3.0011048316955566
49701,Klebsiella_aerogenes_ATCC_49701.pt,5570979,8d3fb604f9571f026e76c528a75b0b0351e0088e1c068c62a202001ee1d04bbf,518x5376,torch.bfloat16,3.000439167022705,3.001133918762207
51697,Klebsiella_aerogenes_ATCC_51697.pt,5710755,979a8dcbbd94dfa88ea394aaa57f82fb4f31f938ed6af42e058040df505d2e42,531x5376,torch.bfloat16,2.996792793273926,3.0014095306396484
43086,Klebsiella_michiganensis_ATCC_43086.pt,6452663,e231ab74c420de3bfcafb036b39404d1de8badc2ce633c3872cf0e1ef38178bb,600x5376,torch.bfloat16,2.99652099609375,3.002617835998535
13182,Klebsiella_oxytoca_ATCC_13182.pt,6302041,ed81f5bd19ce0c3c3357bb0804396a70e901898f069e24124d5d0519d81d13d6,586x5376,torch.bfloat16,3.0004334449768066,3.001234531402588
49131,Klebsiella_oxytoca_ATCC_49131.pt,6312793,88c4c3a0c338c688cfb7552e97f180f035bfad3d675452a212aebdef825feeca,587x5376,torch.bfloat16,2.998403549194336,3.0011396408081055
700324,Klebsiella_oxytoca_ATCC_700324.pt,6388062,eb81fcef558ff7b7b31fc9d1f6140835e713216204f2be0d354abea6d7838d2e,594x5376,torch.bfloat16,2.9964332580566406,3.0036773681640625
BAA-1705,Klebsiella_pneumoniae_ATCC_BAA_1705.pt,6237623,dde5433a51f4b370d7f7600bf4c98c6f6ee3ba74a6162fdbc449d7ff9f0f256a,580x5376,torch.bfloat16,2.9952392578125,3.0015869140625
BAA-1706,Klebsiella_pneumoniae_ATCC_BAA_1706.pt,5958071,b418694ac9a23e16184bf77a16e2b7027726852b6363dc61f44f7756564a8285,554x5376,torch.bfloat16,2.9979286193847656,3.0016775131225586
BAA-2146,Klebsiella_pneumoniae_ATCC_BAA_2146.pt,6248375,ad4ec7c94496b4caae238524dafb81e33f01e97d703c104715542bcc855ba08e,581x5376,torch.bfloat16,2.9954986572265625,3.001214027404785
BAA-2342,Klebsiella_pneumoniae_ATCC_BAA_2342.pt,6366647,0cc13e009a719da3140e0f52d6997f76bbf9f56a7c69a40c4d385a48c7d1717e,592x5376,torch.bfloat16,2.996969223022461,3.0011491775512695
BAA-2814,Klebsiella_pneumoniae_ATCC_BAA_2814.pt,6291383,58f8a49a09cba3cc550c7405342d4bca3f17edaca1809f8766eee1868ca7d4e7,585x5376,torch.bfloat16,2.9952392578125,3.0041046142578125
10031,Klebsiella_pneumoniae_subsp_pneumoniae_ATCC_10031.pt,5678589,2a3bd8d1d238c9174ecf5e8223d65be417b0f203d5687a6886aa2b55887c4e04,528x5376,torch.bfloat16,3.000377655029297,3.0011844635009766
12657,Klebsiella_pneumoniae_subsp_pneumoniae_ATCC_12657.pt,5796861,d58a9b9ae1834d37ade9861023b2ea7baec4c8a5f3e949a0676ee67c7fb48bb0,539x5376,torch.bfloat16,2.997833251953125,3.0023746490478516
13882,Klebsiella_pneumoniae_subsp_pneumoniae_ATCC_13882.pt,5796861,4a487fdaeb410d0ce79f763aa6f4f31da010eed2aa1894b750ddc0bfdb4a6bd0,539x5376,torch.bfloat16,3.000433921813965,3.001554489135742
13883,Klebsiella_pneumoniae_subsp_pneumoniae_ATCC_13883.pt,6001149,a22aa76f7c58098de8e6c05cfa1da0a1ebc5cc63edf496f22c90cd2aa9aef289,558x5376,torch.bfloat16,2.99713134765625,3.0039596557617188
15380,Klebsiella_pneumoniae_subsp_pneumoniae_ATCC_15380.pt,5936637,be2069abb2ee9be393cf817aedef21e5d385c6011d6e966f385a52d86d232889,552x5376,torch.bfloat16,2.998075485229492,3.0012083053588867
23356,Klebsiella_pneumoniae_subsp_pneumoniae_ATCC_23356.pt,5818365,36ce7fcb3612c4ef151c170f12a50ad6c1292b32ad834ceb9537c70109de2a47,541x5376,torch.bfloat16,3.000300407409668,3.001225471496582
27736,Klebsiella_pneumoniae_subsp_pneumoniae_ATCC_27736.pt,5904381,b36c5c9a37a9a9f98628a4dc8b11add94be2de191521ee77c0fd6ab2e465a2d3,549x5376,torch.bfloat16,2.9969329833984375,3.0022830963134766
27799,Klebsiella_pneumoniae_subsp_pneumoniae_ATCC_27799.pt,6484989,90dcceae352e8009e80be13883f5d69d0636eb505e81252c29dadd24599348fc,603x5376,torch.bfloat16,2.9998598098754883,3.004150390625
29665,Klebsiella_pneumoniae_subsp_pneumoniae_ATCC_29665.pt,5807613,b63e5b6e7da9c2586c732c47e6ff523823282b245f319bfa0f7f287ff69fab32,540x5376,torch.bfloat16,2.9990310668945312,3.00140380859375
33495,Klebsiella_pneumoniae_subsp_pneumoniae_ATCC_33495.pt,5979645,db26b5ced0de68662bf6dd203b3eea3eb70e54134d7286d9ab556e9fd08e9676,556x5376,torch.bfloat16,2.9957237243652344,3.0028533935546875
35657,Klebsiella_pneumoniae_subsp_pneumoniae_ATCC_35657.pt,5796861,a70dfdeeb8387da8d5c2e5d964104e140f0f22ea1b726dff32e1c83ecb302c5f,539x5376,torch.bfloat16,3.000433921813965,3.001554489135742
43816,Klebsiella_pneumoniae_subsp_pneumoniae_ATCC_43816.pt,5775357,7220f9cd307273c791be85cc5a6554f5f222e0326fee319cffac9c62bf49bf0e,537x5376,torch.bfloat16,3.000347137451172,3.0028743743896484
49472,Klebsiella_pneumoniae_subsp_pneumoniae_ATCC_49472.pt,6001149,a4542d14bf7723f9f2cbf7d8f7dc33073b644ae0a2dc0df10daa0e511367e698,558x5376,torch.bfloat16,2.9994983673095703,3.0022964477539062
BAA-2470,Klebsiella_pneumoniae_subsp_pneumoniae_ATCC_BAA_2470.pt,6560332,3326f72f0376904fc76b7731452c79333690630ce7ce4dbf703c6c9439eed578,610x5376,torch.bfloat16,2.996002197265625,3.0038623809814453
BAA-2524,Klebsiella_pneumoniae_subsp_pneumoniae_ATCC_BAA_2524.pt,6087244,059e899e7c426adec0ce070d49b7b63de355fb719ab64953e2dde3db61bc6af3,566x5376,torch.bfloat16,2.9942626953125,3.002286911010742
700603,Klebsiella_quasipneumoniae_ATCC_700603.pt,5947334,888efcfa5921f244aa05cc7e6aa61476bf38e040a87b9ac225ce95d8f2a2cc11,553x5376,torch.bfloat16,2.999932289123535,3.001150131225586
2512,Kluyveromyces_marxianus_ATCC_2512.pt,12420013,12bfc72ba13ae378e3590ca8efc05d18568db3820fa8c833626bf8e8871a5d34,1155x5376,torch.bfloat16,2.9962844848632812,3.0018348693847656
9341,Kocuria_rhizophila_ATCC_9341.pt,2904404,d420b413b8991f352a843b1054ac193b3ea05afc7cc81b78edc71d34d8f0d6e2,270x5376,torch.bfloat16,2.999927520751953,3.0011630058288574
393,Lacticaseibacillus_casei_ATCC_393.pt,3205549,be15305f60cfbe1fa9052180a5f12327a82e0d8809023e135b6cac07e2e84d47,298x5376,torch.bfloat16,2.9945831298828125,3.0025882720947266
334,Lacticaseibacillus_paracasei_ATCC_334.pt,3184065,ceae50d14ad4d958dcc332586d22d8a03e3ef51bd4edcd8a633d424dd99a6597,296x5376,torch.bfloat16,2.9969100952148438,3.002500534057617
8014,Lactiplantibacillus_plantarum_ATCC_8014.pt,3474379,5a993845ffee6059268c3de7967e8b20c7b73a6e10cdcb70202c0a6a86d6076e,323x5376,torch.bfloat16,2.9997129440307617,3.0011978149414062
4356,Lactobacillus_acidophilus_ATCC_4356.pt,2130359,ee50f3c26f0d9646f3813587778296c7c29d60f3f263b04c4c39e334d1abafd8,198x5376,torch.bfloat16,2.999016761779785,3.00115966796875
53544,Lactobacillus_acidophilus_ATCC_53544.pt,2151868,44fe48c0b3626b0f92428912ff6a35bc644bcc65e5db3415cf2a5c1900c8ac16,200x5376,torch.bfloat16,2.99639892578125,3.00114107131958
33820,Lactobacillus_crispatus_ATCC_33820.pt,2409906,12fb92474a9c4264601d8a5ad659fde035f73241f1a9140cc5d30654ea88158e,224x5376,torch.bfloat16,2.9986090660095215,3.0011301040649414
14931,Lactobacillus_fermentum_ATCC_14931.pt,2087346,07d4251084d2d0c692ebc642aee00526db5e29e96b1f2aeaadd448083b89efd8,194x5376,torch.bfloat16,2.996366500854492,3.002767562866211
9338,Lactobacillus_fermentum_ATCC_9338.pt,2291629,1da1cb521ca3c3095fd436d8e714bf61fabf140aacd71a7d022fcbd6e21b855d,213x5376,torch.bfloat16,2.9998531341552734,3.001047134399414
33323,Lactobacillus_gasseri_ATCC_33323.pt,2001320,eaafce17c33ac32b949792cf7308148f3d907f4677892c5c98e0be18228fbeb1,186x5376,torch.bfloat16,3.0004053115844727,3.001474380493164
25258,Lactobacillus_jensenii_ATCC_25258.pt,1797037,f9aff38dd100b3286963c31ce274eab4521e10302bbe5f3270e80f449fe2b546,167x5376,torch.bfloat16,2.9995803833007812,3.0011401176452637
14917,Lactobacillus_plantarum_subsp_plantarum_ATCC_14917.pt,3506690,1073472a48b82ba1c3dee6960ac310e72c572eb210c14b63cea0c0623ee866c3,326x5376,torch.bfloat16,2.99868106842041,3.0037841796875
23272,Lactobacillus_reuteri_ATCC_23272.pt,2205608,bcf067eee037415709918f4e610527ebf928acf8c8d752071e443b30fd5b4e81,205x5376,torch.bfloat16,2.999246597290039,3.0010533332824707
8530,Lactobacillus_rhamnosus_ATCC_8530.pt,3194797,2be088c381ce350304ceb4573206c28e586fa8b2556bfa35e94bf49c425e301e,297x5376,torch.bfloat16,2.998821258544922,3.0010623931884766
49540,Lactobacillus_vaginalis_ATCC_49540.pt,2044338,04f45e493b449299a4cac59360fd69db9b6f48c238f332bf425e38d157f37cc6,190x5376,torch.bfloat16,2.9975967407226562,3.0011258125305176
19257,Lactococcus_cremoris_ATCC_19257.pt,2807715,3dc8befaebd8572d1d4ae47b19f4f08c0bc44558076d5d79e01e4d54187372a7,261x5376,torch.bfloat16,2.9993419647216797,3.002833366394043
11454,Lactococcus_lactis_subsp_lactis_ATCC_11454.pt,2893786,76e5ea797ccdf2f6436d255536b97d1dbac0c0a2a9d749ff1dec217b498c116e,269x5376,torch.bfloat16,2.996706008911133,3.0032958984375
19435,Lactococcus_lactis_subsp_lactis_ATCC_19435.pt,2797018,3d3523b9b6d96261d5373b0cfaaf5481450c1800c7ccd16e73415fece544a031,260x5376,torch.bfloat16,2.9980978965759277,3.0018177032470703
33217,Legionella_bozemanae_ATCC_33217.pt,4560291,ab18ccf82318ce4a6ed5b5da2de5d289434607f9be82f116d0875e39941a05aa,424x5376,torch.bfloat16,2.9967041015625,3.0033836364746094
33279,Legionella_dumoffii_ATCC_33279.pt,4441950,1314a324235739de811110b03a47e097acd91e4fb960090afb479c5dc34c9e3d,413x5376,torch.bfloat16,2.9948043823242188,3.0015616416931152
35072,Legionella_feeleii_ATCC_35072.pt,4054873,fe2bb825ad75e2ba00e708849654b6b569fccb6f22c9056327744d3aa5bfc038,377x5376,torch.bfloat16,2.9958648681640625,3.0031509399414062
33484,Legionella_longbeachae_ATCC_33484.pt,4495789,a882c2f346a9c2529aeb469650311734142aeea84476f2a45a47ac2b1f0fdd89,418x5376,torch.bfloat16,2.99591064453125,3.0011205673217773
33218,Legionella_micdadei_ATCC_33218.pt,3571038,82e1a0e9cf901fcfe5f3ac98cc92035717c24f58bb08ba2d7ff01c5ffe8913f8,332x5376,torch.bfloat16,2.99951171875,3.0011305809020996
33761,Legionella_oakridgensis_ATCC_33761.pt,3001266,9e76fab15533bcee81b67274968bb8c17d1de4bb5da4c5af2590025e44d996fd,279x5376,torch.bfloat16,2.998321533203125,3.0015878677368164
33216,Legionella_pneumophila_subsp_fraseri_ATCC_33216.pt,3775475,11c494aa2290404c4d71ced772b5ad7c34fbeb636829d8ad4f85b3bf89b71077,351x5376,torch.bfloat16,3.00006103515625,3.001556396484375
33155,Legionella_pneumophila_subsp_pneumophila_ATCC_33155.pt,3721799,0480b93ae2690e924f31d187aba02ccff1e6b2c30b7b54cdb1940da1a9c771cf,346x5376,torch.bfloat16,2.9991683959960938,3.0011959075927734
33215,Legionella_pneumophila_subsp_pneumophila_ATCC_33215.pt,3689543,892c329752e70863a57ccb8f6c66d884719257786621bfe7c4920fe2df214bb6,343x5376,torch.bfloat16,3.0003161430358887,3.0029373168945312
33072,Lelliottia_amnigena_ATCC_33072.pt,4807518,09e9cda1d54fb93b587f65589a5a4b30e915008109ff8d5ec681f2f0d4cd3a71,447x5376,torch.bfloat16,2.9995250701904297,3.0011777877807617
19120,Listeria_grayi_ATCC_19120.pt,2818373,a60ba0fbb5e466f2103e4f01778c9e92d1b5d921dca5775e8efb219f66a72d96,262x5376,torch.bfloat16,2.9991817474365234,3.001192092895508
25401,Listeria_grayi_ATCC_25401.pt,2990405,eb9eed8195354e035f5bcf858dfad79fc4f2b0fabc8f24b9395f97a1c82adcd2,278x5376,torch.bfloat16,2.997800827026367,3.0016870498657227
33090,Listeria_innocua_ATCC_33090.pt,3119439,50d1d7642ad866c1e93d6c6fa8a92875c24014306a501acfc9ba908c7f4bf61c,290x5376,torch.bfloat16,3.0002517700195312,3.002227783203125
19119,Listeria_ivanovii_subsp_ivanovii_ATCC_19119.pt,3141087,5c5af31dcd521118b9aaf6284b08f2af668f1b60756e66ff7f89b65d08fd69a8,292x5376,torch.bfloat16,3.0004310607910156,3.0011191368103027
13932,Listeria_monocytogenes_ATCC_13932.pt,3184045,528dbc5359654e22ba692f56aed0322c1ac40f4a012297da98ba23dfff6dfeb2,296x5376,torch.bfloat16,2.9989166259765625,3.0030975341796875
15313,Listeria_monocytogenes_ATCC_15313.pt,3087277,04854a29096016e9e06dc2f83cebaf97458f5ec57dbf6563f72dade073f5bf5a,287x5376,torch.bfloat16,3.0002617835998535,3.0011672973632812
19111,Listeria_monocytogenes_ATCC_19111.pt,3162541,801cdc440928bffa05b6ab6a9fcbc669b9af7e626bdd31e6fc3cf0c97196c6b4,294x5376,torch.bfloat16,2.9953765869140625,3.0051956176757812
19112,Listeria_monocytogenes_ATCC_19112.pt,3248557,68a46930d01b03f3acf698960a3b1af664127d1097c83be4b173123999e280b0,302x5376,torch.bfloat16,3.0003719329833984,3.0024356842041016
19113,Listeria_monocytogenes_ATCC_19113.pt,3151789,a49933e2e07253cd19ea6977955745cce7c364e30644a15a49a03a9b9b9b5857,293x5376,torch.bfloat16,3.0002193450927734,3.001117706298828
19114,Listeria_monocytogenes_ATCC_19114.pt,3205549,a36778b3720970e7f67f61fa94518ff2cb0e712ae50655ad31fafb0a4c07e15d,298x5376,torch.bfloat16,2.9996190071105957,3.001114845275879
19115,Listeria_monocytogenes_ATCC_19115.pt,3184045,327ceb3fa27447564a70eda55d06afeeda915a2fc8457bde3a870aee6fe185f4,296x5376,torch.bfloat16,2.9989166259765625,3.0030975341796875
19118,Listeria_monocytogenes_ATCC_19118.pt,3173293,454f7aeff17324a9f015df8897e6ab4863001676d57ed7fd0f9c5b4b3304dbd1,295x5376,torch.bfloat16,2.9962825775146484,3.0010809898376465
35152,Listeria_monocytogenes_ATCC_35152.pt,3130285,98d63a48c3724284621e8a7e15fa46ef420e52bfd85f3a61f2f7c618eda1fb29,291x5376,torch.bfloat16,3.0003623962402344,3.001168727874756
7644,Listeria_monocytogenes_ATCC_7644.pt,3227048,7054065e0901add8ff7e2594bb72783a48268be372e59422ce2ebeb952367812,300x5376,torch.bfloat16,2.996490478515625,3.0011425018310547
BAA-679,Listeria_monocytogenes_ATCC_BAA_679.pt,3173303,e11594df276f4be94dcf7e40202d9380c103ffa9c4f6cabca430a7fc23bc26c7,295x5376,torch.bfloat16,2.999423027038574,3.0011210441589355
BAA-751,Listeria_monocytogenes_ATCC_BAA_751.pt,3280823,d19ab69654492e68cbddbd8688d557b1e108ee5cc6b50cc8344d6fe87f0d0140,305x5376,torch.bfloat16,3.000432014465332,3.0016746520996094
35967,Listeria_seeligeri_ATCC_35967.pt,3044185,631c84743300f530104088def0cedb2aaddf0a41e40c6122551f0460abee42ed,283x5376,torch.bfloat16,2.9972381591796875,3.003498077392578
35897,Listeria_welshimeri_ATCC_35897.pt,3033438,0609f4fc86db03edae8ce32a088decc7bd6536278fc629cd58a3b5462912a338,282x5376,torch.bfloat16,3.000303268432617,3.0011329650878906
19264,Listonella_anguillarum_ATCC_19264.pt,4689325,4cc697f53253b684c60201b21c381cca90b06525403f312c2fde71c901a0b088,436x5376,torch.bfloat16,2.999237060546875,3.0014681816101074
42132,Malassezia_sympodialis_ATCC_42132.pt,8345005,54de891852ca2419d7d79f2d9e56d211f4659b39ced7391406b54e9d736ae570,776x5376,torch.bfloat16,2.999042510986328,3.005617141723633
29062,Mammaliicoccus_sciuri_ATCC_29062.pt,3033512,71150629da00353ef0190713bb4c22889126b38d9e38e5da80e0294f3475ac75,282x5376,torch.bfloat16,3.0003228187561035,3.0012454986572266
6260,Meyerozyma_guilliermondii_ATCC_6260.pt,11484599,73bb9880c153a1d8df3c71a7b9dc9248d666d555092b8acffb633eef20ead3ab,1068x5376,torch.bfloat16,2.9957656860351562,3.0037841796875
10240,Micrococcus_luteus_ATCC_10240.pt,2743129,cb95644143090bbc0a2bb2627eb5fb92ff086a587fd0d9984bb0b59a037e450b,255x5376,torch.bfloat16,2.997802734375,3.0016136169433594
4698,Micrococcus_luteus_ATCC_4698.pt,2689364,ae5ec198dea1915946239e6a09de4a4f3aeee8f052284ca8f7b2313e60f1e62d,250x5376,torch.bfloat16,2.9987430572509766,3.0012717247009277
49732,Micrococcus_luteus_ATCC_49732.pt,2624857,0acaaa29d519cc404180bd253392728b84b6023dd584ea5bc914a99ceb53f43d,244x5376,torch.bfloat16,2.9970550537109375,3.0011610984802246
7468,Micrococcus_yunnanensis_ATCC_7468.pt,2786221,a8e54f1903eae43fe09b67469156e20a3628ce910d034c43a895fae39f80e45b,259x5376,torch.bfloat16,2.997478485107422,3.0022430419921875
25238,Moraxella_catarrhalis_ATCC_25238.pt,2055080,e42aea0cdf0e373871331e8b82bde338ad3899f3725321fca27f7ee84638b625,191x5376,torch.bfloat16,3.000443935394287,3.0012130737304688
8176,Moraxella_catarrhalis_ATCC_8176.pt,2044259,673bfe755fd706b2eecb66315067761f9249f1041060be18bbaf618999af98ee,190x5376,torch.bfloat16,3.0003318786621094,3.0020389556884766
29853,Morganella_morganii_subsp_morganii_ATCC_29853.pt,4194793,9ade00d094140134c58370f32ea073b519674a1c2f3d8e9618fcf22d02b2c485,390x5376,torch.bfloat16,2.9984865188598633,3.001173973083496
19977,Mycobacterium_abscessus_ATCC_19977.pt,5495730,868269f1216d384ca95fe768addb93ff9368dd62f3b2eeebf45e83985383ade9,511x5376,torch.bfloat16,2.997570037841797,3.0011820793151855
15769,Mycobacterium_avium_subsp_avium_ATCC_15769.pt,5248474,89994d1e16104c66f9bb6d030ca98445bfc5d9569608704faf7a45c9d3613278,488x5376,torch.bfloat16,3.0001182556152344,3.0015869140625
35752,Mycobacterium_chelonae_ATCC_35752.pt,5388205,96b4665fc3440365863e4ed268f27224bd3615bda3e7994a641fa8b00755182e,501x5376,torch.bfloat16,2.997882843017578,3.0022735595703125
6841,Mycobacterium_fortuitum_subsp_fortuitum_ATCC_6841.pt,6818301,e6ded11bca745976646fccd579c7e48201f2f755e02c2e0e7263e05c0efe4292,634x5376,torch.bfloat16,3.0003061294555664,3.0036468505859375
12478,Mycobacterium_kansasii_ATCC_12478.pt,7087021,bd1eb474958e7d85f7afa31ee4539c2307576707e3180946c69477aa5771e62a,659x5376,torch.bfloat16,2.999500274658203,3.0018310546875
927,Mycobacterium_marinum_ATCC_927.pt,7076190,f7aec05f8ed2c08d885325902d3110aab9bf49298e3b3b9fc3033dd3a3226056,658x5376,torch.bfloat16,2.9972877502441406,3.0011110305786133
14468,Mycobacterium_smegmatis_ATCC_14468.pt,7441842,e97fa8ca2c80f39f9079031288be46fa09c6a84345208116784991e630127e5d,692x5376,torch.bfloat16,3.0002613067626953,3.0024147033691406
19420,Mycobacterium_smegmatis_ATCC_19420.pt,7517106,184e5d977062bb173dbf97cf2bafa07d4353c90494a2ec3ebdb8103c917a6995,699x5376,torch.bfloat16,3.000162124633789,3.0030670166015625
607,Mycobacterium_smegmatis_ATCC_607.pt,3549608,413c5d38908784918c2349ecb35d6cf3ede58aec8340aa67416ab1279d8d4e11,330x5376,torch.bfloat16,2.994873046875,3.0039405822753906
700084,Mycobacterium_smegmatis_ATCC_700084.pt,7495607,a75308bc3d32f84bcd5294997b4605f1d4c411f7dd8648f3b74d360a4ba52691,697x5376,torch.bfloat16,2.9965667724609375,3.001275062561035
25177,Mycobacterium_tuberculosis_ATCC_25177.pt,4732353,4b3fe25d49d997c6a676534926d726bbb864d4779317c01f1ac8cd1d76172207,440x5376,torch.bfloat16,2.997833251953125,3.0031023025512695
35822,Mycobacterium_tuberculosis_ATCC_35822.pt,4700097,d0cc2e84c4b9da37c870e22ceb57a8aa4c51b5ee3eab714dbb5cac118e7b80df,437x5376,torch.bfloat16,3.000354290008545,3.0023841857910156
35838,Mycobacterium_tuberculosis_ATCC_35838.pt,4775361,79ee3ca11a324a07672ccbbab6d22a1c92b50d3998467e193cef90a064c81df2,444x5376,torch.bfloat16,2.998676300048828,3.0012154579162598
27294,Mycobacterium_tuberculosis_subsp_tuberculosis_ATCC_27294.pt,4850784,a7ce654468e079c5281643a28c603b549c7af7d1822862e34e2c118432457c90,451x5376,torch.bfloat16,2.9973926544189453,3.00384521484375
35734,Mycobacterium_tuberculosis_variant_bovis_BCG_ATCC_35734.pt,4689499,415d0f2538eb698c4c2ee37445f8b694b4eea043c69e81e1f5e1ce670059e7ff,436x5376,torch.bfloat16,2.999664306640625,3.003131866455078
15483,Mycobacterium_vaccae_ATCC_15483.pt,6721443,dfa2428554a76caff29f89f2f9fe395e280e041332992e2865110c163157e1e9,625x5376,torch.bfloat16,2.995546340942383,3.002410888671875
17981,Mycoplasma_hyorhinis_ATCC_17981.pt,904547,08bc2d69ed3ba078475506631bf7cedf266e18284218367127648de1dbe3c2e1,84x5376,torch.bfloat16,3.0001449584960938,3.001204490661621
43069,Neisseria_gonorrhoeae_ATCC_43069.pt,2409896,2bd63e99c880b51a8988f34483812a59e64f9a747dac24ca53a68ab4291b2fdc,224x5376,torch.bfloat16,2.9998908042907715,3.0021495819091797
49226,Neisseria_gonorrhoeae_ATCC_49226.pt,2345384,f44914149317c75768d25a4185354507a4049fc57d00b2e8393b26889da468b8,218x5376,torch.bfloat16,2.9999217987060547,3.00140380859375
3308,Nocardia_farcinica_ATCC_3308.pt,6936404,f7752271eb6e858dbaf39b2042b9f160e35a3fed6e5404f0be52407691a759e6,645x5376,torch.bfloat16,2.9992027282714844,3.0029296875
25927,Obesumbacterium_proteus_ATCC_25927.pt,5248434,e39a2ca7b0f9930e0ebd7c847bb29f91fc521420184419646bbe0eef1826674c,488x5376,torch.bfloat16,2.9996109008789062,3.001157283782959
34438,Ogataea_polymorpha_ATCC_34438.pt,9731929,027873e54b32e254d3daf036c5e158cb8dc8384df119b1e4db98a5ac86c2d59d,905x5376,torch.bfloat16,2.99542236328125,3.001132011413574
MYA-826,Paracoccidioides_lutzii_ATCC_MYA_826.pt,35988412,43c9a12c3da15ea99bdb1b7c0e5ed55e15a577035cc7f56734c08dc66f4a1841,3347x5376,torch.bfloat16,2.997936248779297,3.0057601928710938
33270,Parvimonas_micra_ATCC_33270.pt,1807695,e8a53725c54cbecb6d064377781f25f314c32a0012156bc2352d376252737f37,168x5376,torch.bfloat16,3.0002541542053223,3.0013160705566406
27883,Pasteurella_aerogenes_ATCC_27883.pt,2431400,80093deeb460e46766c00d678d2d47cae33a2e3a97160f2777a57bba6e832bd3,226x5376,torch.bfloat16,2.999174118041992,3.0011420249938965
43137,Pasteurella_multocida_subsp_multocida_ATCC_43137.pt,2452984,37a4126d86f90312ed44bd168aeb8e698ba38e377d32c934d383419c07aa802c,228x5376,torch.bfloat16,3.0003161430358887,3.0028343200683594
15713,Pectobacterium_carotovorum_ATCC_15713.pt,5183937,8304456d01480b7c9268e9bb821cdc7c8c23e866182733700996d80854738295,482x5376,torch.bfloat16,2.9967117309570312,3.0029964447021484
10106,Penicillium_chrysogenum_ATCC_10106.pt,36085170,704ee2e254aa85609c639a0a28634ee35cbffd3289d2a62bd12f57cffd076788,3356x5376,torch.bfloat16,2.997570037841797,3.002340316772461
29743,Peptoniphilus_asaccharolyticus_ATCC_29743.pt,2377685,8ab98b88105776159b6413dc34684977ad9c9011bb7deb425658e838b52441a1,221x5376,torch.bfloat16,2.998870849609375,3.001128673553467
8482,Phocaeicola_vulgatus_ATCC_8482.pt,5560158,b7ebaabaaacdb143a08999b0daed3213c62ecf64a86407b2442b840d2379369c,517x5376,torch.bfloat16,2.9990978240966797,3.0011439323425293
33277,Porphyromonas_gingivalis_ATCC_33277.pt,2581943,c2cb3ff785b6bad6e77a8cacf94e1ef48671712daf5d4843aef41363a53ddf3b,240x5376,torch.bfloat16,2.9985570907592773,3.0011115074157715
49417,Porphyromonas_gingivalis_ATCC_49417.pt,2732471,323da169b7ce3089611def90e383a83a3ae627050d5c474a614971dcca666a12,254x5376,torch.bfloat16,2.998687744140625,3.0015335083007812
49046,Prevotella_intermedia_ATCC_49046.pt,2925992,a28b7ef159d5088f577ffdc377cbe715415183feee61a2d924da3ff0fe274980,272x5376,torch.bfloat16,2.9985809326171875,3.0010852813720703
10778,Priestia_megaterium_ATCC_10778.pt,6323550,affa10b64a0bb74d727eeaf3c709bacb6dd9a3d4af58f69bd4f0c725a582d49e,588x5376,torch.bfloat16,2.997953414916992,3.002251625061035
14581,Priestia_megaterium_ATCC_14581.pt,6237534,6e3fac3120589e3d2f0d258d9a6ee16243b597fda72c636d021373e4f7e909b6,580x5376,torch.bfloat16,2.9942169189453125,3.0015869140625
19213,Priestia_megaterium_ATCC_19213.pt,6054750,1546abf884ef4603a97a73513bea7c7254137c12d0dcba9b324b1442d74e2b88,563x5376,torch.bfloat16,2.997161865234375,3.004150390625
9885,Priestia_megaterium_ATCC_9885.pt,6560089,c5bad06e919fd43215b246233ee1133dcd9dc71f714d35fa1b80cbaf3706d3e4,610x5376,torch.bfloat16,2.9975013732910156,3.0019454956054688
6207,Propionibacterium_freudenreichii_subsp_freudenreichii_ATCC_6207.pt,2840259,7d3ac113c346ec0721447a99c3704f85d30e30e334c8e4cdfd111c60a54d85b2,264x5376,torch.bfloat16,2.9967193603515625,3.002532958984375
9614,Propionibacterium_freudenreichii_subsp_shermanii_ATCC_9614.pt,2775658,f6306493369566fd06a3a17fd4b64f8da2735edda3b2a6073a65cc38190fe981,258x5376,torch.bfloat16,2.998457908630371,3.0025272369384766
13315,Proteus_hauseri_ATCC_13315.pt,4130122,d938e11dd15126ae27f084e703c5bb6c4deb88331330b08a27790d5881c6a93e,384x5376,torch.bfloat16,2.9994468688964844,3.0032386779785156
12453,Proteus_mirabilis_ATCC_12453.pt,4291412,19972907afdcd96895536a027fb92267785f8973bd32b334bc475d5489b0ecb5,399x5376,torch.bfloat16,2.997955322265625,3.0018444061279297
21100,Proteus_mirabilis_ATCC_21100.pt,4226900,b44dc173a5af63c66cd44edc8ed98fb3b3f00751f4ba4d508a2a6df92564e9f1,393x5376,torch.bfloat16,2.999724864959717,3.001269817352295
25933,Proteus_mirabilis_ATCC_25933.pt,4409684,93a6c9e696488ea6ea70dce72606db1e49c1a248ec7cced51023b24267927018,410x5376,torch.bfloat16,3.000430107116699,3.001939296722412
29906,Proteus_mirabilis_ATCC_29906.pt,4366676,0909bcc6c6a2e6a3a1ce693cf8b308f749bbcc361d6e58fdbf5a398c82a35ab1,406x5376,torch.bfloat16,2.99814510345459,3.001220703125
35659,Proteus_mirabilis_ATCC_35659.pt,4259156,32b5c667f23f837bc4c95a32e82a34de6d4484a55bc44f433b4415c714a15c2c,396x5376,torch.bfloat16,2.999645233154297,3.001319408416748
7002,Proteus_mirabilis_ATCC_7002.pt,4323663,bf90276c2c650e1b0aef7e68251c2eb525fcfd24cbe4311fe4430c11993187b9,402x5376,torch.bfloat16,2.997875213623047,3.0011935234069824
29905,Proteus_vulgaris_ATCC_29905.pt,4226895,2efcc3168179fc6ba7c5b5492394b2126ae19203d4804cd89177b004a833f81a,393x5376,torch.bfloat16,3.0001602172851562,3.0011610984802246
49132,Proteus_vulgaris_ATCC_49132.pt,4302159,54726fc879260cb16b8bb6e81e190dcca582e76bc363e24960ffc5b8892c14f0,400x5376,torch.bfloat16,2.9991493225097656,3.001206398010254
6380,Proteus_vulgaris_ATCC_6380.pt,4269898,438758eb50f9c66fcf3e224dd72d7ea6a8611fde448d381fe568eade8dc2606a,397x5376,torch.bfloat16,3.000321388244629,3.002958297729492
#002,Pseudomonas_aeruginosa_ATCC_#002.pt,7044008,56152cbd47022f1e61746b5c892d79b30bca12535296b607ada70211feec5a3a,655x5376,torch.bfloat16,2.9995803833007812,3.0013132095336914
10145,Pseudomonas_aeruginosa_ATCC_10145.pt,6796717,284d368204904a972429f30677d3bfe7ebd306adb152b2b64fd558d97e574002,632x5376,torch.bfloat16,3.000187397003174,3.001199245452881
12121,Pseudomonas_aeruginosa_ATCC_12121.pt,7076269,2b2ffdac03b225c30cda06f1846aa834a9174d8a3764c90592b3107f897552c1,658x5376,torch.bfloat16,3.000319480895996,3.002716064453125
13388,Pseudomonas_aeruginosa_ATCC_13388.pt,7044013,92384295db6ffad0ca7cf2219e19ea73c1e1eeb88ff1ce591c1b403448902971,655x5376,torch.bfloat16,2.996826171875,3.0011472702026367
15442,Pseudomonas_aeruginosa_ATCC_15442.pt,7312813,8a4b58f2b85d9ff2fb0188e2d02abc22c0616f9e41dccab70cee29242b09196f,680x5376,torch.bfloat16,2.9981689453125,3.0012264251708984
15692,Pseudomonas_aeruginosa_ATCC_15692.pt,6785965,207e6f5596264ccf548840bf9f3e8ddd81d64518e4c0295d20c81e9655158d1e,631x5376,torch.bfloat16,2.99774169921875,3.0013279914855957
19660,Pseudomonas_aeruginosa_ATCC_19660.pt,7291309,3d71b99696484548da967d339c33a756f3f77675c8c17ec0235ed75600cabe45,678x5376,torch.bfloat16,3.0003256797790527,3.0040054321289062
25619,Pseudomonas_aeruginosa_ATCC_25619.pt,6796717,157a875dc806f7e2adef2b15e4401cf4f135b67d85e9cffb159a459ec293dc13,632x5376,torch.bfloat16,2.997028350830078,3.0012593269348145
25668,Pseudomonas_aeruginosa_ATCC_25668.pt,7527853,6df1e42db9ec09b67308b5cc422e6628889ac5146513cb8278d90cf35e8ecdf0,700x5376,torch.bfloat16,3.0000228881835938,3.0013647079467773
27853,Pseudomonas_aeruginosa_ATCC_27853.pt,7355821,8e4e54e5e52ff1342a7c967b9f4af99b6d39d690824f6da9f1e08e377f9d8675,684x5376,torch.bfloat16,3.0003185272216797,3.001286506652832
29260,Pseudomonas_aeruginosa_ATCC_29260.pt,7302061,f3d8c90a01cb898dca957238f500ea6291cb935baf0d02ece9eda97f6806198d,679x5376,torch.bfloat16,2.9996414184570312,3.00123929977417
35032,Pseudomonas_aeruginosa_ATCC_35032.pt,7388077,bde59e4843be762eca00cdd9a1a055c01c853c281ca9fcc7e750918c04ca93a5,687x5376,torch.bfloat16,2.995635986328125,3.0012693405151367
35151,Pseudomonas_aeruginosa_ATCC_35151.pt,6957997,34657eb0eac6c20de6384b15f416dd9d85c2218a87aaa9d0e9157f78073b8b38,647x5376,torch.bfloat16,2.99898624420166,3.001311779022217
47085,Pseudomonas_aeruginosa_ATCC_47085.pt,6796717,d66590623760c0e393c85f74087202144faf2d6a7a186533fa7f0903aa74bb58,632x5376,torch.bfloat16,2.998577117919922,3.001842498779297
7700,Pseudomonas_aeruginosa_ATCC_7700.pt,6839720,4e74c21fe1663e92dff6d9a6a7e116d81d38e874535c70942fd5829c3bc966fd,636x5376,torch.bfloat16,2.9980545043945312,3.0012125968933105
9721,Pseudomonas_aeruginosa_ATCC_9721.pt,6861224,3b74eb1aee3ef31d77cfbcebccc078f68c522a8e919360e7f9390b28758efe3b,638x5376,torch.bfloat16,2.99859619140625,3.0013413429260254
BAA-1744,Pseudomonas_aeruginosa_ATCC_BAA_1744.pt,7420348,906e3037bf239a9cfb62bd209bcd27879ed968bad5580b97205a652fadc0b5cd,690x5376,torch.bfloat16,2.9961700439453125,3.0012459754943848
BAA-2108,Pseudomonas_aeruginosa_ATCC_BAA_2108.pt,6882748,55993693b02c9877c58cf3e6c53c47925b8ffc910859ccf5ed9142eb9d80411c,640x5376,torch.bfloat16,2.9989089965820312,3.001258373260498
BAA-2110,Pseudomonas_aeruginosa_ATCC_BAA_2110.pt,7130044,7b8a9fe70976967afaae2ecb6d9b683bcd95662694727b03e381ba32d7262496,663x5376,torch.bfloat16,2.9969558715820312,3.001209259033203
BAA-2111,Pseudomonas_aeruginosa_ATCC_BAA_2111.pt,6807484,1a2b33de0efdc83d8fc1dffd42b5780e73544638c968fb5b6eb6c10d2971d2ec,633x5376,torch.bfloat16,2.999298095703125,3.0016441345214844
BAA-2114,Pseudomonas_aeruginosa_ATCC_BAA_2114.pt,6732220,c063d71a1672fc7f76d6b59787b777fd433abb38458e409111e04d6538a62fd4,626x5376,torch.bfloat16,3.000235080718994,3.0017080307006836
BAA-3197,Pseudomonas_aeruginosa_ATCC_BAA_3197.pt,7259068,c46673cc13c61d0340c678fc558ff4ace3d7f2c969539ecd9905e57928d2c7b6,675x5376,torch.bfloat16,2.9976539611816406,3.001974582672119
BAA-427,Pseudomonas_aeruginosa_ATCC_BAA_427.pt,7259063,15ca2d8556adaacd6cd76596f6302426abf44b2f4b7f4b239b8e6ff01189b13c,675x5376,torch.bfloat16,3.0002622604370117,3.001267433166504
13525,Pseudomonas_fluorescens_ATCC_13525.pt,7011762,dd94154840cc5c4d7f6979a070855774ccbd7d96727f0d8ce3c211374fd851b3,652x5376,torch.bfloat16,2.995955467224121,3.0011444091796875
9027,Pseudomonas_paraeruginosa_ATCC_9027.pt,6861239,ce56a18e4ea7c9536fa5a8736735daa8ab96132c7071dacabcb0eeb8ae263f47,638x5376,torch.bfloat16,2.997462272644043,3.0012011528015137
12633,Pseudomonas_putida_ATCC_12633.pt,6678361,816dd2b5233fd3a6ae9f92922f2399f32846e52d83619ff783e5ec9b5314f34d,621x5376,torch.bfloat16,2.9966201782226562,3.0011444091796875
49128,Pseudomonas_putida_ATCC_49128.pt,6549337,161b7391d7f9afeaba32405f9755e53b45a1621296ad51f1cfe7ae88fbef549e,609x5376,torch.bfloat16,2.9985275268554688,3.001175880432129
BAA-871,Pseudomonas_syringae_pathovar_tomato_ATCC_BAA_871.pt,7065597,af9d0353ffdd2b7e053ad7265c192c635a64aa4c5b84828918368a3edfbf5380,657x5376,torch.bfloat16,2.9957714080810547,3.001861572265625
11696,Ralstonia_solanacearum_ATCC_11696.pt,6140845,bcbfcf18569c0462b4950fd4ca1af52e84cafa6cd10c895174943823ecc953f3,571x5376,torch.bfloat16,3.000171661376953,3.0012106895446777
BAA-1114,Ralstonia_solanacearum_ATCC_BAA_1114.pt,6280636,9a26d0d16820aa40b0ccbd3d1845d2049d0729c118bdfccc529fed31b0ccb355,584x5376,torch.bfloat16,2.99676513671875,3.00115966796875
31898,Raoultella_ornithinolytica_ATCC_31898.pt,5925825,feb17fae66af8b8b722fbea1b5d5b4f782cbd43f29ac7f6b624edc1c47908dac,551x5376,torch.bfloat16,2.994873046875,3.0011463165283203
33257,Raoultella_terrigena_ATCC_33257.pt,6001059,73f2d21a01e05d3409d90d3a50d6dfd5c45ae52f4c9ebf30118c6d5072ddb632,558x5376,torch.bfloat16,3.0003132820129395,3.001819610595703
15955,Rhizobium_radiobacter_ATCC_15955.pt,6345128,57838922c67cc51a60051032d44858b93cf7812643471c16a082cc17f2e8c83d,590x5376,torch.bfloat16,2.999208450317383,3.0029125213623047
6939,Rhodococcus_equi_ATCC_6939.pt,5603146,566fcb73e9811daa8f7b685bbec59c3771d4172fc521fc9cad76f6ff3f5808e8,521x5376,torch.bfloat16,2.9961624145507812,3.0019187927246094
9449,Rhodotorula_mucilaginosa_ATCC_9449.pt,21828018,70b38af84429cb3881d19ac55a3c21c06fff2b6b0daa85dbf111abdbf98ed47a,2030x5376,torch.bfloat16,2.9956512451171875,3.004182815551758
25759,Romboutsia_lituseburensis_ATCC_25759.pt,4183996,bbbb03e1397298870656ad5252a1be8ebeb4d8adec12c8652a72e20634cfb796,389x5376,torch.bfloat16,2.9996652603149414,3.00177001953125
29149,Ruminococcus_gnavus_ATCC_29149.pt,3839838,048a7d8669cbbc853a2f3a0239702d9be6032ffc2e5c186d166c086643af742c,357x5376,torch.bfloat16,2.999725341796875,3.0012917518615723
27756,Ruminococcus_torques_ATCC_27756.pt,2947491,4f4d01ef3c3e62147968b17ba51deec75d45cd89d52daf25a86b723a08611f0f,274x5376,torch.bfloat16,2.9991674423217773,3.0010828971862793
13007,Saccharomyces_cerevisiae_ATCC_13007.pt,13441463,975b761e2d5a6751deee4763a94906d828cd93693aefa3a563af19a57d8f3895,1250x5376,torch.bfloat16,2.996321678161621,3.003337860107422
204508,Saccharomyces_cerevisiae_ATCC_204508.pt,13312444,4f6ded7f37174a0521e9687bb81b8b3060220422b9186e418b2b3c3ee0a6b0a9,1238x5376,torch.bfloat16,2.9975051879882812,3.004077911376953
7754,Saccharomyces_cerevisiae_ATCC_7754.pt,13430706,91ab8244a9a8d595aa9ec9568ac73e99cad9ec2fbdcd51e0a071518f3c70d237,1249x5376,torch.bfloat16,2.9964141845703125,3.0036087036132812
9763,Saccharomyces_cerevisiae_ATCC_9763.pt,13387698,34fd15934af11a575c6e4314bb9668a8ec6566c8d08e0b1a8352742942b0fb12,1245x5376,torch.bfloat16,2.9940872192382812,3.0054931640625
2601,Saccharomyces_kudriavzevii_ATCC_2601.pt,24892348,8398196eb24c09b87d91153562e5e60e795a1001f33d56af587aeca0894cad9c,2315x5376,torch.bfloat16,2.9964351654052734,3.0045313835144043
13314,Salmonella_enterica_subsp_arizonae_ATCC_13314.pt,4893673,4d1dc3e9a3b069d4839dee7dad9c2eb97bf4c74a960b8e43ffecf245e07d69bc,455x5376,torch.bfloat16,2.9967079162597656,3.0011558532714844
29934,Salmonella_enterica_subsp_diarizonae_ATCC_29934.pt,5624819,d19d067c45687b3af7c3a7eaa5f83bbfff775c53adddd2abacc9a0afe498c2b7,523x5376,torch.bfloat16,2.9988346099853516,3.001565933227539
39183,Salmonella_enterica_subsp_enterica_ATCC_39183.pt,5388265,332bca2045e256ba587b296163dd3f083842cb3b46412b7d119cb06411d025be,501x5376,torch.bfloat16,2.9961471557617188,3.0039806365966797
51741,Salmonella_enterica_subsp_enterica_ATCC_51741.pt,5044201,7f65a9e16e217e12089b133f09d7a71f542ff7fee580ce8e7cb46f712931291c,469x5376,torch.bfloat16,3.000455379486084,3.001132011413574
10708,Salmonella_enterica_subsp_enterica_serovar_Choleraesuis_ATCC_10708.pt,5173458,d6bda7e4ea5e3fc7a996c5aed3a9d707c58b83416c92ab237b4e56f0215c8f2f,481x5376,torch.bfloat16,2.998699188232422,3.0010833740234375
13312,Salmonella_enterica_subsp_enterica_serovar_Choleraesuis_ATCC_13312.pt,5151954,a20537243cbc803f878ac93a441babd1e31ee229614ebd0368484bcdeed187e5,479x5376,torch.bfloat16,2.9999284744262695,3.0010833740234375
13076,Salmonella_enterica_subsp_enterica_serovar_Enteritidis_ATCC_13076.pt,5162701,6a04a31049fea94b854cf4e1958face14a3852dd92006ae2e6a78b4cfb73816f,480x5376,torch.bfloat16,2.9967041015625,3.0033798217773438
9150,Salmonella_enterica_subsp_enterica_serovar_Paratyphi_A_ATCC_9150.pt,4958408,5de88ea9064b3a06256cd684a6177ddf245e2ec60b1bca95e8c108fefb165530,461x5376,torch.bfloat16,3.0004382133483887,3.001108169555664
9120,Salmonella_enterica_subsp_enterica_serovar_Pullorum_ATCC_9120.pt,5184121,1261e46d6edc88dbd5785dc3d69f4c7d91819d80fb16f94765655f94aa5b36cd,482x5376,torch.bfloat16,2.9975624084472656,3.005300521850586
19430,Salmonella_enterica_subsp_enterica_serovar_Typhi_ATCC_19430.pt,5173359,65a182dab3fe7b975523aed8285e8b36735dbc6d2c365a807d847389fe3be1bb,481x5376,torch.bfloat16,2.995330810546875,3.0028305053710938
6539,Salmonella_enterica_subsp_enterica_serovar_Typhi_ATCC_6539.pt,5055082,58b4e1685390539c9ad1a9f69fe3050442420786c925dd3e382a54890ad03591,470x5376,torch.bfloat16,2.997406005859375,3.0032806396484375
700931,Salmonella_enterica_subsp_enterica_serovar_Typhi_ATCC_700931.pt,5162612,f6a57aae61c61e81e24bba5d5a5bb0d08b8f7c2d58babaae5797e07f83e896d4,480x5376,torch.bfloat16,3.00042724609375,3.001138687133789
13311,Salmonella_enterica_subsp_enterica_serovar_Typhimurium_ATCC_13311.pt,5237965,c93cb638dd15cbc1eb293f613bc0db5bf54b46d189a8f3b23d2fdff13178d32a,487x5376,torch.bfloat16,3.000335693359375,3.0014286041259766
14028,Salmonella_enterica_subsp_enterica_serovar_Typhimurium_ATCC_14028.pt,5356237,65526390df6f26c1edb72f7ff9e4e73941b96f40413fd95810c36319d9e65c8d,498x5376,torch.bfloat16,2.998533248901367,3.00262451171875
29629,Salmonella_enterica_subsp_enterica_serovar_Typhimurium_ATCC_29629.pt,5280973,48a47611d45def3c57d7e29f95db214a1b3fb35e5ee8adb997970cbe032af9b1,491x5376,torch.bfloat16,2.995532989501953,3.001105308532715
43971,Salmonella_enterica_subsp_enterica_serovar_Typhimurium_ATCC_43971.pt,5356237,bfadf2825853ff529fb07d4d55e5e9756dd6ca3f5258d0d8d3437cb7f00b6c41,498x5376,torch.bfloat16,2.995532989501953,3.0019969940185547
700408,Salmonella_enterica_subsp_enterica_serovar_Typhimurium_ATCC_700408.pt,5420754,3c76fcf806124a22746e93307df3736b174de561b69d2fa1bfdd735bbc2a83c4,504x5376,torch.bfloat16,3.0004186630249023,3.0041542053222656
700720,Salmonella_enterica_subsp_enterica_serovar_Typhimurium_ATCC_700720.pt,5334738,3463a95867a492ad03c4eb9101411081de157f68349be4b52fc66f7999d7973c,496x5376,torch.bfloat16,2.995532989501953,3.001054286956787
14041,Serratia_marcescens_ATCC_14041.pt,5452638,712fff471533c591cd3c7ea48693d750eef5dcce394b54d8e9b2e77bc6633bb5,507x5376,torch.bfloat16,2.9998626708984375,3.0020880699157715
14756,Serratia_marcescens_ATCC_14756.pt,5452638,bdef860d0595879dea0f07b1fdb6c27ff1c65f0c56840a668a0c8a61288508fc,507x5376,torch.bfloat16,2.999068260192871,3.0035247802734375
17991,Serratia_marcescens_ATCC_17991.pt,5506398,5ccdc614da8567c35b06d13c581fcf88ba302840d81b7a986fbceb88cac2eba0,512x5376,torch.bfloat16,2.9978179931640625,3.0011849403381348
21074,Serratia_marcescens_ATCC_21074.pt,5463390,1bc30336494e828061eed0ed17239e9c0778dccdbd481e8fc254d0e41033a107,508x5376,torch.bfloat16,3.0004477500915527,3.003520965576172
274,Serratia_marcescens_ATCC_274.pt,5538644,fe5037048f01ffa4c5426778ddd16f92a87bab1f8109919adda510fc06cb961b,515x5376,torch.bfloat16,3.000361919403076,3.00125789642334
8100,Serratia_marcescens_ATCC_8100.pt,5807449,002d76f11d42990af846a8792533b119b21d25839cb996765648df075825c47a,540x5376,torch.bfloat16,2.9960289001464844,3.0022811889648438
13880,Serratia_marcescens_subsp_marcescens_ATCC_13880.pt,5560307,3a8eb085c8825ed3c39c97107d9667ca752006c9d8effdf96ab8286a34822f08,517x5376,torch.bfloat16,2.995205879211426,3.002918243408203
39006,Serratia_sp_ATCC_39006.pt,5345078,5f53f89d5b6cd43eeeb31924f8f88501005e8927fbc17e8edbe7cdeae12320c8,497x5376,torch.bfloat16,3.0005273818969727,3.0012497901916504
49138,Shewanella_haliotis_ATCC_49138.pt,5226846,cabac777fe009fd827cbed99a0146a619fdf1a81221414f2297039a32b8f8e7a,486x5376,torch.bfloat16,3.0004220008850098,3.0011277198791504
13313,Shigella_dysenteriae_ATCC_13313.pt,4958115,f3daaba9fde9e09d8c2944804a19e7e727ff8cb25a584d253ee6b79d86525048,461x5376,torch.bfloat16,2.9981842041015625,3.0011067390441895
12022,Shigella_flexneri_ATCC_12022.pt,5183828,197826ebd56de1415f9d59d9a0d91749d3ceb543ae001828516ca0d9ff2db806,482x5376,torch.bfloat16,2.996337890625,3.0029983520507812
25929,Shigella_flexneri_ATCC_25929.pt,4893524,822248207e605e11bc814097fbae7956382355c9adcba59f51c15258d86bab17,455x5376,torch.bfloat16,2.9983158111572266,3.0036706924438477
29903,Shigella_flexneri_ATCC_29903.pt,5441876,a047a0e1ac17b17e93016cc255ac910b9ff6cd99a405b960d887da413fd62583,506x5376,torch.bfloat16,2.9949684143066406,3.0011963844299316
11060,Shigella_sonnei_ATCC_11060.pt,5527882,9d9f5dfce4b133e4123baa932f0b26cefbac10a26e34549c69546d11d29f7060,514x5376,torch.bfloat16,2.9982433319091797,3.00311279296875
25931,Shigella_sonnei_ATCC_25931.pt,5517130,22d70aa8dafd0d5ddcbc1b8f37db3f76c4fb505e581ad2ef9ac4d8c33210462c,513x5376,torch.bfloat16,2.998295783996582,3.002429962158203
29930,Shigella_sonnei_ATCC_29930.pt,5474122,0e8a3006b32012b7665b3a512a5008994d32f598ad0ef2f5cfeb5049163436e2,509x5376,torch.bfloat16,2.9988574981689453,3.00299072265625
9290,Shigella_sonnei_ATCC_9290.pt,5495621,6b7971f2b3ed7cc3f4ab652596f4d990fdc0dd59d8cfd02fe4c4e5f46afd655d,511x5376,torch.bfloat16,2.9979610443115234,3.0026588439941406
10832,Staphylococcus_aureus_ATCC_10832.pt,3055016,af2e7fa26317cad2186686fc32374154ad9d64ea6e219a0ede6486645e0621c3,284x5376,torch.bfloat16,2.998525619506836,3.001223564147949
12598,Staphylococcus_aureus_ATCC_12598.pt,3055016,928c164f12ba94ec2acf50ddbe57f7f710d5c40d58f1cab3ac97369a9123a757,284x5376,torch.bfloat16,2.999260902404785,3.0013294219970703
12600,Staphylococcus_aureus_ATCC_12600.pt,3001256,52024ce7f656ec9783efc29b795c270a0a30915c9d9bbe2f51f2fb624df45ed5,279x5376,torch.bfloat16,2.999134063720703,3.0012869834899902
13565,Staphylococcus_aureus_ATCC_13565.pt,3044264,445fd8ead10d15ce16a2586131c8d3e051bbb4088bb2d5619e119b12ec44bbae,283x5376,torch.bfloat16,3.000385284423828,3.0011677742004395
14458,Staphylococcus_aureus_ATCC_14458.pt,3173288,31b12b48e32939060f0184340b38fb919b7c6bb18b4cb21eb7e97b5c8482d4a3,295x5376,torch.bfloat16,2.9980430603027344,3.002166748046875
25904,Staphylococcus_aureus_ATCC_25904.pt,3151784,399a3accc8c90539c27b32da1afc4bf0f7b288aa8d5b437d996954f96501651c,293x5376,torch.bfloat16,2.9952869415283203,3.0012588500976562
25923,Staphylococcus_aureus_ATCC_25923.pt,3022760,252c179d165822b4de737bb18c246d74b5fa3da3a5da6e014bb6ddb9d9de8f5f,281x5376,torch.bfloat16,2.999061107635498,3.001166343688965
27660,Staphylococcus_aureus_ATCC_27660.pt,3184040,a4582e7045fbebf5895b0430e58999c17008dbd26498c51ce5fde5035b3a3af4,296x5376,torch.bfloat16,2.9967193603515625,3.00439453125
29213,Staphylococcus_aureus_ATCC_29213.pt,3033512,82436d72055b806da8e2bb0fffe0016c5a7ce3cbbe28ceb92f39166cd2d4da0e,282x5376,torch.bfloat16,2.999591827392578,3.0011520385742188
29737,Staphylococcus_aureus_ATCC_29737.pt,3022760,a308ff810fcfa31728b65cb69440e4b615b2a9ab46f92c7bd57d96b6329b2106,281x5376,torch.bfloat16,2.998467445373535,3.001225471496582
33591,Staphylococcus_aureus_ATCC_33591.pt,3194792,b80eee8ff62b42b4820022cead718aa29d1e2ddee4c8147bbfec664c489022d4,297x5376,torch.bfloat16,2.9990196228027344,3.00262451171875
33592,Staphylococcus_aureus_ATCC_33592.pt,3130280,03c41842f5b89be61d226cfab3a97745bc65dec3f1eec383d32500cb3440c045,291x5376,torch.bfloat16,3.000429153442383,3.0040969848632812
33593,Staphylococcus_aureus_ATCC_33593.pt,3173288,e8f6ca55889017e34d6b7dff04e023b17a0aeb02a8bb6aef73798a6eb5f04b18,295x5376,torch.bfloat16,2.9992218017578125,3.00120210647583
35556,Staphylococcus_aureus_ATCC_35556.pt,3055016,3807a14a29c56a45046ac754c6a5aa847204e38557ba71310e1f6a84b89c73b2,284x5376,torch.bfloat16,3.0002670288085938,3.001241683959961
43300,Staphylococcus_aureus_ATCC_43300.pt,3184040,2da3068b8bf6e873ff733092f57eee41cbf41a226ba5fd30cc4ce7fc47905c74,296x5376,torch.bfloat16,3.0001745223999023,3.00152587890625
49525,Staphylococcus_aureus_ATCC_49525.pt,3022760,f271f0ba5adf2831040e01813415a6cdc5cc447b4e11262c4cc2ad81e981afaf,281x5376,torch.bfloat16,2.9989376068115234,3.003009796142578
6538,Staphylococcus_aureus_ATCC_6538.pt,3022755,9d0e4ac84429731972dda06b0cc0af45fa7d31894a7de28bc43f8c8258311601,281x5376,torch.bfloat16,2.9966964721679688,3.001190185546875
6538P,Staphylococcus_aureus_ATCC_6538P.pt,3022760,b1cb6eba31bcab6b4d56013d5ff538a9433a57625ed46a98b32127d8394f19b4,281x5376,torch.bfloat16,2.998645782470703,3.001223564147949
700698,Staphylococcus_aureus_ATCC_700698.pt,3130285,c08278dc724c0ddb8c8418abddb950d6535f3d3a1cab8ee8bebf6b665063e84e,291x5376,torch.bfloat16,2.997598648071289,3.001156806945801
700699,Staphylococcus_aureus_ATCC_700699.pt,3098029,30d8c14ed000d0d4b86e3c5b8ac75f1a13f981faf0eb7e0ded3f974d4f4f55e5,288x5376,torch.bfloat16,2.9975013732910156,3.0011634826660156
9144,Staphylococcus_aureus_ATCC_9144.pt,3087267,0b047209c6577c06c4616b72412eb0993c3c898b7f07123b3548a1877e0c6016,287x5376,torch.bfloat16,2.996987819671631,3.0011954307556152
BAA-1556,Staphylococcus_aureus_ATCC_BAA_1556.pt,3162551,1d5d01d1f0b3c70d4bcc606c548950232effcaeecc0b606e4de4d42bd0175f09,294x5376,torch.bfloat16,2.9980201721191406,3.0016002655029297
BAA-1683,Staphylococcus_aureus_ATCC_BAA_1683.pt,3076535,f3d2dd5b016026421523c5268c612598f0ab3071bbafedc06ada231536a69b9a,286x5376,torch.bfloat16,2.99578857421875,3.001246929168701
BAA-1696,Staphylococcus_aureus_ATCC_BAA_1696.pt,3076535,eabf78a9cd8d1cd5aa7fc2db4f0093c8e573273a3bec2936c5871a8f6fd8d8f4,286x5376,torch.bfloat16,2.9989166259765625,3.001152515411377
BAA-1707,Staphylococcus_aureus_ATCC_BAA_1707.pt,3087287,7d6e5170ca433be420b68899f5759532651bae56322e98eb0cc49071de264087,287x5376,torch.bfloat16,2.9980392456054688,3.0011892318725586
BAA-1708,Staphylococcus_aureus_ATCC_BAA_1708.pt,3184055,092ab41ccf03ff878a90e027c7fe505c3238b0dced5b4b07370d172351ce1536,296x5376,torch.bfloat16,2.9976367950439453,3.001248836517334
BAA-1717,Staphylococcus_aureus_ATCC_BAA_1717.pt,3141047,0cb217ada6c9971e870b5ede569848e907562b600bf178de1817453342dd31f7,292x5376,torch.bfloat16,2.9993419647216797,3.001474380493164
BAA-1718,Staphylococcus_aureus_ATCC_BAA_1718.pt,3065783,57bc3913d841c0fb7d4e1361083bc27703384b244dcad45f1a99597af0737ae3,285x5376,torch.bfloat16,2.9990005493164062,3.0029296875
BAA-1720,Staphylococcus_aureus_ATCC_BAA_1720.pt,3130295,06b78b927ec52b15c180f931cbfa58911b366de12d091927658d089fe5063101,291x5376,torch.bfloat16,2.999786376953125,3.0012545585632324
BAA-1750,Staphylococcus_aureus_ATCC_BAA_1750.pt,3205559,6bb6419d7bbdf63ce0454013c3a3807de9552b0e352fddbbb1321019560df448,298x5376,torch.bfloat16,2.997547149658203,3.001206874847412
BAA-2312,Staphylococcus_aureus_ATCC_BAA_2312.pt,3055031,bbd6ec4965f056a1fbf707b1be534ce9ffad7a4575c9c0a704a9aa9d76fa0b9d,284x5376,torch.bfloat16,2.9974403381347656,3.0024185180664062
BAA-41,Staphylococcus_aureus_ATCC_BAA_41.pt,3162541,d800c7be0078409a6f58a88a81c327f57d1ea38c9a287c89f578054e73f1bd0e,294x5376,torch.bfloat16,2.9998722076416016,3.0019378662109375
BAA-44,Staphylococcus_aureus_ATCC_BAA_44.pt,3237805,e23eedb0c4d06ff3c6507becde46b453ec747d8e7174fa6a5eb9f8d00c79ddb0,301x5376,torch.bfloat16,2.99908447265625,3.0013351440429688
19636,Staphylococcus_aureus_subsp_aureus_ATCC_19636.pt,3141097,13a21d46d25ac4958162c6bc221eb9bc33b926dbc923b6d33aee624095950325,292x5376,torch.bfloat16,2.9992828369140625,3.0012221336364746
27698,Staphylococcus_aureus_subsp_aureus_ATCC_27698.pt,3087337,8d9b2e1a6df2fb385ef882cc09156f48d1e8b5b02785ca38a9b290a653c2ce59,287x5376,torch.bfloat16,2.9990100860595703,3.0023193359375
49230,Staphylococcus_aureus_subsp_aureus_ATCC_49230.pt,3022825,c0465ece74885b8aa85b086aab6934d01a04a670ac53c14ce23effbb8375f57e,281x5376,torch.bfloat16,3.0003371238708496,3.0019073486328125
49775,Staphylococcus_aureus_subsp_aureus_ATCC_49775.pt,3076585,d18d6a26876f8b6c621b22e1e1966759ea641fcfb5a5fdc9f407199d35b14ec6,286x5376,torch.bfloat16,2.9971771240234375,3.0032215118408203
BAA-2762,Staphylococcus_aureus_subsp_aureus_ATCC_BAA_2762.pt,3044344,1a7e287fb179c70d7d89d4b54cdb2cc9af0ffdfe033653a5fff2691651036dda,283x5376,torch.bfloat16,2.999483108520508,3.0011777877807617
BAA-39,Staphylococcus_aureus_subsp_aureus_ATCC_BAA_39.pt,3173358,93f2c6901364e51ea8e229377a8b4d3b6b1251d9efcd815eb86132558059e287,295x5376,torch.bfloat16,2.998617649078369,3.00146484375
51365,Staphylococcus_carnosus_subsp_carnosus_ATCC_51365.pt,2786301,b7c0dad370967d5109b61694a7de909b9c35d1f688c126dc63d7528cf71e0b5e,259x5376,torch.bfloat16,3.000338077545166,3.001880645751953
12228,Staphylococcus_epidermidis_ATCC_12228.pt,2807745,628b40542d1fd456f5ebe5486a1532f61abbd82ac45d9512a36644ac16e9aa5e,261x5376,torch.bfloat16,2.9959468841552734,3.0020294189453125
14990,Staphylococcus_epidermidis_ATCC_14990.pt,2721729,4ede3c73cabaf4f1af9cc3c0f0fa0758928556ac9b49554e4eabf3b67415364e,253x5376,torch.bfloat16,2.998016357421875,3.004183769226074
29887,Staphylococcus_epidermidis_ATCC_29887.pt,2710977,052b35a024ace3111d34dd74572153f9afd04fec278f9fa465f1f20be625dd69,252x5376,torch.bfloat16,2.9980201721191406,3.001265048980713
35983,Staphylococcus_epidermidis_ATCC_35983.pt,2883009,97a92d869c196dfe05fa58c0e146e1d2dac1b2fc1fc0a0c8e47706b907026f1f,268x5376,torch.bfloat16,2.996530532836914,3.001317024230957
35984,Staphylococcus_epidermidis_ATCC_35984.pt,2861505,18564cd067f3728b8505413d7fb3818af7c9e6033cf367d8ab16c475f206b395,266x5376,torch.bfloat16,2.9987049102783203,3.0041732788085938
51625,Staphylococcus_epidermidis_ATCC_51625.pt,2775489,941f4cb542c5a3a81d5ff3367b4f4e838310e6b9139a18d46a86f7b4f4909b46,258x5376,torch.bfloat16,2.99810791015625,3.00311279296875
700565,Staphylococcus_epidermidis_ATCC_700565.pt,2807750,2dc61af1cfc70a7e9d03ae5644edf790801a928090702e5b3d9880c3d7c7249e,261x5376,torch.bfloat16,2.9991912841796875,3.0021610260009766
29970,Staphylococcus_haemolyticus_ATCC_29970.pt,2786246,900a0d60704218a2796c115cf9d9b4bde47f0a7ba6efa8ebb659d6be40396be6,259x5376,torch.bfloat16,2.9978294372558594,3.001181125640869
27844,Staphylococcus_hominis_subsp_hominis_ATCC_27844.pt,2463731,bf6e8f91f5ba64c753d8cd221f199ae488ab5a6c52f982b46b147ddb80fe7fd1,229x5376,torch.bfloat16,2.9980316162109375,3.0028839111328125
43809,Staphylococcus_lugdunensis_ATCC_43809.pt,2743233,4cf165fc45cdd6df4532b03aee963af50dd9d6ffa1e1c1713a085cc68efb4211,255x5376,torch.bfloat16,2.9984283447265625,3.0011649131774902
49453,Staphylococcus_saprophyticus_ATCC_49453.pt,2797003,fb59821414fdacf5e31dec436c4fb692ac077912265e44a49e51b19426bb19a7,260x5376,torch.bfloat16,2.998974323272705,3.0038604736328125
49907,Staphylococcus_saprophyticus_ATCC_49907.pt,2969035,0330b040d557e385002ae7d2a9101d11045bbc890b795f56b02261719fc7ce8e,276x5376,torch.bfloat16,2.9975481033325195,3.002185821533203
BAA-750,Staphylococcus_saprophyticus_ATCC_BAA_750.pt,2764757,ca2bf81346b7b80436e13b4661d5994d8f949144cb7e498cfccd4e3f049f2aa1,257x5376,torch.bfloat16,2.998493194580078,3.0011215209960938
15305,Staphylococcus_saprophyticus_subsp_saprophyticus_ATCC_15305.pt,2829423,3a4356ea040ab44e267bbd926773021abbae542998461be01084ebc1a00a472d,263x5376,torch.bfloat16,2.9989986419677734,3.001274585723877
27848,Staphylococcus_simulans_ATCC_27848.pt,2990514,670e1cae8eb43412cdb487cbe3e181c415468bf8f66d093020d4352b10ca4523,278x5376,torch.bfloat16,2.998077392578125,3.0010809898376465
49454,Staphylococcus_warneri_ATCC_49454.pt,2646445,04b695659d438cf09306850aa94bb173bf105c0e1ad6904cc18e7f84dcf13b17,246x5376,torch.bfloat16,2.9967498779296875,3.0011744499206543
29971,Staphylococcus_xylosus_ATCC_29971.pt,3001261,04f66e952b0cec74c5888639b90565fed23b9b851f57c2ad495bf598ebd8cac6,279x5376,torch.bfloat16,2.9995269775390625,3.0012869834899902
13636,Stenotrophomonas_maltophilia_ATCC_13636.pt,4915147,e992488ea70fe8343dd16bc62efa149512f125172ca0738dce7656844f44efb7,457x5376,torch.bfloat16,2.996187210083008,3.0012683868408203
13637,Stenotrophomonas_maltophilia_ATCC_13637.pt,5388235,6b2d65e6bd72134685e6f6fab19d84a4338a1b81e2285ca2de8a6af0cf1576e6,501x5376,torch.bfloat16,3.000304698944092,3.0049171447753906
51331,Stenotrophomonas_maltophilia_ATCC_51331.pt,4753867,3e1d96186b6382b367aae52e8ad4f75d7df7021fcb639f4f099bc2be109f54a1,442x5376,torch.bfloat16,2.9996700286865234,3.004638671875
12386,Streptococcus_agalactiae_ATCC_12386.pt,2237879,e7e77e610e2b22140f5ff2395a9903808a5175c0ef2d06b34c79a510ff74945c,208x5376,torch.bfloat16,2.9984865188598633,3.0011062622070312
13813,Streptococcus_agalactiae_ATCC_13813.pt,2474423,5de251c4baf79fc8dee2797ba2edb4a712a8e21b660efde11ede47afeb08b671,230x5376,torch.bfloat16,2.997239112854004,3.0012989044189453
27956,Streptococcus_agalactiae_ATCC_27956.pt,2377655,4d3eb9f78ed383bba64cc5dc28085e99ba6fe0eb29572d8a344c7ec0cef00bc5,221x5376,torch.bfloat16,3.0004096031188965,3.0025157928466797
27957,Streptococcus_dysgalactiae_subsp_dysgalactiae_ATCC_27957.pt,2313312,e2c46736ebe12190e7a878302efa7e5a54e6cdf51e0ffcb44d7bebc3ab819455,215x5376,torch.bfloat16,3.0003676414489746,3.0011115074157715
43078,Streptococcus_dysgalactiae_subsp_dysgalactiae_ATCC_43078.pt,2334816,a8222139914103c4f6809d2332b600504575e03b415d9613e297f9bd2944667c,217x5376,torch.bfloat16,2.9945831298828125,3.00400447845459
12388,Streptococcus_dysgalactiae_subsp_equisimilis_ATCC_12388.pt,2399323,02b0abf046e56a9f8cde23b10df6b5d9805595a46a29d1f93a26022a4f9a1fcc,223x5376,torch.bfloat16,3.000443458557129,3.0011911392211914
43079,Streptococcus_equi_subsp_zooepidemicus_ATCC_43079.pt,2270205,3864b347650156ccb9ffdb212f336e8b7c640567cdb3739f7dbd673300fe52df,211x5376,torch.bfloat16,2.9994468688964844,3.0011143684387207
49147,Streptococcus_gallolyticus_ATCC_49147.pt,2592705,e747686ed165b07957f2e7ffdd1e854eab201fa9a7ed5a74c6f0605e11dc187e,241x5376,torch.bfloat16,2.997478485107422,3.001114845275879
9809,Streptococcus_gallolyticus_ATCC_9809.pt,2442172,96e89e3735a5bcdcc099418db712411853006d71f6089cc3e5187544384eb6ce,227x5376,torch.bfloat16,3.000427722930908,3.0041141510009766
10558,Streptococcus_gordonii_ATCC_10558.pt,2356141,a3d9c114646b2f755d80417743d55ba4502090739fe28f656bc549fef3f4c608,219x5376,torch.bfloat16,3.000363349914551,3.0011892318725586
35105,Streptococcus_gordonii_ATCC_35105.pt,2366893,e9b2ecc1aee27eb5baeb77625c9bb8ec6a38f4e9f6bfef6a75de3e0f7dd7fb9f,220x5376,torch.bfloat16,3.0000228881835938,3.0011215209960938
29178,Streptococcus_iniae_ATCC_29178.pt,2366814,ff8944065d7958ee6f28d5480a24dcf49e64c394b03583a82d9c6b6f959c0ac4,220x5376,torch.bfloat16,2.9954605102539062,3.0012264251708984
25175,Streptococcus_mutans_ATCC_25175.pt,2173283,79eb3d751a75779d71a96427cd45f24179970805ea80eb4c5afce533cd4f755c,202x5376,torch.bfloat16,2.9987568855285645,3.0011110305786133
35668,Streptococcus_mutans_ATCC_35668.pt,2162531,69ea3603daf8c3726c2d0baca35b43d4a5ad07eb91ec4622f8fe773d4ac6be36,201x5376,torch.bfloat16,3.000499725341797,3.001232624053955
700610,Streptococcus_mutans_ATCC_700610.pt,2194856,82290e903546c0c8439b2f0f86b5690b0114e7db2d3c1257cf1dfd91afb237ce,204x5376,torch.bfloat16,2.9997787475585938,3.0011367797851562
35037,Streptococcus_oralis_ATCC_35037.pt,2087267,b30c11e03b2effa03f4ee36c31c8c4dbcd21292fb28ab420c56811368f5c834b,194x5376,torch.bfloat16,3.0004210472106934,3.0025787353515625
6249,Streptococcus_oralis_ATCC_6249.pt,2076510,51093a2babc717bb20fd6415ec3a1de1dbd0076542eb10e6f0a7f9665845a3d3,193x5376,torch.bfloat16,2.9987735748291016,3.0011253356933594
9811,Streptococcus_oralis_ATCC_9811.pt,2033502,b1c1ee4effed50166a03e812e8d144d512c02305aaa57303a6ac226238004227,189x5376,torch.bfloat16,2.9994235038757324,3.001070022583008
27336,Streptococcus_pneumoniae_ATCC_27336.pt,2216375,f8c5debb682f28c9a601745f15b3cb10e636213f536a529efe42d161b4f0c287,206x5376,torch.bfloat16,2.9981918334960938,3.0023765563964844
33400,Streptococcus_pneumoniae_ATCC_33400.pt,2259383,e79f5d063d9bc53d2651ce9851a871ccb347b3efe27cbda7a62f27d91ee0399a,210x5376,torch.bfloat16,3.000340461730957,3.001091957092285
49619,Streptococcus_pneumoniae_ATCC_49619.pt,2259383,8ce558fce6bde70e4a7a6e1ddc79dd9607c02a7ef69dedd7d3f2aebb9f9e331d,210x5376,torch.bfloat16,2.999476432800293,3.001066207885742
6302,Streptococcus_pneumoniae_ATCC_6302.pt,2237874,e4423290c4bd4980dad2dc6b49599b01699b8e7194e8858bcee27552c7ebc4cb,208x5376,torch.bfloat16,3.0004239082336426,3.0026931762695312
6303,Streptococcus_pneumoniae_ATCC_6303.pt,2248626,2ec4713d2d9d365d5217d86591517cc917275130686af84bb4cbd06a653b0e49,209x5376,torch.bfloat16,2.999931812286377,3.0012621879577637
700677,Streptococcus_pneumoniae_ATCC_700677.pt,2442172,fcf78d5c42bb852d6ead9091c89d3eea0c00366759395d6c863af22813da2724,227x5376,torch.bfloat16,2.995464324951172,3.001434326171875
BAA-255,Streptococcus_pneumoniae_ATCC_BAA_255.pt,2205633,2587ffa0ef388a2a22cc619cdb2969f4d44557d9f5c722ad6c6a5143242a0d78,205x5376,torch.bfloat16,2.9979248046875,3.0010671615600586
10389,Streptococcus_pyogenes_ATCC_10389.pt,1969069,299e316197d5b9f249aa336a0a40932ec19283f0b08ad2f686d0b1abd9c956f8,183x5376,torch.bfloat16,3.000030517578125,3.0010881423950195
12344,Streptococcus_pyogenes_ATCC_12344.pt,2065837,5f1bb8507c1a554f4471877e3cb6a48395834121724429abe5a31d03eac4aeac,192x5376,torch.bfloat16,3.000433921813965,3.0023746490478516
14289,Streptococcus_pyogenes_ATCC_14289.pt,1969069,d57e60c44c93cf16a27b36de4c560050e1265e81c721106adab3c74324aa4b47,183x5376,torch.bfloat16,3.000527858734131,3.0015945434570312
19615,Streptococcus_pyogenes_ATCC_19615.pt,1990573,95649f6ee9e202215265b60b54157275b26ccf61707c6b97bf03d9b62fbd23e0,185x5376,torch.bfloat16,2.998432159423828,3.0011343955993652
49399,Streptococcus_pyogenes_ATCC_49399.pt,2033581,12ad5ad5c0f1d3d0cf5b3d3fd64edafda5e112a8b3461102ee50f8eb5963d9dc,189x5376,torch.bfloat16,2.9999656677246094,3.0010743141174316
13419,Streptococcus_salivarius_subsp_salivarius_ATCC_13419.pt,2345548,0ac9966cbc497e67738f64a576b505059cd5bb9bc8f3c28ebb8cb7ac5f769888,218x5376,torch.bfloat16,2.9974727630615234,3.001303195953369
25975,Streptococcus_salivarius_subsp_salivarius_ATCC_25975.pt,2517580,dcbb070762c3787e9d04acbae94f5331ea014428fab1199232eec8d1309b25ab,234x5376,torch.bfloat16,2.998880386352539,3.001251220703125
7073,Streptococcus_salivarius_subsp_salivarius_ATCC_7073.pt,2377799,43699e85db728a89cbc9b72c381942a4d03f89515ff6535a3e8ecc2dd7777e38,221x5376,torch.bfloat16,3.0003538131713867,3.0025205612182617
10556,Streptococcus_sanguinis_ATCC_10556.pt,2474418,26ac8d850e988a365a34971cc4ad791a48614785eb7287cbb513c58af66b14ca,230x5376,torch.bfloat16,3.000457286834717,3.001272201538086
27352,Streptococcus_sobrinus_ATCC_27352.pt,2313133,ba072378a79026c3cb45f7bfee5cfaee6c04dd129c16f76da7a465630b4cbf96,215x5376,torch.bfloat16,3.000284194946289,3.001694679260254
33478,Streptococcus_sobrinus_ATCC_33478.pt,2366893,d35c3a6c5dffcdd6e33458811425c037763f9cba5fad928eb3c05fb42637a5b5,220x5376,torch.bfloat16,3.000370502471924,3.0011677742004395
19436,Streptococcus_uberis_ATCC_19436.pt,2130275,e10323b4ed97e762d69aae5ba7da2ecf2d020241e22718220c9241aab8cc5b23,198x5376,torch.bfloat16,3.0004239082336426,3.0013561248779297
21633,Streptoverticillium_verticillium_subsp_tsukushiense_ATCC_21633.pt,8936574,e24af852c034820145cf5855bfc713964689a4dd50bbaa395d2d85d0b2f32b0d,831x5376,torch.bfloat16,2.9962100982666016,3.001763343811035
10662,Torulaspora_delbrueckii_ATCC_10662.pt,10344882,dd1680b443fbb6b008094ad7b00bb800915273caabee8ff402457181a6505303,962x5376,torch.bfloat16,2.995391845703125,3.0021743774414062
9533,Trichophyton_interdigitale_ATCC_9533.pt,25322428,c37b649d87e78d25ecf857febe1c91f58e9951594c747d054f8353b6f504621e,2355x5376,torch.bfloat16,2.996837615966797,3.002025604248047
28146,Trichophyton_mentagrophytes_ATCC_28146.pt,24279494,aab9706809e2de6c598c2b4c8aa8e50601807d8ce6dd04aaed4945911c17d3af,2258x5376,torch.bfloat16,2.995576858520508,3.0030288696289062
28188,Trichophyton_rubrum_ATCC_28188.pt,24859998,94a5a2150618db1c4d09b487b44c8d2b32fbd1a0130c668a3bcd7b7a28852c23,2312x5376,torch.bfloat16,2.997406005859375,3.003173828125
10790,Veillonella_parvula_ATCC_10790.pt,2302302,c3bcaa529cbe81517599fcb8734eed9198fc8f6cf7f1f3e20f134ac581097259,214x5376,torch.bfloat16,2.996734619140625,3.0011420249938965
17749,Vibrio_alginolyticus_ATCC_17749.pt,5560227,e0e91a8739f1f8665753181a2e2187ee62bd3d4e29f3dcf2c25ea01d1776fc2f,517x5376,torch.bfloat16,3.000457286834717,3.002279281616211
14035,Vibrio_cholerae_ATCC_14035.pt,4463434,fb4ee761a6e185aa471ea6148f6790ea2548be8168619066f26a2536d0813fe1,415x5376,torch.bfloat16,2.9989681243896484,3.0011472702026367
25873,Vibrio_cholerae_ATCC_25873.pt,4398922,eaacceadfdba80953bdc50150e3fc282d26ec3b8a4f78019b90202381c4ae8b4,409x5376,torch.bfloat16,2.9974822998046875,3.0013465881347656
33840,Vibrio_diabolicus_ATCC_33840.pt,5581652,eebb5cf6aa6b47fde04183da43bc8c5d0fb21553036f14d0c9dc7ae89fb95323,519x5376,torch.bfloat16,2.9991378784179688,3.0020790100097656
33809,Vibrio_fluvialis_ATCC_33809.pt,5205327,8d1225668c9800806e8a93d8f2c6828ea7f8cda160707a03f048eb07193cc18a,484x5376,torch.bfloat16,2.9988861083984375,3.003307342529297
14126,Vibrio_harveyi_ATCC_14126.pt,6194501,dd558ebcea65be885d7065a014e92dfb27c5c49488e9d393a2af01506d0b9991,576x5376,torch.bfloat16,2.998931884765625,3.0012264251708984
17802,Vibrio_parahaemolyticus_ATCC_17802.pt,5549490,7f02d4c060d539521e532f72e7a351e1e21ea10a6241798b92a6ee95956e3e7c,516x5376,torch.bfloat16,3.000441074371338,3.0013351440429688
33847,Vibrio_parahaemolyticus_ATCC_33847.pt,5635506,fd7071c1b53f4b14213e6001404d65f575434d16f91914479ebcf4c77333f19a,524x5376,torch.bfloat16,2.9979686737060547,3.001422882080078
19108,Vibrio_sp_ATCC_19108.pt,5710636,300206107df7f931e0fefd291040e2165bd1c97883cb72c4e54e98e3c2860c9f,531x5376,torch.bfloat16,2.996429443359375,3.0010623931884766
33125,Vibrio_splendidus_ATCC_33125.pt,6323540,e0d7160f630a00a6defe7e112fdc5d3ea5d97baf21c1abb142dee58f0345b5e9,588x5376,torch.bfloat16,2.9970703125,3.0037689208984375
27562,Vibrio_vulnificus_ATCC_27562.pt,5420372,8d7de96f5fd77b627bde5ebe58324ad9b4d34b8d35bbc60d21620cf20395ab17,504x5376,torch.bfloat16,3.000107765197754,3.0038604736328125
29307,Vibrio_vulnificus_ATCC_29307.pt,5409620,e26ed09269a047a6a395dc848d08dca1ff17986d67214611c2d8aca9426e7114,503x5376,torch.bfloat16,2.9982452392578125,3.0037078857421875
7050,Weizmannia_coagulans_ATCC_7050.pt,3581790,7eefaf0147b64e156b726366c4d5e6a0105f39cc3249ba3869cdd84b068e5cf1,333x5376,torch.bfloat16,2.9999704360961914,3.0011367797851562
11637,Xanthomonas_citri_pathovar_mangiferaeindicae_ATCC_11637.pt,5829211,f1d1d39635cf54488c2a81950e9d8334362895907b0b8254f556f1c15b3292d4,542x5376,torch.bfloat16,2.99713134765625,3.0019683837890625
9563,Xanthomonas_phaseoli_ATCC_9563.pt,5818206,95e4d0850bd0700620f17d81bded9a6d6a11c9a07aeebf7dd69aed6b0eed6ad4,541x5376,torch.bfloat16,2.998556137084961,3.0027008056640625
35937,Xanthomonas_vesicatoria_ATCC_35937.pt,5775282,ad835ec71dd2a7e85b969405b6ccad4e36f497c1d90ed5eaaea9dba85a1f44ea,537x5376,torch.bfloat16,2.9979820251464844,3.0011472702026367
23715,Yersinia_enterocolitica_subsp_enterocolitica_ATCC_23715.pt,4850779,8bdd0a8143e79960656187c68bbfaba0b5d4a0ce34a0d48b17a8a40d14318e6c,451x5376,torch.bfloat16,3.0001564025878906,3.001084327697754
9610,Yersinia_enterocolitica_subsp_enterocolitica_ATCC_9610.pt,4904534,3e3b2b150030493805c022775aa499bf29e15ccf1ac1b0c65e7974aa917f6e96,456x5376,torch.bfloat16,2.998713493347168,3.0011143684387207
29473,Yersinia_ruckeri_ATCC_29473.pt,4140879,09611f3dbcd509a0b250b65daa72d6c42f67b0e3654c183929a82c8fc652d044,385x5376,torch.bfloat16,2.9973487854003906,3.0012664794921875
