genome_id,species_label,source_type,source_identifier,current_fasta_file,current_fasta_bytes,current_fasta_sha256,embedding_file,embedding_bytes,embedding_sha256,used_by_classification,used_by_mic,used_by_synergy
#001,Escherichia coli,NCBI RefSeq assembly,GCF_000212715.2,Escherichia_coli_ATCC_#001.fasta,5738033,e9eb5ac9a472d4df34ace810643ff98d294099eed3a67e2c3af17f1e0064dc38,Escherichia_coli_ATCC_#001.pt,8504635,74fe831321400869b3ec99ecdd767f2fd00febe4cf54edaf48eeb786df5f10d1,False,True,False
#002,Pseudomonas aeruginosa,NCBI RefSeq assembly,GCF_045689255.1,Pseudomonas_aeruginosa_ATCC_#002.fasta,6623286,ff46e7ecead8b6208d928323ba4be0ba82bf4389049b1aac57917e874462a116,Pseudomonas_aeruginosa_ATCC_#002.pt,10732889,5c4ff4e7906c67995d1a3f3c56e15ca2d8a13fc4e99716ba6a24691fe6cf9b5e,False,True,True
#003,Escherichia coli,project custom FASTA,not_recovered,Escherichia_coli_ATCC_#003.fasta,4902180,6063b1bed86d7d3d42118ba05dc605d571ec32d751b272d6d69b98031e96d56a,Escherichia_coli_ATCC_#003.pt,7931195,a2e2a3cf2b6305d65ca259ad8f0b86368fd25591da5229fb20a35965413cf6c2,False,True,False
#004,Escherichia coli,project custom FASTA,not_recovered,Escherichia_coli_ATCC_#004.fasta,4697688,37eade01311f1f81659fad53bf907a93139075a75d115fd3aec2ef09beac2e90,Escherichia_coli_ATCC_#004.pt,7603515,73e8229f8f0bc3a9fa287168751acbdfe594246bcb4b34e675c5ec7fa4cf85e1,True,True,True
#005,Escherichia coli,project custom FASTA,not_recovered,Escherichia_coli_ATCC_#005.fasta,4595360,283acc8786f0b2aa8ae05d1e030aa2931760e3540cf88d4a4bd0a4ed2b3634e3,Escherichia_coli_ATCC_#005.pt,7439675,24edb63307fc45251e7f5721557066230a58ab16d8a6fa141d2bd0b4658e842b,False,True,False
10031,Klebsiella pneumoniae subsp pneumoniae,ATCC FASTA archive,ATCC 10031,Klebsiella_pneumoniae_subsp_pneumoniae_ATCC_10031.fasta,5366343,3edbbc396ec86353e63d3ebf74847dea7ebefb3a529fa01b18bae8cf18418237,Klebsiella_pneumoniae_subsp_pneumoniae_ATCC_10031.pt,8652270,b44f43eb19b36fc89d3eb0ee929b2bb5da0130449645c0e7898d4d6cbebacb1f,False,True,True
1004,Aspergillus tubingensis,ATCC FASTA archive,ATCC 1004,Aspergillus_tubingensis_ATCC_1004.fasta,36162174,20dc6053f3dfa167b31b9b0bcd34c54d1eb4bed642858fd91e8444c8774830ac,Aspergillus_tubingensis_ATCC_1004.pt,17433950,c946bba6d48e3ab6a15b0a7a22d3720c344d4a6685e9999b49775f6a19157564,False,True,False
10106,Penicillium chrysogenum,ATCC FASTA archive,ATCC 10106,Penicillium_chrysogenum_ATCC_10106.fasta,34053373,b9544014bdbb4f7f54ac30b21f32fa381d46d21e7db717fa73fb1f22abbff6bf,Penicillium_chrysogenum_ATCC_10106.pt,10978723,14810b1308b71e463f4675f4ac6fa142355e6dcf64a8718b3d07d3d770ac0d3e,False,True,False
1012,Aspergillus terreus,ATCC FASTA archive,ATCC 1012,Aspergillus_terreus_ATCC_1012.fasta,31103423,026403088fe96a5f221ea7f579829af84c9561f7c46402f93c55c50049ac4fe9,Aspergillus_terreus_ATCC_1012.pt,7636298,d6b322191bbb67504e6f0e330b670287e16bcc38efc73a9fb606a9cc76614c4b,False,True,False
10145,Pseudomonas aeruginosa,ATCC FASTA archive,ATCC 10145,Pseudomonas_aeruginosa_ATCC_10145.fasta,6422424,003f564ac72f3026b79cb4a9c1affb2a5f3c6eee889e7380b115bb686da7e53a,Pseudomonas_aeruginosa_ATCC_10145.pt,10356062,68446e8e49abb4bfe52162b8f06a21718d2d4b9cd2236c8f12f173b0f11f2868,False,True,False
1015,Aspergillus niger,ATCC FASTA archive,ATCC 1015,Aspergillus_niger_ATCC_1015.fasta,36113025,9ae6dd63a7af0fae51524d6c7df5bf3cc319fde92e091aa8304a86c35c50e64d,Aspergillus_niger_ATCC_1015.pt,8209728,039bab6807372d13368df9432faa1bbd3778e179bcb2923f297e9ac69ef19779,False,True,False
10211,Haemophilus influenzae,ATCC FASTA archive,ATCC 10211,Haemophilus_influenzae_ATCC_10211.fasta,1940414,1327fe839e6cee10dddee26e190f9de3660c9046e179dd9296ca09e30ee43ca5,Haemophilus_influenzae_ATCC_10211.pt,3130718,a2357827571854eaf1fbfd700f31ecbb799ad528eaaf30fd69e064906d3c9a44,False,True,False
1022,Aspergillus fumigatus,ATCC FASTA archive,ATCC 1022,Aspergillus_fumigatus_ATCC_1022.fasta,28969642,561f082f0c3c0e59b2c164fa03ce7dbe7f6ebd792cda67733edad1ff0db2d16d,Aspergillus_fumigatus_ATCC_1022.pt,8717652,c81717fcac62fa25bc356bdfaf4327dfcb69e78a0aa810d5bbb82b7ba215cfd9,False,True,False
10231,Candida albicans,ATCC FASTA archive,ATCC 10231,Candida_albicans_ATCC_10231.fasta,14983674,287fb3a91cd04d0cc7df905b191ce3035c060801ec81c726f14355fced979964,Candida_albicans_ATCC_10231.pt,5244224,8a3a40dfc836eceb77db8576def2ad7adf7a0a1860b1818658b6544d6130f946,False,True,True
10240,Micrococcus luteus,ATCC FASTA archive,ATCC 10240,Micrococcus_luteus_ATCC_10240.fasta,2556129,dd3553b89ebaa732196dd5e1d524e60d6ea5cbf30db8791c894d104d8bee4072,Micrococcus_luteus_ATCC_10240.pt,1672522,b72023ef99f101de1eedb0fd146afda08f4f2c8ce4f1841b314bd272a60c2a19,False,True,True
10389,Streptococcus pyogenes,ATCC FASTA archive,ATCC 10389,Streptococcus_pyogenes_ATCC_10389.fasta,1857253,c83f5b126781ea644031a1a24ef79cd052b116557af8303871a01d81b7fd5ec3,Streptococcus_pyogenes_ATCC_10389.pt,2999646,fa8e896807aa594d28b66676132f273a6e631d969a3a6ac49be276de514fe17f,False,True,False
10536,Escherichia coli,ATCC FASTA archive,ATCC 10536,Escherichia_coli_ATCC_10536.fasta,5307421,796948d40a502c6658e1f21932e0cd01416e2b55a0a065dac05e38dc5db0f1cf,Escherichia_coli_ATCC_10536.pt,8504640,8bf0c3eee45c365fbed200c738ef5f2dc88ea381d927d4ec4a58721180cf33ac,False,True,True
10541,Enterococcus hirae,ATCC FASTA archive,ATCC 10541,Enterococcus_hirae_ATCC_10541.fasta,2884619,f63980c671706cda63e58c267d1f775865fae3150aedd8d97acb0e86192d08f6,Enterococcus_hirae_ATCC_10541.pt,4654410,65b24133780d8908cf4a9da13368ced7692b8735bd8fdcafeb75674d480166fa,False,True,False
10543,Clostridium perfringens,ATCC FASTA archive,ATCC 10543,Clostridium_perfringens_ATCC_10543.fasta,3417253,9e1e540fbc40c18fd7c5329fee348aee5b80c46d4711b02f7340dbccae2f0047,Clostridium_perfringens_ATCC_10543.pt,5408163,b7e9a2b66d340b0ee83010cd87fd2b4e18ac65ad4d594e7e9f9e35375ab28310,False,True,False
10556,Streptococcus sanguinis,ATCC FASTA archive,ATCC 10556,Streptococcus_sanguinis_ATCC_10556.fasta,2335783,17c6e62617b8c9deac76ef8335677e7d6a7cb9b8f6bb9f7229c771366090fa8d,Streptococcus_sanguinis_ATCC_10556.pt,3769699,3b5bbf1357177a32b787d61669f8a7de71147ab0081f7551a7da74992ac1d059,False,True,False
10558,Streptococcus gordonii,ATCC FASTA archive,ATCC 10558,Streptococcus_gordonii_ATCC_10558.fasta,2224159,47079809bd361ec0ca6be164ccf3f2a7cfdbe5df7131be5135251498125fd1b6,Streptococcus_gordonii_ATCC_10558.pt,3589470,5d03ef46578ecb9ab8d3991de4877896f3a0d5532f95e2d1b444810483d14483,False,True,False
10662,Torulaspora delbrueckii,ATCC FASTA archive,ATCC 10662,Torulaspora_delbrueckii_ATCC_10662.fasta,9680581,519ed1baf57a1d934a8c21cfc05061b6a8ccd5f4da6ae163418d88b122c16538,Torulaspora_delbrueckii_ATCC_10662.pt,2344291,d25d37c618841b229ceef5b5c997302126679ca3a7e5d7ad1ab0532d081cfcc6,False,True,False
10702,Bacillus paranthracis,ATCC FASTA archive,ATCC 10702,Bacillus_paranthracis_ATCC_10702.fasta,5670669,bb10a461ab18d8c663c06f7ecdbd2ae5bbe612b5566c3aab548391fc125b0a60,Bacillus_paranthracis_ATCC_10702.pt,8521049,9283b28d3c77b23963d63afa422b6dd382a7f37fa03053b9aaf8c87720cfab4d,False,True,False
10708,Salmonella enterica subsp enterica serovar Choleraesuis,ATCC FASTA archive,ATCC 10708,Salmonella_enterica_subsp_enterica_serovar_Choleraesuis_ATCC_10708.fasta,4884900,69ad0b842a60b8253343a565235daa6893c6b1b2be10526f7431f1cb0b2bd9f1,Salmonella_enterica_subsp_enterica_serovar_Choleraesuis_ATCC_10708.pt,7800515,3970705053540c8ac08c543bc0bc9fae2ddd9f40b543256e1637c1f2402cbbaa,False,True,False
10778,Priestia megaterium,ATCC FASTA archive,ATCC 10778,Priestia_megaterium_ATCC_10778.fasta,5937226,272bea5fbffff0e09463891cde78b093c5c30aebb72d9f04bd4ba3c95f5722d0,Priestia_megaterium_ATCC_10778.pt,8422735,baca8185c6d1644dd2df93d1739ac7b1625132d937a401ba229f1cb5c96ff878,False,True,False
10790,Veillonella parvula,ATCC FASTA archive,ATCC 10790,Veillonella_parvula_ATCC_10790.fasta,2167805,6b37ee0ded6ccb52d7f5dc4677d7e874f3d83a0a81ad3d66c5030202127f0971,Veillonella_parvula_ATCC_10790.pt,3507535,81f63953625685f610c83930940749194704071761eb6bc580dca766acbf22aa,False,True,False
10792,Bacillus thuringiensis,ATCC FASTA archive,ATCC 10792,Bacillus_thuringiensis_ATCC_10792.fasta,6566040,b07607523b420eb73f12cd6c34646c78fec71d13bb15a2b7e52c85dc5647fb5e,Bacillus_thuringiensis_ATCC_10792.pt,9028958,87a3b32611df0d814aff25a5a67fa116bb9811f111828c1c089fd8265f45b782,False,True,False
10832,Staphylococcus aureus,ATCC FASTA archive,ATCC 10832,Staphylococcus_aureus_ATCC_10832.fasta,2882322,ba53cb1b23068cd73fc574be131faa495599534a0c493ccc693ed1054ebd2e14,Staphylococcus_aureus_ATCC_10832.pt,4654425,7cf897db44995f47b120b40a6e8b4a43005c5f8e83c3b31af3561f9fb89cdd84,False,True,False
10876,Bacillus cereus,ATCC FASTA archive,ATCC 10876,Bacillus_cereus_ATCC_10876.fasta,6137868,e20df96c7d6132d11c10da249d8fc3e7fa91ae54ab93557f6e28dd16fb2d6938,Bacillus_cereus_ATCC_10876.pt,8930619,07635db57413fc1d23cac45119245bb5eb008d61b168cade324be6fb268508d9,False,True,False
10953,Fusobacterium nucleatum subsp polymorphum,ATCC FASTA archive,ATCC 10953,Fusobacterium_nucleatum_subsp_polymorphum_ATCC_10953.fasta,2497668,b148f5ddf6587be612927a6ee15642dc9f147773a65143419ebe3f49ebba3ce8,Fusobacterium_nucleatum_subsp_polymorphum_ATCC_10953.pt,4015613,c746c9424a3c8ff32b014eb433abdc6ff07fac8b9a06fb9e7e6b0400a8527040,False,True,False
10987,Bacillus pacificus,ATCC FASTA archive,ATCC 10987,Bacillus_pacificus_ATCC_10987.fasta,5534104,3cb353c24f74ab0242b97034e7c35bf7e98e855a3d0998ebded35a290778c619,Bacillus_pacificus_ATCC_10987.pt,8586570,06b98ce78c4d8108dbe204f75d805698e62f714573c8409678921a94199bd5ba,False,True,False
11006,Candida albicans,ATCC FASTA archive,ATCC 11006,Candida_albicans_ATCC_11006.fasta,15052672,4b0d6ed20ef249364b203933ecb944e7b20d3138c44202348eb0a0e28239ae5d,Candida_albicans_ATCC_11006.pt,4080960,92a1ff7685dd64b02f9d8000292290752042e54ec8156c4dc44f3350cc67e39f,False,True,False
11060,Shigella sonnei,ATCC FASTA archive,ATCC 11060,Shigella_sonnei_ATCC_11060.fasta,5186167,19de11529cd0c6df2c5b9deccceb9827c0276675b21f6599f60bb1e4e6b029f9,Shigella_sonnei_ATCC_11060.pt,7996731,5c63414d8afe1d459cadd1f8f5a3fe238900e168e180335721fc4fa04854c5ad,False,True,False
11229,Escherichia coli,ATCC FASTA archive,ATCC 11229,Escherichia_coli_ATCC_11229.fasta,5010934,344257f06837fcd3ce14b84848a3e050ec0abd3c20804cc74cfd3d23c23efda5,Escherichia_coli_ATCC_11229.pt,7619904,b1cd44f52a94d8f033878e6e6a829c0fce5ba6bb94fe408b45cdc785f9e7aad6,False,True,False
11303,Escherichia coli,ATCC FASTA archive,ATCC 11303,Escherichia_coli_ATCC_11303.fasta,4699402,f6ac28db3b226cf49b8c49b49d50a8ac444ed56f980411c826f53457f359ed58,Escherichia_coli_ATCC_11303.pt,7587136,521f252cf5311d35776f06c351969543c8b103576f43a3ef24cca73100f6e4e2,False,True,False
11454,Lactococcus lactis subsp lactis,ATCC FASTA archive,ATCC 11454,Lactococcus_lactis_subsp_lactis_ATCC_11454.fasta,2637535,4d1cf382eefe7919a38a83e536d514566839661cf52c437236456392630fc2ab,Lactococcus_lactis_subsp_lactis_ATCC_11454.pt,3933643,2f9aae778edc803d7b9818f27b763da2cb0fea2eb52c9f5d4ea8b9ab570ef5be,False,True,False
11637,Xanthomonas citri pathovar mangiferaeindicae,ATCC FASTA archive,ATCC 11637,Xanthomonas_citri_pathovar_mangiferaeindicae_ATCC_11637.fasta,5437265,404702d0b08f5af16ebd88989320baa3d46e301db772255c72d8f48f9a8940ae,Xanthomonas_citri_pathovar_mangiferaeindicae_ATCC_11637.pt,5998156,392109727229b8bbc81155ce762114fa602d58f7f00731a4c5f58022d5b779c1,False,True,False
11774,Bacillus subtilis,ATCC FASTA archive,ATCC 11774,Bacillus_subtilis_ATCC_11774.fasta,4176288,aa4814d82f95fe831a05d8b028db0fa78fc18eabfa7e04eeb48007bfb74fc5b9,Bacillus_subtilis_ATCC_11774.pt,6735173,d27e6ab892d160249a97071594e0341598a19eaa81393879ff8786d231567895,False,True,False
11775,Escherichia coli,ATCC FASTA archive,ATCC 11775,Escherichia_coli_ATCC_11775.fasta,5120394,4cf3e2a55d3fb91ead9673ddede3938c3ac93352ae5531c6895db3c513114eb4,Escherichia_coli_ATCC_11775.pt,8045888,136ea18d02b58124afc8819d36c0bd6de606d7c3610f2528925ca60bb956263d,False,True,True
11778,Bacillus cereus,ATCC FASTA archive,ATCC 11778,Bacillus_cereus_ATCC_11778.fasta,5091272,26f2bee1cacc79663bd5dd2083054454f09a4638e67569ad7a493d20506eea35,Bacillus_cereus_ATCC_11778.pt,8209723,48748b2baa96dfcd34cd2e6e8f7eecbd55d17c49bc930518c0071b207e6457ed,False,True,False
11827,Cutibacterium acnes,ATCC FASTA archive,ATCC 11827,Cutibacterium_acnes_ATCC_11827.fasta,2536052,debff1c0b6d225f64131b0f9737dba23b38495307eb7ea129fb4c4e661478343,Cutibacterium_acnes_ATCC_11827.pt,4097359,9a62abba631c5cefe9035d877fdbd346255f56bc89f21b1843ed873d80d27afc,False,True,False
11828,Cutibacterium acnes,ATCC FASTA archive,ATCC 11828,Cutibacterium_acnes_ATCC_11828.fasta,2539191,68ce3cb4d4f61071f1a95f494e0c1de5ca59a83fbf048f1e9c32d38a5c900cb7,Cutibacterium_acnes_ATCC_11828.pt,4097359,de97b4d4729998609b152bb613696d59ce0aaf1f5272e10fa331becbdf6ef061,False,True,False
12014,Escherichia coli,ATCC FASTA archive,ATCC 12014,Escherichia_coli_ATCC_12014.fasta,5479580,e0438fa8b1b54cdb7c93f045abaadbcfdb558fb18baefe4752ecf7709669daa3,Escherichia_coli_ATCC_12014.pt,8340800,a40a3e09e3272d95cdec68ca4cc085d9c4c6780be6a4976870787d1cb0b03864,False,True,False
12022,Shigella flexneri,ATCC FASTA archive,ATCC 12022,Shigella_flexneri_ATCC_12022.fasta,4835175,191caee6ff3029c6a68e699b3d453cff7f3d778e27d44912ad6726aba9c6f969,Shigella_flexneri_ATCC_12022.pt,7554373,2d99d81d7862dd88d35fe8323babd7d363b9f402a01228689b54c45f50bce2dd,False,True,False
12104,Actinomyces naeslundii,ATCC FASTA archive,ATCC 12104,Actinomyces_naeslundii_ATCC_12104.fasta,3125121,3c2d1017ae67093907b255ad6c49e899ba3ddc8f66d57cca9a5559a41fe7d258,Actinomyces_naeslundii_ATCC_12104.pt,5047646,593712c53e9e0207d3c3e4c0210edd31f4d4338052d31ea5283614aa59e88a75,False,True,False
12121,Pseudomonas aeruginosa,ATCC FASTA archive,ATCC 12121,Pseudomonas_aeruginosa_ATCC_12121.fasta,6681178,69d313e33a2caafb680b17e6ce299d5700b98a010c89facfb602a7b71be04a7c,Pseudomonas_aeruginosa_ATCC_12121.pt,10782046,3446aa710cc5d80ace48ed5b0f965325f4abce7af6008ad154ddeff427c86311,False,True,False
12228,Staphylococcus epidermidis,ATCC FASTA archive,ATCC 12228,Staphylococcus_epidermidis_ATCC_12228.fasta,2619509,df748f89832256992db7b6ddece9751c1ee93380aba1f03a14e468321e19875a,Staphylococcus_epidermidis_ATCC_12228.pt,4113842,ba6e48f0f1e1c1f62a4909427b64146ec87607fa3471cc6f059fe01c434122fb,False,True,True
12344,Streptococcus pyogenes,ATCC FASTA archive,ATCC 12344,Streptococcus_pyogenes_ATCC_12344.fasta,1946838,fc726ab3dd76943777afa977f7b7123424198bf4c7e14a041d1a690ec68833e0,Streptococcus_pyogenes_ATCC_12344.pt,3147102,fd461298bff28ef8484c0c1f68ef6a9b82842a7b538c742fddd3ba3699b994c6,False,True,False
12386,Streptococcus agalactiae,ATCC FASTA archive,ATCC 12386,Streptococcus_agalactiae_ATCC_12386.fasta,2114227,897d76cb36a65f3364467e70e9e67519ec320dc6a275644816cd329f3ff29bdb,Streptococcus_agalactiae_ATCC_12386.pt,3409320,ccf4bf8bcdc9444f207016197ecb25a1e396ad0efd753a097b0b65cb7e6bd956,False,True,False
12388,Streptococcus dysgalactiae subsp equisimilis,ATCC FASTA archive,ATCC 12388,Streptococcus_dysgalactiae_subsp_equisimilis_ATCC_12388.fasta,2265647,1dfa50ecd551f9a95a48e58c0b24ff4d159de12a5da529871469ddf2ec02c018,Streptococcus_dysgalactiae_subsp_equisimilis_ATCC_12388.pt,3655244,14c293a5cba70359f5d0ef2637abb7b796e8b7e0e025da98ee852d7cc937f446,False,True,False
12453,Proteus mirabilis,ATCC FASTA archive,ATCC 12453,Proteus_mirabilis_ATCC_12453.fasta,4031064,ac4c42dd935c43789967f04d59fc053ff919f5a4ba7cc41bfc49499d4ad3fd60,Proteus_mirabilis_ATCC_12453.pt,6489413,94501a4ca79e1593b8d770f1b8ec0768fde2143317067b358535c3a4affdaf4a,False,True,False
12464,Clostridium septicum,ATCC FASTA archive,ATCC 12464,Clostridium_septicum_ATCC_12464.fasta,3461612,dcc12c9987351de5aca36c06f6a23903f842531ac724b46fb54102c56181b6f9,Clostridium_septicum_ATCC_12464.pt,5571924,73af157186a8c009976ed97614db17dae523af17ff84469dc0027d06edcfe20e,False,True,False
12472,Chromobacterium violaceum,ATCC FASTA archive,ATCC 12472,Chromobacterium_violaceum_ATCC_12472.fasta,4830761,4f786be782980be8036b3c3d8cff1200049013a55310bd712295b0ad94479aab,Chromobacterium_violaceum_ATCC_12472.pt,7800237,a7b66ac511287d6264dfc999e87400e94d664ba45e693234454ad1327a10a1f2,False,True,False
12478,Mycobacterium kansasii,ATCC FASTA archive,ATCC 12478,Mycobacterium_kansasii_ATCC_12478.fasta,6681028,1e20a6a5716e277ec88b1c8ee9db7a813ce711e1c3a963f1bc2bf2fea6dc97ae,Mycobacterium_kansasii_ATCC_12478.pt,10536286,1b771a4d5648803cb95b40b5f195321decf303b1548a2ca19906b85cd4033632,False,True,False
12598,Staphylococcus aureus,ATCC FASTA archive,ATCC 12598,Staphylococcus_aureus_ATCC_12598.fasta,2881430,f3606a453f1c897ab2320400c21b425e6a94e03696121bdc1a254b9bd811e0ca,Staphylococcus_aureus_ATCC_12598.pt,4605273,8e507ab0412132e0431e65c8390439cc42fb7da37025091c82e1465ae8aa04b9,False,True,True
12600,Staphylococcus aureus,ATCC FASTA archive,ATCC 12600,Staphylococcus_aureus_ATCC_12600.fasta,2829109,b77ace735d1e23ba33c877617fb1ac90ee15ac24216f4640229f1f2156ca6bf5,Staphylococcus_aureus_ATCC_12600.pt,4523353,001d86d5ccd43f59f172c2ed4c2fc43108983bff56383d7bcfd8e0f800fe177e,False,True,False
12633,Pseudomonas putida,ATCC FASTA archive,ATCC 12633,Pseudomonas_putida_ATCC_12633.fasta,6282111,f290623456277e9589eb14f30233f0ab44222c0dbc197676735d950cdd2e6d2e,Pseudomonas_putida_ATCC_12633.pt,9946442,566712e2bf305f2e1cebe9a733a8dea13446cdbaccbfc906d3ac1be7da17b283,False,True,False
12657,Klebsiella pneumoniae subsp pneumoniae,ATCC FASTA archive,ATCC 12657,Klebsiella_pneumoniae_subsp_pneumoniae_ATCC_12657.fasta,5451509,23c373ec9f8228b805cb99e48650f92c91c980e239510b019bef032342f69eef,Klebsiella_pneumoniae_subsp_pneumoniae_ATCC_12657.pt,7833070,ddecc9768a315fa161ac56b34c777bfa23a2332cd5902787185a368a0c36e4b3,False,True,False
12915,Clostridium perfringens,ATCC FASTA archive,ATCC 12915,Clostridium_perfringens_ATCC_12915.fasta,3102475,8aa4b1cc7f51a7ef499ed58deacb33b0d8b3608858e43fb155d820d791ffc9cd,Clostridium_perfringens_ATCC_12915.pt,4883875,207eea57a6328de5f70ecdb08934b1a71f4c226f8ea8087abebdb62848e52d9d,False,True,False
13007,Saccharomyces cerevisiae,ATCC FASTA archive,ATCC 13007,Saccharomyces_cerevisiae_ATCC_13007.fasta,12616544,523d18ee9d259ec251800c9ef4ac702ce0d887cc175b54fcecac9803d3707a4e,Saccharomyces_cerevisiae_ATCC_13007.pt,3229096,33b23df2386064d3b954503694111df8f7b9afe109bc97e4583f5327fc55e68c,False,True,False
13032,Corynebacterium glutamicum,ATCC FASTA archive,ATCC 13032,Corynebacterium_glutamicum_ATCC_13032.fasta,3366098,3cb186fce883260a3c309a18a8227330ba6b7bff1df1661df772e3dfbccc9138,Corynebacterium_glutamicum_ATCC_13032.pt,5440946,16cc82c8d13db2b8c49b8a8061f4b54d1dba2511a3cc2f6c895cb9c92302d0c2,False,True,False
13047,Enterobacter cloacae subsp cloacae,ATCC FASTA archive,ATCC 13047,Enterobacter_cloacae_subsp_cloacae_ATCC_13047.fasta,5701881,0396a873828b0ecafcaf93437172b07d8e266b42cbd5cbb6aba3bb84206e98a1,Enterobacter_cloacae_subsp_cloacae_ATCC_13047.pt,8717786,6589290523cb5f782d3fffdf0843a21ba53d9f963181e4df457b999b9242b9a1,False,True,False
13048,Klebsiella aerogenes,ATCC FASTA archive,ATCC 13048,Klebsiella_aerogenes_ATCC_13048.fasta,5374483,6f3a66d694a96f569a4723d592cdcde88944db854ef9e7aa3392cfdcadb86fb6,Klebsiella_aerogenes_ATCC_13048.pt,8668500,0a20c8137583f3d745546911c19ae7191525304b749b768187fbd3c011637ce8,False,True,True
13061,Bacillus paranthracis,ATCC FASTA archive,ATCC 13061,Bacillus_paranthracis_ATCC_13061.fasta,5599307,cea016b18d36b96a0768acb2ebf79aa11dd1950aec14b714c44006d20c7af667,Bacillus_paranthracis_ATCC_13061.pt,8488281,7563aee96db5830da3d7a30d7d927956f3a061fbc2513cf09edca7abc129d039,False,True,False
13076,Salmonella enterica subsp enterica serovar Enteritidis,ATCC FASTA archive,ATCC 13076,Salmonella_enterica_subsp_enterica_serovar_Enteritidis_ATCC_13076.fasta,4818858,e2d16fac58516f96d75e51ae8bf744327a04f434e05bb2f1b51ac31de636a508,Salmonella_enterica_subsp_enterica_serovar_Enteritidis_ATCC_13076.pt,6735486,9d86d1670d25b9b9701d013386c3b4e72fd43cce75a13ab36a4452579db37c13,False,True,False
13124,Clostridium perfringens,ATCC FASTA archive,ATCC 13124,Clostridium_perfringens_ATCC_13124.fasta,3311040,a9aa33f05d8b7d869631092b38716025f3a686887193d8ffa6d0b3f4b0dcd89a,Clostridium_perfringens_ATCC_13124.pt,5342627,6499b00b4d2e4c6de4f25a2010080715621b39c0a6578d0ffe28d920eea2c642,False,True,False
13182,Klebsiella oxytoca,ATCC FASTA archive,ATCC 13182,Klebsiella_oxytoca_ATCC_13182.fasta,5954169,e8fe4b290ce61da6a756a6bc6fdd2717ce4cff2b4b0bef2112d9e4c63140cc23,Klebsiella_oxytoca_ATCC_13182.pt,9602378,fc2c7ffab08ad039072d7c835d5a83220bb028803cf5e7f63b2e20743e355422,False,True,False
13311,Salmonella enterica subsp enterica serovar Typhimurium,ATCC FASTA archive,ATCC 13311,Salmonella_enterica_subsp_enterica_serovar_Typhimurium_ATCC_13311.fasta,4942306,c2a9731e598ac8e1689f912f38cc53cbd9ec09be55de15374d5a67e1147daf8d,Salmonella_enterica_subsp_enterica_serovar_Typhimurium_ATCC_13311.pt,7865982,922dc3a65d07006e8267e4f49e9628589172915278d10daa35a6b2d2fba485bd,False,True,False
13312,Salmonella enterica subsp enterica serovar Choleraesuis,ATCC FASTA archive,ATCC 13312,Salmonella_enterica_subsp_enterica_serovar_Choleraesuis_ATCC_13312.fasta,4869010,61ca9a60da59be7ba782689500d1f0b4af4e0dc9863a99db79d448f18ce98409,Salmonella_enterica_subsp_enterica_serovar_Choleraesuis_ATCC_13312.pt,7767747,088a5f6fe3fa2b741c76002bb7064110ee7e3770dd6f35faca9613a3163047be,False,True,False
13313,Shigella dysenteriae,ATCC FASTA archive,ATCC 13313,Shigella_dysenteriae_ATCC_13313.fasta,4666422,b6cc739e33de197220819d9e658b4c7e4efff15fe73562bee51e7982df94be4e,Shigella_dysenteriae_ATCC_13313.pt,7210324,b087f6cce191761adb5a0bdd179cb5fbe9c9be4b3835ad57a3fde12ab766dd02,False,True,False
13314,Salmonella enterica subsp arizonae,ATCC FASTA archive,ATCC 13314,Salmonella_enterica_subsp_arizonae_ATCC_13314.fasta,4616810,a17526e9d587a54eb04c834293ead290aeaf5b39a4afdfd107dfe84c1cbee4b1,Salmonella_enterica_subsp_arizonae_ATCC_13314.pt,7341530,8b3d2c69eb2c7e2db1adea6388e27dc51086aa1f7b0c4b05b15a2cce619f1af2,False,True,False
13315,Proteus hauseri,ATCC FASTA archive,ATCC 13315,Proteus_hauseri_ATCC_13315.fasta,3896436,20a7c11562ff63e964546287bfbd0caa51b96d65dcada1169f37beaf602fbb8f,Proteus_hauseri_ATCC_13315.pt,6276411,dd2e9caed4a1cfa230e61d5318c1b2d7b69120d93fcfa9d5938ff525da8c64a3,False,True,False
13388,Pseudomonas aeruginosa,ATCC FASTA archive,ATCC 13388,Pseudomonas_aeruginosa_ATCC_13388.fasta,6656482,d2ad774ed730876540b19e6d233bea7254383f2fd9fdaa3670ead77b59f3d793,Pseudomonas_aeruginosa_ATCC_13388.pt,10732894,52ec680488c005055860426d34a64236d2c29d9a9249c68601b877681e0f51e8,False,True,False
13419,Streptococcus salivarius subsp salivarius,ATCC FASTA archive,ATCC 13419,Streptococcus_salivarius_subsp_salivarius_ATCC_13419.fasta,2214204,ee2d8e323c74d6b83ce63ade74c6293746b3a95df208c817b16faa155aafd658,Streptococcus_salivarius_subsp_salivarius_ATCC_13419.pt,3573245,0604b5fb6b4e3ad9ad50c88eff8abde1f5f64c505ac1b402a988c1ae95cd45a7,False,True,False
13472,Bacillus cereus,ATCC FASTA archive,ATCC 13472,Bacillus_cereus_ATCC_13472.fasta,5426199,edc04143bb3cb544c75faadd2f3d5bf767c68a403feea47f2888edd4db35afc7,Bacillus_cereus_ATCC_13472.pt,8734011,4dd1e62c8546b92ea4611d400ef312819b6fdf14769019b0f9eb1333c8cfc408,False,True,False
13525,Pseudomonas fluorescens,ATCC FASTA archive,ATCC 13525,Pseudomonas_fluorescens_ATCC_13525.fasta,6619576,a741cec5c2d4f0084befdc216ec06928b7f96c070327c77b70e733ed30fb2314,Pseudomonas_fluorescens_ATCC_13525.pt,10683811,7f54c37c4cea47ca2bc14bcb13827b55ea90f4f45cae8ea8fed93fd09c70a3e4,False,True,False
13565,Staphylococcus aureus,ATCC FASTA archive,ATCC 13565,Staphylococcus_aureus_ATCC_13565.fasta,2872536,30c045d121bb837cbf40f61890f34135a7c10a92cdf98d68b0badd8b5db1b476,Staphylococcus_aureus_ATCC_13565.pt,4588889,320e82b4936dbe16dd7c9a6de5ff6cdabf17d27c5d415316e4b3ce1286d0676a,False,True,False
13636,Stenotrophomonas maltophilia,ATCC FASTA archive,ATCC 13636,Stenotrophomonas_maltophilia_ATCC_13636.fasta,4579251,266c09789841e24a5b22f909d19b84e7b42389f074de86b87e8da27ce5eaa93f,Stenotrophomonas_maltophilia_ATCC_13636.pt,1410492,55becac154db678bd2b42e094d0aa6d08b111cdaada340bda138fef348398c90,False,True,False
13637,Stenotrophomonas maltophilia,ATCC FASTA archive,ATCC 13637,Stenotrophomonas_maltophilia_ATCC_13637.fasta,5087601,4d5e10a1cd2a9ec600866e0fb0ffcb06477435556f9b73d01339d4e9dc15afeb,Stenotrophomonas_maltophilia_ATCC_13637.pt,8209852,163de633ef1416fe96f3f3aab9ba25d4066191c0aaa6d584d466205e9431e413,False,True,True
13690,Cryptococcus neoformans var grubii,ATCC FASTA archive,ATCC 13690,Cryptococcus_neoformans_var_grubii_ATCC_13690.fasta,19384515,c89ead90b737cde4da22cd7986a1bc0a64d4285fa88a419c82fc75eff2e90120,Cryptococcus_neoformans_var_grubii_ATCC_13690.pt,4982234,2eec7224c0ceb48b9584298b83dad765b52e104a58b58da347cb4c9a167b4857,False,True,False
13803,Candida tropicalis,ATCC FASTA archive,ATCC 13803,Candida_tropicalis_ATCC_13803.fasta,15627813,7143aa31cd7ad974ba127137e31b0bf8b4e84cadc866f00e7cbb87b0f834f115,Candida_tropicalis_ATCC_13803.pt,3360074,b491b1b4359248380722b41811fdd803693cd5f57f895a3c0d52903f6b15215b,False,True,True
13813,Streptococcus agalactiae,ATCC FASTA archive,ATCC 13813,Streptococcus_agalactiae_ATCC_13813.fasta,2328554,6ee29cd816d7425e0961442e83687f70316c56360af1a9ce8ebfc202c2febe8b,Streptococcus_agalactiae_ATCC_13813.pt,3737000,1a71110a530cf036bd82f27b2398c7491331484a43190041faf0f6ffd3cef4df,False,True,True
13880,Serratia marcescens subsp marcescens,ATCC FASTA archive,ATCC 13880,Serratia_marcescens_subsp_marcescens_ATCC_13880.fasta,5246711,21f53dc50bb8a78fca157766e8d00289c30b064e47eb7f8e6df8e42e36fc5116,Serratia_marcescens_subsp_marcescens_ATCC_13880.pt,8390116,999ec65d7d829e0c25d0c8ac3eb5f3897d2285f23890dcdf42fc183a778f501d,False,True,True
13882,Klebsiella pneumoniae subsp pneumoniae,ATCC FASTA archive,ATCC 13882,Klebsiella_pneumoniae_subsp_pneumoniae_ATCC_13882.fasta,5477966,10e1c01970ec547ec32c2a063da851652dfa8e9a735d85f3911b0a7e28cee967,Klebsiella_pneumoniae_subsp_pneumoniae_ATCC_13882.pt,8570350,84b47ae1c6ef24c29a049c13a6e661a5051dd9e84b2e514bedb989ac1207cb94,False,True,False
13883,Klebsiella pneumoniae subsp pneumoniae,ATCC FASTA archive,ATCC 13883,Klebsiella_pneumoniae_subsp_pneumoniae_ATCC_13883.fasta,5641530,b791175d0909348f980eb8eab75b2964184feb9a6e224dbe199337aa37acdade,Klebsiella_pneumoniae_subsp_pneumoniae_ATCC_13883.pt,8603118,b5391b7bc9e3cc25fcb7186d79b00ddc246a405bf4ad7eaae313004994829c48,False,True,True
13932,Listeria monocytogenes,ATCC FASTA archive,ATCC 13932,Listeria_monocytogenes_ATCC_13932.fasta,3000253,73a35c9508a889917596bba6021f465000a1c1598506dac32dc5bd006cba5453,Listeria_monocytogenes_ATCC_13932.pt,4851038,2029c9553e64eeeb16766e612525cfeabfb822aceccd35bd463b0d68b8da58fa,False,True,False
14018,Gardnerella vaginalis,ATCC FASTA archive,ATCC 14018,Gardnerella_vaginalis_ATCC_14018.fasta,1695258,4915a87abbb770db832e296850d28d0e96ebff3d86df4aa791d0ec7b338fc502,Gardnerella_vaginalis_ATCC_14018.pt,2737497,c486707553b466b3cc574ba2748898ce9ad0bebddb3c31edf6292cfc12eb1b1b,False,True,True
14028,Salmonella enterica subsp enterica serovar Typhimurium,ATCC FASTA archive,ATCC 14028,Salmonella_enterica_subsp_enterica_serovar_Typhimurium_ATCC_14028.fasta,5047058,9dde7acb98687a13b4e31c3fb5cbe108d1f0181d13d3f2a0bd975140f1a305f0,Salmonella_enterica_subsp_enterica_serovar_Typhimurium_ATCC_14028.pt,7997054,7a0d9687410878562d7a092ece0a4e31c6d6ef9d52b1c503e6bbbf7d56819ea0,False,True,True
14035,Vibrio cholerae,ATCC FASTA archive,ATCC 14035,Vibrio_cholerae_ATCC_14035.fasta,4211617,42e747ce95c0c0a0c4fe17f2b0441a3662adb1a4162bdbdbbbfc6c4494ad54b8,Vibrio_cholerae_ATCC_14035.pt,4965691,23120aec94acd65a0c3288c27da71621608161d142f60693ea81a97f43ffdc7c,False,True,False
14041,Serratia marcescens,ATCC FASTA archive,ATCC 14041,Serratia_marcescens_ATCC_14041.fasta,5144878,cb6fe70f7a3648da7cb1e1e750688a2973c59dbdfed5c5935a0a3fca4f32957f,Serratia_marcescens_ATCC_14041.pt,8308047,aaf2a20cd44f79e839935cc8262f165d79a99da609f18cc2cb80e79ebcaf8d96,False,True,False
14053,Candida albicans,ATCC FASTA archive,ATCC 14053,Candida_albicans_ATCC_14053.fasta,15172835,d2aeca403f82bfcedafcf70ed97bcd4af66fcdf86a14da6159cb5f1257bf303d,Candida_albicans_ATCC_14053.pt,2999616,e96753aac09580109be59438059ba38e1af36ae29950390f79a3cebea40b1d05,False,True,False
14126,Vibrio harveyi,ATCC FASTA archive,ATCC 14126,Vibrio_harveyi_ATCC_14126.fasta,5820194,cf4f1ca2d5c9ffc3de2cbbfd40f22c3fe1f9fe358b84d09cbb39152559ac97c1,Vibrio_harveyi_ATCC_14126.pt,5571894,8bc5d41cbdfd39e345d8acb0a7c8c1f15a7ac61d275782488fe8b50b85a325cd,False,True,False
14243,Candida krusei,ATCC FASTA archive,ATCC 14243,Candida_krusei_ATCC_14243.fasta,11059982,d0365adb0077eed795ebfc68dca9927b0950efeef455091c2dbc6d43e87bc58a,Candida_krusei_ATCC_14243.pt,4719926,3827e2f24ffa847a7dbd55272074b8d5b7293c48fa20779b9f2a270b0cf6eaf2,False,True,False
14289,Streptococcus pyogenes,ATCC FASTA archive,ATCC 14289,Streptococcus_pyogenes_ATCC_14289.fasta,1857359,d8765d9c3264411312758fa1deb73b50520c44e4c1967e00d0baac096c9de131,Streptococcus_pyogenes_ATCC_14289.pt,2999646,a882923c8c9c8a2601b50328674c53981e5fcc40e2f2759bb96d591d9a749b3f,False,True,False
14458,Staphylococcus aureus,ATCC FASTA archive,ATCC 14458,Staphylococcus_aureus_ATCC_14458.fasta,2971174,3cff6a9d4da91a76307b341f723b9acd307e439e17d5e359277a0453c6a8a31a,Staphylococcus_aureus_ATCC_14458.pt,4703577,3341028d28624923c8d7f0e78b2da0b88a0ddd67b8008e865ec43e461e2fc67f,False,True,False
14468,Mycobacterium smegmatis,ATCC FASTA archive,ATCC 14468,Mycobacterium_smegmatis_ATCC_14468.fasta,7028115,82784b4ab5500406fce538be12577236c3bf18bcd35b49ca108f2815ec258d6d,Mycobacterium_smegmatis_ATCC_14468.pt,11339171,f743f45545b275ea351617f9c87d24d6d588150adf6a924612b04323ecd23eba,False,True,True
14506,Enterococcus faecalis,ATCC FASTA archive,ATCC 14506,Enterococcus_faecalis_ATCC_14506.fasta,3075545,0660f8fe31f67d3e327a8477006a0c7ea767c894c9df391392c8867fdc5f4e6f,Enterococcus_faecalis_ATCC_14506.pt,4883801,bfa43adafca0d2c2330487c2231a3eb24c6122beca28968a7616ecedc5cfc2e9,False,True,False
14579,Bacillus cereus,ATCC FASTA archive,ATCC 14579,Bacillus_cereus_ATCC_14579.fasta,5522510,d8cc71ce09722ec61eaec14f9cc6b2e07ca9b6532e2b0e8f5a540c346e97aed4,Bacillus_cereus_ATCC_14579.pt,8881467,3cdb0b13203c766072af112eccaaa2c7b47d3a1b1956e2f77510a4160d31fbe3,False,True,False
14580,Bacillus licheniformis,ATCC FASTA archive,ATCC 14580,Bacillus_licheniformis_ATCC_14580.fasta,4295511,cf0342e1ec9466a2de661a34bdc73b4179db6f678deaf0a416b7c9fec5390e23,Bacillus_licheniformis_ATCC_14580.pt,6931806,52a7e61db258a1ed5a582cdbb95383c16b8c59045c594f5dadf5ed7738a19b17,False,True,False
14581,Priestia megaterium,ATCC FASTA archive,ATCC 14581,Priestia_megaterium_ATCC_14581.fasta,5841763,18e2f03b42d0da9a5293ebf2c9ad857205925e7d90d433625849f55ccfe60be3,Priestia_megaterium_ATCC_14581.pt,8766799,bfce9698e1bfc8d06ee392d512d16469313c522921f808169d06e3eda3938c28,False,True,True
14756,Serratia marcescens,ATCC FASTA archive,ATCC 14756,Serratia_marcescens_ATCC_14756.fasta,5144784,767d1ad45bba07d34e4155b06b4dca775df300bc6e73c818be8f952266b21899,Serratia_marcescens_ATCC_14756.pt,8308047,e510d2a64235fb259c36be5d880685d9c00751ac6a12705fdf4b278563deae0f,False,True,False
14917,Lactobacillus plantarum subsp plantarum,ATCC FASTA archive,ATCC 14917,Lactobacillus_plantarum_subsp_plantarum_ATCC_14917.fasta,3304888,99c3ccb37bbd7e1334b07e1311201c2defe1d4a0ab5aae5d40933d3cdb3ae988,Lactobacillus_plantarum_subsp_plantarum_ATCC_14917.pt,5326323,ee3a973eb8c2e9add082ae594b97add72da39fd4de4d7ffb4d883c803290f9fc,False,True,False
14931,Lactobacillus fermentum,ATCC FASTA archive,ATCC 14931,Lactobacillus_fermentum_ATCC_14931.fasta,1933394,72646600dd9c416ee84399a9507ed06c6c62270f35950c5b561031eb81ff9d65,Lactobacillus_fermentum_ATCC_14931.pt,2934115,cd4d9acdaf96547d87093995e4cbd05d91364b08999b8917aa8febbd1dac75f5,False,True,False
14990,Staphylococcus epidermidis,ATCC FASTA archive,ATCC 14990,Staphylococcus_epidermidis_ATCC_14990.fasta,2532476,85ac582c66ea1617220bef8ed6562dbf3d5284ae27b843cc757ac875a1b3cc9c,Staphylococcus_epidermidis_ATCC_14990.pt,4048306,bd6a5299505b539f4d75906fd42c3110671b38c44427f8917b25748471f8c435,False,True,False
15224,Escherichia coli,ATCC FASTA archive,ATCC 15224,Escherichia_coli_ATCC_15224.fasta,5050581,9dcfc33edf25f6a5f17560423cea49d512e7892cdb6c886245a95b475d0599bd,Escherichia_coli_ATCC_15224.pt,7996736,5b2b7a7d696ec9c98323cb0aa73a123f0e42259a45bb67077e694cb79aa56943,False,True,False
15305,Staphylococcus saprophyticus subsp saprophyticus,ATCC FASTA archive,ATCC 15305,Staphylococcus_saprophyticus_subsp_saprophyticus_ATCC_15305.fasta,2660367,767f06a58e5ec3838b2de5e0a191964ee016df80b784f2a7b9423599d4c96c70,Staphylococcus_saprophyticus_subsp_saprophyticus_ATCC_15305.pt,4130400,9445ec61f4966637b37664145f76a55279062e20fef2e0edd073f2b9e8165886,False,True,False
15308,Acinetobacter baumannii,ATCC FASTA archive,ATCC 15308,Acinetobacter_baumannii_ATCC_15308.fasta,4081842,cb637b38df2d237036b114543e4d7dbfa90e5e0e58f2d46844acaf9fbcc766f8,Acinetobacter_baumannii_ATCC_15308.pt,6342051,7fbb7644f77f52e747ae4d1adf251d7fdb62c08f70f0fd7335749763707a5f3c,False,True,False
15309,Acinetobacter lwoffii,ATCC FASTA archive,ATCC 15309,Acinetobacter_lwoffii_ATCC_15309.fasta,3462828,d761fb2e09207193dbd7e943ff17b42f0105aed0b6daf15b61fda30e20df7c4d,Acinetobacter_lwoffii_ATCC_15309.pt,5096793,2992a95fb487bd2ed911606eeb134e9cd40e87260c46316ab2e3660b5d415726,False,True,False
15313,Listeria monocytogenes,ATCC FASTA archive,ATCC 15313,Listeria_monocytogenes_ATCC_15313.fasta,2913063,f8bebe78b5c4bb5a636e2de9012472ff9027931851460a4518707618773d4a8e,Listeria_monocytogenes_ATCC_15313.pt,4703582,8f6f19cf80c16e0b53432ec4e5c0c635138ae6217c028a4073a751c19c5bb368,False,True,True
15380,Klebsiella pneumoniae subsp pneumoniae,ATCC FASTA archive,ATCC 15380,Klebsiella_pneumoniae_subsp_pneumoniae_ATCC_15380.fasta,5604035,c3f48f2a1006c19006e6530b8117e3b16bb15fc83708d1f15cdc17d54ff3adf9,Klebsiella_pneumoniae_subsp_pneumoniae_ATCC_15380.pt,8701422,cd90eabc27831f5ed505c26d154e0a2a53de03e906daeb103d2688258ce7cf7f,False,True,False
15442,Pseudomonas aeruginosa,ATCC FASTA archive,ATCC 15442,Pseudomonas_aeruginosa_ATCC_15442.fasta,6903330,bfedd322c851b7d0cea4086c4314eff18024336722c376605f0e2a150c78680c,Pseudomonas_aeruginosa_ATCC_15442.pt,11142494,d3a6f7b3437b7762a1baf75257cd2e1623c71b439318a0b346242494938ff03c,False,True,False
15483,Mycobacterium vaccae,ATCC FASTA archive,ATCC 15483,Mycobacterium_vaccae_ATCC_15483.fasta,6337256,c827426d9a98a0d256969a50437c9bac197b747e947c6d6d4dffabb12bec6bb9,Mycobacterium_vaccae_ATCC_15483.pt,9946452,b6e93519e760092daffade024645e65d45aa9883fa5510b1e05e3f2f431cc6f4,False,True,False
15597,Escherichia coli,ATCC FASTA archive,ATCC 15597,Escherichia_coli_ATCC_15597.fasta,4793394,769d169f46de9fca960ea444098279989e4bde93146c312968581575adb9065f,Escherichia_coli_ATCC_15597.pt,7587136,b2c46d2b4a296c0c3c3898b7c799c314ef6b006ea5da97946a2a41aa8a565a6b,False,True,False
15692,Pseudomonas aeruginosa,ATCC FASTA archive,ATCC 15692,Pseudomonas_aeruginosa_ATCC_15692.fasta,6395346,54a3864229fe5b9bc664ae9d3d47f1a1be376a72c9543211cb94ff96b6661b30,Pseudomonas_aeruginosa_ATCC_15692.pt,5653854,fad3ec70eb992b3237cad7561afdd4bc0c7d9e0ae430e4cb7f1a0e7b2f8d7c0f,False,True,True
15697,Bifidobacterium longum subsp infantis,ATCC FASTA archive,ATCC 15697,Bifidobacterium_longum_subsp_infantis_ATCC_15697.fasta,2880091,aea5c7bfaab6dd7028af957f198a5862e4fb0d5adde2043095d93a3a24e9759d,Bifidobacterium_longum_subsp_infantis_ATCC_15697.pt,4654569,eaa9ecb82b8f72143f86b7112df33e20e7053e494f1b1e6956d26a33f27f2c8d,False,True,False
15700,Bifidobacterium breve,ATCC FASTA archive,ATCC 15700,Bifidobacterium_breve_ATCC_15700.fasta,2313672,88153cbfa8928f68311d5283248771ed3e37219f5494abc40fb1aee29305a1ae,Bifidobacterium_breve_ATCC_15700.pt,3736921,920c532917858b785b5d4865873d59140319c2676abe0212578829692fa17b85,False,True,False
15703,Bifidobacterium adolescentis,ATCC FASTA archive,ATCC 15703,Bifidobacterium_adolescentis_ATCC_15703.fasta,2124640,b2738189b3835dc4090d77fc26da4b680e501c7592fe68f3300129e431d33e16,Bifidobacterium_adolescentis_ATCC_15703.pt,3327420,d348d0913ad8cceb1798d331c483503d6ca8446f8c8c3238fe9348b3b725d489,False,True,False
15707,Bifidobacterium longum subsp longum,ATCC FASTA archive,ATCC 15707,Bifidobacterium_longum_subsp_longum_ATCC_15707.fasta,2425116,cd4f8c2db9ef4d728e8e2f0eb11ac5c53e4db93fd5f1a485087e3728af1721f9,Bifidobacterium_longum_subsp_longum_ATCC_15707.pt,3900895,b90573091243876422aa1de85614cf05899cfce44cfa310731b1a36928907db1,False,True,False
15713,Pectobacterium carotovorum,ATCC FASTA archive,ATCC 15713,Pectobacterium_carotovorum_ATCC_15713.fasta,4877445,392d9b1dba4368c6f2250e728c5d357babdc6a0ed3c776eb2de0ca30b0432c71,Pectobacterium_carotovorum_ATCC_15713.pt,7767474,a3b51abfa829b0f30baa2d7d6ba967513f09bbc635f0d6adf63253d1b83ac56f,False,True,False
15769,Mycobacterium avium subsp avium,ATCC FASTA archive,ATCC 15769,Mycobacterium_avium_subsp_avium_ATCC_15769.fasta,4948032,655838cde127e1234bc98bc7bf89f1a4fb6b085ab67e20af00cca35c7f3384f7,Mycobacterium_avium_subsp_avium_ATCC_15769.pt,4326859,a74821af18e3931d31fbac82872ab9c87edf83b274ae6e444069bd0249b613d3,False,True,False
15947,Edwardsiella tarda,ATCC FASTA archive,ATCC 15947,Edwardsiella_tarda_ATCC_15947.fasta,3861819,525a7cfe06cf387d5f666fdca539c395cf70fd827145bafe80856d3a4f046d4a,Edwardsiella_tarda_ATCC_15947.pt,5522762,40d9737b2a0bf12ee5269f0da068259adb42a9829a820bfdb5a2cbd1eb0a0db9,False,True,False
15955,Rhizobium radiobacter,ATCC FASTA archive,ATCC 15955,Rhizobium_radiobacter_ATCC_15955.fasta,5975469,1d5ca0a92146ca9087c2f810a89c1db6c9f71fbc33f1680ce70ff9b0920c4428,Rhizobium_radiobacter_ATCC_15955.pt,4556121,685466eba54c5f00378d89509600fff805f177f509ef54ca64eabd9d946c0ff1,False,True,False
15987,Actinomyces viscosus,ATCC FASTA archive,ATCC 15987,Actinomyces_viscosus_ATCC_15987.fasta,3519111,5fa21421651852c65fbd564054029860e31122387271c5d6faf0e8ea3cef57ec,Actinomyces_viscosus_ATCC_15987.pt,5211476,5f29ca00f515ee39130824408abb57e04be1738d0492289b638907b679bb2643,False,True,False
16404,Aspergillus brasiliensis,ATCC FASTA archive,ATCC 16404,Aspergillus_brasiliensis_ATCC_16404.fasta,38241191,0fd9a5dc17bafed3acab68a0840d8e14e96aedf31d9e9d0b9fa950e5254f39d6,Aspergillus_brasiliensis_ATCC_16404.pt,10667432,b1739063ba69db95f58f7deb8c423addb62426798ceeb22e11054c03fd0d0629,False,True,False
17616,Burkholderia multivorans,ATCC FASTA archive,ATCC 17616,Burkholderia_multivorans_ATCC_17616.fasta,7125432,f8662d257c080909bb926d49c177200d1b2d8810fc5a5b0aa9c4d0f04fd9c446,Burkholderia_multivorans_ATCC_17616.pt,5653928,62f8184da0e86fe9a96d88ea78d8da3176e5aa723e8fb5f21a9d4f2313f2dc93,False,True,False
17749,Vibrio alginolyticus,ATCC FASTA archive,ATCC 17749,Vibrio_alginolyticus_ATCC_17749.fasta,5244996,afeb4ce7e6de18aa7f5d593c9ac537aee29cb4496c3ad92a81b34a152f83f150,Vibrio_alginolyticus_ATCC_17749.pt,5490004,f4e5888c288c49a7fdb5c5844054531ec407f7923e6818f8354636ea9a74e297,False,True,True
17765,Burkholderia cepacia,ATCC FASTA archive,ATCC 17765,Burkholderia_cepacia_ATCC_17765.fasta,7859533,e928ac87fe003218b40ddebb0bfaa2acf881dfade62ae82ea82b1cd6e372286a,Burkholderia_cepacia_ATCC_17765.pt,5686612,8739eb6a637827093fddf24793c4ed987abe037937cb0f42d683cc46ed4ad356,False,True,False
17802,Vibrio parahaemolyticus,ATCC FASTA archive,ATCC 17802,Vibrio_parahaemolyticus_ATCC_17802.fasta,5232935,1385a41ffd2508416277ce5fa3cb2f2f4698a840af03dfb841ef8a621e5f98f1,Vibrio_parahaemolyticus_ATCC_17802.pt,5391779,5780e928bd817c83628b177a3d8e98aeced12d09a37d6968082f7139e3332dc1,False,True,False
17908,Acinetobacter junii,ATCC FASTA archive,ATCC 17908,Acinetobacter_junii_ATCC_17908.fasta,3420127,1ff50c2981f8e01f95abaac240e29cabeeee632ee4f6f7f03ba4ad18627e7cd9,Acinetobacter_junii_ATCC_17908.pt,2491727,d6c81dc9b03702599dd9d72b26a6b4a86c46e24d02d3952fd071b79eb16b7772,False,True,False
17961,Acinetobacter baumannii,ATCC FASTA archive,ATCC 17961,Acinetobacter_baumannii_ATCC_17961.fasta,4050848,d6e927b64c303a764c3b605a8a89ef0f24d93af57751a83b966cbaf37cf3b5fb,Acinetobacter_baumannii_ATCC_17961.pt,6522275,0bade4882345fdb7235977d354d2582cd021993cb6284851a9b6e03bb69e936d,False,True,False
17978,Acinetobacter baumannii,ATCC FASTA archive,ATCC 17978,Acinetobacter_baumannii_ATCC_17978.fasta,4144055,3c6949b64cb50b59cf01f94586c4f743c1cb419d29e9eb6cd3c75d393c45eaf7,Acinetobacter_baumannii_ATCC_17978.pt,6407587,6a957eb667a18f3f52ee1c62d04935b165514adab64b7ece7d9c790b6fce0660,True,True,True
17981,Mycoplasma hyorhinis,ATCC FASTA archive,ATCC 17981,Mycoplasma_hyorhinis_ATCC_17981.fasta,853633,eef1fdb56ce0750c8b0cd4a1d0a3e2e90f34d7dc4384464e47053c77233088ff,Mycoplasma_hyorhinis_ATCC_17981.pt,1377620,127cdd244a23d352b0466071d0da63a19e0d5c8e5678ad1c00cc03a5c5089a12,False,True,False
17991,Serratia marcescens,ATCC FASTA archive,ATCC 17991,Serratia_marcescens_ATCC_17991.fasta,5188553,f9c797227e24caa16adcd584e5175a3092da221890fc118b505c4741bc598a1c,Serratia_marcescens_ATCC_17991.pt,7980367,8d2f888cce8b4febb045dbf0295b6a0812d7ba3a3fb5cf0e37ecbe5f5e7c10fe,False,True,False
18804,Candida albicans,ATCC FASTA archive,ATCC 18804,Candida_albicans_ATCC_18804.fasta,14945991,6d27e361369be7058caf9171c10ac3ad9ac49234519e68bb8a80de7b381b2410,Candida_albicans_ATCC_18804.pt,4195648,01fd9dc9b1a9d94e4d9d187e3958ef878c15cdd70ce445732258314f0ec2da29,False,True,False
19108,Vibrio sp,ATCC FASTA archive,ATCC 19108,Vibrio_sp_ATCC_19108.fasta,5388967,684375b50344d8a038b3704c4a82d9fe8a058f544b961bb6c122ccc2b6670a29,Vibrio_sp_ATCC_19108.pt,5850333,7f15d0153d55c5616fe7acadfc3d6178bee6fc2b3540d2160f4fe1c818be5b2f,False,True,False
19111,Listeria monocytogenes,ATCC FASTA archive,ATCC 19111,Listeria_monocytogenes_ATCC_19111.fasta,2925421,9d3c5b086f9b9c3db355f14dd3d4965e1a24203c50dfae4863c302d8ca5ce845,Listeria_monocytogenes_ATCC_19111.pt,2475358,174dcf70479580e2a2e3d60f553562ce30a296792a18bb1dac32f06faacf1c4d,False,True,False
19112,Listeria monocytogenes,ATCC FASTA archive,ATCC 19112,Listeria_monocytogenes_ATCC_19112.fasta,3059845,b98ce3c7befe05743b05dce23a3764d6565b4b6a9969dd24fa72ab2b72bbab23,Listeria_monocytogenes_ATCC_19112.pt,4883806,3e8863fa72d61e1a53f0ff2694a31582a3aab8e892e6ba526383d69ac1212b70,False,True,False
19113,Listeria monocytogenes,ATCC FASTA archive,ATCC 19113,Listeria_monocytogenes_ATCC_19113.fasta,2957197,16f78340c15afcc4202f337f829e9974573a188e2617c907045ee947ffdef969,Listeria_monocytogenes_ATCC_19113.pt,4736350,f782f9a4b84384c6a0cfda6d1ada7da74cccb9bc44a0b62f4dc4d9821fc65ffc,False,True,False
19114,Listeria monocytogenes,ATCC FASTA archive,ATCC 19114,Listeria_monocytogenes_ATCC_19114.fasta,3029432,b927a51be993d5fd4893372a7c20715e89bc96cd6fced3e00515691c672bd0de,Listeria_monocytogenes_ATCC_19114.pt,4883806,9e435e8435581bfc47d70630da4b35bd98193c4a4f3942668797f1eb5a10246f,False,True,False
19115,Listeria monocytogenes,ATCC FASTA archive,ATCC 19115,Listeria_monocytogenes_ATCC_19115.fasta,3000253,2f88a2343e9eca1631ac1925755caf7ed491d586de812d4a31c1ce7dc4567f91,Listeria_monocytogenes_ATCC_19115.pt,4851038,e127c3ce435273924f679a3350adb15aebc1064ff2c6c47458666632fa129541,False,True,True
19118,Listeria monocytogenes,ATCC FASTA archive,ATCC 19118,Listeria_monocytogenes_ATCC_19118.fasta,2991663,c8f760784313368f2e05b53c3cd0f4fc8756ac6fb9c875d736b13e8142e06708,Listeria_monocytogenes_ATCC_19118.pt,4834654,4e5ac3dd2eb1cfbde384b06526e2230e633749f49ffc6ca81bd447dac90f7911,False,True,False
19119,Listeria ivanovii subsp ivanovii,ATCC FASTA archive,ATCC 19119,Listeria_ivanovii_subsp_ivanovii_ATCC_19119.fasta,2968307,75d867191c243889a612f9d06bccb376b669eb5e751dbfdf78863ab9971edecc,Listeria_ivanovii_subsp_ivanovii_ATCC_19119.pt,4785616,723f69234eccf9170e60d92a2b5120b3b6d2cff5d7f3784559a6ef8e54bd05da,False,True,False
19120,Listeria grayi,ATCC FASTA archive,ATCC 19120,Listeria_grayi_ATCC_19120.fasta,2659376,972bd5897fda1dec68296f409e9a78abfa808fda8cb3f98ebba4d424b77561cb,Listeria_grayi_ATCC_19120.pt,4179254,95e79d4211bc770c5fe06adb69784ab825842cf90399c16373db1b50fbb92a86,False,True,False
19213,Priestia megaterium,ATCC FASTA archive,ATCC 19213,Priestia_megaterium_ATCC_19213.fasta,5594505,e0367556b35db50dbce6c3dcfc812ea91eb2b197d4667a26d76de8563f917a14,Priestia_megaterium_ATCC_19213.pt,6866255,f9619d02f62098499ee8c7eff39920400ae67ef5f23b4688d256f26416a7d522,False,True,False
19257,Lactococcus cremoris,ATCC FASTA archive,ATCC 19257,Lactococcus_cremoris_ATCC_19257.fasta,2614444,56f0d2732dfae88fd5c7b0b05d47764babd3eefaf73ebe943888c36e7be4f811,Lactococcus_cremoris_ATCC_19257.pt,4015444,f6749451175aecebbadf83178ad3f8a9cecb1f7749789ca05063308b4d13b206,False,True,False
19264,Listonella anguillarum,ATCC FASTA archive,ATCC 19264,Listonella_anguillarum_ATCC_19264.fasta,4411508,00d17ea89fc62614b9507b4633eacd96723d5e4ec8e67033a00853753f24d968,Listonella_anguillarum_ATCC_19264.pt,5244254,a463b011bb4b29f91b8be2b6b884a95c8a4fafae9d542a02c7747254af91bdc8,False,True,True
19404,Clostridium sporogenes,ATCC FASTA archive,ATCC 19404,Clostridium_sporogenes_ATCC_19404.fasta,4186641,1cf2d8659e140a7bb6f7dacff777152021f9edc20a8e76e5a8163ded17ca2f2a,Clostridium_sporogenes_ATCC_19404.pt,6751582,57d27a9072b9cff1ad3af33f0927d9250d2a3b78f3efb61c82ef7a1ac641d1a3,False,True,False
19410,Corynebacterium pseudotuberculosis,ATCC FASTA archive,ATCC 19410,Corynebacterium_pseudotuberculosis_ATCC_19410.fasta,2377617,5647faba5f5a4c318adc9845c2b1bf7938b602e522be27734718a24ac9d91187,Corynebacterium_pseudotuberculosis_ATCC_19410.pt,3835354,5edf0f9987fcffd9534800a5be6c99b25bb219c3205c3df1f2380c28511bab10,False,True,False
19412,Corynebacterium renale,ATCC FASTA archive,ATCC 19412,Corynebacterium_renale_ATCC_19412.fasta,2374094,f425e33fe8b005ea5d3791c3363120bffad050fbdc95d02fdcacba62148ad953,Corynebacterium_renale_ATCC_19412.pt,3835230,d612b9767a9aae91ab091e5650ef22d80bafc4e0730a0036e92308af3cbddbb8,False,True,False
19417,Glaesserella parasuis,ATCC FASTA archive,ATCC 19417,Glaesserella_parasuis_ATCC_19417.fasta,2491552,21de9e14454ab1bfc8227cbde85938ae3b5f775b093f504d12206e230abbefc6,Glaesserella_parasuis_ATCC_19417.pt,4031833,b14cadf1dfc752f5cd6d36899dde893120514e437c0e886b6814c20a8c37994e,False,True,False
19418,Haemophilus influenzae,ATCC FASTA archive,ATCC 19418,Haemophilus_influenzae_ATCC_19418.fasta,1888482,92741a9cd49b01941259dd13850a078de8e05eb0e46827a5691ef0d718cc6aa2,Haemophilus_influenzae_ATCC_19418.pt,3048798,6e56e04f2c0dc2cf859535e3bf9a8380f985cfef4536cf8c3ac9d5648519c331,False,True,False
19420,Mycobacterium smegmatis,ATCC FASTA archive,ATCC 19420,Mycobacterium_smegmatis_ATCC_19420.fasta,7098227,904949d65527cafd1b4c762401a2d69da644a345100afcc360c34bb3bab9c965,Mycobacterium_smegmatis_ATCC_19420.pt,11453859,37a4303cc9a33a0cf8440d5d4dbeab631b42a559dd4b4ed94120481bc18c147c,False,True,False
19430,Salmonella enterica subsp enterica serovar Typhi,ATCC FASTA archive,ATCC 19430,Salmonella_enterica_subsp_enterica_serovar_Typhi_ATCC_19430.fasta,4870369,d90d0776d0650920a82a5c2ac2dae19292f06221717ca0daf236f1c36eb1ed75,Salmonella_enterica_subsp_enterica_serovar_Typhi_ATCC_19430.pt,7554656,2c93cf329d9d843f9cd0b3da2711edd01ae343a3ef0d6818830b8d2c4b92b957,False,True,False
19432,Enterococcus durans,ATCC FASTA archive,ATCC 19432,Enterococcus_durans_ATCC_19432.fasta,3195503,9836e5e419a98df7d2c5bb355d181c63d0645a7d1b15d765099283dca247b489,Enterococcus_durans_ATCC_19432.pt,4801871,9c23f1dcee388a0cf734f1a9e3e176669ccd89fad44054f8425008d19050e829,False,True,False
19433,Enterococcus faecalis,ATCC FASTA archive,ATCC 19433,Enterococcus_faecalis_ATCC_19433.fasta,2914815,23f972e404875746f759ad24d8f60d36bde5daf916fe88482101619d1e7369a9,Enterococcus_faecalis_ATCC_19433.pt,4703577,f30f66715715f9d382ba76b99ee27c323cf5a0790b95a0f4ea6de95c76e6381c,False,True,True
19434,Enterococcus faecium,ATCC FASTA archive,ATCC 19434,Enterococcus_faecium_ATCC_19434.fasta,2571827,c7ce0b7849f7d064b1ab90d448821953a46528ce7727dd2b7a04c34727a33143,Enterococcus_faecium_ATCC_19434.pt,4146516,cc43ac6b17f6233d9fbef25c408237ac537f12046f0748bc80e8c49c2742de6f,False,True,True
19435,Lactococcus lactis subsp lactis,ATCC FASTA archive,ATCC 19435,Lactococcus_lactis_subsp_lactis_ATCC_19435.fasta,2633773,dc753ad3b5e7cb50071515970b464949728e2522404395d1d55322be48b4a239,Lactococcus_lactis_subsp_lactis_ATCC_19435.pt,4130251,604cd6cb47d0288161697bfae35a530ce9f7e99daa6388086499f0f6f04daabe,False,True,False
19436,Streptococcus uberis,ATCC FASTA archive,ATCC 19436,Streptococcus_uberis_ATCC_19436.fasta,2007124,df3f01bb6a594bc0a991de516ae5e06e4b8f3c26a156bf3391da24af65a1d046,Streptococcus_uberis_ATCC_19436.pt,3245396,2c79464fefb58df5fbe41b73be2ec41b3b22cf29163f47b3139fc053033409d2,False,True,False
19606,Acinetobacter baumannii,ATCC FASTA archive,ATCC 19606,Acinetobacter_baumannii_ATCC_19606.fasta,4064392,9cdf96af4586188937ca59120b969e13979fc6e8b26e15bfc09d25f623e08f9b,Acinetobacter_baumannii_ATCC_19606.pt,6538659,f30431e66a4e3ffd16a7087d2973eb54b9c18ecbd0c53a7ed89c904af54152e5,False,True,True
19615,Streptococcus pyogenes,ATCC FASTA archive,ATCC 19615,Streptococcus_pyogenes_ATCC_19615.fasta,1875777,99dfae6d81cdced4bc490d26fd42b622aebd9ae3b8d5c9e4efdf50f2cf380387,Streptococcus_pyogenes_ATCC_19615.pt,3032414,f36d00684e394164b110d4d4604b50773827cdd2c4013b7485aaf98021c831e4,False,True,True
19636,Staphylococcus aureus subsp aureus,ATCC FASTA archive,ATCC 19636,Staphylococcus_aureus_subsp_aureus_ATCC_19636.fasta,2960766,28f026ee93cb9a0a3e897ad8150af819200d4aec023633e30d80cf62ab5c2489,Staphylococcus_aureus_subsp_aureus_ATCC_19636.pt,4703706,0ee044f45bcf8fc02429de926e7fc491828d8c7f33be608403924690dfcf39a4,False,True,False
19659,Bacillus spizizenii,ATCC FASTA archive,ATCC 19659,Bacillus_spizizenii_ATCC_19659.fasta,4108856,94c8d227a8cca8dcd29d7db989860960c4b0597b1d37c1a17357f4f1a0cd7d4f,Bacillus_spizizenii_ATCC_19659.pt,6636879,112b2b1686f1394a8734155a303765adfa03bf04b9c3df790b45e843f9166485,False,True,False
19660,Pseudomonas aeruginosa,ATCC FASTA archive,ATCC 19660,Pseudomonas_aeruginosa_ATCC_19660.fasta,6876793,a60ee31cd3c44d7698c133c124adb5d98134822260b3cf8a99303b56a5769766,Pseudomonas_aeruginosa_ATCC_19660.pt,11076958,9137bf7b267fac69fe2b46a8d0230394259350eaf2ab301a158bda24836ab4b3,False,True,True
19977,Mycobacterium abscessus,ATCC FASTA archive,ATCC 19977,Mycobacterium_abscessus_ATCC_19977.fasta,5173694,dd801f239a5b8c374ce81cbe9971707022af9d71feb3dd204e9b18e72e32757b,Mycobacterium_abscessus_ATCC_19977.pt,8308131,80a893cd085a94a6067cc7dacfd975a7ad43e4d72fc0b84a739b996e5f6703e2,False,True,False
2001,Candida glabrata,ATCC FASTA archive,ATCC 2001,Candida_glabrata_ATCC_2001.fasta,12795146,4c3923aeccbae82af2bc1eaddd9d75848f11d8f92eec44dbbbbc1e6ffc8b888f,Candida_glabrata_ATCC_2001.pt,2458939,fa0e15c4df271898c68d81faa6fbe214abe606395578dd757c5df8a93d798898,False,True,True
200955,Candida albicans,ATCC FASTA archive,ATCC 200955,Candida_albicans_ATCC_200955.fasta,14935545,899465226c817b76bed17edbcbd4644e9dc89adddd98cb3b15e43a032739c67d,Candida_albicans_ATCC_200955.pt,3556677,9926649c1394a39cd890f94acfa8ed5c9dc3138f0dd9d21bdc59586cf063d746,False,True,False
204304,Aspergillus flavus,ATCC FASTA archive,ATCC 204304,Aspergillus_flavus_ATCC_204304.fasta,38684457,4c1a3021a6dee3f3e6e1627ffc6fd1e4202794b58761f52d851236f28ba9db2c,Aspergillus_flavus_ATCC_204304.pt,10667343,946593e367124deacd791d675e3a74486fc7a1e87ae749161ecec10ec141b1b4,False,True,False
204305,Aspergillus fumigatus,ATCC FASTA archive,ATCC 204305,Aspergillus_fumigatus_ATCC_204305.fasta,29307526,71ab01ed8bab210c14e31e18108b7a20d88f3ea4c29a4d182b41cc811b62c572,Aspergillus_fumigatus_ATCC_204305.pt,7849310,9133509a632d99ca26820c8caf4254178cdfa185cdab5b0b61c9bde3642b0e71,False,True,False
204508,Saccharomyces cerevisiae,ATCC FASTA archive,ATCC 204508,Saccharomyces_cerevisiae_ATCC_204508.fasta,12505844,d52ad1a2198ef00cd81c686c95de86bd89c2d1d7b5dc1d84486c9c899efa7927,Saccharomyces_cerevisiae_ATCC_204508.pt,2508205,b7c730f6ec87315663a9b93c7bcab5fb2bac7283ba908f0c428e33f637d30d28,False,True,False
20611,Aspergillus fijiensis,ATCC FASTA archive,ATCC 20611,Aspergillus_fijiensis_ATCC_20611.fasta,37205336,1c7913a9e9e043ee57021605c0c7e7c887a7110f5ad0d0685fd977ad9c1f4fe7,Aspergillus_fijiensis_ATCC_20611.pt,16450905,76bc3e4c8768bd32454abc6553fdcbc1f377ef3ef60243615d8a2006c87792b0,False,True,False
208821,Cryptococcus neoformans var grubii,ATCC FASTA archive,ATCC 208821,Cryptococcus_neoformans_var_grubii_ATCC_208821.fasta,19495074,f10f7b46a5a2fd05a0c45834e3db63512c844e3cd61715112621683f4aab145f,Cryptococcus_neoformans_var_grubii_ATCC_208821.pt,3769823,3c2a425a86baede7f50eda36b227c872497146120dc9747bb5763aa262ce4c12,False,True,True
2091,Candida albicans,ATCC FASTA archive,ATCC 2091,Candida_albicans_ATCC_2091.fasta,14355675,79204a3b217e50a1b975eff8c2653cf0b24574d65623356519fa66ffa967029c,Candida_albicans_ATCC_2091.pt,7324987,34c7a1735437f14239ac74582fd32be8a5d60cd47f6a1bb09b80d87efeffb685,False,True,False
21074,Serratia marcescens,ATCC FASTA archive,ATCC 21074,Serratia_marcescens_ATCC_21074.fasta,5158736,47dd9c750e0c63d368176bd5846cc702fff11d28a8efa1b377c3bff0bcc1b33b,Serratia_marcescens_ATCC_21074.pt,8324431,6a6cfa3261c4d00dfc7a68b3de4e51b9a600f1d0cbcc5859d0135e2da42c2e93,False,True,False
21100,Proteus mirabilis,ATCC FASTA archive,ATCC 21100,Proteus_mirabilis_ATCC_21100.fasta,3994586,9a20e2aced52e396d211701e2fb425d924fd68a2346ffc977b5d17272fcd74e7,Proteus_mirabilis_ATCC_21100.pt,6440261,c58c5f6416e6278fc9253455e852c4b3932efd54937f3cc9eb059a8428edd678,False,True,False
21332,Bacillus subtilis,ATCC FASTA archive,ATCC 21332,Bacillus_subtilis_ATCC_21332.fasta,4360301,9b349661acd836557e7dce427b37923e5289a1e0717088f5612acdc721eaa3e5,Bacillus_subtilis_ATCC_21332.pt,7030085,329b2769a2de6312c85b3351b5daef21522a1af18606a77403ba8f7db6d9b87b,False,True,False
21633,Streptoverticillium verticillium subsp tsukushiense,ATCC FASTA archive,ATCC 21633,Streptoverticillium_verticillium_subsp_tsukushiense_ATCC_21633.fasta,8306955,53da7d10acf282312b1af3bf282f7e31c1a15c7e77713edbc268027ede0b3fe8,Streptoverticillium_verticillium_subsp_tsukushiense_ATCC_21633.pt,2786927,84e522511538f13da179de8b42b077752357271e2578c7a6369433cc1f8b070b,False,True,False
22019,Candida parapsilosis,ATCC FASTA archive,ATCC 22019,Candida_parapsilosis_ATCC_22019.fasta,13241371,06e8690e8c829679dd74f549bfc21560b190e219a2646dcc6abf078f3bf3e863,Candida_parapsilosis_ATCC_22019.pt,4949332,9ea599cec882cf1044f8c0db4e52745e160996da83ea4aec7d641dc483e221a6,False,True,True
22342,Aspergillus awamori,ATCC FASTA archive,ATCC 22342,Aspergillus_awamori_ATCC_22342.fasta,36564205,f1219ec4a399a9eedcd9468952f976d67c8d12e3b10bfb39c1ac223751cb6fa1,Aspergillus_awamori_ATCC_22342.pt,5375311,2794b241ad79d526d4bc1b675914efd5bbc8f0b6f6b7bf46dfe4faa29c41638a,False,True,False
23055,Acinetobacter calcoaceticus,ATCC FASTA archive,ATCC 23055,Acinetobacter_calcoaceticus_ATCC_23055.fasta,4009604,ca14ce774907787d650caeaf3d66e72e42fba203bb4ec28481dae0a5baf44971,Acinetobacter_calcoaceticus_ATCC_23055.pt,6473143,8ddd78f3feb324e4456778c188f969d2eb36cc50965bbbdf74e58a1f593f4f65,False,True,False
23272,Lactobacillus reuteri,ATCC FASTA archive,ATCC 23272,Lactobacillus_reuteri_ATCC_23272.fasta,2081470,b254882271f1352857c8e71cd3a16479fb1961a26fe578d8edf032e8d53d19d8,Lactobacillus_reuteri_ATCC_23272.pt,3360089,261c2ac77852bd743b8314accd3efebeb94420888358eafa264103ac86e7b2e2,False,True,False
23355,Enterobacter cloacae subsp cloacae,ATCC FASTA archive,ATCC 23355,Enterobacter_cloacae_subsp_cloacae_ATCC_23355.fasta,4944010,5188593ba2da30dd31b85bc42d1e05079e513bd608050e98fd99ee1777c40520,Enterobacter_cloacae_subsp_cloacae_ATCC_23355.pt,7980506,cf260c978e552a68ce51cf857512e168dedca4354a246144e2d20742540f33ae,False,True,False
23356,Klebsiella pneumoniae subsp pneumoniae,ATCC FASTA archive,ATCC 23356,Klebsiella_pneumoniae_subsp_pneumoniae_ATCC_23356.fasta,5489959,f8ca09a3d851162ebf10a50f10e3981a26867479946cf20915a24f3851a3c91b,Klebsiella_pneumoniae_subsp_pneumoniae_ATCC_23356.pt,8734190,20aaf1a6eee04c072be5f89e9bb534b7264d7b53ce1067a6319b9a8d36968cbd,False,True,False
23506,Escherichia coli,ATCC FASTA archive,ATCC 23506,Escherichia_coli_ATCC_23506.fasta,5326155,b8dcd05fc1012d75a91736a2ab5c743845ba22a04fc7f18370875c50e93e88bf,Escherichia_coli_ATCC_23506.pt,7865664,7b31d0d7cf351976333fd26b9f7262d758fea5a76a5b7c553f7fa8f60a8d5b65,False,True,False
23631,Escherichia coli,ATCC FASTA archive,ATCC 23631,Escherichia_coli_ATCC_23631.fasta,4805489,9edd6ae7b2cba9f5e440cdc62c7364da7c0e07ded0fe7f9f0075a26c62e9e7c7,Escherichia_coli_ATCC_23631.pt,7587136,bfcc33bd7a1e3de5c748d56ffaa87587b1d9fb0b4f2c2b1d762bd49158f1e71e,False,True,False
23715,Yersinia enterocolitica subsp enterocolitica,ATCC FASTA archive,ATCC 23715,Yersinia_enterocolitica_subsp_enterocolitica_ATCC_23715.fasta,4585062,e57d184f04f089a9a10b6fd29bb93f26bb3b4523ab79211ae5e74cd6d6bbe527,Yersinia_enterocolitica_subsp_enterocolitica_ATCC_23715.pt,7390796,a4635b75c1d3e3ffdab412cac9c3ff8d34a85744a5fd58195ac32247e15b47b3,False,True,True
23716,Escherichia coli,ATCC FASTA archive,ATCC 23716,Escherichia_coli_ATCC_23716.fasta,4860389,b52e56329957ab346a6d5737cd7e983e6d629c86366225bdeb42236cc50b2894,Escherichia_coli_ATCC_23716.pt,7390528,1539ff6d6b13b13b087e40a89b8876d20ea3fe2b825dec1087a9de6064b90e55,False,True,True
23724,Escherichia coli,ATCC FASTA archive,ATCC 23724,Escherichia_coli_ATCC_23724.fasta,4794166,a53e756a4264fecf1c1615112bd226f30a77726df5f596bdda28caff39f5e5ed,Escherichia_coli_ATCC_23724.pt,5342528,da19a1746211da4c4e79679dcd1e412d00121424393492bb159676db1dbea7f4,False,True,True
23726,Fusobacterium nucleatum subsp nucleatum,ATCC FASTA archive,ATCC 23726,Fusobacterium_nucleatum_subsp_nucleatum_ATCC_23726.fasta,2338058,da991aa029a77676926e7f4522327ad2ecec9ea83d0599a15c8c75480422b006,Fusobacterium_nucleatum_subsp_nucleatum_ATCC_23726.pt,3769843,214315d7b119d223c9c12bfb8043e57f0162e003228719a769bbd12ee49b8855,False,True,False
23842,Bacillus amyloliquefaciens,ATCC FASTA archive,ATCC 23842,Bacillus_amyloliquefaciens_ATCC_23842.fasta,4073819,45274f27f2900d4520d3fbf4d18f744558e7048e7fc748dda6c1a6419b3ec009,Bacillus_amyloliquefaciens_ATCC_23842.pt,6571442,f41110749f7a986f581347874ac293fe7e6ce7a1557efc9c38fc19614f8db20b,False,True,False
23857,Bacillus subtilis,ATCC FASTA archive,ATCC 23857,Bacillus_subtilis_ATCC_23857.fasta,4285605,6c02ddfd25015c1f91a8318e0d2676e0b7747945795c45b2a59a35cbe763eb67,Bacillus_subtilis_ATCC_23857.pt,6915397,121c48cb3483289329d7676d5747b10199d38cb4bd4a8ecaff117026272c9649,False,True,False
24433,Candida albicans,ATCC FASTA archive,ATCC 24433,Candida_albicans_ATCC_24433.fasta,14855851,2ad6518cd6b81f48465628b9634d42fbf878b2e357209d260ea6e4e08858bce8,Candida_albicans_ATCC_24433.pt,5227840,8fccd2d262c89c4e26295b347fc38c1fd2b05357b0a3c42870083283648f0697,False,True,True
2512,Kluyveromyces marxianus,ATCC FASTA archive,ATCC 2512,Kluyveromyces_marxianus_ATCC_2512.fasta,11628727,f84f717bd9f5fb574d5fa4892550958914dd4d2a004641c7a5025b66f6ad2378,Kluyveromyces_marxianus_ATCC_2512.pt,6047070,215658e7e4b7c707637d1b239320a6811c7fa97687c499d222595a84efbb73d7,False,True,False
25175,Streptococcus mutans,ATCC FASTA archive,ATCC 25175,Streptococcus_mutans_ATCC_25175.fasta,2053084,05420646df3299a9c03047594e68c207737322c9427b88aa9d64fc6087895fb6,Streptococcus_mutans_ATCC_25175.pt,3310932,e11577f744d12ae6e344d1b4d2ab106bc1b8b3d07dbe25f452daba28f70e5bed,False,True,False
25177,Mycobacterium tuberculosis,ATCC FASTA archive,ATCC 25177,Mycobacterium_tuberculosis_ATCC_25177.fasta,4360450,29814c94c0635333032d1fa9c2c9356965400878361bcf40662d0988018f0ba8,Mycobacterium_tuberculosis_ATCC_25177.pt,1623474,16b598d825b6fa68b89576c3b4a914e99792af4bbb0aa1d8541cc6fd270d58aa,False,True,True
25238,Moraxella catarrhalis,ATCC FASTA archive,ATCC 25238,Moraxella_catarrhalis_ATCC_25238.fasta,1939853,e4bec9c313bdc1d4d8b287791250e298f9c512f8c9e3e62ec2321cdb8d0b0ca7,Moraxella_catarrhalis_ATCC_25238.pt,3130713,225bd938f8812e4bdbc00878435a1b7bae73843810f32f520f2e1ab0c9556741,False,True,False
25258,Lactobacillus jensenii,ATCC FASTA archive,ATCC 25258,Lactobacillus_jensenii_ATCC_25258.fasta,1696337,053edf28711b6b01e3ba6ff79fdc02fed85998907bac6dd61c3de989a08d9971,Lactobacillus_jensenii_ATCC_25258.pt,2737502,1baca2ec2a2eeb911c2721af67100f82ffa8e82eb0b1940ffacf40177ec898f4,False,True,False
25285,Bacteroides fragilis,ATCC FASTA archive,ATCC 25285,Bacteroides_fragilis_ATCC_25285.fasta,5322829,e66d3d3e95ca2ddf57372138fafbcfdb7afc1ae0449a0a19154aa18986e11533,Bacteroides_fragilis_ATCC_25285.pt,4916564,1472728bfeedcd7e8d3cc93993955ce5ffb331cb3b8257a1aab34a2b11498a0c,False,True,False
25401,Listeria grayi,ATCC FASTA archive,ATCC 25401,Listeria_grayi_ATCC_25401.fasta,2787139,4cd93be241f327e95b169670821511dcaced2dba9ec5a27730218b1eaba76386,Listeria_grayi_ATCC_25401.pt,3949878,9927aafbff33e599b18ebc41c0a7bc10eaa3c7da6cc25054080292d048e87bda,False,True,False
25404,Escherichia coli,ATCC FASTA archive,ATCC 25404,Escherichia_coli_ATCC_25404.fasta,4803680,77e9a346e9aece9537f47e0e73ce9e08fbe0a124b83daa70dbdc85620a9a92e6,Escherichia_coli_ATCC_25404.pt,7587136,975b986b0bc84024bba5a0510ab44f18871d023f519dca0bd13535d535fd114a,False,True,False
25416,Burkholderia cepacia,ATCC FASTA archive,ATCC 25416,Burkholderia_cepacia_ATCC_25416.fasta,8712782,80f99ad2f22dc7655e3988f0fceeefc2dd6cf726716566e115faec60fa34580d,Burkholderia_cepacia_ATCC_25416.pt,6194516,8ada43e24cea0a9a7ac6edf99cb93d18bf1b73c0915d0a500567797183ffd479,False,True,False
25586,Fusobacterium nucleatum subsp nucleatum,ATCC FASTA archive,ATCC 25586,Fusobacterium_nucleatum_subsp_nucleatum_ATCC_25586.fasta,2214252,849221b1ae023c8df6bdd8dfc5bc5bb9222efc415222875c9088236dc06bd342,Fusobacterium_nucleatum_subsp_nucleatum_ATCC_25586.pt,3573235,9441d3e3c572353105d2e2b86d1a759afa27ff429205a259b69c2dbf6676df0b,False,True,False
25619,Pseudomonas aeruginosa,ATCC FASTA archive,ATCC 25619,Pseudomonas_aeruginosa_ATCC_25619.fasta,6417198,ce15da9181540bf22535479ef4371f38b8223cee606930120960d1010ab912b3,Pseudomonas_aeruginosa_ATCC_25619.pt,10356062,7a67db38824b4dac7042ae75e86c62c30131bd738aafeb78a98374f346ebb82c,False,True,False
25668,Pseudomonas aeruginosa,ATCC FASTA archive,ATCC 25668,Pseudomonas_aeruginosa_ATCC_25668.fasta,7107180,b9d4592fb43a384ee6f26c4984d6e94635c019601b2b3d81c5c42b8965ed5ded,Pseudomonas_aeruginosa_ATCC_25668.pt,11470174,aa1ebce85b3b8a86c50d025aedd7423be6b46c373f3346fd0872171907672c32,False,True,False
25759,Romboutsia lituseburensis,ATCC FASTA archive,ATCC 25759,Romboutsia_lituseburensis_ATCC_25759.fasta,3947383,67bdb1f75366bbc8f621991b367a0636b0f8751d7f865259d75092719a661c48,Romboutsia_lituseburensis_ATCC_25759.pt,6210989,58a94073e0129558aa0e3b47284544250484c3a0a0a0ad9f69ccf2d17a41ab27,False,True,False
25873,Vibrio cholerae,ATCC FASTA archive,ATCC 25873,Vibrio_cholerae_ATCC_25873.fasta,4113266,df5f10c277ca4ba8d8ef313c74d6735c6ac0e6742705228f8c25541a1cca1620,Vibrio_cholerae_ATCC_25873.pt,4654395,776886c71812ca4a668e7f11c17c73636ac75468e784ddaa3d6da6b9102026f7,False,True,False
25904,Staphylococcus aureus,ATCC FASTA archive,ATCC 25904,Staphylococcus_aureus_ATCC_25904.fasta,2968251,ddf8fbe2f63d061a199ced6ec13d317c0089c5d510362e7a236e86decfa1d1b3,Staphylococcus_aureus_ATCC_25904.pt,4736345,145232f28dc61e5a07c0ef5d04175ec434fda8ba749339ee3dcad1ad7b414e4a,False,True,False
25922,Escherichia coli,ATCC FASTA archive,ATCC 25922,Escherichia_coli_ATCC_25922.fasta,5297215,4ba51769d4d713a539d3a91cd83bc1a0b0e93b2870dbf83e1157162365329187,Escherichia_coli_ATCC_25922.pt,8422720,6c5cf6b5f3cd18798ec82bfc4b77aedc7feb230d197ba57373b7eb09125833e2,False,True,True
25923,Staphylococcus aureus,ATCC FASTA archive,ATCC 25923,Staphylococcus_aureus_ATCC_25923.fasta,2853282,466b48babc45f36e3a9a9f8125c9021d620782b2962d1f895551b6b321fd8693,Staphylococcus_aureus_ATCC_25923.pt,4556121,7fea3a288c9faa7780bcba77db58b31d7cd2bcaee0e1ff1073e06fbeddd3fbf9,False,True,True
25927,Obesumbacterium proteus,ATCC FASTA archive,ATCC 25927,Obesumbacterium_proteus_ATCC_25927.fasta,4950109,9f7566ecfc92d326bea90c1e5a0161b25ddd5c904d3a3857510efbf90c0c3420,Obesumbacterium_proteus_ATCC_25927.pt,7800227,db23dde983c679b520377dd42932ec58a2cd89d38eedd217925f0d3c07f935e0,False,True,False
25929,Shigella flexneri,ATCC FASTA archive,ATCC 25929,Shigella_flexneri_ATCC_25929.fasta,4588651,8b8b249a78f815ded3e80dcd048775cae3fe47690df246e8f888a0f5b78c9181,Shigella_flexneri_ATCC_25929.pt,7390533,4d2346e6b8e161399c1ad55112ec90f95343ffaec214e40356be375fd52653c6,False,True,False
25931,Shigella sonnei,ATCC FASTA archive,ATCC 25931,Shigella_sonnei_ATCC_25931.fasta,5184980,91a4c7ba72e601a8825bd01c3500a61b60713d96b17b31136c5d87ace7df3d1d,Shigella_sonnei_ATCC_25931.pt,8045883,49691edc06813d4c384b377fd6ca1848956101762416d8025c2f02d22179c567,False,True,False
25933,Proteus mirabilis,ATCC FASTA archive,ATCC 25933,Proteus_mirabilis_ATCC_25933.fasta,4167499,c05ad3fed4c96043b35684bc5024f9c912f16cdd190ca86b9cfa6e658971a6d4,Proteus_mirabilis_ATCC_25933.pt,6718789,9880e76aa6f766ede88f2f1f3155566315c196f1894703a78f3a7424250c59eb,False,True,False
25975,Streptococcus salivarius subsp salivarius,ATCC FASTA archive,ATCC 25975,Streptococcus_salivarius_subsp_salivarius_ATCC_25975.fasta,2366673,f06b367d28f1668b72fba79034bdd023952e017a2507e59a0a61eaf10f9f35b7,Streptococcus_salivarius_subsp_salivarius_ATCC_25975.pt,3606013,0bc4d50c200e507cf2d02480c36f65707c23d416bb52aa70cb74d647668ed130,False,True,False
2601,Saccharomyces kudriavzevii,ATCC FASTA archive,ATCC 2601,Saccharomyces_kudriavzevii_ATCC_2601.fasta,23345893,543e80a53411872a37b27cf27e9db1e74a8445cf225a1ff406c73d8e0a0d9f0a,Saccharomyces_kudriavzevii_ATCC_2601.pt,2393517,3e7bc758c4cc67d8cb5e59a015d60d0c57730d58a2ff1e6302944229739884ce,False,True,False
27270,Enterococcus faecium,ATCC FASTA archive,ATCC 27270,Enterococcus_faecium_ATCC_27270.fasta,2515722,88cc9398ffc744b4277332c8fc4f9b0c4bfcf0fe4415f2cb4a31588ed2d3e081,Enterococcus_faecium_ATCC_27270.pt,2245972,40e024ad7f69bdf11dc34ea9057aba506aeb0eb175eb7f0fefd411ee2a815340,False,True,False
27294,Mycobacterium tuberculosis subsp tuberculosis,ATCC FASTA archive,ATCC 27294,Mycobacterium_tuberculosis_subsp_tuberculosis_ATCC_27294.fasta,4395117,de6443f425e7d0bfa969efb942301128ebd5d6363b507bb4df31015abff046a4,Mycobacterium_tuberculosis_subsp_tuberculosis_ATCC_27294.pt,1705553,ce99ed15fcff1c1d1554e951af8ae0e6ce26dee5fe7642b54395835fc4e37572,False,True,True
27325,Escherichia coli,ATCC FASTA archive,ATCC 27325,Escherichia_coli_ATCC_27325.fasta,4719615,0e13caebee5785d6c5d7836fdb590a809cdeafbf4c32a41cd659e1de8b5e5df2,Escherichia_coli_ATCC_27325.pt,7619904,50e0c7c51b2a2d8512bbdfd00b08455bbef7c2e7eef594e80a8241da62a58163,False,True,True
27336,Streptococcus pneumoniae,ATCC FASTA archive,ATCC 27336,Streptococcus_pneumoniae_ATCC_27336.fasta,2069916,d17d98e0ad5d67e7e4d4d889898f6b2e57e454bf05cf59ee64e8006af5126a78,Streptococcus_pneumoniae_ATCC_27336.pt,3196328,ac8357ee6c0196ee4d9dab6a3b596d57a0f4a074aed7fd3d02b79f27b6f6e026,False,True,False
27352,Streptococcus sobrinus,ATCC FASTA archive,ATCC 27352,Streptococcus_sobrinus_ATCC_27352.fasta,2180614,a0a673348e9df4a362e926a1d18b508cc2ffc2d62bfc24b8cb194c8407adcec7,Streptococcus_sobrinus_ATCC_27352.pt,3523934,9fd6d814e5fba4828c3d680ec28ed18b6cff4ce658d8cb429435ae77dea9e944,False,True,False
274,Serratia marcescens,ATCC FASTA archive,ATCC 274,Serratia_marcescens_ATCC_274.fasta,5235689,0f36b1fe8a5c78d7af7164a2b0d4ad160c0e215a6ed199888b67faa94c94367a,Serratia_marcescens_ATCC_274.pt,8439109,61265a444b320e9d9058cb2d6e5f9d77804d03add26eafd15b1d4facd55f0247,False,True,False
27562,Vibrio vulnificus,ATCC FASTA archive,ATCC 27562,Vibrio_vulnificus_ATCC_27562.fasta,5118912,41f6248277d0cc5f6c26e8b558ef221aa06a7e2ee1285bc6f069919f29be892f,Vibrio_vulnificus_ATCC_27562.pt,5424453,72b956f80cfd269e76df18ed4fae4549681716c8195dcd2b5db826dac2312bec,False,True,False
27660,Staphylococcus aureus,ATCC FASTA archive,ATCC 27660,Staphylococcus_aureus_ATCC_27660.fasta,2892060,bdd48e6f52b7177f5ec10eebfae6c9932b9413cd6ae17108d58e72686261fb84,Staphylococcus_aureus_ATCC_27660.pt,1951065,9e4960082fed46d00ad5ab04678e32b5c36c3f97248561497320c928fe16f25d,False,True,False
27698,Staphylococcus aureus subsp aureus,ATCC FASTA archive,ATCC 27698,Staphylococcus_aureus_subsp_aureus_ATCC_27698.fasta,2895677,1a81e84c3758bad895ce294ed0aaf1701ef41fdb4c4d6942232b2f1507254976,Staphylococcus_aureus_subsp_aureus_ATCC_27698.pt,4621786,302ce6e759ce26ca218816c71d0748ac0f5acd459e691d6c98999638ff91e6d7,False,True,True
27725,Fusobacterium varium,ATCC FASTA archive,ATCC 27725,Fusobacterium_varium_ATCC_27725.fasta,3358920,4ed2309a5134c38f3b71af4cb059b9821d04bd9f8c3d9d8634c11a0c68a4a0a3,Fusobacterium_varium_ATCC_27725.pt,5424468,02795e2eed6a462ebdc3203428a4a0d1b166f5b0d123e937e36b212b1941fd2c,False,True,False
27736,Klebsiella pneumoniae subsp pneumoniae,ATCC FASTA archive,ATCC 27736,Klebsiella_pneumoniae_subsp_pneumoniae_ATCC_27736.fasta,5528888,4679363bf9ac721934711fa9dc32ab66d0db0f5bab2a2511ad8bb22989981299,Klebsiella_pneumoniae_subsp_pneumoniae_ATCC_27736.pt,8324590,49da4d3620107b727bfbcdace64c7d7f7e9518543d971b629153e0ea4c6044c9,False,True,False
27756,Ruminococcus torques,ATCC FASTA archive,ATCC 27756,Ruminococcus_torques_ATCC_27756.fasta,2782248,27b0934b0743d727c27787dc4d4a05584d7af129b57720f68e4269a7e4f235c8,Ruminococcus_torques_ATCC_27756.pt,4408660,584b024ffde154bed8442a04c327d2d6e16db2803c22f33122b2625452fc783c,False,True,False
27757,Clostridium nexile,ATCC FASTA archive,ATCC 27757,Clostridium_nexile_ATCC_27757.fasta,3977450,d9e9a3a1792caae71838a3224082cd74d124af85d717f84217dfe6905b950554,Clostridium_nexile_ATCC_27757.pt,5981514,799c8d150d66ec963d90ff0aca4190510759fc8867e5282ec48793b0ef15d8d8,False,True,False
27799,Klebsiella pneumoniae subsp pneumoniae,ATCC FASTA archive,ATCC 27799,Klebsiella_pneumoniae_subsp_pneumoniae_ATCC_27799.fasta,6077869,d92e92cbcff5db2ccceb3e6127ef3b2f3845c9e1591dfa8c8156cadec447aae6,Klebsiella_pneumoniae_subsp_pneumoniae_ATCC_27799.pt,8832494,8e4180796e8b8e6e62803860703459f014c5c8b9e0ebc52d5290fa1a6b734431,False,True,False
27844,Staphylococcus hominis subsp hominis,ATCC FASTA archive,ATCC 27844,Staphylococcus_hominis_subsp_hominis_ATCC_27844.fasta,2299148,92a6d77604dc2ee94795b9eda94fd89fb4079e31929b2b705829c754eda9e044,Staphylococcus_hominis_subsp_hominis_ATCC_27844.pt,3655140,274c19ebdd466e6249729fcaaa8dbc3d88ce7cb9f833b0cffacfeb13fb2f7bb2,False,True,False
27848,Staphylococcus simulans,ATCC FASTA archive,ATCC 27848,Staphylococcus_simulans_ATCC_27848.fasta,2813688,5f99b4c4edd231803dae0f19d18609d55f9276f2e710d2b6928ff93712ffb15e,Staphylococcus_simulans_ATCC_27848.pt,4539811,b586141d11fd8e673cfd668bd7de3f282a784eb272952fc9f8bc19f99d2f7f71,False,True,False
27853,Pseudomonas aeruginosa,ATCC FASTA archive,ATCC 27853,Pseudomonas_aeruginosa_ATCC_27853.fasta,6953859,f725276d4da120db7beccf9e454269c003254dfb81d1b30053ea3c1960d2d46b,Pseudomonas_aeruginosa_ATCC_27853.pt,11208030,1d8c1fff324555b373802211d7be8776bb289ba44aa5c39aa3d439791ada0c95,False,True,True
27883,Pasteurella aerogenes,ATCC FASTA archive,ATCC 27883,Pasteurella_aerogenes_ATCC_27883.fasta,2295184,10274705ed214dc708ec8ac3ce081a6e14ebaf65951175726a4b7062ca9f7844,Pasteurella_aerogenes_ATCC_27883.pt,3704153,c5c1310ddf4796171865677862eee4f78a0e782f9f3d52573112b55cc6674022,False,True,True
27956,Streptococcus agalactiae,ATCC FASTA archive,ATCC 27956,Streptococcus_agalactiae_ATCC_27956.fasta,2246286,7c542de4c65b6fc1a7a784207dee9b71ed6ca4c2e6dc499150aabafe0da7390a,Streptococcus_agalactiae_ATCC_27956.pt,3622312,1235dd867a964366ca7a45397bf432e6dbaac6c67f7930e83dcd97d18c1e8d2a,False,True,False
27957,Streptococcus dysgalactiae subsp dysgalactiae,ATCC FASTA archive,ATCC 27957,Streptococcus_dysgalactiae_subsp_dysgalactiae_ATCC_27957.fasta,2179412,a1a6021cdaf5f812f3ac5aaeb5948ffedced012be2860e7a326842fc1bf7820c,Streptococcus_dysgalactiae_subsp_dysgalactiae_ATCC_27957.pt,3524177,0d07043c7bdea146d947ebec3ecf99fb22a0ba5408628579f8422e08a6c53046,False,True,False
28146,Trichophyton mentagrophytes,ATCC FASTA archive,ATCC 28146,Trichophyton_mentagrophytes_ATCC_28146.fasta,22813943,f2d9b8d13912a66f55b75efbb853c2b454f037cc1ecd50d1b91de1c215748e7c,Trichophyton_mentagrophytes_ATCC_28146.pt,4769207,1494dc679f3fd0aed640023e8adba7c41290922cea98d9a8be76742027f735d5,False,True,False
28188,Trichophyton rubrum,ATCC FASTA archive,ATCC 28188,Trichophyton_rubrum_ATCC_28188.fasta,23391710,82ec6470f4dae0d5c0dbcdfd73c24e497341e74f9b4a54706863cc27bd7736cd,Trichophyton_rubrum_ATCC_28188.pt,6669647,70d6599e88fc0cb6837e15f6b8811f462cc5850351415a52a1b55d71c1161673,False,True,False
28870,Candida krusei,ATCC FASTA archive,ATCC 28870,Candida_krusei_ATCC_28870.fasta,11268050,5355edb285af6d9d454793456dd3c45e0ed0826534b834d461b4a72135db9050,Candida_krusei_ATCC_28870.pt,3999030,6c2071af9a2b54148bf85bb21dc2903833149bc8a325a32a27d2e21d1956603d,False,True,False
29062,Mammaliicoccus sciuri,ATCC FASTA archive,ATCC 29062,Mammaliicoccus_sciuri_ATCC_29062.fasta,2858558,6ff0310b3b3cd5f397dab87943f2899523f31fb7ec8be35b63b0bf64cbb4390b,Mammaliicoccus_sciuri_ATCC_29062.pt,4621657,cf69042b2f975eecc4c9382244927a942af81dd5cb0a7e6ab667364e51ece157,False,True,False
29149,Ruminococcus gnavus,ATCC FASTA archive,ATCC 29149,Ruminococcus_gnavus_ATCC_29149.fasta,3611769,f6acea19f80f9fa1da773dd167460b0e93dea5f1369a5f067a3eb9c23bdd9c7e,Ruminococcus_gnavus_ATCC_29149.pt,5784911,cb120c56c245b8a547ee340e3343e7a621ffd9b2e20e7f89ee52ac4bce16c01a,False,True,False
29178,Streptococcus iniae,ATCC FASTA archive,ATCC 29178,Streptococcus_iniae_ATCC_29178.fasta,2233976,38e6a197ffba88ccd348cf7b88282804d5a8d4b5b3e8083a41d8efb9a30a4b01,Streptococcus_iniae_ATCC_29178.pt,3605839,f48d3aa7a0f2a9670e02191302fbafdb899b4c0b647b719f3aa328cbf01a0080,False,True,True
29212,Enterococcus faecalis,ATCC FASTA archive,ATCC 29212,Enterococcus_faecalis_ATCC_29212.fasta,3100107,3c96c45f0547acb1fc30dc3d5da5b291f70115f5c08c1c55d5723ae3db2a96a1,Enterococcus_faecalis_ATCC_29212.pt,4834649,433cf3d1b605015f605c005b9b76069dcfd717f7c9eb2be397138e58a6e54a6d,False,True,True
29213,Staphylococcus aureus,ATCC FASTA archive,ATCC 29213,Staphylococcus_aureus_ATCC_29213.fasta,2856251,55101fac19924b0d0f6eb6f0723cb3f4e77a579ae83da1d5d44b7f082b2d7fee,Staphylococcus_aureus_ATCC_29213.pt,4539737,561fae6de0b0082778fb82d6a3583ef40e92fda779a2555301e4ac572b12c77d,False,True,True
29236,Blautia coccoides,ATCC FASTA archive,ATCC 29236,Blautia_coccoides_ATCC_29236.fasta,6199595,a4a61eb60f5d02ba881683487b914b30123b9884994af162a794f54791ecbc9a,Blautia_coccoides_ATCC_29236.pt,9995589,e2281589b1b6b148176c14a4c14760e35e8f1668f9eaea9e6ae2dbc133d123fa,False,True,False
29260,Pseudomonas aeruginosa,ATCC FASTA archive,ATCC 29260,Pseudomonas_aeruginosa_ATCC_29260.fasta,6901680,dbe15be03c57ac0cd80410c6cb7b2134469907e8050b3e4a81baa01078941c50,Pseudomonas_aeruginosa_ATCC_29260.pt,11126110,c1f14d55636a0d9bfd6bb5a45d5621fb911605a9dbc62a8f2d46d7eed4ef24b7,False,True,False
29307,Vibrio vulnificus,ATCC FASTA archive,ATCC 29307,Vibrio_vulnificus_ATCC_29307.fasta,5095552,f60de8ce668c3c420cb711b96a95d23dae39c863d359f8c125297b533762e239,Vibrio_vulnificus_ATCC_29307.pt,5342533,4048f927f52369b04721c6f602ff0ed9f946ef23fe81814ff8cc86e9684908ab,False,True,False
29399,Cutibacterium acnes,ATCC FASTA archive,ATCC 29399,Cutibacterium_acnes_ATCC_29399.fasta,2536589,1e09c5c4f257890000884ff271ef4d83eff33956a137ee697f6fdec92c71a969,Cutibacterium_acnes_ATCC_29399.pt,4097359,13f7037619eefe6d2399983d17c3676db564dd20aac536a3ee01b5431dce95b9,False,True,False
29473,Yersinia ruckeri,ATCC FASTA archive,ATCC 29473,Yersinia_ruckeri_ATCC_29473.fasta,3876454,37b371a95521375f022f77e0fa9d5f127e8dce91d5d990ee530912dedbe7c535,Yersinia_ruckeri_ATCC_29473.pt,5915968,c8c7bdfee4ff7e47a95bc0cbcaa497999b94c4cfe46348bf6b8a7645f3fea862,False,True,False
29522,Aggregatibacter actinomycetemcomitans,ATCC FASTA archive,ATCC 29522,Aggregatibacter_actinomycetemcomitans_ATCC_29522.fasta,2194574,cf227d7a3a00e0f8a848d9379aaa7e26f7c81ca2302232bd5689b853643dde3c,Aggregatibacter_actinomycetemcomitans_ATCC_29522.pt,3540457,5a35b0de713bb06fdb8a980010e2e00fb6f192b4f20a41576a63abd9c0337a2f,False,True,False
29523,Aggregatibacter actinomycetemcomitans,ATCC FASTA archive,ATCC 29523,Aggregatibacter_actinomycetemcomitans_ATCC_29523.fasta,2349328,3d066f5302933c6675378d5f0c061de765d824d461d9e3e347a4c6f70b12b226,Aggregatibacter_actinomycetemcomitans_ATCC_29523.pt,3802601,91ff32066cd9d649666d1d7de6b977014eb35c5cbd7a78c0eba752812b490fd7,False,True,False
29544,Cronobacter sakazakii,ATCC FASTA archive,ATCC 29544,Cronobacter_sakazakii_ATCC_29544.fasta,4739864,299bf4b78d2e3ba61b9b5b3ac56b7f197dbf0586b8956427ee99ffbd9eb47f1e,Cronobacter_sakazakii_ATCC_29544.pt,7390553,7f1182337f38da1b1b21872b9f8a47727924a7803d901d0bebf0b63431278c73,False,True,False
29629,Salmonella enterica subsp enterica serovar Typhimurium,ATCC FASTA archive,ATCC 29629,Salmonella_enterica_subsp_enterica_serovar_Typhimurium_ATCC_29629.fasta,4983442,dfd0bfc225608264f9ae62f2f94d0381b2b79cae3b34b2355b4e6103aa9bf8a3,Salmonella_enterica_subsp_enterica_serovar_Typhimurium_ATCC_29629.pt,7882366,b0a27f739fe738d7d26106463564f1344fcf90be1e96da6939101b0324bf589e,False,True,False
29665,Klebsiella pneumoniae subsp pneumoniae,ATCC FASTA archive,ATCC 29665,Klebsiella_pneumoniae_subsp_pneumoniae_ATCC_29665.fasta,5476851,c98135b77cfe6a2bed29edd932f62290c8dffa408e89bb0a7604411de1bd416b,Klebsiella_pneumoniae_subsp_pneumoniae_ATCC_29665.pt,8619502,29427f1f15effe8736164ddb56a4d757b312d83af60800f867dd0b94543bfa93,False,True,False
29737,Staphylococcus aureus,ATCC FASTA archive,ATCC 29737,Staphylococcus_aureus_ATCC_29737.fasta,2850896,759affb2d1c6ee7860fb269c8f444ad06fbd6c85c431a5532c560921cad159ed,Staphylococcus_aureus_ATCC_29737.pt,4556121,2877cca6cd6192990b03c76220e23cf976e96dff3079611b2a93ed77ff09c1e7,False,True,False
29741,Bacteroides thetaiotaomicron,ATCC FASTA archive,ATCC 29741,Bacteroides_thetaiotaomicron_ATCC_29741.fasta,6272221,38471b10cffc737b7ebb37e3e96756e9fe751359b9cd0eb972116c3a489d3dca,Bacteroides_thetaiotaomicron_ATCC_29741.pt,10094012,077943b75c0bf2ff007fae49aae28b76a62e8994abec3f266d5a9cfa5ea58ad7,False,True,False
29743,Peptoniphilus asaccharolyticus,ATCC FASTA archive,ATCC 29743,Peptoniphilus_asaccharolyticus_ATCC_29743.fasta,2237574,366227791f2c9053f389ee0cae3b024b18893249df07a1ddd8692d84cf28403a,Peptoniphilus_asaccharolyticus_ATCC_29743.pt,3360198,3b1fe3fa56f59937deae3cc400647ad50955a02c2031212dfb6ac355ef34b589,False,True,False
29771,Bacteroides fragilis,ATCC FASTA archive,ATCC 29771,Bacteroides_fragilis_ATCC_29771.fasta,5293697,4ed9f207972cf2d01181f545c9ce2cb93ff3e8da64f3d2d128c1614f641a89f8,Bacteroides_fragilis_ATCC_29771.pt,5506388,1d4e335262cad96adc77e2441bde6f3f89a399f4e98a60b0fc0dae81ac4d8f4b,False,True,False
29853,Morganella morganii subsp morganii,ATCC FASTA archive,ATCC 29853,Morganella_morganii_subsp_morganii_ATCC_29853.fasta,3961633,94474397e569613f1875a122ccca6e3ab6cef478ac10b3c90163ac0989d1b39b,Morganella_morganii_subsp_morganii_ATCC_29853.pt,6391258,990efb510cae2d9a9c9a301ec30f19e14cc56dad1c6a12275334c70d5970ec95,False,True,False
29887,Staphylococcus epidermidis,ATCC FASTA archive,ATCC 29887,Staphylococcus_epidermidis_ATCC_29887.fasta,2538907,fcf4d7df0e682a2494f075960c91ce9ab3fe02ef81db5b573d9944f30fd1fd02,Staphylococcus_epidermidis_ATCC_29887.pt,4015538,bb2dfa7866b927b0caebb7273db1edf37e65afd20c32c6c451d1b47bdf4a9861,False,True,False
29903,Shigella flexneri,ATCC FASTA archive,ATCC 29903,Shigella_flexneri_ATCC_29903.fasta,5123179,325d96410517f2c7f4ebef42d8be5608f678e3448ecf7021f00dcb13a841631f,Shigella_flexneri_ATCC_29903.pt,7619909,9e4431fd7da1dcce0073df324ef667c2f1b9561cf988a3e796ea0ec1864b46d1,False,True,False
29905,Proteus vulgaris,ATCC FASTA archive,ATCC 29905,Proteus_vulgaris_ATCC_29905.fasta,3991069,fd272ccfc80bb1b6ed4b48b393823b945c9591efc9e51b0f7df8dddad2b5a389,Proteus_vulgaris_ATCC_29905.pt,6440256,5d489d0919d9633600787c1edab6baa2c6db42930cc3385c139aead898355b52,False,True,False
29906,Proteus mirabilis,ATCC FASTA archive,ATCC 29906,Proteus_mirabilis_ATCC_29906.fasta,4123957,833b85e239efee3ba71bbc064becd004750dcdc7ffb429c99a42dc644ed4710f,Proteus_mirabilis_ATCC_29906.pt,6653253,37a61a9d94884f13dd3302f41601e8c6154ce499d9c45ab50db9992711ad63ad,False,True,False
29930,Shigella sonnei,ATCC FASTA archive,ATCC 29930,Shigella_sonnei_ATCC_29930.fasta,5130756,79df7aac0a946b8ed5039ca4a1f0f5a7ab34d27af2b33facb869975012404ea6,Shigella_sonnei_ATCC_29930.pt,8160571,58677243231dec8dd5db7ed9f14a88a3152202b782ffa13d9c51298889e6ce6e,False,True,False
29934,Salmonella enterica subsp diarizonae,ATCC FASTA archive,ATCC 29934,Salmonella_enterica_subsp_diarizonae_ATCC_29934.fasta,5279143,c1bcd800ac1fa524bc50f63d1c919b4f44e5da98b1206be28bc3be1c83c8097e,Salmonella_enterica_subsp_diarizonae_ATCC_29934.pt,5883364,946e04e7bb69b32fa36e6d6a8743176a5c2741e599d0d629867584b2c0f0bf71,False,True,False
29970,Staphylococcus haemolyticus,ATCC FASTA archive,ATCC 29970,Staphylococcus_haemolyticus_ATCC_29970.fasta,2614080,97ba097b31af2c951d0f613f75a0e5644696436339d87a7b14681a9defaff97b,Staphylococcus_haemolyticus_ATCC_29970.pt,4130231,03cf9db3a7c22e88188594fbf3047a8d3375ba2c2a5f06d88ca90d85a64b4d51,False,True,False
29971,Staphylococcus xylosus,ATCC FASTA archive,ATCC 29971,Staphylococcus_xylosus_ATCC_29971.fasta,2826281,95c6940c5155a074bc162b7cc4ea3259143c9b61373fdcb437fcf7bd3232cee1,Staphylococcus_xylosus_ATCC_29971.pt,4523358,5fd016c3edf86a664f0d6715f17a8f0d072e9b7760f92d881705ddab7db83b59,False,True,False
31532,Chromobacterium subtsugae,ATCC FASTA archive,ATCC 31532,Chromobacterium_subtsugae_ATCC_31532.fasta,4678950,821305bec82b37e0bb8a21c9a07ceb481b7ab64be8978f70af53cc3b4a48a912,Chromobacterium_subtsugae_ATCC_31532.pt,7554477,338781b00827ac466184d3e8cb9f600823fd1919354475f1e5d4fee4740f74a2,False,True,False
31616,Escherichia coli,ATCC FASTA archive,ATCC 31616,Escherichia_coli_ATCC_31616.fasta,5251453,650b666ac65b89f36e5be4e9eda0d54b49e4f92b0e49710d95d52bda11dff88e,Escherichia_coli_ATCC_31616.pt,7636288,064e3e8f99a999b69740546ef5685228112ba348e58bf4abeee0911ff8fe3c7b,False,True,False
31898,Raoultella ornithinolytica,ATCC FASTA archive,ATCC 31898,Raoultella_ornithinolytica_ATCC_31898.fasta,5597303,9723cef9a26c995801f0673efef70a699abff11e6fb6e3bc81a0e9d801384277,Raoultella_ornithinolytica_ATCC_31898.pt,9029042,4a42607d08ac1df9dcdcca9400262f3a430362098a4300481ed9bc3efb108679,False,True,False
33072,Lelliottia amnigena,ATCC FASTA archive,ATCC 33072,Lelliottia_amnigena_ATCC_33072.fasta,4544188,0ff81f2ed6631fc2679d4f3f9be6d25150f299fc4a1aac2acfdbc4b00c40651d,Lelliottia_amnigena_ATCC_33072.pt,7325007,a8d74d0779044ec1084714a4daa9374e37ae1725d2e55ef6311627481b536cb3,False,True,False
3308,Nocardia farcinica,ATCC FASTA archive,ATCC 3308,Nocardia_farcinica_ATCC_3308.fasta,6536427,f1cbf446bdb71859cecc68bb0652c0d1cec2321f0a8b31797260e9b0717abf6e,Nocardia_farcinica_ATCC_3308.pt,9061701,7be60d3eecdc58223b7be3f1a706abd93b134cfb8d523b55c987afef40aa8e99,False,True,False
33090,Listeria innocua,ATCC FASTA archive,ATCC 33090,Listeria_innocua_ATCC_33090.fasta,2935465,fcf1543447580fc5867cdb9664aa8023cd74ada2624c6c64751a504a17d3bb3d,Listeria_innocua_ATCC_33090.pt,4572480,c5c299b7fa62dfa6b52a8fee64714509b7f142bc22a5eb1d64c3cce87d63f845,False,True,False
33125,Vibrio splendidus,ATCC FASTA archive,ATCC 33125,Vibrio_splendidus_ATCC_33125.fasta,5968120,af4e4a88261030fd79a78401925b55219b982b172f32a6bb0be16d200104bd4e,Vibrio_splendidus_ATCC_33125.pt,6358341,df7616fcebeba79739d166c7e316404063983c2ee2bff033a6944963eded560f,False,True,False
33155,Legionella pneumophila subsp pneumophila,ATCC FASTA archive,ATCC 33155,Legionella_pneumophila_subsp_pneumophila_ATCC_33155.fasta,3517712,e04621eea43878510a39c85eca24679745c7048c24c1289c63d72a6fdc01138e,Legionella_pneumophila_subsp_pneumophila_ATCC_33155.pt,5670392,f343bfd3ebbeac2358dff438491dab0e55e2172096275c74a37b2ac0b21483a5,False,True,False
33179,Cutibacterium acnes,ATCC FASTA archive,ATCC 33179,Cutibacterium_acnes_ATCC_33179.fasta,2536344,df311dae897437606fb183b0b491d971a7dda7e3a13a28f5ce7ae7bb7c207b32,Cutibacterium_acnes_ATCC_33179.pt,4097359,577da865f3a7e0910e7c099bb40f91cf9189f924b2f66fac811e0f15e22710e9,False,True,False
33186,Enterococcus faecalis,ATCC FASTA archive,ATCC 33186,Enterococcus_faecalis_ATCC_33186.fasta,2890626,c3f241cd4aa485ba93b02e8c3138a14fde2163c8526bf8317926f01baa3e9d22,Enterococcus_faecalis_ATCC_33186.pt,4572505,24b8fcb2265140f2b107da91536708d6fe66c1db71dabb342d94959f69fb9604,False,True,False
33202,Edwardsiella ictaluri,ATCC FASTA archive,ATCC 33202,Edwardsiella_ictaluri_ATCC_33202.fasta,3897227,ac5af93a02a4e8429afe4f88681209251e446488871ef215f113a09f93264a92,Edwardsiella_ictaluri_ATCC_33202.pt,6276441,3125e23d11a9bee2bcc419a5087d08a84ae7b2cddd6aeefc27029c3f6a318a1b,False,True,False
33215,Legionella pneumophila subsp pneumophila,ATCC FASTA archive,ATCC 33215,Legionella_pneumophila_subsp_pneumophila_ATCC_33215.fasta,3478551,4275d33ee7bc49465537c320919561dc1ab11494e172634b5be2adecba21d21f,Legionella_pneumophila_subsp_pneumophila_ATCC_33215.pt,5621240,cd35ca27cc072402ecc0525deee0ddd2fe4e588e78a44a5d952a544bfa913d80,False,True,False
33216,Legionella pneumophila subsp fraseri,ATCC FASTA archive,ATCC 33216,Legionella_pneumophila_subsp_fraseri_ATCC_33216.fasta,3559377,a47b4ce9d7a133e652e9721d3473175ce5445ed800fb87a2331846d64f403720,Legionella_pneumophila_subsp_fraseri_ATCC_33216.pt,5752292,0576b7a4533c1253971858cac04074d065c986dd694213ffa24c2c48b85bf417,False,True,False
33217,Legionella bozemanae,ATCC FASTA archive,ATCC 33217,Legionella_bozemanae_ATCC_33217.fasta,4268852,beccce964c18ab4b7efd4941b93f2b5726cde75d403f68664f84cc25da8790b7,Legionella_bozemanae_ATCC_33217.pt,6374740,c14839cf0dcb5dc95374705a39df42c7340cbcb02fffbeee4921955aae8d0624,False,True,False
33218,Legionella micdadei,ATCC FASTA archive,ATCC 33218,Legionella_micdadei_ATCC_33218.fasta,3365283,8c8ff8b6e058ad624992f57b3184b4a8dea8c9862d9daa2b3d6dac4d0ac735ac,Legionella_micdadei_ATCC_33218.pt,5440847,d2f24d8b89823049170e0b93d214953ec5787aca29ff2f52e066c9a50c5ada70,False,True,False
33257,Raoultella terrigena,ATCC FASTA archive,ATCC 33257,Raoultella_terrigena_ATCC_33257.fasta,5665857,37456fdf434e29b7329c9a0a169ba2d8478a434ac977a0d37c0089df1f4a27c1,Raoultella_terrigena_ATCC_33257.pt,9143636,8c185df2b19bb59438d1eb3ea0dc5e436359700b09bd12af05b1c1109c76d7fc,False,True,False
33270,Parvimonas micra,ATCC FASTA archive,ATCC 33270,Parvimonas_micra_ATCC_33270.fasta,1705441,34447253df6d7e19e8a5e449683af21350ef9a31fd45cb9b4476e305ec7ba29a,Parvimonas_micra_ATCC_33270.pt,2753856,c5e8fb318720ec43e0b83bdefdc4fa90275590b9a1fb0d95dce91c90d44f753f,False,True,False
33277,Porphyromonas gingivalis,ATCC FASTA archive,ATCC 33277,Porphyromonas_gingivalis_ATCC_33277.fasta,2439558,5dffd8b47d2ec99e18e21f67ba7b6be0de122fabd24749aaba3b1762a59f0a4e,Porphyromonas_gingivalis_ATCC_33277.pt,3933608,d97a0011a41d011c948521ca18989059d119669d047e76cf22040fe80ccff5e1,False,True,False
33279,Legionella dumoffii,ATCC FASTA archive,ATCC 33279,Legionella_dumoffii_ATCC_33279.fasta,4174319,a911cf3a61fba83f90262fc9a0369c58f88ea9701fc855403b631ccaab3bbc8e,Legionella_dumoffii_ATCC_33279.pt,6063439,7b8a91a4183d97498a27d26495d65a2013b1335c372b79e6279060638d72fad1,False,True,False
33291,Campylobacter jejuni subsp jejuni,ATCC FASTA archive,ATCC 33291,Campylobacter_jejuni_subsp_jejuni_ATCC_33291.fasta,1646515,3b851b224df85c82eed04f426b93a5baa72b8723e2d05972e52420f0df748b07,Campylobacter_jejuni_subsp_jejuni_ATCC_33291.pt,2655701,728d735a81adae9ea2abeacceb4fa2391fd747efdf2f8b2e497fa8f6def505fb,False,True,False
33292,Campylobacter jejuni subsp jejuni,ATCC FASTA archive,ATCC 33292,Campylobacter_jejuni_subsp_jejuni_ATCC_33292.fasta,1721281,6f91a7bc057f5233e07ac6ca206ab4ffbdcc6fcaf1bf56fdcc0c00eed086d324,Campylobacter_jejuni_subsp_jejuni_ATCC_33292.pt,2786773,c2142f1ed004acc922146894c163344eecfa2d579ad650bac0ce729a75a89127,False,True,False
33304,Acinetobacter baylyi,ATCC FASTA archive,ATCC 33304,Acinetobacter_baylyi_ATCC_33304.fasta,3845514,ba07262a3850f9f46c9d9ab35899966a9550b80447370684dcda31dad62b5c55,Acinetobacter_baylyi_ATCC_33304.pt,5997908,4bb62ef9194f9dc71d74e637df046604c5c9153caca3dc22be8db7f747a63abc,False,True,False
33323,Lactobacillus gasseri,ATCC FASTA archive,ATCC 33323,Lactobacillus_gasseri_ATCC_33323.fasta,1885262,e9b906067443f111e8f488a557a656128f0aa3edbb3d9ca621f4fa97cf8c84e7,Lactobacillus_gasseri_ATCC_33323.pt,3048793,ac467262d04d1f9ea27404fc9fc5fb458c1f2bafdd854e087043b54d03a082f5,False,True,True
334,Lacticaseibacillus paracasei,ATCC FASTA archive,ATCC 334,Lacticaseibacillus_paracasei_ATCC_334.fasta,2991499,2686a2e011bacfdba7d6cac66ff5ef0c7710c01aee5f8f476df1335449436eda,Lacticaseibacillus_paracasei_ATCC_334.pt,4752818,0592331a1d938f46ed862bbf7c8457a434590063683dfe560708aa2c86f2895e,False,True,False
33400,Streptococcus pneumoniae,ATCC FASTA archive,ATCC 33400,Streptococcus_pneumoniae_ATCC_33400.fasta,2131064,50dc7bcc104abe09a4477f999e2c820bb4b8c2a409821d62dd2c7998f9e096c0,Streptococcus_pneumoniae_ATCC_33400.pt,3442088,70b678e141fdf69dbd977fe4e98fa0624ae83bce51b6c4e935ab3060dfdad9b3,False,True,False
33478,Streptococcus sobrinus,ATCC FASTA archive,ATCC 33478,Streptococcus_sobrinus_ATCC_33478.fasta,2235378,1cd2d9fedd70596620dc9f72bb4a9a79ae079e31c417642ff5f67e714a62781f,Streptococcus_sobrinus_ATCC_33478.pt,3605854,a1c1152a6f2414320ca305db41ab09350294b3412ac95f1c086efae35248be77,False,True,False
33484,Legionella longbeachae,ATCC FASTA archive,ATCC 33484,Legionella_longbeachae_ATCC_33484.fasta,4239772,a97c494bad6003c271e2122270bf2e949180621d0fe43389b6e5c7d657d1ade4,Legionella_longbeachae_ATCC_33484.pt,6620510,3bc69e4b61c9eded06c11cfd7b1621223efbf6572ccf2cda5e555fded2c3ea88,False,True,False
33495,Klebsiella pneumoniae subsp pneumoniae,ATCC FASTA archive,ATCC 33495,Klebsiella_pneumoniae_subsp_pneumoniae_ATCC_33495.fasta,5579294,1cbe57232a800c4c1a1ee40e374b6c21c21f2e5b6f23e57a0e4b13c6a8064e08,Klebsiella_pneumoniae_subsp_pneumoniae_ATCC_33495.pt,4638190,3fd9403b9ddc5820e92788a341a906475675b2758211b54a511ae4d179919c1d,False,True,False
33591,Staphylococcus aureus,ATCC FASTA archive,ATCC 33591,Staphylococcus_aureus_ATCC_33591.fasta,2984854,f2ac94ff2aa468778e814e1a22c11ff8314aad1b0164582dfd0d55ad1de5ce79,Staphylococcus_aureus_ATCC_33591.pt,4719961,8a21f4335503d463f23f2875e4435958cd0e2ef7d8fd7a12ec1ffeea3f86cae9,False,True,True
33592,Staphylococcus aureus,ATCC FASTA archive,ATCC 33592,Staphylococcus_aureus_ATCC_33592.fasta,2954491,d50757c86023e0b09daa8d52fdc7abda47116a2654caa90699f989e48360005f,Staphylococcus_aureus_ATCC_33592.pt,4769113,1edef6b65622cd692cc2c9bf228fab477d2795a9bea69dfac2e1f3483606f541,False,True,False
33593,Staphylococcus aureus,ATCC FASTA archive,ATCC 33593,Staphylococcus_aureus_ATCC_33593.fasta,2997852,0ecb91550240a4269d05641adab0d44a19a5919f17c01f69648d657800929c53,Staphylococcus_aureus_ATCC_33593.pt,4687193,7c6d444e34969a9ea38e10201d092903c805be7c7b05ab82f37f75f65f874339,False,True,False
33658,Aeromonas salmonicida subsp salmonicida,ATCC FASTA archive,ATCC 33658,Aeromonas_salmonicida_subsp_salmonicida_ATCC_33658.fasta,4958747,6e650b192c983290f79091287ac5313991a1a1aff7fef9938ed3dc36b6764b11,Aeromonas_salmonicida_subsp_salmonicida_ATCC_33658.pt,7783923,a71773891061755ee3f71ee693140ce5eaab4b36be45281840cbb4a4fd8a0695,False,True,False
33761,Legionella oakridgensis,ATCC FASTA archive,ATCC 33761,Legionella_oakridgensis_ATCC_33761.fasta,2822632,60206c386e3aede7526720da0c96b5a6ce9afb81c6e5f5d4b6fb083e0b8c2e07,Legionella_oakridgensis_ATCC_33761.pt,4474275,8f0543804bd669f8c78dc71c9a7bb65223f7b5164a26efaec6664b6ad49826b3,False,True,False
33809,Vibrio fluvialis,ATCC FASTA archive,ATCC 33809,Vibrio_fluvialis_ATCC_33809.fasta,4908353,46093ce3a81ffecaf34f1e6b19dbd6542f5f4ea0ee10701483b4c292e4972d2e,Vibrio_fluvialis_ATCC_33809.pt,5178688,7bad1044fdd324a8c512e51ee7dab27aeb4e072f098088a92b1a86b20802ebef,False,True,False
33820,Lactobacillus crispatus,ATCC FASTA archive,ATCC 33820,Lactobacillus_crispatus_ATCC_33820.fasta,2276484,ae7f5dad2de5c953e3aab9d8aaadab847447b376793ff242054d286d2931af89,Lactobacillus_crispatus_ATCC_33820.pt,3671395,43bd21d9e83e04bf5e8f62795177cbff4766279edb60dc1410bea07ce30c881e,False,True,False
33840,Vibrio diabolicus,ATCC FASTA archive,ATCC 33840,Vibrio_diabolicus_ATCC_33840.fasta,5260602,5ad9cd20e7a692205171bdf885391d33722a53e719656eaf76490c5147a3b915,Vibrio_diabolicus_ATCC_33840.pt,5375301,61aeb1d422358d15cccaebfe0c36a7d64af06ee3409f9a3effef02c1154bbcd3,False,True,False
33847,Vibrio parahaemolyticus,ATCC FASTA archive,ATCC 33847,Vibrio_parahaemolyticus_ATCC_33847.fasta,5298495,e7308170e6696b86db0dedc9d11c08e1ba5ee3b70ae21d609bb640a8f6abbdf8,Vibrio_parahaemolyticus_ATCC_33847.pt,4736419,2bb490f841c54518e10deb41b49cb2837a0f35f0b2bc3ff21e15d3c3f0e6112b,False,True,True
34438,Ogataea polymorpha,ATCC FASTA archive,ATCC 34438,Ogataea_polymorpha_ATCC_34438.fasta,9169924,f0724640830ae28f47596dfb9ec812d2e76b8d3be02ec3b19f52f4d69c6201cb,Ogataea_polymorpha_ATCC_34438.pt,2508106,9ee27dc5eea44deb27bc289091673f0133ae60d7b50ac584d2606d64ee6060fb,False,True,False
34449,Candida lusitaniae,ATCC FASTA archive,ATCC 34449,Candida_lusitaniae_ATCC_34449.fasta,12392876,4d077f4f31de092f53be02c34eda7dddb88d32d67cad676846d63d590581c697,Candida_lusitaniae_ATCC_34449.pt,4539722,b7b03327b47f7a3094fa17fdec52f5e1db1247ea4a9f5f74e1edb6985309f8bc,False,True,False
35029,Klebsiella aerogenes,ATCC FASTA archive,ATCC 35029,Klebsiella_aerogenes_ATCC_35029.fasta,5380946,eda347e71c6c0632aea921dacf9822fdf06a395159a3391914801e59936d8648,Klebsiella_aerogenes_ATCC_35029.pt,8668500,05e56bb0d28f07d195cbe4e0a289ab8b0c287ee92f080bc94ac1c3e03706d3d3,False,True,False
35030,Enterobacter cloacae subsp cloacae,ATCC FASTA archive,ATCC 35030,Enterobacter_cloacae_subsp_cloacae_ATCC_35030.fasta,4844059,ae904da0966a1db23d9a528852484a917be87233bfe52966b512236ac2b86dc4,Enterobacter_cloacae_subsp_cloacae_ATCC_35030.pt,7800282,ca37454c2636a990f467e20a2ea96488997fabde5f3d6c70be00903d8d386f15,False,True,False
35032,Pseudomonas aeruginosa,ATCC FASTA archive,ATCC 35032,Pseudomonas_aeruginosa_ATCC_35032.fasta,6976323,6e299511025d878ea384943369f152f3170f7840137584a2572a8aa50c6887d1,Pseudomonas_aeruginosa_ATCC_35032.pt,11257182,e3a4ebd5c4d5ecc0be642162cf9c766435a39d46f637dd2db2f424002c64b208,False,True,False
35037,Streptococcus oralis,ATCC FASTA archive,ATCC 35037,Streptococcus_oralis_ATCC_35037.fasta,1964278,e4032301c6689c6c17b2fc96ac4af8a839f6247ffef927c9800b03ca5724e7d7,Streptococcus_oralis_ATCC_35037.pt,3179860,23d45b3a86526b718dcc0b3dc71894e21d0b27033f4cbf7dc6899f57a59f3d07,False,True,False
35072,Legionella feeleii,ATCC FASTA archive,ATCC 35072,Legionella_feeleii_ATCC_35072.fasta,3767522,6388596ff325cba8538e31b6e239e502b364ab6e775b0f5c1e2fcbc3e1fd00f7,Legionella_feeleii_ATCC_35072.pt,5670218,be815f76d45c7db116a7971bb1aa77e2fc985fe99a7a222c8046845ae536c457,False,True,False
35105,Streptococcus gordonii,ATCC FASTA archive,ATCC 35105,Streptococcus_gordonii_ATCC_35105.fasta,2233388,0168608fc302d107a5acb8d31e8d5ee8af4e58f3861c738593a49f9cec5a6c26,Streptococcus_gordonii_ATCC_35105.pt,3605854,2023e12095f74cbca36384295aa1f35ea4cca686337dfc8f14d2c3ac363151dc,False,True,False
35150,Escherichia coli,ATCC FASTA archive,ATCC 35150,Escherichia_coli_ATCC_35150.fasta,5643816,bcb834f65c673fb5bac280cdac8495e8738debd32ff5a3b08c5741371045fbde,Escherichia_coli_ATCC_35150.pt,8930624,6fa945a016f530a6174187ec7e128b6bc9abd57fd29b99e2147095c0a2a1198e,False,True,True
35151,Pseudomonas aeruginosa,ATCC FASTA archive,ATCC 35151,Pseudomonas_aeruginosa_ATCC_35151.fasta,6574212,e8ba73a15090e4400ed693e84d1e54d9577d8306d0199badd9b978956a87f010,Pseudomonas_aeruginosa_ATCC_35151.pt,10601822,2a360902a1d7e359850ebc252b67fc2e02b18829106028a18ac4b6257e9e8316,False,True,False
35152,Listeria monocytogenes,ATCC FASTA archive,ATCC 35152,Listeria_monocytogenes_ATCC_35152.fasta,2956855,d6e71a008c847020cb1ef8b10069c0d2a96cc92b5f34e2ec2072a36d1d57915b,Listeria_monocytogenes_ATCC_35152.pt,4769118,3a46ff47487adf62931162878fac7142d625499f451cecafb5549bd8f722d115,False,True,False
35218,Escherichia coli,ATCC FASTA archive,ATCC 35218,Escherichia_coli_ATCC_35218.fasta,5236560,f4f00fc7b84d5f1431620252c0199e88814873fe23ca93d2fed07d6d53478e8e,Escherichia_coli_ATCC_35218.pt,8389952,69990ff00bb5d04c84449c7e2a91021884983f2de11f15ba59fe4187935a393f,False,True,True
35556,Staphylococcus aureus,ATCC FASTA archive,ATCC 35556,Staphylococcus_aureus_ATCC_35556.fasta,2877125,75e606aaf796c6d5c51cff65cf5209134ee9d72b6b76f142b375a7abd78d3265,Staphylococcus_aureus_ATCC_35556.pt,4572505,032dacf59b9a265cfa7b86c38b45efa5cac3383e3ad86ac7b5ba079f90b18227,False,True,True
35624,Aeromonas veronii,ATCC FASTA archive,ATCC 35624,Aeromonas_veronii_ATCC_35624.fasta,4670463,9042b2979de0fb280d3507b045fd2832506a11f8644ed87ad6093156fd66a978,Aeromonas_veronii_ATCC_35624.pt,7537989,221fc447b03502d3ae2cc758eed5a09f0ba15bdcd57c382baac2e2a5c3ed01d0,False,True,False
35654,Aeromonas hydrophila,ATCC FASTA archive,ATCC 35654,Aeromonas_hydrophila_ATCC_35654.fasta,4812678,f2dcc55ffa76cb957d313e596266e9dd3f9d66199e99e5f7324b2ddb93e6e21b,Aeromonas_hydrophila_ATCC_35654.pt,7767380,a0bec5684cb539fca3c4c9624041fb6eeeee7ab61942ffc5937edf4b16bfcf76,False,True,False
35657,Klebsiella pneumoniae subsp pneumoniae,ATCC FASTA archive,ATCC 35657,Klebsiella_pneumoniae_subsp_pneumoniae_ATCC_35657.fasta,5477966,b8cd06f0ea9f8ecbae2ab8fd3679319ea4d53cb0598b7a44faad86a9cd3ae523,Klebsiella_pneumoniae_subsp_pneumoniae_ATCC_35657.pt,8570350,77ec6feb3cfd541598effbd7789dcf6812d59594c90e29ea33c2a3f01b63281e,False,True,False
35659,Proteus mirabilis,ATCC FASTA archive,ATCC 35659,Proteus_mirabilis_ATCC_35659.fasta,4019813,f7a0e8d38abb3525cdd712fce60e7fac86a75fce3c4c25bd8de75073db9bf612,Proteus_mirabilis_ATCC_35659.pt,6489413,ef9868f47942a2849d385d1ba581f40e95862ddf0f94c60a778d193eaf0c50e6,False,True,False
35667,Enterococcus faecium,ATCC FASTA archive,ATCC 35667,Enterococcus_faecium_ATCC_35667.fasta,2486530,fdcd96b4917b8888a8ad2d01c284feccdfbb30dd69aa810f6449440c7c629571,Enterococcus_faecium_ATCC_35667.pt,4015444,954453beb947703a4b26d8ebdf35446f02eb4daae0cdecd01c10a149f59245e7,False,True,False
35668,Streptococcus mutans,ATCC FASTA archive,ATCC 35668,Streptococcus_mutans_ATCC_35668.fasta,2037343,0b831fecc2f30795ee9282d32b1d5798fb9faae0e1574da753e52732b7ac909b,Streptococcus_mutans_ATCC_35668.pt,3294548,11b01e364d31df0a4e5e4f849a65bc20aeff2db164d5371f80500fc0678951f3,False,True,False
35734,Mycobacterium tuberculosis variant bovis BCG,ATCC FASTA archive,ATCC 35734,Mycobacterium_tuberculosis_variant_bovis_BCG_ATCC_35734.fasta,4419533,303166e72bf143dcc2ed86072d1a35e58992edff553b9299560098f17542ce4e,Mycobacterium_tuberculosis_variant_bovis_BCG_ATCC_35734.pt,7128652,fdd15664e69a01deab1d67fc771c55011aa90dc619e187275900453ffa15a552,False,True,False
35752,Mycobacterium chelonae,ATCC FASTA archive,ATCC 35752,Mycobacterium_chelonae_ATCC_35752.fasta,5081178,6de14fc90193a46693fb6d8c6f559bdf876de20c76c516467e9ad27c64cf1bc7,Mycobacterium_chelonae_ATCC_35752.pt,4162910,fed77b7d704e2f5dcb8adf183ae9b84ee99018328ba376aa7d1f7be8c82887f4,False,True,False
35822,Mycobacterium tuberculosis,ATCC FASTA archive,ATCC 35822,Mycobacterium_tuberculosis_ATCC_35822.fasta,4439695,e0e67cfea1a711aba353bc058eecef09039b547f2c8f4324e26e9c3272a29fb0,Mycobacterium_tuberculosis_ATCC_35822.pt,7161266,11f8a173a67dab7a3541f9af10509a733e0e37c136a55f9ac8ccac057c5a40ad,False,True,False
35838,Mycobacterium tuberculosis,ATCC FASTA archive,ATCC 35838,Mycobacterium_tuberculosis_ATCC_35838.fasta,4490252,bf685ef2840757cd8150a9afd7659571744968899be68a869fc559daf1d9e4ef,Mycobacterium_tuberculosis_ATCC_35838.pt,4359602,0030ccf244ccaacf472d0ddac777156dc8c4f13744924adb92e1e72bd439e12b,False,True,False
35897,Listeria welshimeri,ATCC FASTA archive,ATCC 35897,Listeria_welshimeri_ATCC_35897.fasta,2861116,e2217ed26abb89830e9b823e7b4e1192bbbf99a42a844541c8957c6d7feaa863,Listeria_welshimeri_ATCC_35897.pt,4621647,c707f847a8eaceaba5a9a4ebd0811f2eaa444af2015c9a610a7d826c9a09c31d,False,True,False
35937,Xanthomonas vesicatoria,ATCC FASTA archive,ATCC 35937,Xanthomonas_vesicatoria_ATCC_35937.fasta,5439346,847b0e888a5c4f0e6c3bb6f9448c20b30dbc6a2495fae62200f2567bf5ea9e06,Xanthomonas_vesicatoria_ATCC_35937.pt,6309283,70b19f21db218d8d6fd1b71446fdf6dfc95a5b65b808fe69ba6643350b355c07,False,True,False
35967,Listeria seeligeri,ATCC FASTA archive,ATCC 35967,Listeria_seeligeri_ATCC_35967.fasta,2845716,fc6bd191cb972505c6b470ef6113222ab91c300bb6c5bc232518aa13f30cdbf0,Listeria_seeligeri_ATCC_35967.pt,4064586,7486f92b537693cbf6acac70a68833bea51d96eb134d99f0be7ab898cc178994,False,True,False
35983,Staphylococcus epidermidis,ATCC FASTA archive,ATCC 35983,Staphylococcus_epidermidis_ATCC_35983.fasta,2704560,947e5511bb3c7b851e2ae8034decab74ebfca010c549a25d760b4e8806a98b70,Staphylococcus_epidermidis_ATCC_35983.pt,4244914,de40efc9979faa3fb64b95e4a0609919af5295f20428575fbbf093eec10bda19,False,True,False
35984,Staphylococcus epidermidis,ATCC FASTA archive,ATCC 35984,Staphylococcus_epidermidis_ATCC_35984.fasta,2685112,3bfc373c71445edeb662d3ac1ce5e8968a89ab88e94fe299d8e05d6d9aed0cf8,Staphylococcus_epidermidis_ATCC_35984.pt,4294066,65c669af834b27d94b3d8a8ed2cbb812a89cc0dcc68bd0e4e972f66eed25c312,False,True,False
36031,Fusarium keratoplasticum,ATCC FASTA archive,ATCC 36031,Fusarium_keratoplasticum_ATCC_36031.fasta,50087291,a05a4750d3212dae34a120518509b0b8ac02c19fa5c4574c1a35b6e7eb12510f,Fusarium_keratoplasticum_ATCC_36031.pt,10765736,97e3bdcfe2ee20edf3f0d22baaab97de3e4ec1c2e0b4035620f7fcb3edebf9d2,False,True,False
3624,Clostridium perfringens,ATCC FASTA archive,ATCC 3624,Clostridium_perfringens_ATCC_3624.fasta,3301681,31e2f65d6b55bc51a5c10660e11a03ffc414d9c1f886e614d34dcacdf03ccb05,Clostridium_perfringens_ATCC_3624.pt,5326174,50e41fe0acec25199ab96574e1dee951bebfd498980bde970a56fd9b535c388e,False,True,False
3626,Clostridium perfringens,ATCC FASTA archive,ATCC 3626,Clostridium_perfringens_ATCC_3626.fasta,3878804,4bdad2e2aabfc7295a485e89a2f8841eabc4d1c6a4231a0ec86dbe6f0805d2a5,Clostridium_perfringens_ATCC_3626.pt,5735774,67380d7625417485ab50918d08ec6bb61b697f3288bdfd72bb493bbbca34a3c8,False,True,False
373,Corynebacterium xerosis,ATCC FASTA archive,ATCC 373,Corynebacterium_xerosis_ATCC_373.fasta,2741283,75b407efce95e437980c281b612f6907e4ae30a2b5b4dfc12c6df72ec9164a4b,Corynebacterium_xerosis_ATCC_373.pt,4425049,af01b59b7fb7c28a7217acd8235fa890787c7f719c94343e9029cb281615d541,False,True,False
39006,Serratia sp,ATCC FASTA archive,ATCC 39006,Serratia_sp_ATCC_39006.fasta,5048234,a1b25fca3bb784e7d52469fbedd8670b05b13da886d56ce75a14042d219d0300,Serratia_sp_ATCC_39006.pt,8144167,552283b7322a3f66424d822e05c186fb84ca577405b814bfa4fa28f0f11d82c2,False,True,False
39183,Salmonella enterica subsp enterica,ATCC FASTA archive,ATCC 39183,Salmonella_enterica_subsp_enterica_ATCC_39183.fasta,5076582,a356af23c59bf6a2e92294eb1f05eba8981aa95afa35a2bcccdbae7c4f21f9de,Salmonella_enterica_subsp_enterica_ATCC_39183.pt,8046042,22493c4d37363473ce3a057df72ebf30560cbc3bf73e959d42a3394678a77671,False,True,False
393,Lacticaseibacillus casei,ATCC FASTA archive,ATCC 393,Lacticaseibacillus_casei_ATCC_393.fasta,3018667,699bc172ae90e7834c4152d64600018cb303b694211371d507a973bc171f2e8d,Lacticaseibacillus_casei_ATCC_393.pt,4834654,1e42f2ff5b47f0da7fe3db4ece9f70891c6b3b84306fad9fb08424915b72da4e,False,True,False
4157,Escherichia coli,ATCC FASTA archive,ATCC 4157,Escherichia_coli_ATCC_4157.fasta,5328930,aef3e73de945441bb17b31b651a5231ce7a2cf0a3ce2a4a67eeb9724190fc3dd,Escherichia_coli_ATCC_4157.pt,8357179,310b0dd5a1e4603de04539c390b1ef7b5ca3a61239449ce83110d4dbba87b0cf,False,True,False
42132,Malassezia sympodialis,ATCC FASTA archive,ATCC 42132,Malassezia_sympodialis_ATCC_42132.fasta,7857915,31ee7295c66aec8da761dc6abc89a4a698b94bd39a6de7c8f11fad94e0b4ff32,Malassezia_sympodialis_ATCC_42132.pt,2475358,aab34f352a9ac90044ffbc310cbad41467ba5fde924a26901d58f975f16e2e34,False,True,False
43069,Neisseria gonorrhoeae,ATCC FASTA archive,ATCC 43069,Neisseria_gonorrhoeae_ATCC_43069.fasta,2270564,6571ce90a418c934fc353a6ae5c65c306eb960fe3f24401bb1398e0ea3b11ef4,Neisseria_gonorrhoeae_ATCC_43069.pt,3655001,57ff0beccc5dbdc696576eb13e9613180cc324a6f01d4c9e49bd8b0a6706879f,False,True,False
43078,Streptococcus dysgalactiae subsp dysgalactiae,ATCC FASTA archive,ATCC 43078,Streptococcus_dysgalactiae_subsp_dysgalactiae_ATCC_43078.fasta,2187087,fc5ec621b0ff9fcdca14209169c5c237a80b3a48da19657c6389fcc46007ed6a,Streptococcus_dysgalactiae_subsp_dysgalactiae_ATCC_43078.pt,3524177,67dc0743cf7d5a3c517a2c58866ac413696576b7a3e86eaca60c2453f9c7febf,False,True,False
43079,Streptococcus equi subsp zooepidemicus,ATCC FASTA archive,ATCC 43079,Streptococcus_equi_subsp_zooepidemicus_ATCC_43079.fasta,2133107,db582d9f8ecb16fef29f6f4392de6a8630c6db704a6dc89dfe7df517c794112c,Streptococcus_equi_subsp_zooepidemicus_ATCC_43079.pt,3442158,e514edcef55819454898f8b6930799d581e5ebfefff133e15cad6b65bce39e00,False,True,False
43086,Klebsiella michiganensis,ATCC FASTA archive,ATCC 43086,Klebsiella_michiganensis_ATCC_43086.fasta,6076255,c97d6712b806841987d59f7fe15cd3fab74859d323abf87ff1efc394a2349570,Klebsiella_michiganensis_ATCC_43086.pt,9520552,87fb9ceb3f929d5a67af52b158065882da5410576f1d6464096f333d72a2b662,False,True,False
43137,Pasteurella multocida subsp multocida,ATCC FASTA archive,ATCC 43137,Pasteurella_multocida_subsp_multocida_ATCC_43137.fasta,2308906,e629685880d42a9b7a6e80d7ab11306c3b0417989b01147c13fc4b158684bc53,Pasteurella_multocida_subsp_multocida_ATCC_43137.pt,3737065,210864975b74c2687c65ba1d875e02a67185cfbb87e90e7efe38e8c2112dccfe,False,True,False
43255,Clostridioides difficile,ATCC FASTA archive,ATCC 43255,Clostridioides_difficile_ATCC_43255.fasta,4385267,47e81c0254c34edc92d3b53f04dbd7376be8ff198f10f7e46caf5d57858ef878,Clostridioides_difficile_ATCC_43255.pt,6030760,8d3b9e9159cad2348bd2e0bd8fe2ff44f2fea780ebfa990276b0b42c4059d04a,False,True,False
43300,Staphylococcus aureus,ATCC FASTA archive,ATCC 43300,Staphylococcus_aureus_ATCC_43300.fasta,2996019,2de06ff0791fa34130325b749a0c1d04d5c195f8ecb4e6074ecdafdafa00d415,Staphylococcus_aureus_ATCC_43300.pt,4752729,7ea05c00c28c79cc4d0fe41a22124d7db1da44774621f036d42382776eb9de9d,False,True,True
4342,Bacillus tropicus,ATCC FASTA archive,ATCC 4342,Bacillus_tropicus_ATCC_4342.fasta,5395278,065dfe1e404d08886916b27097e631366fb280854d544f947592119f0f302cd2,Bacillus_tropicus_ATCC_4342.pt,8635712,7cbc674d3a9ab81d1ecab0ba42c34f070d564c040a5e0e4b9bd4e56e41da3e58,False,True,False
43504,Helicobacter pylori,ATCC FASTA archive,ATCC 43504,Helicobacter_pylori_ATCC_43504.fasta,1709001,b37226c0626c6cbe84acdac360e699ba4fbc5f96c9cb09ea1f9c71cbccf4096a,Helicobacter_pylori_ATCC_43504.pt,2770255,f8a55969527f09a650afc17e7641bc45696cd2618e19caf3cf9d402e4e327ce1,False,True,False
43526,Helicobacter pylori,ATCC FASTA archive,ATCC 43526,Helicobacter_pylori_ATCC_43526.fasta,1709024,5a2c7e4ae7293acf13f07fbd90a0543d4dcbc49227ae86af051f776f191f605a,Helicobacter_pylori_ATCC_43526.pt,2770255,7dbbe5cd9799f0e0316c1d67664d1b1ef8222f9d27dee777899d3abafb837922,False,True,False
4356,Lactobacillus acidophilus,ATCC FASTA archive,ATCC 4356,Lactobacillus_acidophilus_ATCC_4356.fasta,2011918,dffc23b657a5ef0badd7bca7f7124c52bec0ee0c445551f21e2e247a67627775,Lactobacillus_acidophilus_ATCC_4356.pt,3245480,5bba6136355c8fd40a9ee56448011201303d3d932c42570a9cac2d74408a5767,False,True,True
43598,Clostridioides difficile,ATCC FASTA archive,ATCC 43598,Clostridioides_difficile_ATCC_43598.fasta,4241599,cc1cc871f6752bd7e3d28c90bc9e488ac20c17cd1cdaa44a84a9093022f3b238,Clostridioides_difficile_ATCC_43598.pt,6849960,e1853abf3c573856642da66e35f250e8fab5139cbe4740f1bcb2ab09fa96304b,False,True,False
43629,Helicobacter pylori,ATCC FASTA archive,ATCC 43629,Helicobacter_pylori_ATCC_43629.fasta,1802480,ef51d244b6282d2c400b39f947f1b35127e8db848ea64bec05ce428ef673b047,Helicobacter_pylori_ATCC_43629.pt,2786639,47d6853a52dce51e14381482652f9ef3ada3f62df6611e6f7da43297c6c1284b,False,True,False
43809,Staphylococcus lugdunensis,ATCC FASTA archive,ATCC 43809,Staphylococcus_lugdunensis_ATCC_43809.fasta,2582752,074386f1a92b7e45fd1b52dc743c11a46eb48fecbd3dd31b0c070c5f33bbae5c,Staphylococcus_lugdunensis_ATCC_43809.pt,4179378,4641a2a88538281f990eb47b99a0113ab389a49c8a6c31c14e786f2f5f00ae1e,False,True,False
43816,Klebsiella pneumoniae subsp pneumoniae,ATCC FASTA archive,ATCC 43816,Klebsiella_pneumoniae_subsp_pneumoniae_ATCC_43816.fasta,5452166,d1606073e1fe52a9f6db49b626fde28abc90e222dfe310f6b2e8c577af1b0e96,Klebsiella_pneumoniae_subsp_pneumoniae_ATCC_43816.pt,8799726,b358d14902f529eb635fc7af1a6c111af70b60462653edb78d1b04f569dee704,False,True,True
43827,Escherichia coli,ATCC FASTA archive,ATCC 43827,Escherichia_coli_ATCC_43827.fasta,5001620,d22174712be51603741363bf7d939012c0bf4b05408f8b36b3b069635c2f4bd1,Escherichia_coli_ATCC_43827.pt,8045888,6e544cf2b57c7a3ebb2ed05028e18bfdf5aba824d9e08d09debfeff83ce25152,False,True,True
43894,Escherichia coli,ATCC FASTA archive,ATCC 43894,Escherichia_coli_ATCC_43894.fasta,5606780,0a14e267cbf7e04840bf4f0f75e669489060586df959f8f2544a7b278896bcfb,Escherichia_coli_ATCC_43894.pt,5768512,c8f1482ea195342f32f41e9fd18bb8b7c260d83280ff5e2f50cc816451e668e1,False,True,False
43895,Escherichia coli,ATCC FASTA archive,ATCC 43895,Escherichia_coli_ATCC_43895.fasta,5612465,51893d5faebc1baa4a2bf56bec63b59abc349a5d760f144c14d82a927689c186,Escherichia_coli_ATCC_43895.pt,7324992,64cf961496b58990f524302a0e9f6b794cbbe9e3160564228f2fe9ba534ddabe,False,True,True
43971,Salmonella enterica subsp enterica serovar Typhimurium,ATCC FASTA archive,ATCC 43971,Salmonella_enterica_subsp_enterica_serovar_Typhimurium_ATCC_43971.fasta,5032902,fd7e2d182fe018fcc1af1709e93e757879805ae47d83c3261668c46794d71109,Salmonella_enterica_subsp_enterica_serovar_Typhimurium_ATCC_43971.pt,7865982,805a0c68725cffed227dc705ad85309b8c2b82886b7ff89178732ed281ea51fd,False,True,False
43979,Aeromonas sobria,ATCC FASTA archive,ATCC 43979,Aeromonas_sobria_ATCC_43979.fasta,4871968,c23b7633a7fddc842c7838a7993afed2ae49ca08621508f45ffc464e5dd79f41,Aeromonas_sobria_ATCC_43979.pt,7849280,08ada828a169d78e19e220c725311a1dc01b62b27aea98328d4054107a18cde3,False,True,False
4698,Micrococcus luteus,ATCC FASTA archive,ATCC 4698,Micrococcus_luteus_ATCC_4698.fasta,2501735,0ec4505b5b46824599d1757df8cdc653998af962c2c99a725e74026543cb3ae5,Micrococcus_luteus_ATCC_4698.pt,2770245,9fdf266cd01e320b034948dda790cb0cc971c3c348eef487e2116a072eb1d61c,False,True,True
47076,Escherichia coli,ATCC FASTA archive,ATCC 47076,Escherichia_coli_ATCC_47076.fasta,4716364,162e4ee799a5b55adfef99ddde869c4dc939f586f946cc570f0a8bef5747da45,Escherichia_coli_ATCC_47076.pt,7603520,b182f209dff49af604a0ee20634e8c1dde3d15200a49026be6ced78d9d2e16f8,False,True,True
47077,Enterococcus faecalis,ATCC FASTA archive,ATCC 47077,Enterococcus_faecalis_ATCC_47077.fasta,2784283,ea44c8b391549414404da97c146715ff2750ed87b54e8878e47d04eab69dae52,Enterococcus_faecalis_ATCC_47077.pt,4490585,9130ba37fb752c5ee9827d787c3fded2d4d5ab7777ef10a0086204e91356fc4b,False,True,False
47085,Pseudomonas aeruginosa,ATCC FASTA archive,ATCC 47085,Pseudomonas_aeruginosa_ATCC_47085.fasta,6402352,d3065f5614c826c11352651b2c9d2b74f7e3393b4234f6580fc45925c7cd2b17,Pseudomonas_aeruginosa_ATCC_47085.pt,10290526,63c0f45005a82219bd3d18887ce92195cc8ec0b76d4dd248106e27cdcbd06c7b,False,True,True
4875,Acidipropionibacterium acidipropionici,ATCC FASTA archive,ATCC 4875,Acidipropionibacterium_acidipropionici_ATCC_4875.fasta,3724309,52f6c9a175b7654e13a9e2182ce9a389b5c0fec04b4d9baa1952e6058d7d5e02,Acidipropionibacterium_acidipropionici_ATCC_4875.pt,5998057,0a268f9b7b6d4ae91d0fe892a20367fbdeb176b676ff2b71c15fd06d754a01d9,False,True,False
49025,Alicyclobacillus acidoterrestris,ATCC FASTA archive,ATCC 49025,Alicyclobacillus_acidoterrestris_ATCC_49025.fasta,4422414,e14b499fd8f063fec4e2254d3fc0f8451ef0cb84ea2f23f41efd41c3c3637a2d,Alicyclobacillus_acidoterrestris_ATCC_49025.pt,6931920,5db315c676f23375c3f1758a1edcecf4c80c13fd4e872c99ce066aaa0b269074,False,True,False
49046,Prevotella intermedia,ATCC FASTA archive,ATCC 49046,Prevotella_intermedia_ATCC_49046.fasta,2756545,f65c1461f794d10c7e7f18aa44913060629b06b285dd2d2c1c0fd215751f17f5,Prevotella_intermedia_ATCC_49046.pt,3392857,8f06acf7f830c9d274c43df76514d6a455a742883f296873a0ad16dad01603df,False,True,False
49064,Bacillus cereus,ATCC FASTA archive,ATCC 49064,Bacillus_cereus_ATCC_49064.fasta,5523098,a2809a1f60b68bd18ca2debcf8e1e4750b38726b7602db6e9d5a1201c7fd566c,Bacillus_cereus_ATCC_49064.pt,8766779,0252db72f70025a8d7896cf526294e9cff48fde891267d2019093637d97af50b,False,True,False
49128,Pseudomonas putida,ATCC FASTA archive,ATCC 49128,Pseudomonas_putida_ATCC_49128.fasta,6188567,6a60b415bbad95c6b926bbe67ca4f2dc63f3e77e5d0a34bc6a0a3c1f9170d564,Pseudomonas_putida_ATCC_49128.pt,9979210,2ccfccc4dd4802ae369f1207e363bcab2c34e61ba96f1b365c324358a7b7c043,False,True,False
49131,Klebsiella oxytoca,ATCC FASTA archive,ATCC 49131,Klebsiella_oxytoca_ATCC_49131.fasta,5962484,fe4c09a9314ca8bf81b03f775507ee22a9fc26130c41ab09d11833e3d97d7a8e,Klebsiella_oxytoca_ATCC_49131.pt,9618762,60df398afd49bd4ecd9cab8e99b1c3bbdb24323946c1e2576473c6f2e00388f9,False,True,False
49132,Proteus vulgaris,ATCC FASTA archive,ATCC 49132,Proteus_vulgaris_ATCC_49132.fasta,4063450,a927513886c926f9d202627fcb84bf919045ec920afdf8cb053f7f826d01464e,Proteus_vulgaris_ATCC_49132.pt,6554944,17700176dfd7079f3f7465338c179b626e6273a960e02380048b119d30a574c1,False,True,False
49138,Shewanella haliotis,ATCC FASTA archive,ATCC 49138,Shewanella_haliotis_ATCC_49138.fasta,4931972,4f6083b5cab30f67002e52ad292c19eb3b3a7ca618a60450fb2f0f15d2fc19c2,Shewanella_haliotis_ATCC_49138.pt,7963983,e9cdf609d371338c4962c2a4eefe9b5763e23bfc6c6746f9b37d3ebb24c94beb,False,True,False
49140,Aeromonas hydrophila,ATCC FASTA archive,ATCC 49140,Aeromonas_hydrophila_ATCC_49140.fasta,4966309,4ed3d5d1868f093f0d8abaa3869e6fbbd58d61e63491a7677f440e94ab8d1ba1,Aeromonas_hydrophila_ATCC_49140.pt,8013140,741b1a9f74e647fed50d0a3a713d667d7de3ba15c26c1f3f4d4e1435744d00dc,False,True,False
49141,Enterobacter ludwigii,ATCC FASTA archive,ATCC 49141,Enterobacter_ludwigii_ATCC_49141.fasta,5025409,f7594feb4f93df0a7b4af0335517a9b97fef05b4dfbfbeeb1423855d91e70e32,Enterobacter_ludwigii_ATCC_49141.pt,7914841,fa40ede1202118437bd7e535f66178df7002deaca2b39a34424684eaaef520b8,False,True,False
49145,Gardnerella vaginalis,ATCC FASTA archive,ATCC 49145,Gardnerella_vaginalis_ATCC_49145.fasta,1745279,98e8409a1a289d7034c864f2f4a9d7de50d900b2452acc662c0b4f87f256c0b0,Gardnerella_vaginalis_ATCC_49145.pt,2819417,e18d07da0de03d3d35fbe12e4a27e7b68d9ec10f522bbe239b164b8e940ca904,False,True,False
49147,Streptococcus gallolyticus,ATCC FASTA archive,ATCC 49147,Streptococcus_gallolyticus_ATCC_49147.fasta,2443687,7976a04b77c919eb33e47ca63d61bb0ae7a944fcd2c549667218875d07ceb7ba,Streptococcus_gallolyticus_ATCC_49147.pt,3950002,17872d0c14fd021b509c03526b383a2847321e139862850740292212be7cd39f,False,True,False
49226,Neisseria gonorrhoeae,ATCC FASTA archive,ATCC 49226,Neisseria_gonorrhoeae_ATCC_49226.fasta,2203829,d098b2630c926f9ae31b9dc2579db04b841b7c41b970526bba2da23d1c8126b6,Neisseria_gonorrhoeae_ATCC_49226.pt,3556697,56f4dddb6079f660fa43487e07e1ce635181105fd95e1cd348ee970c12c45d90,False,True,False
49230,Staphylococcus aureus subsp aureus,ATCC FASTA archive,ATCC 49230,Staphylococcus_aureus_subsp_aureus_ATCC_49230.fasta,2845357,e19a7275d55329667f6046bb3dc0c25084abcb38d0dcf211e6d4da4f7032bb80,Staphylococcus_aureus_subsp_aureus_ATCC_49230.pt,4589018,2c9a9ffa526d32be2003478a11f71ff0c066b90e34e53b8421b5ce48f8093dc6,False,True,False
49247,Haemophilus influenzae,ATCC FASTA archive,ATCC 49247,Haemophilus_influenzae_ATCC_49247.fasta,1896451,1b6c0382e6dc41c8da2c36bbecce1fd3cc732cd546d85df1b365861682d56f29,Haemophilus_influenzae_ATCC_49247.pt,3065182,ebeeac4ebcda4451e1c1f65fe95073c7ba5d1ad283a001baa0058837ffdd2815,False,True,False
49256,Fusobacterium nucleatum subsp vincentii,ATCC FASTA archive,ATCC 49256,Fusobacterium_nucleatum_subsp_vincentii_ATCC_49256.fasta,2218950,4d2b818d93e46e74c99fbd70d29ada1d5064c0168da6dcc5342f1a151a9381a5,Fusobacterium_nucleatum_subsp_vincentii_ATCC_49256.pt,3589619,fd5cf418c66bc940d5a0ad1d7adadf45235ce5851bf6ff5df2ce370240dec38e,False,True,False
49399,Streptococcus pyogenes,ATCC FASTA archive,ATCC 49399,Streptococcus_pyogenes_ATCC_49399.fasta,1918631,93b8cb6e1d50e67eaae68db7cb757c570073762373385ef745060fac25d279ca,Streptococcus_pyogenes_ATCC_49399.pt,3097950,3cddac8a200c5894af8d2114b74a696213eb78337977e752fe240dbcc538b44a,False,True,False
49417,Porphyromonas gingivalis,ATCC FASTA archive,ATCC 49417,Porphyromonas_gingivalis_ATCC_49417.fasta,2565154,48d22ce3c3d9ef28755ee591f8acb43c8117f1ae08eb7f2663391879ecd000d8,Porphyromonas_gingivalis_ATCC_49417.pt,4146600,6f0ee63976bb45942dd1d79489fde14ef341ed1916985ed765e9e5adea7848db,False,True,False
49453,Staphylococcus saprophyticus,ATCC FASTA archive,ATCC 49453,Staphylococcus_saprophyticus_ATCC_49453.fasta,2629906,a2f56d1b7f90b1ba499aa6a5c9baa2c919caf81fb9c04ae4182706f27e6e8043,Staphylococcus_saprophyticus_ATCC_49453.pt,4163004,bc3d8de6d09fa5d567e402cc7d03ddbb83c7f92dc362f166cb5c1482af134f3b,False,True,False
49454,Staphylococcus warneri,ATCC FASTA archive,ATCC 49454,Staphylococcus_warneri_ATCC_49454.fasta,2483700,1f3279f9ad66dbcb145ac14a4b401bf1770f5fa460251d91a5e15e4592042f1a,Staphylococcus_warneri_ATCC_49454.pt,3982686,4a7b405120deea076b7fa0898a2d328929ab7fb6ebef2d77f22f11d4de46c5e5,False,True,False
49472,Klebsiella pneumoniae subsp pneumoniae,ATCC FASTA archive,ATCC 49472,Klebsiella_pneumoniae_subsp_pneumoniae_ATCC_49472.fasta,5654499,25e4ba97f7ece5d03594568c1c98e2ea3cbdf1a0fdb28409b3604d0fda390749,Klebsiella_pneumoniae_subsp_pneumoniae_ATCC_49472.pt,8488430,18a23b1d7dc4bb915e3531cf3b2a8e673b832cd1ab15ba869090d2038592b4ce,False,True,False
49525,Staphylococcus aureus,ATCC FASTA archive,ATCC 49525,Staphylococcus_aureus_ATCC_49525.fasta,2846050,bc0e5fe00f6e49747388f32f36b520611b87150a60ec459d2389dd58d15e9d57,Staphylococcus_aureus_ATCC_49525.pt,4506969,3506f7bdd774e7b7aa88efe161c2c7790cf6ab3155947f1e5d8eb0c60deea230,False,True,False
49540,Lactobacillus vaginalis,ATCC FASTA archive,ATCC 49540,Lactobacillus_vaginalis_ATCC_49540.fasta,1922962,500c02ae9088ad3c2f7f96aee859dafe9e0c205a92987c227ff5c7e9ff343142,Lactobacillus_vaginalis_ATCC_49540.pt,3114339,cf7209609b9b24606e7c3df10598f1e15318586aaf956714f0cdb82ba09b7801,False,True,True
49619,Streptococcus pneumoniae,ATCC FASTA archive,ATCC 49619,Streptococcus_pneumoniae_ATCC_49619.fasta,2131453,661bfc624fbe0d099884fb4c3e88340e9e7a8bf44cd59afd6527879d4f31177d,Streptococcus_pneumoniae_ATCC_49619.pt,3442088,5d4ddf0e5c6d14af017bdf4bece544080e8a7f7e257a67991c711a97d9d75db6,False,True,True
49676,Exiguobacterium chiriqhucha,ATCC FASTA archive,ATCC 49676,Exiguobacterium_chiriqhucha_ATCC_49676.fasta,3078455,dcb4baaed01208256f6729717cf704fe424342ff61e8fbcd422812f11041f77d,Exiguobacterium_chiriqhucha_ATCC_49676.pt,4965815,91edd3d3d6a55801f8fae264820a55d670405928ba0a47c1fca29ba97a0e8365,False,True,False
49701,Klebsiella aerogenes,ATCC FASTA archive,ATCC 49701,Klebsiella_aerogenes_ATCC_49701.fasta,5261588,55e570e3b0e128f8cf484fc93978a648915f8ca114a69dbcda1ee2f466c146b0,Klebsiella_aerogenes_ATCC_49701.pt,8488276,4301cea17fd5c9a09600bc16367efe72583f082c748e3e4d4f191b198ee979a1,False,True,False
49732,Micrococcus luteus,ATCC FASTA archive,ATCC 49732,Micrococcus_luteus_ATCC_49732.fasta,2444127,10d5b49f074a165055a38a4a65f2b42d915401a365c8acdfe1cb946e552a359b,Micrococcus_luteus_ATCC_49732.pt,1967434,1f003bb38e11b42ad8ed8d623d52cb81964c063f737fc9947d519bf1609b05ae,False,True,False
49766,Haemophilus influenzae,ATCC FASTA archive,ATCC 49766,Haemophilus_influenzae_ATCC_49766.fasta,1881741,7d5ba690284d0dba9ae307181512615db46ad2971733c1ede75e037ae4f7cb7f,Haemophilus_influenzae_ATCC_49766.pt,3048798,6e32ffdb19c72d84d9a43db69d258320fa3ed953156bada53cd7de58278ca24c,False,True,False
49775,Staphylococcus aureus subsp aureus,ATCC FASTA archive,ATCC 49775,Staphylococcus_aureus_subsp_aureus_ATCC_49775.fasta,2861394,89169e226c04cd539db39a2285405b81c33fa8e615f93eb3c8405dd8e29e0d08,Staphylococcus_aureus_subsp_aureus_ATCC_49775.pt,4326874,e9ea41ceff4587a51a19f097efd09368ce12c769813d9c9bf35e221c29883963,False,True,False
49907,Staphylococcus saprophyticus,ATCC FASTA archive,ATCC 49907,Staphylococcus_saprophyticus_ATCC_49907.fasta,2763459,f25d9a83c36d520a5a05d531630b7ddc73f579743743809dcadf3c24bba08116,Staphylococcus_saprophyticus_ATCC_49907.pt,4130236,00b65e0e9e4a590d6161698dbb657d686b0ffb41ec2ee77a4ec11476e3caf5cf,False,True,False
51259,Alloprevotella tannerae,ATCC FASTA archive,ATCC 51259,Alloprevotella_tannerae_ATCC_51259.fasta,2651037,fcb1d2597db65d405b2dbb848f9a8dee9d5d0b788fd55efb4c345cef9310a6dd,Alloprevotella_tannerae_ATCC_51259.pt,4277667,7d423090a8cc2becb375b34299d16af64c42d6873d49b872e0cb0354eb5551da,False,True,False
51277,Cutibacterium acnes,ATCC FASTA archive,ATCC 51277,Cutibacterium_acnes_ATCC_51277.fasta,2603297,d45100cd831aff823793670f1d878283027d9b5d5dc77bec4d6f08192a89dbdc,Cutibacterium_acnes_ATCC_51277.pt,4212047,83a5c8e5f1b762b044870f32c8cd4a73c19974981fc52122577a62b0bae7524d,False,True,False
51299,Enterococcus faecalis,ATCC FASTA archive,ATCC 51299,Enterococcus_faecalis_ATCC_51299.fasta,3498724,0456d2518ddbedaeb8fcf520ac8c81c9a5821433341e7951ef279cc9ac8135de,Enterococcus_faecalis_ATCC_51299.pt,2917721,1215c3db166d75a8d825d5fdbed1e5ca7821836d63ccffdccd8b81921447edf1,False,True,True
51329,Cronobacter muytjensii,ATCC FASTA archive,ATCC 51329,Cronobacter_muytjensii_ATCC_51329.fasta,4436944,ba5dd13d5ca4b97f9bd9a735389aa634d143fcbd17da1e6d95a62047e74487fc,Cronobacter_muytjensii_ATCC_51329.pt,7161182,e649e32cad6382c336ce406122c51b596e8fa7abc7f9066ace931457c828ef7e,False,True,False
51331,Stenotrophomonas maltophilia,ATCC FASTA archive,ATCC 51331,Stenotrophomonas_maltophilia_ATCC_51331.fasta,4479987,b017d772b772d08792ff56e1b96bc14d8fa358a658ed8f41ae025ec7f7a327d1,Stenotrophomonas_maltophilia_ATCC_51331.pt,6735292,1fc48628b022dc988c51c7ab65b6d8b59469761d3acd9ffc583e626f15eb8bf6,False,True,False
51365,Staphylococcus carnosus subsp carnosus,ATCC FASTA archive,ATCC 51365,Staphylococcus_carnosus_subsp_carnosus_ATCC_51365.fasta,2618379,3ea42f19077aa016f720cd50f157bf4926e546eba08acee13ee8a56c88e4f432,Staphylococcus_carnosus_subsp_carnosus_ATCC_51365.pt,4228590,58ccd8a9b5355761ef46b71776946d5943b39d89911c5a4d4a08d3d38173d811,False,True,False
51559,Enterococcus faecium,ATCC FASTA archive,ATCC 51559,Enterococcus_faecium_ATCC_51559.fasta,3215935,1114c674fd81a0f5de1b88ca122e2c18ef86934f1c6e2c5d0d555be4243508b3,Enterococcus_faecium_ATCC_51559.pt,4621652,98846d7369543e4b981e12bb763b40de905fead8671f393a722fb3d322c1a623,False,True,False
51575,Enterococcus faecalis,ATCC FASTA archive,ATCC 51575,Enterococcus_faecalis_ATCC_51575.fasta,3522238,a8e6d4f9e4df9f595cc6e9763c3e850ead65556a686b2af9b85ce46f673dd65f,Enterococcus_faecalis_ATCC_51575.pt,5424473,604db9a2345ac7166cf071f2af94b98cba0eaf3c4b166ab616b9b7bffa70aa78,False,True,False
51625,Staphylococcus epidermidis,ATCC FASTA archive,ATCC 51625,Staphylococcus_epidermidis_ATCC_51625.fasta,2592585,2d7a8d6c0c4bfb2015609b6ec0860b70cb3265b36441402efad994a67a79eb6e,Staphylococcus_epidermidis_ATCC_51625.pt,4048306,bf52365cd39dc7fb0b4cac155b51fd93cec8394e6f1e9237db9cf160a7c639cf,False,True,False
51653,Helicobacter pylori,ATCC FASTA archive,ATCC 51653,Helicobacter_pylori_ATCC_51653.fasta,1644316,96e12b45c3b455b29a39f85f72fb415bc34f7605f355f3de2067948360bc0fac,Helicobacter_pylori_ATCC_51653.pt,2655567,6343d61351237994e41010929729c4c19ec86d8bb007df7fb33fa9240a2d8233,False,True,False
51659,Escherichia coli,ATCC FASTA archive,ATCC 51659,Escherichia_coli_ATCC_51659.fasta,5807390,fdad8cb9b3246f35ddefc810f1744e84c8467431d3191fb72f19b925ee19111c,Escherichia_coli_ATCC_51659.pt,8783168,0ce674741bd50d16ee7481e4daa76d598e4696dd1f81ce4b73f0ae64a772b64a,False,True,False
51697,Klebsiella aerogenes,ATCC FASTA archive,ATCC 51697,Klebsiella_aerogenes_ATCC_51697.fasta,5395422,711fa59a1bc3b4d4d53d01859bae63c54e6bae911adc1982a50109a282b549cf,Klebsiella_aerogenes_ATCC_51697.pt,8684884,909cfa4a3f6e59d9db18afd2de0dc0da4213f6de84e9512ae3d622892417f064,False,True,False
51741,Salmonella enterica subsp enterica,ATCC FASTA archive,ATCC 51741,Salmonella_enterica_subsp_enterica_ATCC_51741.fasta,4767790,59997352d31888c68b07475e668589e52a2b674215074cabacff55c5140daaf7,Salmonella_enterica_subsp_enterica_ATCC_51741.pt,7685594,43d655d11718fa7d8dcfa8e0e49e0f2ee07775ddb29ebf2c0bf8e0b47fb85ce0,False,True,False
51907,Haemophilus influenzae,ATCC FASTA archive,ATCC 51907,Haemophilus_influenzae_ATCC_51907.fasta,1861247,723081085c6cdb32b99a22c6b13b388c9a8a777f8126df4d35fae595ce9eff54,Haemophilus_influenzae_ATCC_51907.pt,3016030,1b2c45b9b588f2acd8b11cef8c8859667ad7a91d78d5c0d7f2e7fdd01c2c8c3b,False,True,False
53544,Lactobacillus acidophilus,ATCC FASTA archive,ATCC 53544,Lactobacillus_acidophilus_ATCC_53544.fasta,2025258,ca46b3bc25609650395c1bc8f50da37d6e14671044a596a6a51d473dddba193a,Lactobacillus_acidophilus_ATCC_53544.pt,3278253,fbf9b1183c52c3773748d6c67e894157f8c27d8bdaea6689f042627e473d1103,False,True,False
6051,Bacillus subtilis,ATCC FASTA archive,ATCC 6051,Bacillus_subtilis_ATCC_6051.fasta,4367176,205b176ec2a8d407f9f11bfd2a4f2e2faf03df7b98a615fd3cbc83afeb5e0321,Bacillus_subtilis_ATCC_6051.pt,6915392,553cdda5eb17ffe13fc7fa91523779009a7f3d99789491ed8cc927b3163c38b8,False,True,False
607,Mycobacterium smegmatis,ATCC FASTA archive,ATCC 607,Mycobacterium_smegmatis_ATCC_607.fasta,3280532,b2b2b83e8ba4f1875a6812caa7bfc33b7e817ef2b18fd93d8dd4c90cb84c7f2f,Mycobacterium_smegmatis_ATCC_607.pt,4998489,62f6014566bb3d6ca4594ec189dcb9fe8eb0d367806e45d2a3fcd6f87435a2dd,False,True,False
6207,Propionibacterium freudenreichii subsp freudenreichii,ATCC FASTA archive,ATCC 6207,Propionibacterium_freudenreichii_subsp_freudenreichii_ATCC_6207.fasta,2648475,dac29c58b4f7eed54d1b1d8596942973378ff1589624eee277365304868490af,Propionibacterium_freudenreichii_subsp_freudenreichii_ATCC_6207.pt,3540596,82c9e47efbfa9b7e8a304f39c8d2520a300f2dac8316b2b7da5637db1b02c7d4,False,True,False
6249,Streptococcus oralis,ATCC FASTA archive,ATCC 6249,Streptococcus_oralis_ATCC_6249.fasta,1960022,0f95b996e06b50459cc714e0047fced24274be97780c0d5dac64b0179d83b19b,Streptococcus_oralis_ATCC_6249.pt,2983247,12c3193f016c1b222f72f5dda5e9d50b79ae39896711ad13cf741f15bb7a40d0,False,True,False
6258,Issatchenkia orientalis,ATCC FASTA archive,ATCC 6258,Issatchenkia_orientalis_ATCC_6258.fasta,11073032,a63c6f024fb7491291d9c8825aca482fbe614bc8c6df0faa82a8f19487c0defd,Issatchenkia_orientalis_ATCC_6258.pt,4195678,1f93d1ba5f43f413cce52ad53a2faea69adb03a9fee2710d0ef26513ab5b5d4d,False,True,True
6260,Meyerozyma guilliermondii,ATCC FASTA archive,ATCC 6260,Meyerozyma_guilliermondii_ATCC_6260.fasta,10822307,866287a3eacc6f7dec446c39975fd6321e828b43b6d3a5068c51d63b00aad522,Meyerozyma_guilliermondii_ATCC_6260.pt,3491240,d5b2ee2c8ecbbbd19dab4cbc346630c970e85dc74da5c06be2c4a085a904659c,False,True,False
6275,Aspergillus niger,ATCC FASTA archive,ATCC 6275,Aspergillus_niger_ATCC_6275.fasta,38088404,362aea13e9d51d7dbcf3982702d74bccdce394f4ef2016dea9e515deb729ead4,Aspergillus_niger_ATCC_6275.pt,8078656,3b38704639d25b8560b6e91ca4defb0c6b902993e8b01382b0e7447a9cd88a49,False,True,False
6302,Streptococcus pneumoniae,ATCC FASTA archive,ATCC 6302,Streptococcus_pneumoniae_ATCC_6302.fasta,2106314,9d4fd8803e30cf17f155ac8fb17fcc7a0ce3e890703d3ae33a1b155da625e95b,Streptococcus_pneumoniae_ATCC_6302.pt,3409251,f2894733ecab1d080d05c70bc19d5ee4858c95750ccab8e290d43e4ed3496a88,False,True,False
6303,Streptococcus pneumoniae,ATCC FASTA archive,ATCC 6303,Streptococcus_pneumoniae_ATCC_6303.fasta,2123595,6f95fb820ec6eeb2cb5d26a9c3507af71de7728d8eb4e19395c935a04e1f076e,Streptococcus_pneumoniae_ATCC_6303.pt,3425635,f07635690fb0dee38b20a5e8b357c4eb97bc846c82161ab461293f8cf6b2cf80,False,True,False
6380,Proteus vulgaris,ATCC FASTA archive,ATCC 6380,Proteus_vulgaris_ATCC_6380.fasta,4032715,b4c7692d9a836a807a6efe199e5752e982b09da19281934d70b0a4ffb80ef4f2,Proteus_vulgaris_ATCC_6380.pt,6505787,caf30d20435ef5c411b1559e669952fce52b14509f73ecb9a6a8305fec4a6a1c,False,True,False
6538,Staphylococcus aureus,ATCC FASTA archive,ATCC 6538,Staphylococcus_aureus_ATCC_6538.fasta,2847327,f17808407d0df29e6addfb77e2e5fe4e3c018b0623fab65f65745e35ba0b7ac6,Staphylococcus_aureus_ATCC_6538.pt,4556116,8623f0b420f77b7aed876386edd2d8560e1c4411d7c726c82f45ce35215c2ca2,False,True,True
6538P,Staphylococcus aureus,ATCC FASTA archive,ATCC 6538P,Staphylococcus_aureus_ATCC_6538P.fasta,2846886,de62e5b67e05cafe1550001512ffbf8cc529c172cba99a901de7b6b7b2a0dc51,Staphylococcus_aureus_ATCC_6538P.pt,4556121,a01980a2d12686bb8ef7623b53681cce9d91873eb504d88349ba5abc9de00712,False,True,False
6539,Salmonella enterica subsp enterica serovar Typhi,ATCC FASTA archive,ATCC 6539,Salmonella_enterica_subsp_enterica_serovar_Typhi_ATCC_6539.fasta,4733828,8bb352768aa5939a785771488c004b6dfd530df9ab3c497ae6c298142a8b4f98,Salmonella_enterica_subsp_enterica_serovar_Typhi_ATCC_6539.pt,7423579,044028a57f69813a0e8076eb0602b9a0f405ead91fb422ddf2f19a01ca0a8480,False,True,False
6569,Enterococcus faecium,ATCC FASTA archive,ATCC 6569,Enterococcus_faecium_ATCC_6569.fasta,2931235,2fbe367af4e126a4a20457bf1ebc57eed16ce2624ae7cc6d5c0e13434f1a7736,Enterococcus_faecium_ATCC_6569.pt,4392271,61710dc4f432bec6cea085b48667615022389c05da4d657e1525a4894e4fa8ae,False,True,False
66027,Candida albicans,ATCC FASTA archive,ATCC 66027,Candida_albicans_ATCC_66027.fasta,15015440,5c7e7959db6cc05c9e8397f31a27cf01d15c182a9f60c8c2f76ebb28bb9b5774,Candida_albicans_ATCC_66027.pt,5309760,ae3b7272b95cbffd2658ee044943092e4b1bfe6878630e1fe2feb4c8392bd6d1,False,True,False
66028,Candida kefyr,ATCC FASTA archive,ATCC 66028,Candida_kefyr_ATCC_66028.fasta,11450748,b6d287551d51de41d5b739301e3f2210ecaa0dfbb8a270ea0ebd36d7dbf099ba,Candida_kefyr_ATCC_66028.pt,2917681,bd503cbdfef8b7b14fa9ea57d72e8d27d389a0667c93ace96db33c6228d4b2af,False,True,False
66029,Candida tropicalis,ATCC FASTA archive,ATCC 66029,Candida_tropicalis_ATCC_66029.fasta,14998658,563499eeeff0499ecf0428ffb8828c4088b42040cf7190ac7d44aa52aaa549b1,Candida_tropicalis_ATCC_66029.pt,5555530,2b39c9313804f29d6f2aa6606d1b5ccec64b9674d4d6aab2a9118a995f4f464c,False,True,False
6633,Bacillus spizizenii,ATCC FASTA archive,ATCC 6633,Bacillus_spizizenii_ATCC_6633.fasta,4108691,f2acc8f1d80e3b31ac5db2e80d91ff3f5b4ca34f9198f27a670efe4c1054c0b5,Bacillus_spizizenii_ATCC_6633.pt,6636874,5cd28f1ea2466e19bdf788c119a1cb6b4e596e7cef06e16f8831e61dfbd348b8,False,True,True
66981,Alternaria alternata,ATCC FASTA archive,ATCC 66981,Alternaria_alternata_ATCC_66981.fasta,34073088,95ebaa86da2df6f814c214a70809a8ff9c72db6a0e4d0f35dfe6e1e63d3d6136,Alternaria_alternata_ATCC_66981.pt,11191636,646903469d79f1f6b4b190623bc7ff19535509a5d516cc8f4c5d5b31501b4aba,False,True,False
6841,Mycobacterium fortuitum subsp fortuitum,ATCC FASTA archive,ATCC 6841,Mycobacterium_fortuitum_subsp_fortuitum_ATCC_6841.fasta,6438277,3fb61df9ee1b4b9defcd3acbcfc8089dd8e65a82802b1c2cd5270f2a71052837,Mycobacterium_fortuitum_subsp_fortuitum_ATCC_6841.pt,10388974,b53fc0e6fac602c806857e9ceb548c78baf5afa93d0df521835a4acb9dc0e48a,False,True,False
6919,Cutibacterium acnes,ATCC FASTA archive,ATCC 6919,Cutibacterium_acnes_ATCC_6919.fasta,2536504,3478bf7d213d81a1f54abe1e6cd2f27dc70bd0b9ad7f543d43164e7ef5235181,Cutibacterium_acnes_ATCC_6919.pt,4097354,d5700a318d8583236cd9c66fb5d9520dc6831e8c559c8cbd1b45123c0ec8ce1d,False,True,False
6939,Rhodococcus equi,ATCC FASTA archive,ATCC 6939,Rhodococcus_equi_ATCC_6939.fasta,5261705,549c25ba324f30ba907e250f93e731193bcf122d81e973ce5c59e7d18ef50652,Rhodococcus_equi_ATCC_6939.pt,3081531,1c4ccec2d3ce84bf38aefcaa82f1d49dfff0c212cacc123a81cdb8f749e37569,False,True,False
700084,Mycobacterium smegmatis,ATCC FASTA archive,ATCC 700084,Mycobacterium_smegmatis_ATCC_700084.fasta,7063519,353acf0d5a0de3d1544dd5f4aa3aa47a6c1d8a11b322353fbe48753bb7735965,Mycobacterium_smegmatis_ATCC_700084.pt,9274792,112b2dcda4baffa86c52fda7b13c13a601532af83599b86e07c5b0d3c7200171,False,True,True
7002,Proteus mirabilis,ATCC FASTA archive,ATCC 7002,Proteus_mirabilis_ATCC_7002.fasta,4082776,beea84a63cc98767c9724473b7a5c2206c8e1d3f73036d8097cfeeae6be877fe,Proteus_mirabilis_ATCC_7002.pt,6587712,fa48df69cb4d84781ca62ebc027939e66abdb2be95fedd13c462df577d92ba1f,False,True,False
700221,Enterococcus faecium,ATCC FASTA archive,ATCC 700221,Enterococcus_faecium_ATCC_700221.fasta,3208844,b694e30a451b7488000bb0025e6d71864bcab4e66840168d03077915fc268cf5,Enterococcus_faecium_ATCC_700221.pt,4670809,18f028e1b00917ed0e022e84b2fb5f1a2b4e69430b8b33e22b12a8e7e2541a92,False,True,True
700323,Enterobacter hormaechei,ATCC FASTA archive,ATCC 700323,Enterobacter_hormaechei_ATCC_700323.fasta,4876941,647df640c29eb29b5c71686620e156400ca5620dd363e115d48ed1e93f9560c2,Enterobacter_hormaechei_ATCC_700323.pt,7636392,8594aa2f82350d58b50a4bc92baafc19fdf4edf212d9334853615677f1680b88,False,True,False
700324,Klebsiella oxytoca,ATCC FASTA archive,ATCC 700324,Klebsiella_oxytoca_ATCC_700324.fasta,6016266,ede518d7c4ab9144dbf12b61c310e2ea7d85cf3c713877ff8844c5470ff17d9a,Klebsiella_oxytoca_ATCC_700324.pt,9471311,b0e7c7ddf40b14ab1181c52c9327c1236474e3f1cc1d08cf65fe6115d60ceffd,False,True,False
700327,Enterococcus casseliflavus,ATCC FASTA archive,ATCC 700327,Enterococcus_casseliflavus_ATCC_700327.fasta,3548319,c7bda58dd274f7a3c9e9d0821a895f26ac6fc277ee00eec028136276ccacef7f,Enterococcus_casseliflavus_ATCC_700327.pt,5735863,3325d511ee566c913e5b7b26f8891b152c3b160044ec77c6c5555ecbbcdb6d5e,False,True,False
700336,Escherichia coli,ATCC FASTA archive,ATCC 700336,Escherichia_coli_ATCC_700336.fasta,5358075,ad8513dcccc23373c73406279fa311e6d7471af807aa687d2271af8aeb92745b,Escherichia_coli_ATCC_700336.pt,8455493,34689948a5b617b7b3634684d1c1c4317cd97d2b3aa4935ee2c98f465b87d79d,False,True,False
700388,Burkholderia thailandensis,ATCC FASTA archive,ATCC 700388,Burkholderia_thailandensis_ATCC_700388.fasta,6831962,fc9498c20924d6116c04d5e6c9af7437d795ca0b5899bf88adaccd64d1477897,Burkholderia_thailandensis_ATCC_700388.pt,5850551,4c0f31ad3a62f7262140329040d98865a8caa5dca8164115185475a8f505f180,False,True,False
700392,Helicobacter pylori,ATCC FASTA archive,ATCC 700392,Helicobacter_pylori_ATCC_700392.fasta,1695674,654c302e03d657ddd052fba084f4a5075f39a2389bb379237df6f028e5e55b97,Helicobacter_pylori_ATCC_700392.pt,2737492,a54b71dae8a788b43ae31a9208466479e8222b48de3d15aa02dcf0680ccf86da,False,True,False
700406,Aerococcus viridans,ATCC FASTA archive,ATCC 700406,Aerococcus_viridans_ATCC_700406.fasta,2120310,8dd4bd867cc111917cf346377d9dae1a332c8837f4a379818c702c31c1e32c82,Aerococcus_viridans_ATCC_700406.pt,3327316,8e26bbf729668de6071d73f20e7cc426e92ffc5b969570349ec7610d2a6b9ffc,False,True,False
700408,Salmonella enterica subsp enterica serovar Typhimurium,ATCC FASTA archive,ATCC 700408,Salmonella_enterica_subsp_enterica_serovar_Typhimurium_ATCC_700408.fasta,5111490,b0377ea938e5a6bff680c56fe3c43c94705f8176af205ddf0c00665827d4bddb,Salmonella_enterica_subsp_enterica_serovar_Typhimurium_ATCC_700408.pt,8095427,a3075579829f3d63d573c1de05c3f557b321d43972ec64ff8be29e291524f726,False,True,False
700565,Staphylococcus epidermidis,ATCC FASTA archive,ATCC 700565,Staphylococcus_epidermidis_ATCC_700565.fasta,2628811,218f533b1d55b836a8ddd728b8e78e38c101610e04cb11cf956c1d7df2c37f7e,Staphylococcus_epidermidis_ATCC_700565.pt,4146615,1e7bdd49468a81594246a63beb737eeb70032d074385b7bc3b0b63c3dac1763a,False,True,False
700603,Klebsiella quasipneumoniae,ATCC FASTA archive,ATCC 700603,Klebsiella_quasipneumoniae_ATCC_700603.fasta,5605987,c85647cbb4f4eccf77b69b960c75d29806da08af692fa5b917c7c83b93451bcd,Klebsiella_quasipneumoniae_ATCC_700603.pt,8668599,50f273605adfda561228b358e12902d02943ab71a9f15a53f31a193acb11a178,False,True,True
700610,Streptococcus mutans,ATCC FASTA archive,ATCC 700610,Streptococcus_mutans_ATCC_700610.fasta,2065386,3f80634c016c9a3699ff90c01e8d8a984093aa0d08e2d50e7299d79255bdd3ff,Streptococcus_mutans_ATCC_700610.pt,3343705,bd07adab8241f5fcd90796eacb62eee30dd38eaaec354ca2d6545f0404d6aa17,False,True,False
700677,Streptococcus pneumoniae,ATCC FASTA archive,ATCC 700677,Streptococcus_pneumoniae_ATCC_700677.fasta,2298363,5e134ce61cae5e9c9612668366a984167b19d19bbce81677dec970174559c171,Streptococcus_pneumoniae_ATCC_700677.pt,2377133,86bfa9bc759cf2f39dec3aa1efd7aa1a0afe59af63ed9c1297b6c0fe13f973e5,False,True,False
700698,Staphylococcus aureus,ATCC FASTA archive,ATCC 700698,Staphylococcus_aureus_ATCC_700698.fasta,2953264,fd9a22529c5c02d7de05860eaa73e68d8bba3c77a3762b406c05810899f19574,Staphylococcus_aureus_ATCC_700698.pt,4719966,2b3501fe62f59b70d220be209d022acee563d2ba6e871e1d9909ec069dbc54b5,False,True,False
700699,Staphylococcus aureus,ATCC FASTA archive,ATCC 700699,Staphylococcus_aureus_ATCC_700699.fasta,2897133,5c4b5098915bd7106505c9402d179e9dd14a7b00b21d13112acdd17bfd072ac4,Staphylococcus_aureus_ATCC_700699.pt,2753886,7fac02df84a869d749d39ccbee14baa8b499c2ad5b2002172711818693deec39,False,True,True
700720,Salmonella enterica subsp enterica serovar Typhimurium,ATCC FASTA archive,ATCC 700720,Salmonella_enterica_subsp_enterica_serovar_Typhimurium_ATCC_700720.fasta,5033613,87c437ac83a30c46350e26fa9dcea6cfcfad4d1e5a69137d4b52c36dc2b19505,Salmonella_enterica_subsp_enterica_serovar_Typhimurium_ATCC_700720.pt,7964355,24d3bf3951be685c67f39a6b055271f66a22d6578d1a9b9158d623c08f3c61c3,False,True,True
700728,Escherichia coli,ATCC FASTA archive,ATCC 700728,Escherichia_coli_ATCC_700728.fasta,5609365,64cf5854a7dca3e65bbceb63fee8a78de8fc5be0894b205915e089556dfbc3d6,Escherichia_coli_ATCC_700728.pt,5719365,37c0ae36de895a08feea7f29ee29a0db00f7d48dc529170bbbab3c2ef7fa184d,False,True,False
700802,Enterococcus faecalis,ATCC FASTA archive,ATCC 700802,Enterococcus_faecalis_ATCC_700802.fasta,3417088,c2f8ba93449afa43d9add9cdf97fbc46a174ba8aa65e04c44e3a58105ff0cefb,Enterococcus_faecalis_ATCC_700802.pt,5277022,146a3ab5ae4ac8b82851099dab38ac19f2e892a506e066429379c298d8952bd2,False,True,False
700926,Escherichia coli,ATCC FASTA archive,ATCC 700926,Escherichia_coli_ATCC_700926.fasta,4719952,50b18ce43272032302798b4ea1eba0cb61bceffeb531a32c793f3364e80b4c13,Escherichia_coli_ATCC_700926.pt,7619909,1a03a23c0f2460fe96147fd074a5fcb293461901e71fdfcee873868ad17989b0,False,True,False
700928,Escherichia coli,ATCC FASTA archive,ATCC 700928,Escherichia_coli_ATCC_700928.fasta,5324009,15af76022d59101b30702d5dcdc19953a513c2a924fc066561511b4bd4b47581,Escherichia_coli_ATCC_700928.pt,8586565,302b9edc1fd3fb23bca729985b9d319919332403a164c518e8d74193331241ee,False,True,False
700931,Salmonella enterica subsp enterica serovar Typhi,ATCC FASTA archive,ATCC 700931,Salmonella_enterica_subsp_enterica_serovar_Typhi_ATCC_700931.fasta,4871926,ce95ded306e9d265a39594ad17a8592cce4830159576066df6a509c1ee5a1202,Salmonella_enterica_subsp_enterica_serovar_Typhi_ATCC_700931.pt,7865957,863f9de33d8cbd279ee00b88a62ffc9cd7b60e7c329a6b678e49f2326abb042f,False,True,False
7050,Weizmannia coagulans,ATCC FASTA archive,ATCC 7050,Weizmannia_coagulans_ATCC_7050.fasta,3376313,38be5616be34fd63c4e8d0b464bd5ebdcf969f043cadef2f74ddadbdf52c4783,Weizmannia_coagulans_ATCC_7050.pt,5440847,82ce7220b2b64b6c36138e40bf68bcbce80c6fa5dfc7ab1be4c4ea73e8b0d816,False,True,False
7073,Streptococcus salivarius subsp salivarius,ATCC FASTA archive,ATCC 7073,Streptococcus_salivarius_subsp_salivarius_ATCC_7073.fasta,2243025,173b02d18f211e4d8eaac29e41c77834f09ac90836fa4e974d750213b85bf1cc,Streptococcus_salivarius_subsp_salivarius_ATCC_7073.pt,3622392,0c5d1e4b233913b741357e08bb54bd8a257aaa3f4196317140670a8b1a8b5f47,False,True,True
7080,Enterococcus faecalis,ATCC FASTA archive,ATCC 7080,Enterococcus_faecalis_ATCC_7080.fasta,2837069,9a5e74ca20ed8c45fc565a99df969fa8c8e2184eb2e3a7d68d8756591241552e,Enterococcus_faecalis_ATCC_7080.pt,4408660,e6fc57022f83e31a878e7287dd6b0c4f8eedef90b7fe0c9ca11ecf8ee4eaf02e,False,True,False
7468,Micrococcus yunnanensis,ATCC FASTA archive,ATCC 7468,Micrococcus_yunnanensis_ATCC_7468.fasta,2580466,9fdb15f2a77ebbfcadd06ec8aa2d4a8ff303b2e9129b28ca6f81792a91abf4cf,Micrococcus_yunnanensis_ATCC_7468.pt,3360094,d3eb5db1f488617a8d054abf3eacead0a80bc62f01008231c72e120424a02f23,False,True,False
750,Candida tropicalis,ATCC FASTA archive,ATCC 750,Candida_tropicalis_ATCC_750.fasta,15027821,7d2827dfcab00d7a93288ff53fb9bb563efe1f740191db4d7c4b1c16e89f8bf8,Candida_tropicalis_ATCC_750.pt,4687168,8235d733f418595dd3cb1ed9cd0c855a93505133d0b77a22105972e052367ad7,False,True,True
7644,Listeria monocytogenes,ATCC FASTA archive,ATCC 7644,Listeria_monocytogenes_ATCC_7644.fasta,3040741,1e30a894a09d9b96cca470062505d5e2c7f67ce968c2acdadb41a7024bc1db64,Listeria_monocytogenes_ATCC_7644.pt,4818265,54376ce5eb96624c353d00661b60e61384e72c9069c2c98a7e2d7c8097a62b7c,False,True,False
76485,Candida albicans,ATCC FASTA archive,ATCC 76485,Candida_albicans_ATCC_76485.fasta,15090551,28607245f342abea6909177f738c1e8989e74317b1c11033efcb7408c946a1d3,Candida_albicans_ATCC_76485.pt,5260608,2ba34108b9107af5798aec16751467904ef8eb2c57c6ea6b343172f50b3a9750,False,True,False
7700,Pseudomonas aeruginosa,ATCC FASTA archive,ATCC 7700,Pseudomonas_aeruginosa_ATCC_7700.fasta,6460342,7c026fddf1e6507d7bb2648993ac25729e49a423152431e2b39ff91d2fd05fbf,Pseudomonas_aeruginosa_ATCC_7700.pt,4392281,7ad2f33e5628dcb10019707f48f1aff44033b45a1be30941043e80171fcc2048,False,True,False
7754,Saccharomyces cerevisiae,ATCC FASTA archive,ATCC 7754,Saccharomyces_cerevisiae_ATCC_7754.fasta,12597243,53a0f3f65d95a3bb1e75c0e0ea4ea71179aa2f7e678cd0040151042d09e4680d,Saccharomyces_cerevisiae_ATCC_7754.pt,3622243,4dfe2c5c3c89c5dd397b4e0ca22473c83995ccb5e2ee745043f34889b6cd8018,False,True,False
7966,Aeromonas hydrophila,ATCC FASTA archive,ATCC 7966,Aeromonas_hydrophila_ATCC_7966.fasta,4822630,44fb77710e6f076d6da1ac9cecb429f45824b382590e4e9dee0843ee978cce50,Aeromonas_hydrophila_ATCC_7966.pt,7783759,7949ce99b932183a090832b67ac484752df049071bd93e45ff31fb6e4347788a,False,True,False
8014,Lactiplantibacillus plantarum,ATCC FASTA archive,ATCC 8014,Lactiplantibacillus_plantarum_ATCC_8014.fasta,3272920,c91a43a44c6cc3f1f8320a7f3fe320e8df111e1e3acdc32865a43f6259eb2ee1,Lactiplantibacillus_plantarum_ATCC_8014.pt,5260732,8ebc9e0b243576c07731a434f14587cb6a156c61a534deaa9331f22508cd038f,False,True,False
8090,Citrobacter freundii,ATCC FASTA archive,ATCC 8090,Citrobacter_freundii_ATCC_8090.fasta,5042926,577ec4d4c4f4e62df32cd49674c1487b5b2f5406542f91668d7e6e4576fbc690,Citrobacter_freundii_ATCC_8090.pt,8144207,d1bb718a78ea53aca2c0ada1977dfc054a63f44916cd40258974d55a8e098097,False,True,True
8100,Serratia marcescens,ATCC FASTA archive,ATCC 8100,Serratia_marcescens_ATCC_8100.fasta,5443721,b4e3bccb19c00159d0ae3b4cbe2028a2a2a483de69c3c3407be99169fef0f586,Serratia_marcescens_ATCC_8100.pt,8619338,22e09d24c06ef10c8f058ab0c06c536686a46dc5b9247789aeece48d37ee3534,False,True,False
8176,Moraxella catarrhalis,ATCC FASTA archive,ATCC 8176,Moraxella_catarrhalis_ATCC_8176.fasta,1925324,7e8d80875ab5d1b998bae066688d52b8b9da575df153d9b1a77f2951aed0af31,Moraxella_catarrhalis_ATCC_8176.pt,3114324,d2d64b4b68910865f939671b9d33427f260e3d3146d25f03eefde3e6a94548fb,False,True,False
8482,Phocaeicola vulgatus,ATCC FASTA archive,ATCC 8482,Phocaeicola_vulgatus_ATCC_8482.fasta,5249312,d3b842e8f48cbe202e1655eeaf1cdc3516bea9d904cbe2a6e500e70a8a1d3b19,Phocaeicola_vulgatus_ATCC_8482.pt,8471887,41e91efd61d258ea70d00eeefffac7f644bf60d4aa77901aa5a7e3c4e0d61440,False,True,False
8530,Lactobacillus rhamnosus,ATCC FASTA archive,ATCC 8530,Lactobacillus_rhamnosus_ATCC_8530.fasta,3012231,0b717b8f1957ef42a5e81543f4be0eb907225215fa94dd4b62a97cf47d0e9356,Lactobacillus_rhamnosus_ATCC_8530.pt,4867422,58369879b7511226477ea8a0c2c28e4b58b77882e5f75c2232f31afbb9f0fce8,False,True,False
8739,Escherichia coli,ATCC FASTA archive,ATCC 8739,Escherichia_coli_ATCC_8739.fasta,4826459,1389eb10c608c41de4d73b636fbb0da7f80a369f39d486907cb5f2fdd04d8b16,Escherichia_coli_ATCC_8739.pt,7783739,3201f30e83aaeede1a61c29a2a860dc46e12eb7f6d71d078122bb85729cbdc8c,False,True,True
8750,Alcaligenes faecalis subsp faecalis,ATCC FASTA archive,ATCC 8750,Alcaligenes_faecalis_subsp_faecalis_ATCC_8750.fasta,4140723,ced63496d00a2b545d15503ac502878edd21c4002247a8c34c2193c7cff673dd,Alcaligenes_faecalis_subsp_faecalis_ATCC_8750.pt,6686170,b434ee09a634090a921630da3dc57b9b403ff47bddafdadde72d2e103a8c2968,False,True,False
90018,Candida parapsilosis,ATCC FASTA archive,ATCC 90018,Candida_parapsilosis_ATCC_90018.fasta,13284523,24f955f203c9e2f9d17c826fa05dc67d38489046a44bfcd4e6d806a3a906649d,Candida_parapsilosis_ATCC_90018.pt,4949332,9a4c4e1b384407f17e8d09f7c49fab5c3ecc3d442244fc2900df6cc6f2549019,False,True,False
90028,Candida albicans,ATCC FASTA archive,ATCC 90028,Candida_albicans_ATCC_90028.fasta,15243381,19655b5181a9bac7bae681bfcd8a6ac45cc2b783352e12757eb7d61c28b7cc3c,Candida_albicans_ATCC_90028.pt,5276992,e44da4682bd52f3163a16b824a71e9140fdd99eb38b529e8e3d4933f24aa89ec,False,True,True
90112,Cryptococcus neoformans var grubii,ATCC FASTA archive,ATCC 90112,Cryptococcus_neoformans_var_grubii_ATCC_90112.fasta,19405407,a16f7995ceb6226fdeac6c79f38c64c6d46eb4c5cb5ec096da41f2a1e0368e2c,Cryptococcus_neoformans_var_grubii_ATCC_90112.pt,3720666,b72d52a6572ab2d2aa02e3bd876b75796955bc25bc0a971a070e34ba5dbd7832,False,True,True
9027,Pseudomonas paraeruginosa,ATCC FASTA archive,ATCC 9027,Pseudomonas_paraeruginosa_ATCC_9027.fasta,6480790,4ccb4b95a48e80bb81974320c669ab688730d8c6388314eaacee5e13ceb93440,Pseudomonas_paraeruginosa_ATCC_9027.pt,10454440,d2ff1e8cb65037176790d92310711d2fe4c6479afbf89875b07cd8f15c06206a,False,True,True
9120,Salmonella enterica subsp enterica serovar Pullorum,ATCC FASTA archive,ATCC 9120,Salmonella_enterica_subsp_enterica_serovar_Pullorum_ATCC_9120.fasta,4870986,91cb369da133dda33f28bed7a3e3c74ff7ac1b80676d1b2c872aa3026435076e,Salmonella_enterica_subsp_enterica_serovar_Pullorum_ATCC_9120.pt,7702122,5099293042e5934053cd140a1e759cfeac1bc19c75c3930cb777dc8a8296eb98,False,True,False
9142,Aspergillus niger,ATCC FASTA archive,ATCC 9142,Aspergillus_niger_ATCC_9142.fasta,36029351,fd8f4e03f064513b4699239e5c0616387011025b45ad24ef07fedfe013fdb560,Aspergillus_niger_ATCC_9142.pt,4867392,1021fc30ac7cc6f033f8a3f6b8a5e1c024328ceb4dc06b1c27b5f749ab6462a5,False,True,False
9144,Staphylococcus aureus,ATCC FASTA archive,ATCC 9144,Staphylococcus_aureus_ATCC_9144.fasta,2906273,71ec4218cf130a68472a087e0fa79c691ea53a1e757a3e6eb0929caa4bca2eec,Staphylococcus_aureus_ATCC_9144.pt,4654420,bac3de7be6b39f2426dc21d7712f1ca40645925cd249e22d6fc01c5cac548424,False,True,True
9150,Salmonella enterica subsp enterica serovar Paratyphi A,ATCC FASTA archive,ATCC 9150,Salmonella_enterica_subsp_enterica_serovar_Paratyphi_A_ATCC_9150.fasta,4682492,5f2d16edf885a90fa9369f8c6b2c216bfb9a90ab01b2c6025426ea29a8bce216,Salmonella_enterica_subsp_enterica_serovar_Paratyphi_A_ATCC_9150.pt,7554681,2258d13d1cfe495987516e73607cbb9038b78b8be9768c8a17d9e107d26fa459,False,True,False
927,Mycobacterium marinum,ATCC FASTA archive,ATCC 927,Mycobacterium_marinum_ATCC_927.fasta,6678494,cf5273b92eddbb53e958cbf2d7ed1ee2a8643b7f584bef3c457477e66e1b30fc,Mycobacterium_marinum_ATCC_927.pt,10061135,3c7ce41ed6fb925dd62eb2bb8b1fd1ed35d6a354229f9cc28d3697ec24f0b0d6,False,True,False
9290,Shigella sonnei,ATCC FASTA archive,ATCC 9290,Shigella_sonnei_ATCC_9290.fasta,5170843,ec2b649b7d421734caf1818f0541cdf3e43c9727a4e5d9751746e847b6c2f424,Shigella_sonnei_ATCC_9290.pt,8127798,2128822295ead53c49cf7beb00c3e7fde7b9bdaeaae9daf3400c43d4ac577835,False,True,True
9338,Lactobacillus fermentum,ATCC FASTA archive,ATCC 9338,Lactobacillus_fermentum_ATCC_9338.fasta,2158951,058254afe7d0f1910226c0cccce70194853043f4f0dbdf69a2628abfc352e1a8,Lactobacillus_fermentum_ATCC_9338.pt,3491166,3bab8ae0cbc40987782136780d9cca9a1ce570a4b8d3c23c368ef19509e5dd4d,False,True,False
9340,Bordetella pertussis,ATCC FASTA archive,ATCC 9340,Bordetella_pertussis_ATCC_9340.fasta,4205965,1ea001a9c49c3f304cb7c5f4f2ee466e560dba1577345376b934374a6d15403e,Bordetella_pertussis_ATCC_9340.pt,5637455,da95582aa023681ea739594e6219dceaf35b891a0b24224b05cf3e6943cefb19,False,True,False
9341,Kocuria rhizophila,ATCC FASTA archive,ATCC 9341,Kocuria_rhizophila_ATCC_9341.fasta,2742010,e9bc68a32e51c90d91a8aa004487f1739ceb38a5fff51d6612aee058f9e431f0,Kocuria_rhizophila_ATCC_9341.pt,4425029,cc2e5baf349db29f8d85c8be799968f7ef6d5921ecf017e6ae17ce202e58b33c,False,True,True
9372,Bacillus atrophaeus,ATCC FASTA archive,ATCC 9372,Bacillus_atrophaeus_ATCC_9372.fasta,4221895,c96397349b56a032bbf97389bb2207f6bad363bbe909204af0bfbeb40c1a5cee,Bacillus_atrophaeus_ATCC_9372.pt,6817098,03c3a6ab2f0505a68e825e971b3547811bcae7ceb0ccc737ded5594aa3c35923,False,True,False
9449,Rhodotorula mucilaginosa,ATCC FASTA archive,ATCC 9449,Rhodotorula_mucilaginosa_ATCC_9449.fasta,20546295,657cb1c12d4cd7e4c22338cd201e1a87fe4effa0b49b66037a57aa06fa67fff9,Rhodotorula_mucilaginosa_ATCC_9449.pt,4572579,9a5282a2dc7219d9cbbb3e09d58882685f29bc20511db92ea0e92c530c071f65,False,True,False
9533,Trichophyton interdigitale,ATCC FASTA archive,ATCC 9533,Trichophyton_interdigitale_ATCC_9533.fasta,23884680,49c99fe1c4ac37e69d12f6711a020ac5500a31bfce73047f5c7109a7e65aefd6,Trichophyton_interdigitale_ATCC_9533.pt,18449837,6add2ee3d904256d5b7b2b97b2515690b356f1c56dcf17997ad398f0d47c62ca,False,True,False
9563,Xanthomonas phaseoli,ATCC FASTA archive,ATCC 9563,Xanthomonas_phaseoli_ATCC_9563.fasta,5423939,c6310db2c36201390d71f551f31900c510ea70497e734ae377f643fc51dcf9ab,Xanthomonas_phaseoli_ATCC_9563.pt,4310351,3ed08aece390b2ea2ae9584c2a2caeaa725a6e99261fda6bd7c8563c62e12f7c,False,True,False
9610,Yersinia enterocolitica subsp enterocolitica,ATCC FASTA archive,ATCC 9610,Yersinia_enterocolitica_subsp_enterocolitica_ATCC_9610.fasta,4631575,f9496542ac310b9e8702523f944d8e988ab640049c0ff5cff8a5afb4a8d55743,Yersinia_enterocolitica_subsp_enterocolitica_ATCC_9610.pt,7472711,907116ac96b682b4a1255a951d4dfbc139dce315d127b3f8a519d94f94ed6504,False,True,True
9614,Propionibacterium freudenreichii subsp shermanii,ATCC FASTA archive,ATCC 9614,Propionibacterium_freudenreichii_subsp_shermanii_ATCC_9614.fasta,2605578,fcb25f87e67f978f4a71c08d72c060ea16a3a6a6ee4cca584dd4296c0af87cd1,Propionibacterium_freudenreichii_subsp_shermanii_ATCC_9614.pt,2836059,b17b3c3ebdc414fd7459936ef63bcd1b28fd19b2183dbd6e3ace44e6b8307fa5,False,True,False
9637,Escherichia coli,ATCC FASTA archive,ATCC 9637,Escherichia_coli_ATCC_9637.fasta,5089892,8b1093e9449bfd469c45ab94ecef70cca6202d6fc576fffb9750a9545788f872,Escherichia_coli_ATCC_9637.pt,8029499,7a3b1c352fb55b6d46604e761da732821d147f00f184e9d410591c5291c2e5ca,False,True,False
9642,Aspergillus brasiliensis,ATCC FASTA archive,ATCC 9642,Aspergillus_brasiliensis_ATCC_9642.fasta,37116601,72bb993f0176e57c031d72a870ed6b08ac574368a2435a318e74a45d116eab68,Aspergillus_brasiliensis_ATCC_9642.pt,12912035,3bd24b1469e8e1b40265157713df377d88f0f75527d858775f5a39689ecbb889,False,True,False
9643,Aspergillus flavus,ATCC FASTA archive,ATCC 9643,Aspergillus_flavus_ATCC_9643.fasta,39085805,3b2b2fb205e5d9c8feb1cdd8b7c14b91520170494fb5266c2cb74938b7fc7132,Aspergillus_flavus_ATCC_9643.pt,11978053,53f4b925a7d50cfd1d5fca5e34fdde60f13c79817b7af4898174d2409fea1622,False,True,False
96901,Candida albicans,ATCC FASTA archive,ATCC 96901,Candida_albicans_ATCC_96901.fasta,15113499,e39f3a1c0615a9ffb60e1f92f8392faa663e97c7203e127c3abb280b77aa6390,Candida_albicans_ATCC_96901.pt,7357760,cb7d073dfb2b8e1f9d6e30b1486548da2aa5c33d07a9405d4cc55c568777ab99,False,True,False
96918,Aspergillus fumigatus,ATCC FASTA archive,ATCC 96918,Aspergillus_fumigatus_ATCC_96918.fasta,29354929,cd0e10a8f0cfdb3126e1bb677d05be9340f86b562d770fb31c7d419330c8d004,Aspergillus_fumigatus_ATCC_96918.pt,18171225,57e1f45e8b1db22ad6630c2abe4d4ac1d38c98ada3ddfdcb4384a42c9e9608f1,False,True,False
9721,Pseudomonas aeruginosa,ATCC FASTA archive,ATCC 9721,Pseudomonas_aeruginosa_ATCC_9721.fasta,6476552,42e8358c3f5d71e54f59c01c24d251c224be7adb7997fc9933d9464a405ce918,Pseudomonas_aeruginosa_ATCC_9721.pt,10454361,3b3347194baed2761de5f4d157fa35247b96d963f943bd7602ba2bda48e66e28,False,True,False
9763,Saccharomyces cerevisiae,ATCC FASTA archive,ATCC 9763,Saccharomyces_cerevisiae_ATCC_9763.fasta,12429288,28d37ef97f4f0587c8257cf0247ec6e76b1584e7171d8d992bfa632dc09bdd12,Saccharomyces_cerevisiae_ATCC_9763.pt,1951075,4dd1e9dab56a7b16be5f66ba5862b639fd57d08299d32f5cbc65279d8407bca3,False,True,False
9809,Streptococcus gallolyticus,ATCC FASTA archive,ATCC 9809,Streptococcus_gallolyticus_ATCC_9809.fasta,2302896,14df7206f2bb75c7a2d8a76de5acc037207c6a4fc1ad0f7e815f102780d3fb7b,Streptococcus_gallolyticus_ATCC_9809.pt,3720621,d8cfce2405b7f562d78f9d5cbb2a171893357e439bda49b6540f45b88a90aee6,False,True,False
9811,Streptococcus oralis,ATCC FASTA archive,ATCC 9811,Streptococcus_oralis_ATCC_9811.fasta,1921516,f05623623952ab902f904d80ffc31d7c64561ac5364b762fb20e1ecde8ba5019,Streptococcus_oralis_ATCC_9811.pt,3097935,909490242d92f396d35515f8c987c97072611880dc0cddfe3c46873adebc8466,False,True,False
9885,Priestia megaterium,ATCC FASTA archive,ATCC 9885,Priestia_megaterium_ATCC_9885.fasta,6130935,95724f4ec4db030f39184faf770c9f0c4e712c589f1ac30d7b6e5af9b508fc3b,Priestia_megaterium_ATCC_9885.pt,8488266,ff55b66a4f3ab6573bcd1ccb5ff42b7848439ac67d691994532fd2c6f6dd8b0e,False,True,False
BAA-1025,Escherichia coli,ATCC FASTA archive,ATCC BAA 1025,Escherichia_coli_ATCC_BAA_1025.fasta,4603657,8ecc12941f6fc83f29a39890861712d454266a2b679605f10f6bc85a3946ceb5,Escherichia_coli_ATCC_BAA_1025.pt,7423311,83c50a7d459d682610d9fb4c0671d6c46fd6f4e80ee296519c57d6bd94a7c1d9,False,True,False
BAA-1114,Ralstonia solanacearum,ATCC FASTA archive,ATCC BAA 1114,Ralstonia_solanacearum_ATCC_BAA_1114.fasta,5887912,acb002d868ab68d187946bb494736fe79c4c7f859226b74544a028fbbdd8ad3b,Ralstonia_solanacearum_ATCC_BAA_1114.pt,6096301,d89eb4b5cb0a0e0c7e1dad626dbf09d045e71c041ac1991059743fb4408a58ec,False,True,False
BAA-1143,Enterobacter cloacae subsp cloacae,ATCC FASTA archive,ATCC BAA 1143,Enterobacter_cloacae_subsp_cloacae_ATCC_BAA_1143.fasta,5057058,9fa3fcae598736c5e8c13f233622dec6c2abd1727a2e1192ffc6bbd198f6e430,Enterobacter_cloacae_subsp_cloacae_ATCC_BAA_1143.pt,7587305,3cef54ed8c953cc2e0b6ca1d59e6f41e4881f47c6d0d2723fa262c10ad210b70,False,True,False
BAA-1382,Clostridioides difficile,ATCC FASTA archive,ATCC BAA 1382,Clostridioides_difficile_ATCC_BAA_1382.fasta,4374215,f06f556272cf4fe103bf53f7e4773f6ca9c2eb6a431d777a5a64127802ee407d,Clostridioides_difficile_ATCC_BAA_1382.pt,7046583,b77e0d5445d92895ac669d7745339889fb011632066d56a823de69d345929272,False,True,False
BAA-1556,Staphylococcus aureus,ATCC FASTA archive,ATCC BAA 1556,Staphylococcus_aureus_ATCC_BAA_1556.fasta,2972704,74d73d999c5b80582d7bc307bb4c378bcd912c489f8e75619246e0ea762ac5b2,Staphylococcus_aureus_ATCC_BAA_1556.pt,4720040,80a0a280c53314bebdcfdd8e655f3a73e7beaec391a656bc052807c66bff017f,False,True,True
BAA-1605,Acinetobacter baumannii,ATCC FASTA archive,ATCC BAA 1605,Acinetobacter_baumannii_ATCC_BAA_1605.fasta,4122085,eab85372872eb07e87bd0b1b330c57af2b29b62103d2b281173d4b66b36532fa,Acinetobacter_baumannii_ATCC_BAA_1605.pt,6620594,d59d0de64114fef5bc035371ecc251c72876415b80667892b4ea403a466a5f59,False,True,True
BAA-1683,Staphylococcus aureus,ATCC FASTA archive,ATCC BAA 1683,Staphylococcus_aureus_ATCC_BAA_1683.fasta,2890640,10bd669fc6d5e760d1ad727344f3be8469a2e241b3c3647cd91719ddb1efadbc,Staphylococcus_aureus_ATCC_BAA_1683.pt,4638120,6b44033739165b3d6d8c0dec9560c338698f27d55a7faeccdc9ec0bbeef728b1,False,True,False
BAA-1696,Staphylococcus aureus,ATCC FASTA archive,ATCC BAA 1696,Staphylococcus_aureus_ATCC_BAA_1696.fasta,2888335,53bb1cd7e03c3955a740cd3dd68e60f0160c143395cc58c9db8173869e8a4bad,Staphylococcus_aureus_ATCC_BAA_1696.pt,4638120,52ce2b924686e89afb18c6d724140e00d9371848e4b5952d1c1b273b02fa3b25,False,True,False
BAA-1705,Klebsiella pneumoniae,ATCC FASTA archive,ATCC BAA 1705,Klebsiella_pneumoniae_ATCC_BAA_1705.fasta,5857115,2ea1e3c2a1ebb1b8047e44b9aace0190e1273065c02a0a4f616e41c980eec1f5,Klebsiella_pneumoniae_ATCC_BAA_1705.pt,8701352,420ca0deb05a244930a3c199e5fef2398dd4251599d94f5d8fd6e6af98384e60,False,True,True
BAA-1706,Klebsiella pneumoniae,ATCC FASTA archive,ATCC BAA 1706,Klebsiella_pneumoniae_ATCC_BAA_1706.fasta,5613651,8e895eb311a15849d325498c3bde35dda027e159eccb14b73abe6b3b89e17e93,Klebsiella_pneumoniae_ATCC_BAA_1706.pt,8701352,4ff7c727a58b8d7ecb295ce47ff6f9c395b60057f8b5129122ca8a47c0ceb4f6,False,True,False
BAA-1707,Staphylococcus aureus,ATCC FASTA archive,ATCC BAA 1707,Staphylococcus_aureus_ATCC_BAA_1707.fasta,2893057,bdf77b807a7cf08257c44459c46fb30800808bde779dff8385b1129a502e5bc8,Staphylococcus_aureus_ATCC_BAA_1707.pt,4638120,3073f018117e934811480163b8962198677c9db7e71b6a553979ef9dcec1088f,False,True,False
BAA-1708,Staphylococcus aureus,ATCC FASTA archive,ATCC BAA 1708,Staphylococcus_aureus_ATCC_BAA_1708.fasta,2993398,486bd9c5e6aad3464bc7987aa1add240c74f478b4dcf24f49b331de3b6804225,Staphylococcus_aureus_ATCC_BAA_1708.pt,4703656,f699900da8180dc7863aad228009a7ff7d886ff1e84e2cc94cf1c7dba3de2e0e,False,True,False
BAA-1710,Acinetobacter baumannii,ATCC FASTA archive,ATCC BAA 1710,Acinetobacter_baumannii_ATCC_BAA_1710.fasta,4026601,e075f35412b7597a847a53f3d4c690a32edc2e5f312c8d0a1e7f953bd656e0e9,Acinetobacter_baumannii_ATCC_BAA_1710.pt,6473138,c4209eb7183733c517ca403fd87cb047173182119099eb56dc5cf15fb31b581e,False,True,True
BAA-1717,Staphylococcus aureus,ATCC FASTA archive,ATCC BAA 1717,Staphylococcus_aureus_ATCC_BAA_1717.fasta,2956932,9f0bd0e7a186e6f075aae460ffadbb115bcb94beb1e99823295e257ae4e1f7c4,Staphylococcus_aureus_ATCC_BAA_1717.pt,4720040,342b95140688fb9244488308ab61ea8b4579fc222322aa7be6643dae6526e6d9,False,True,True
BAA-1718,Staphylococcus aureus,ATCC FASTA archive,ATCC BAA 1718,Staphylococcus_aureus_ATCC_BAA_1718.fasta,2871453,ab66e62a1eae1e5d94428c14e0cc85c39aeb4c49324212839a7b4baf187826eb,Staphylococcus_aureus_ATCC_BAA_1718.pt,2327976,4c622ff57f2fd091954f408808d51e211953344de3260ecc1505e5c8ee363cb1,False,True,False
BAA-1720,Staphylococcus aureus,ATCC FASTA archive,ATCC BAA 1720,Staphylococcus_aureus_ATCC_BAA_1720.fasta,2950952,3ee1a7e1b8c04cf4bf7d31bea32068e4c8940715d2712a6a4122ab0e63099e0a,Staphylococcus_aureus_ATCC_BAA_1720.pt,4769192,9e20747a325d2355de6ae6d561b1db87874b1799f3449e8129acece63c85a39d,False,True,False
BAA-1744,Pseudomonas aeruginosa,ATCC FASTA archive,ATCC BAA 1744,Pseudomonas_aeruginosa_ATCC_BAA_1744.fasta,7005850,212ba4fe7d9872e4d64705dd92881663e31b79f57ff3670c819b86f8126f894e,Pseudomonas_aeruginosa_ATCC_BAA_1744.pt,11306413,69e2a5a9474caa9e1e9932a8d467664b136b4a082bc894fba0d340accb8f6e8b,False,True,False
BAA-1750,Staphylococcus aureus,ATCC FASTA archive,ATCC BAA 1750,Staphylococcus_aureus_ATCC_BAA_1750.fasta,3021562,29b4b3e645e64ca8b25140248cc1fb8aaa5dbe26064207e29e227f40eb35eeaa,Staphylococcus_aureus_ATCC_BAA_1750.pt,4883880,e3dd305f7c59ab21c28285d9999b91a69f111651131d7d3af2bd3aa2d8414763,False,True,False
BAA-1794,Acinetobacter baumannii,ATCC FASTA archive,ATCC BAA 1794,Acinetobacter_baumannii_ATCC_BAA_1794.fasta,4048282,86f5144bcc6aa5e6a2fe1d9be950033b8835a883053c49f2e7d4d5ff64bed6ef,Acinetobacter_baumannii_ATCC_BAA_1794.pt,6342066,ea8f20ae777b40b9c8b75e9b031b006a4eb90723572fc2e62f11ba6575c5b95a,False,True,False
BAA-1798,Acinetobacter baumannii,ATCC FASTA archive,ATCC BAA 1798,Acinetobacter_baumannii_ATCC_BAA_1798.fasta,4084304,7de2c5482991f3b52d654c8ec61547194d0436b0a4058fceee2ce0bbad7b16f7,Acinetobacter_baumannii_ATCC_BAA_1798.pt,6423986,1f834832e9172cba66562b4720287d3a3448e6537735d173b9fdb8909d539525,False,True,False
BAA-1800,Acinetobacter baumannii,ATCC FASTA archive,ATCC BAA 1800,Acinetobacter_baumannii_ATCC_BAA_1800.fasta,4071141,0334b583880efeb2a918bf9cc6b583d3bd1f7e949f0406ac49e40a1b068c009c,Acinetobacter_baumannii_ATCC_BAA_1800.pt,6374834,34aae336cde16136f32dc78f9b4d01e21e73be614dc35274f7992bd8d6c184f7,False,True,False
BAA-2108,Pseudomonas aeruginosa,ATCC FASTA archive,ATCC BAA 2108,Pseudomonas_aeruginosa_ATCC_BAA_2108.fasta,6502287,ff42371dd400a5f52835b8cd71a0ab099732cd4cb490ad056d82c2585040f1f9,Pseudomonas_aeruginosa_ATCC_BAA_2108.pt,9291181,d1ee651b57ace5881e001901a77e9715924381f7442556eff1e7947ea1afd83e,False,True,True
BAA-2110,Pseudomonas aeruginosa,ATCC FASTA archive,ATCC BAA 2110,Pseudomonas_aeruginosa_ATCC_BAA_2110.fasta,6731252,9c3ba0e5de141d16887a672c3e61b1cae597ceea69f9fa7c663c163e3d6ed4a7,Pseudomonas_aeruginosa_ATCC_BAA_2110.pt,10864045,5deb3cf96d2aa2717f7549cf3af7932fffef4d4e35953c82ba0fd938b0f79ffd,False,True,False
BAA-2111,Pseudomonas aeruginosa,ATCC FASTA archive,ATCC BAA 2111,Pseudomonas_aeruginosa_ATCC_BAA_2111.fasta,6421847,ebfcd9c3be178af3d9391b9e0a41d6d0790fdee70efafb2cbffdbaf24051b1de,Pseudomonas_aeruginosa_ATCC_BAA_2111.pt,7013805,08c67bd78b12f6b32b3cd1663bc581348943ceb2f3ea7370771a2893524bb39d,False,True,False
BAA-2114,Pseudomonas aeruginosa,ATCC FASTA archive,ATCC BAA 2114,Pseudomonas_aeruginosa_ATCC_BAA_2114.fasta,6363580,d2aaf7a07774eee1084b37d98ac643a948b9720e0b788e0e7d07f2b4b3e3ca97,Pseudomonas_aeruginosa_ATCC_BAA_2114.pt,10257837,fed881675d32ab14aed16c6ff224ed55b75903211777c5d78cd9e2e8f32ed70d,False,True,True
BAA-2146,Klebsiella pneumoniae,ATCC FASTA archive,ATCC BAA 2146,Klebsiella_pneumoniae_ATCC_BAA_2146.fasta,5877466,5d9fc839caebe08ced39d6aa9a142abc64c3355948d20b8b5afbda2ace2d6c99,Klebsiella_pneumoniae_ATCC_BAA_2146.pt,8914344,96a340afd3fd15abef0bbac506795693b36472b6bd93c64ecfd62c752ee16807,False,True,False
BAA-2312,Staphylococcus aureus,ATCC FASTA archive,ATCC BAA 2312,Staphylococcus_aureus_ATCC_BAA_2312.fasta,2872376,38a4d29afa59a967dedac7497015dde86da905064a4e848129c70855ec5b0755,Staphylococcus_aureus_ATCC_BAA_2312.pt,4638120,342f356ece719fc63bbbb277433a01f36d9343696b4d7d2fd47ed41f8023814a,False,True,False
BAA-2316,Enterococcus faecium,ATCC FASTA archive,ATCC BAA 2316,Enterococcus_faecium_ATCC_BAA_2316.fasta,3226429,13e9cfa97059e245877759aee4c47cdd90f8ca10bc0b75d753cebee4a0ac2714,Enterococcus_faecium_ATCC_BAA_2316.pt,4703651,d6bdcdffcd48aada31c7c167a19431bf093753028ad7f00ede1cf3ea89c13781,False,True,True
BAA-2340,Escherichia coli,ATCC FASTA archive,ATCC BAA 2340,Escherichia_coli_ATCC_BAA_2340.fasta,5531113,81862b22894f6946875ddc156dcbacb435acf6d17b974a3d39844da4bb7c76a1,Escherichia_coli_ATCC_BAA_2340.pt,8504655,a6c7537a467e677bb3c4999d55e4df538df406bbd6f09bdf196ed9374dce5ae8,False,True,False
BAA-2342,Klebsiella pneumoniae,ATCC FASTA archive,ATCC BAA 2342,Klebsiella_pneumoniae_ATCC_BAA_2342.fasta,5987204,8077166307be229922cf27e4aa1ed761443a4fe33a686a29b173388e6e329fed,Klebsiella_pneumoniae_ATCC_BAA_2342.pt,8996264,b6ecde632ca52597f6a57f5d64e00a431914558d65bba1bb97bdcbdae711843c,False,True,True
BAA-2365,Enterococcus faecalis,ATCC FASTA archive,ATCC BAA 2365,Enterococcus_faecalis_ATCC_BAA_2365.fasta,3552960,294a8248e69e17eda232fb83796c93f09bee296e86d50e9a455f16d43ab092b9,Enterococcus_faecalis_ATCC_BAA_2365.pt,5408168,94516c02d4a564b5eac91df5180a7eb751c90ce8369dbda72264f6fef9130eca,False,True,False
BAA-2452,Escherichia coli,ATCC FASTA archive,ATCC BAA 2452,Escherichia_coli_ATCC_BAA_2452.fasta,5132903,9e015537ff90be9b40d03375aa201b0c30efeee8df81c7dc9dc67b0e99babd1b,Escherichia_coli_ATCC_BAA_2452.pt,7816527,a154e5147d2fc9faa9cd69c2bff60cddde48b3a1d9b993dd8fa42738b8384d8f,False,True,True
BAA-2468,Enterobacter cloacae,ATCC FASTA archive,ATCC BAA 2468,Enterobacter_cloacae_ATCC_BAA_2468.fasta,5352597,e54551616dcb01eff6feb701663fe02d3604e622dc4760c3f17628a9d7efe2e6,Enterobacter_cloacae_ATCC_BAA_2468.pt,8226211,d8e976d3634018d4c20f9f2df13387e039f219fb2f52afb2be3ffe407f94cc70,False,True,False
BAA-2469,Escherichia coli,ATCC FASTA archive,ATCC BAA 2469,Escherichia_coli_ATCC_BAA_2469.fasta,5604374,5687a0f4c3e98d4749d296295578cd609dc471b8c6c681c80b88875efa61b9db,Escherichia_coli_ATCC_BAA_2469.pt,8439119,784649048c4900653b22b6beea80d60edd7b30c37acd18bdae7ac45cc6a937ae,False,True,False
BAA-2470,Klebsiella pneumoniae subsp pneumoniae,ATCC FASTA archive,ATCC BAA 2470,Klebsiella_pneumoniae_subsp_pneumoniae_ATCC_BAA_2470.fasta,6151250,134e49e24e35bb073c95bfb880afcbd705fa3582086cbebb4fc6dece574d4a78,Klebsiella_pneumoniae_subsp_pneumoniae_ATCC_BAA_2470.pt,9012733,283fd2dba6f889808f8eae93d4bc1baa0e63d19df048ab2d14470ce72a5070bd,False,True,False
BAA-2471,Escherichia coli,ATCC FASTA archive,ATCC BAA 2471,Escherichia_coli_ATCC_BAA_2471.fasta,5172909,96dca727185fbbcb5e36c5638e49ed30a2f121068efaa6dd1dc46f785c8f5a8f,Escherichia_coli_ATCC_BAA_2471.pt,7783759,86635656d13864deb69e6d86634cc307ec9c7db4dcc4c078565c9d3cfe377b65,False,True,False
BAA-2523,Escherichia coli,ATCC FASTA archive,ATCC BAA 2523,Escherichia_coli_ATCC_BAA_2523.fasta,5378071,b4e8b94eeed9416cc8679c4f6fd879e4be920333328621b0a5282f25039bafac,Escherichia_coli_ATCC_BAA_2523.pt,8668495,d588284781e8e56061e64768b2ca0ebb763b6b74344d9010ffd427dfed9a959d,False,True,False
BAA-2524,Klebsiella pneumoniae subsp pneumoniae,ATCC FASTA archive,ATCC BAA 2524,Klebsiella_pneumoniae_subsp_pneumoniae_ATCC_BAA_2524.fasta,5726930,1124b5713e3a67b7d049e29d9dd498e457866790ec92bf07c75006916fba992c,Klebsiella_pneumoniae_subsp_pneumoniae_ATCC_BAA_2524.pt,8783357,b200e6cccdf96f9f3942f5b861b055636851e05828ad647022839be48b3c87d1,False,True,True
BAA-255,Streptococcus pneumoniae,ATCC FASTA archive,ATCC BAA 255,Streptococcus_pneumoniae_ATCC_BAA_255.fasta,2074163,f39d5f74a98504d0332dca826825933f4814f19bd9b9d949fad711aa6e745d6f,Streptococcus_pneumoniae_ATCC_BAA_255.pt,3343794,19970b3461759e9b62fba829748df578a383ff3d01e85888e1ef435048e2df5c,False,True,False
BAA-2762,Staphylococcus aureus subsp aureus,ATCC FASTA archive,ATCC BAA 2762,Staphylococcus_aureus_subsp_aureus_ATCC_BAA_2762.fasta,2875778,cedaa424898d08c39ef191478da65171808cc6d349c5a7e294a9cf680c3e5809,Staphylococcus_aureus_subsp_aureus_ATCC_BAA_2762.pt,4638185,99595b7769e75a47270729d6b8dd00df7ad0713d8a7685db76e38ac0d91258f4,False,True,False
BAA-2814,Klebsiella pneumoniae,ATCC FASTA archive,ATCC BAA 2814,Klebsiella_pneumoniae_ATCC_BAA_2814.fasta,5918735,49aba510c927b0f9869e7881c2ae0b9af1edcf3b3fd0b5680be30d34e79d2774,Klebsiella_pneumoniae_ATCC_BAA_2814.pt,8914344,292086a2b962847713d9cd04d4544cc6f351832c4df2b4099406c04844575804,False,True,False
BAA-3045,Enterobacter cloacae,ATCC FASTA archive,ATCC BAA 3045,Enterobacter_cloacae_ATCC_BAA_3045.fasta,5203329,3f239490c8ba965c7a41553cc04a1f1a04a6c0fcd0e8077432aa21308231beb1,Enterobacter_cloacae_ATCC_BAA_3045.pt,7964067,ddd14d5ab256c5ca5b9d4083c211e85521d4f1248c022ced27535daa07dd49be,False,True,False
BAA-3051,Escherichia coli,ATCC FASTA archive,ATCC BAA 3051,Escherichia_coli_ATCC_BAA_3051.fasta,5468405,59b9a0dfb64fbb413c6dd0f20ea031360788677a2ac8bc547396f84bd8ff6384,Escherichia_coli_ATCC_BAA_3051.pt,8291663,d06ac30435d61b94286c5332d290e75984c9290b6f1c57aa0cd4f7f3ffad42df,False,True,False
BAA-3054,Escherichia coli,ATCC FASTA archive,ATCC BAA 3054,Escherichia_coli_ATCC_BAA_3054.fasta,5620298,6c473f1e3cae7740727503f81adb9d129c308d882bcdda451c7428f477e304c5,Escherichia_coli_ATCC_BAA_3054.pt,8619343,10a18ce3c2dd4773805de97f3110770337a37f669d5bab059a45f9c9f641053e,False,True,True
BAA-39,Staphylococcus aureus subsp aureus,ATCC FASTA archive,ATCC BAA 39,Staphylococcus_aureus_subsp_aureus_ATCC_BAA_39.fasta,2980697,00f8038c950ff96f449ec16e7181a29e02eda2b987d595267f3544b2ee4aa574,Staphylococcus_aureus_subsp_aureus_ATCC_BAA_39.pt,3966431,eb73976e3a47ac555bdb5608f1c67013f9bff8c5a7dfe54b0e31ed49857a6c18,False,True,False
BAA-41,Staphylococcus aureus,ATCC FASTA archive,ATCC BAA 41,Staphylococcus_aureus_ATCC_BAA_41.fasta,2982802,703fbe555b39d87935ccf0ed8d7101f5cf73cfd73bc46f9d24c58292aefb07c5,Staphylococcus_aureus_ATCC_BAA_41.pt,4736350,0558fbf5523ee3b8e85b70ca3d170821ea29e0a8a2aa8ff8fd2a8a1b24f3f71d,False,True,True
BAA-427,Pseudomonas aeruginosa,ATCC FASTA archive,ATCC BAA 427,Pseudomonas_aeruginosa_ATCC_BAA_427.fasta,6862478,42e68a89ee3931b807293dcde2d1a5da10c87e6878bdb21be08a11661dd8a2ed,Pseudomonas_aeruginosa_ATCC_BAA_427.pt,11060648,b7618411d072cd0a3931ed068fc881dee7433925dc75498c8cbfdd5a5c7dc8d5,False,True,False
BAA-44,Staphylococcus aureus,ATCC FASTA archive,ATCC BAA 44,Staphylococcus_aureus_ATCC_BAA_44.fasta,3045060,545fb83032054b9dab732dba74bcad0d6f7c56c4a52a25c1e2b95136e00684b3,Staphylococcus_aureus_ATCC_BAA_44.pt,4867422,6ecc5ae622bc18bccf0ba846deec688a1e325b09819a2ae90e7b0f4dd2add8be,False,True,True
BAA-679,Listeria monocytogenes,ATCC FASTA archive,ATCC BAA 679,Listeria_monocytogenes_ATCC_BAA_679.fasta,2993699,f963f515a13a38453622061e75e16b44e6e2dbc2a621f74474cd7d7e825dfef1,Listeria_monocytogenes_ATCC_BAA_679.pt,4834728,f6b0413895f79377199b705c564300f9dab15f5c5cd755194405ed3f121bd3d7,False,True,False
BAA-747,Acinetobacter baumannii,ATCC FASTA archive,ATCC BAA 747,Acinetobacter_baumannii_ATCC_BAA_747.fasta,4081233,4361b807d5719ee5c6d7630994a5f31884d5a3689a066c5f7dc6a1567a8533a5,Acinetobacter_baumannii_ATCC_BAA_747.pt,6555053,8770e5f3e1e8c54751d3bc5fde5c84cc6131ea26ccfd587c643956999653ea76,False,True,True
BAA-750,Staphylococcus saprophyticus,ATCC FASTA archive,ATCC BAA 750,Staphylococcus_saprophyticus_ATCC_BAA_750.fasta,2596478,76f1655d724160165703478a6f634ec31787530491c98a92743a6af6956684eb,Staphylococcus_saprophyticus_ATCC_BAA_750.pt,4064710,4e9626c3540915fef976cea46b4aff79bf0dfb99a49a31cfcaad8a8652766b66,False,True,False
BAA-751,Listeria monocytogenes,ATCC FASTA archive,ATCC BAA 751,Listeria_monocytogenes_ATCC_BAA_751.fasta,3095675,e020033146b6720b6057ae4dc72c66933a9fc65b4437fa8fffd969430687a7fe,Listeria_monocytogenes_ATCC_BAA_751.pt,4933032,d61df15908da6fa8db2d4a3ffc4f7343b6db8361439efd85e223685f9403230b,False,True,False
BAA-871,Pseudomonas syringae pathovar tomato,ATCC FASTA archive,ATCC BAA 871,Pseudomonas_syringae_pathovar_tomato_ATCC_BAA_871.fasta,6647457,f4d722512d16909bb9e45d28ced1ac7c2ce81dc3f24265343227b483cc41e472,Pseudomonas_syringae_pathovar_tomato_ATCC_BAA_871.pt,10225134,305a61f9e33c7dcbc3305482e9ce5586ac3e1f4ff1f49ff55c818a607bb8fe46,False,True,False
BAA-894,Cronobacter sakazakii,ATCC FASTA archive,ATCC BAA 894,Cronobacter_sakazakii_ATCC_BAA_894.fasta,4587725,a9793e997e3c754a578f80b517aee0c41b80d5184cb6f7b784cf07d38e849c5f,Cronobacter_sakazakii_ATCC_BAA_894.pt,7128483,5adbfe89e96cd58df8c91a9dbd9acead1dca1fcdfda22158524b523b7ce5a3fb,False,True,False
BAA-895,Citrobacter koseri,ATCC FASTA archive,ATCC BAA 895,Citrobacter_koseri_ATCC_BAA_895.fasta,4815594,0cf511f682438180332a25298361a474ab916d1aee2e3e35776884ae5169b6e5,Citrobacter_koseri_ATCC_BAA_895.pt,7750996,9a0873c1f96b6892eb66878c732da130ebea5b8118635148d8a035f9f8f30ec2,False,True,False
BAA-949,Corynebacterium jeikeium,ATCC FASTA archive,ATCC BAA 949,Corynebacterium_jeikeium_ATCC_BAA_949.fasta,2365211,bd6dcfcf3e739e606889d73983ed6aed069b57765a5c044aae83f0db2482a3fa,Corynebacterium_jeikeium_ATCC_BAA_949.pt,2426290,7faa6219616e9fe7844123725fda96d8c92e69081f0ad5511f62bfd0cb6946be,False,True,False
BAA-999,Bifidobacterium longum,ATCC FASTA archive,ATCC BAA 999,Bifidobacterium_longum_ATCC_BAA_999.fasta,2459875,0c25518311ef542bc7ba1cad3a2c4322eb2eb9d2709717a364628cf7b8d6d9cf,Bifidobacterium_longum_ATCC_BAA_999.pt,3966376,ac35e42a8d4f2b6f56f836f49ae1525375345a75cfd138b40131d357573f17f5,False,True,False
MYA-1198,Fusarium oxysporum,ATCC FASTA archive,ATCC MYA 1198,Fusarium_oxysporum_ATCC_MYA_1198.fasta,51170794,88156184d1ce30334ab2430c29493df7c6b4e7ed11c562411e75da07fa20d082,Fusarium_oxysporum_ATCC_MYA_1198.pt,10634585,fb5bd76c0d5c1e4b50208a62d93cb200bb9a071bd28f41d1a7d50f76cf07ba7c,False,True,False
MYA-2876,Candida albicans,ATCC FASTA archive,ATCC MYA 2876,Candida_albicans_ATCC_MYA_2876.fasta,14987398,c5c81f3799761a39bbdad45e33d2791044e22e1f2dc49afa99c9bf0725308cda,Candida_albicans_ATCC_MYA_2876.pt,5260623,f4b9ddff080bbe30b727ee56ce01a00c40f90dbd51766e19b9de79d85e148e77,False,True,True
MYA-3404,Candida tropicalis,ATCC FASTA archive,ATCC MYA 3404,Candida_tropicalis_ATCC_MYA_3404.fasta,15098718,576e59132a0ce7a0fe150b00210a7e8fac6ed2478950d8efd103c46d1ad71f01,Candida_tropicalis_ATCC_MYA_3404.pt,4048217,c62bb9cf151ddc9847e60d0e5af4fcf5c91c9e29285a44617bfd494b646b4d76,False,True,False
MYA-4892,Aspergillus niger,ATCC FASTA archive,ATCC MYA 4892,Aspergillus_niger_ATCC_MYA_4892.fasta,36624436,45f5125159e181eee58be2f5620ed98c0b95cace1d2f7a72c21bb1d7ef199503,Aspergillus_niger_ATCC_MYA_4892.pt,11896148,b84a2b25d8626643ef824a5400895066f8f626a04b2333c1de0b19885219195b,False,True,False
MYA-646,Candida dubliniensis,ATCC FASTA archive,ATCC MYA 646,Candida_dubliniensis_ATCC_MYA_646.fasta,15091530,7eaf254b95a4f240efd98fa0d5e6afec5f1402471840190ffb9ef726d58e7a58,Candida_dubliniensis_ATCC_MYA_646.pt,5309790,9c108e6314ddda3cfb859eeedc514e65c83ae14abdf38c37b72a7494e09ef52d,False,True,False
MYA-826,Paracoccidioides lutzii,ATCC FASTA archive,ATCC MYA 826,Paracoccidioides_lutzii_ATCC_MYA_826.fasta,33937058,83f54aa6f80c7b9149b350723b2fc8ef2370d287883661e5c533f2b00766d921,Paracoccidioides_lutzii_ATCC_MYA_826.pt,9012653,3c1e11cba9da2bd8fe1ff038436144cc9c68636c5246e3824ffec2dbbf9ba2bc,False,True,False
