candidate_row,strain,target_mic,target_length,source_file,source_line,source_file_sha256,original_sequence,original_sequence_arg_normalized,corrected_sequence,apexoracle_id,replacement_status,original_selfies,corrected_selfies,original_canonical_isomeric_smiles,corrected_canonical_isomeric_smiles,structure_changed
1,BAA-3170,1,256,strain_BAA-3170_MIC_1_length_256_noise.txt,1,910cb2e4cdbcd8c0379feccddf67aab520c318a762575f4732da58475dc1bfca,HENSWKYFQPVLKMKIR,HENSWKYFQPVLKMKIR,HENSWKYFQPVLKMKIR,,unchanged_generated_output,[N][C@@H1][Branch1][=Branch2][C][C][=C][N][C][=N][Ring1][Branch1][C][=Branch1][C][=O][N][C@@H1][Branch1][Branch2][C][C][C][=Branch1][C][=O][O][C][=Branch1][C][=O][N][C@@H1][Branch1][#Branch1][C][C][=Branch1][C][=O][N][C][=Branch1][C][=O][N][C@@H1][Branch1][Ring1][C][O][C][=Branch1][C][=O][N][C@@H1][Branch1][P][C][C][=Branch1][Ring1][=C][N][C][=C][Ring1][Ring1][C][=C][C][=C][Ring1][=Branch1][C][=Branch1][C][=O][N][C@@H1][Branch1][=Branch1][C][C][C][C][N][C][=Branch1][C][=O][N][C@@H1][Branch1][=N][C][C][=C][C][=C][Branch1][C][O][C][=C][Ring1][#Branch1][C][=Branch1][C][=O][N][C@@H1][Branch1][#Branch2][C][C][=C][C][=C][C][=C][Ring1][=Branch1][C][=Branch1][C][=O][N][C@@H1][Branch1][Branch2][C][C][C][=Branch1][C][=O][N][C][=Branch1][C][=O][N][C@@H1][Branch1][=Branch1][C][C][C][Ring1][Branch1][C][=Branch1][C][=O][N][C@@H1][Branch1][=Branch1][C][Branch1][C][C][C][C][=Branch1][C][=O][N][C@@H1][Branch1][#Branch1][C][C][Branch1][C][C][C][C][=Branch1][C][=O][N][C@@H1][Branch1][=Branch1][C][C][C][C][N][C][=Branch1][C][=O][N][C@@H1][Branch1][Branch1][C][C][S][C][C][=Branch1][C][=O][N][C@@H1][Branch1][=Branch1][C][C][C][C][N][C][=Branch1][C][=O][N][C@@H1][Branch1][#Branch1][C@H1][Branch1][Ring1][C][C][C][C][=Branch1][C][=O][N][C@@H1][Branch1][#Branch2][C][C][C][N][C][=Branch1][C][=N][N][C][=Branch1][C][=O][O],[N][C@@H1][Branch1][=Branch2][C][C][=C][N][C][=N][Ring1][Branch1][C][=Branch1][C][=O][N][C@@H1][Branch1][Branch2][C][C][C][=Branch1][C][=O][O][C][=Branch1][C][=O][N][C@@H1][Branch1][#Branch1][C][C][=Branch1][C][=O][N][C][=Branch1][C][=O][N][C@@H1][Branch1][Ring1][C][O][C][=Branch1][C][=O][N][C@@H1][Branch1][P][C][C][=Branch1][Ring1][=C][N][C][=C][Ring1][Ring1][C][=C][C][=C][Ring1][=Branch1][C][=Branch1][C][=O][N][C@@H1][Branch1][=Branch1][C][C][C][C][N][C][=Branch1][C][=O][N][C@@H1][Branch1][=N][C][C][=C][C][=C][Branch1][C][O][C][=C][Ring1][#Branch1][C][=Branch1][C][=O][N][C@@H1][Branch1][#Branch2][C][C][=C][C][=C][C][=C][Ring1][=Branch1][C][=Branch1][C][=O][N][C@@H1][Branch1][Branch2][C][C][C][=Branch1][C][=O][N][C][=Branch1][C][=O][N][C@@H1][Branch1][=Branch1][C][C][C][Ring1][Branch1][C][=Branch1][C][=O][N][C@@H1][Branch1][=Branch1][C][Branch1][C][C][C][C][=Branch1][C][=O][N][C@@H1][Branch1][#Branch1][C][C][Branch1][C][C][C][C][=Branch1][C][=O][N][C@@H1][Branch1][=Branch1][C][C][C][C][N][C][=Branch1][C][=O][N][C@@H1][Branch1][Branch1][C][C][S][C][C][=Branch1][C][=O][N][C@@H1][Branch1][=Branch1][C][C][C][C][N][C][=Branch1][C][=O][N][C@@H1][Branch1][#Branch1][C@H1][Branch1][Ring1][C][C][C][C][=Branch1][C][=O][N][C@@H1][Branch1][#Branch2][C][C][C][N][C][=Branch1][C][=N][N][C][=Branch1][C][=O][O],CC[C@H](C)[C@H](NC(=O)[C@H](CCCCN)NC(=O)[C@H](CCSC)NC(=O)[C@H](CCCCN)NC(=O)[C@H](CC(C)C)NC(=O)[C@@H](NC(=O)[C@@H]1CCCN1C(=O)[C@H](CCC(N)=O)NC(=O)[C@H](Cc1ccccc1)NC(=O)[C@H](Cc1ccc(O)cc1)NC(=O)[C@H](CCCCN)NC(=O)[C@H](Cc1c[nH]c2ccccc12)NC(=O)[C@H](CO)NC(=O)[C@H](CC(N)=O)NC(=O)[C@H](CCC(=O)O)NC(=O)[C@@H](N)Cc1c[nH]cn1)C(C)C)C(=O)N[C@@H](CCCNC(=N)N)C(=O)O,CC[C@H](C)[C@H](NC(=O)[C@H](CCCCN)NC(=O)[C@H](CCSC)NC(=O)[C@H](CCCCN)NC(=O)[C@H](CC(C)C)NC(=O)[C@@H](NC(=O)[C@@H]1CCCN1C(=O)[C@H](CCC(N)=O)NC(=O)[C@H](Cc1ccccc1)NC(=O)[C@H](Cc1ccc(O)cc1)NC(=O)[C@H](CCCCN)NC(=O)[C@H](Cc1c[nH]c2ccccc12)NC(=O)[C@H](CO)NC(=O)[C@H](CC(N)=O)NC(=O)[C@H](CCC(=O)O)NC(=O)[C@@H](N)Cc1c[nH]cn1)C(C)C)C(=O)N[C@@H](CCCNC(=N)N)C(=O)O,False
2,BAA-3170,1,268,strain_BAA-3170_MIC_1_length_268_noise.txt,1,f3fcedfeba072a906d9dc8b88dbf48a46970f9971bcbcbefc977220b7c1006bc,cyclo-G,cyclo-G,cyclo-G,,unchanged_generated_output,[N][C][C][Ring1][Ring1][=O],[N][C][C][Ring1][Ring1][=O],O=C1CN1,O=C1CN1,False
3,BAA-3170,1,268,strain_BAA-3170_MIC_1_length_268_noise.txt,2,f3fcedfeba072a906d9dc8b88dbf48a46970f9971bcbcbefc977220b7c1006bc,QsWACLIFWPACHPQWH,QsWACLIFWPACHPQWH,QsWACLIFWPACHPQWH,,unchanged_generated_output,[N][C@@H1][Branch1][Branch2][C][C][C][=Branch1][C][=O][N][C][=Branch1][C][=O][N][C@H1][Branch1][Ring1][C][O][C][=Branch1][C][=O][N][C@@H1][Branch1][P][C][C][=Branch1][Ring1][=C][N][C][=C][Ring1][Ring1][C][=C][C][=C][Ring1][=Branch1][C][=Branch1][C][=O][N][C@@H1][Branch1][C][C][C][=Branch1][C][=O][N][C@@H1][Branch1][Ring1][C][S][C][=Branch1][C][=O][N][C@@H1][Branch1][#Branch1][C][C][Branch1][C][C][C][C][=Branch1][C][=O][N][C@@H1][Branch1][#Branch1][C@H1][Branch1][Ring1][C][C][C][C][=Branch1][C][=O][N][C@@H1][Branch1][#Branch2][C][C][=C][C][=C][C][=C][Ring1][=Branch1][C][=Branch1][C][=O][N][C@@H1][Branch1][P][C][C][=Branch1][Ring1][=C][N][C][=C][Ring1][Ring1][C][=C][C][=C][Ring1][=Branch1][C][=Branch1][C][=O][N][C@@H1][Branch1][=Branch1][C][C][C][Ring1][Branch1][C][=Branch1][C][=O][N][C@@H1][Branch1][C][C][C][=Branch1][C][=O][N][C@@H1][Branch1][Ring1][C][S][C][=Branch1][C][=O][N][C@@H1][Branch1][=Branch2][C][C][=C][N][C][=N][Ring1][Branch1][C][=Branch1][C][=O][N][C@@H1][Branch1][=Branch1][C][C][C][Ring1][Branch1][C][=Branch1][C][=O][N][C@@H1][Branch1][Branch2][C][C][C][=Branch1][C][=O][N][C][=Branch1][C][=O][N][C@@H1][Branch1][P][C][C][=Branch1][Ring1][=C][N][C][=C][Ring1][Ring1][C][=C][C][=C][Ring1][=Branch1][C][=Branch1][C][=O][N][C@@H1][Branch1][=Branch2][C][C][=C][N][C][=N][Ring1][Branch1][C][=Branch1][C][=O][C],[N][C@@H1][Branch1][Branch2][C][C][C][=Branch1][C][=O][N][C][=Branch1][C][=O][N][C@H1][Branch1][Ring1][C][O][C][=Branch1][C][=O][N][C@@H1][Branch1][P][C][C][=Branch1][Ring1][=C][N][C][=C][Ring1][Ring1][C][=C][C][=C][Ring1][=Branch1][C][=Branch1][C][=O][N][C@@H1][Branch1][C][C][C][=Branch1][C][=O][N][C@@H1][Branch1][Ring1][C][S][C][=Branch1][C][=O][N][C@@H1][Branch1][#Branch1][C][C][Branch1][C][C][C][C][=Branch1][C][=O][N][C@@H1][Branch1][#Branch1][C@H1][Branch1][Ring1][C][C][C][C][=Branch1][C][=O][N][C@@H1][Branch1][#Branch2][C][C][=C][C][=C][C][=C][Ring1][=Branch1][C][=Branch1][C][=O][N][C@@H1][Branch1][P][C][C][=Branch1][Ring1][=C][N][C][=C][Ring1][Ring1][C][=C][C][=C][Ring1][=Branch1][C][=Branch1][C][=O][N][C@@H1][Branch1][=Branch1][C][C][C][Ring1][Branch1][C][=Branch1][C][=O][N][C@@H1][Branch1][C][C][C][=Branch1][C][=O][N][C@@H1][Branch1][Ring1][C][S][C][=Branch1][C][=O][N][C@@H1][Branch1][=Branch2][C][C][=C][N][C][=N][Ring1][Branch1][C][=Branch1][C][=O][N][C@@H1][Branch1][=Branch1][C][C][C][Ring1][Branch1][C][=Branch1][C][=O][N][C@@H1][Branch1][Branch2][C][C][C][=Branch1][C][=O][N][C][=Branch1][C][=O][N][C@@H1][Branch1][P][C][C][=Branch1][Ring1][=C][N][C][=C][Ring1][Ring1][C][=C][C][=C][Ring1][=Branch1][C][=Branch1][C][=O][N][C@@H1][Branch1][=Branch2][C][C][=C][N][C][=N][Ring1][Branch1][C][=Branch1][C][=O][C],CC[C@H](C)[C@H](NC(=O)[C@H](CC(C)C)NC(=O)[C@H](CS)NC(=O)[C@H](C)NC(=O)[C@H](Cc1c[nH]c2ccccc12)NC(=O)[C@@H](CO)NC(=O)[C@@H](N)CCC(N)=O)C(=O)N[C@@H](Cc1ccccc1)C(=O)N[C@@H](Cc1c[nH]c2ccccc12)C(=O)N1CCC[C@H]1C(=O)N[C@@H](C)C(=O)N[C@@H](CS)C(=O)N[C@@H](Cc1c[nH]cn1)C(=O)N1CCC[C@H]1C(=O)N[C@@H](CCC(N)=O)C(=O)N[C@@H](Cc1c[nH]c2ccccc12)C(=O)N[C@@H](Cc1c[nH]cn1)C(C)=O,CC[C@H](C)[C@H](NC(=O)[C@H](CC(C)C)NC(=O)[C@H](CS)NC(=O)[C@H](C)NC(=O)[C@H](Cc1c[nH]c2ccccc12)NC(=O)[C@@H](CO)NC(=O)[C@@H](N)CCC(N)=O)C(=O)N[C@@H](Cc1ccccc1)C(=O)N[C@@H](Cc1c[nH]c2ccccc12)C(=O)N1CCC[C@H]1C(=O)N[C@@H](C)C(=O)N[C@@H](CS)C(=O)N[C@@H](Cc1c[nH]cn1)C(=O)N1CCC[C@H]1C(=O)N[C@@H](CCC(N)=O)C(=O)N[C@@H](Cc1c[nH]c2ccccc12)C(=O)N[C@@H](Cc1c[nH]cn1)C(C)=O,False
4,BAA-3170,1,272,strain_BAA-3170_MIC_1_length_272_noise.txt,1,17f28a04eec3b1f688069da9182b04c4d9980d85b4a33364d2168a3f9272b359,cyclo-yKFFKLPNFVVSRSLEKV,cyclo-yKFFKLPNFVVSRSLEKV,cyclo-yKFFKLPNFVVSRSLEKV,,unchanged_generated_output,[N][C@H1][Branch1][=N][C][C][=C][C][=C][Branch1][C][O][C][=C][Ring1][#Branch1][C][=Branch1][C][=O][N][C@@H1][Branch1][=Branch1][C][C][C][C][N][C][=Branch1][C][=O][N][C@@H1][Branch1][#Branch2][C][C][=C][C][=C][C][=C][Ring1][=Branch1][C][=Branch1][C][=O][N][C@@H1][Branch1][#Branch2][C][C][=C][C][=C][C][=C][Ring1][=Branch1][C][=Branch1][C][=O][N][C@@H1][Branch1][=Branch1][C][C][C][C][N][C][=Branch1][C][=O][N][C@@H1][Branch1][#Branch1][C][C][Branch1][C][C][C][C][=Branch1][C][=O][N][C@@H1][Branch1][=Branch1][C][C][C][Ring1][Branch1][C][=Branch1][C][=O][N][C@@H1][Branch1][#Branch1][C][C][=Branch1][C][=O][N][C][=Branch1][C][=O][N][C@@H1][Branch1][#Branch2][C][C][=C][C][=C][C][=C][Ring1][=Branch1][C][=Branch1][C][=O][N][C@@H1][Branch1][=Branch1][C][Branch1][C][C][C][C][=Branch1][C][=O][N][C@@H1][Branch1][=Branch1][C][Branch1][C][C][C][C][=Branch1][C][=O][N][C@@H1][Branch1][Ring1][C][O][C][=Branch1][C][=O][N][C@@H1][Branch1][#Branch2][C][C][C][N][C][=Branch1][C][=N][N][C][=Branch1][C][=O][N][C@@H1][Branch1][Ring1][C][O][C][=Branch1][C][=O][N][C@@H1][Branch1][#Branch1][C][C][Branch1][C][C][C][C][=Branch1][C][=O][N][C@@H1][Branch1][Branch2][C][C][C][=Branch1][C][=O][O][C][=Branch1][C][=O][N][C@@H1][Branch1][=Branch1][C][C][C][C][N][C][=Branch1][C][=O][N][C@@H1][Branch1][=Branch1][C][C][C][Ring1][Ring1][C][Ring2][O][O][=O],[N][C@H1][Branch1][=N][C][C][=C][C][=C][Branch1][C][O][C][=C][Ring1][#Branch1][C][=Branch1][C][=O][N][C@@H1][Branch1][=Branch1][C][C][C][C][N][C][=Branch1][C][=O][N][C@@H1][Branch1][#Branch2][C][C][=C][C][=C][C][=C][Ring1][=Branch1][C][=Branch1][C][=O][N][C@@H1][Branch1][#Branch2][C][C][=C][C][=C][C][=C][Ring1][=Branch1][C][=Branch1][C][=O][N][C@@H1][Branch1][=Branch1][C][C][C][C][N][C][=Branch1][C][=O][N][C@@H1][Branch1][#Branch1][C][C][Branch1][C][C][C][C][=Branch1][C][=O][N][C@@H1][Branch1][=Branch1][C][C][C][Ring1][Branch1][C][=Branch1][C][=O][N][C@@H1][Branch1][#Branch1][C][C][=Branch1][C][=O][N][C][=Branch1][C][=O][N][C@@H1][Branch1][#Branch2][C][C][=C][C][=C][C][=C][Ring1][=Branch1][C][=Branch1][C][=O][N][C@@H1][Branch1][=Branch1][C][Branch1][C][C][C][C][=Branch1][C][=O][N][C@@H1][Branch1][=Branch1][C][Branch1][C][C][C][C][=Branch1][C][=O][N][C@@H1][Branch1][Ring1][C][O][C][=Branch1][C][=O][N][C@@H1][Branch1][#Branch2][C][C][C][N][C][=Branch1][C][=N][N][C][=Branch1][C][=O][N][C@@H1][Branch1][Ring1][C][O][C][=Branch1][C][=O][N][C@@H1][Branch1][#Branch1][C][C][Branch1][C][C][C][C][=Branch1][C][=O][N][C@@H1][Branch1][Branch2][C][C][C][=Branch1][C][=O][O][C][=Branch1][C][=O][N][C@@H1][Branch1][=Branch1][C][C][C][C][N][C][=Branch1][C][=O][N][C@@H1][Branch1][=Branch1][C][C][C][Ring1][Ring1][C][Ring2][O][O][=O],CC(C)C[C@@H]1NC(=O)[C@H](CO)NC(=O)[C@H](CCCNC(=N)N)NC(=O)[C@H](CO)NC(=O)[C@H](C(C)C)NC(=O)[C@H](C(C)C)NC(=O)[C@H](Cc2ccccc2)NC(=O)[C@H](CC(N)=O)NC(=O)[C@@H]2CCCN2C(=O)[C@H](CC(C)C)NC(=O)[C@H](CCCCN)NC(=O)[C@H](Cc2ccccc2)NC(=O)[C@H](Cc2ccccc2)NC(=O)[C@H](CCCCN)NC(=O)[C@@H](Cc2ccc(O)cc2)NC(=O)[C@H](C2CC2)NC(=O)[C@H](CCCCN)NC(=O)[C@H](CCC(=O)O)NC1=O,CC(C)C[C@@H]1NC(=O)[C@H](CO)NC(=O)[C@H](CCCNC(=N)N)NC(=O)[C@H](CO)NC(=O)[C@H](C(C)C)NC(=O)[C@H](C(C)C)NC(=O)[C@H](Cc2ccccc2)NC(=O)[C@H](CC(N)=O)NC(=O)[C@@H]2CCCN2C(=O)[C@H](CC(C)C)NC(=O)[C@H](CCCCN)NC(=O)[C@H](Cc2ccccc2)NC(=O)[C@H](Cc2ccccc2)NC(=O)[C@H](CCCCN)NC(=O)[C@@H](Cc2ccc(O)cc2)NC(=O)[C@H](C2CC2)NC(=O)[C@H](CCCCN)NC(=O)[C@H](CCC(=O)O)NC1=O,False
5,BAA-3170,1,272,strain_BAA-3170_MIC_1_length_272_noise.txt,2,17f28a04eec3b1f688069da9182b04c4d9980d85b4a33364d2168a3f9272b359,KIANYIIGKLWHCPSMAYW,KIANYIIGKLWHCPSMAYW,KIANYIIGKLWHCPSMAYW,,unchanged_generated_output,[N][C@@H1][Branch1][=Branch1][C][C][C][C][N][C][=Branch1][C][=O][N][C@@H1][Branch1][#Branch1][C@H1][Branch1][Ring1][C][C][C][C][=Branch1][C][=O][N][C@@H1][Branch1][C][C][C][=Branch1][C][=O][N][C@@H1][Branch1][#Branch1][C][C][=Branch1][C][=O][N][C][=Branch1][C][=O][N][C@@H1][Branch1][=N][C][C][=C][C][=C][Branch1][C][O][C][=C][Ring1][#Branch1][C][=Branch1][C][=O][N][C@@H1][Branch1][#Branch1][C@H1][Branch1][Ring1][C][C][C][C][=Branch1][C][=O][N][C@@H1][Branch1][#Branch1][C@H1][Branch1][Ring1][C][C][C][C][=Branch1][C][=O][N][C][C][=Branch1][C][=O][N][C@@H1][Branch1][=Branch1][C][C][C][C][N][C][=Branch1][C][=O][N][C@@H1][Branch1][#Branch1][C][C][Branch1][C][C][C][C][=Branch1][C][=O][N][C@@H1][Branch1][P][C][C][=Branch1][Ring1][=C][N][C][=C][Ring1][Ring1][C][=C][C][=C][Ring1][=Branch1][C][=Branch1][C][=O][N][C@@H1][Branch1][=Branch2][C][C][=C][N][C][=N][Ring1][Branch1][C][=Branch1][C][=O][N][C@@H1][Branch1][Ring1][C][S][C][=Branch1][C][=O][N][C@@H1][Branch1][=Branch1][C][C][C][Ring1][Branch1][C][=Branch1][C][=O][N][C@@H1][Branch1][Ring1][C][O][C][=Branch1][C][=O][N][C@@H1][Branch1][Branch1][C][C][S][C][C][=Branch1][C][=O][N][C@@H1][Branch1][C][C][C][=Branch1][C][=O][N][C@@H1][Branch1][=N][C][C][=C][C][=C][Branch1][C][O][C][=C][Ring1][#Branch1][C][=Branch1][C][=O][N][C@@H1][Branch1][P][C][C][=Branch1][Ring1][=C][N][C][=C][Ring1][Ring1][C][=C][C][=C][Ring1][=Branch1][C][=Branch1][C][=O][O],[N][C@@H1][Branch1][=Branch1][C][C][C][C][N][C][=Branch1][C][=O][N][C@@H1][Branch1][#Branch1][C@H1][Branch1][Ring1][C][C][C][C][=Branch1][C][=O][N][C@@H1][Branch1][C][C][C][=Branch1][C][=O][N][C@@H1][Branch1][#Branch1][C][C][=Branch1][C][=O][N][C][=Branch1][C][=O][N][C@@H1][Branch1][=N][C][C][=C][C][=C][Branch1][C][O][C][=C][Ring1][#Branch1][C][=Branch1][C][=O][N][C@@H1][Branch1][#Branch1][C@H1][Branch1][Ring1][C][C][C][C][=Branch1][C][=O][N][C@@H1][Branch1][#Branch1][C@H1][Branch1][Ring1][C][C][C][C][=Branch1][C][=O][N][C][C][=Branch1][C][=O][N][C@@H1][Branch1][=Branch1][C][C][C][C][N][C][=Branch1][C][=O][N][C@@H1][Branch1][#Branch1][C][C][Branch1][C][C][C][C][=Branch1][C][=O][N][C@@H1][Branch1][P][C][C][=Branch1][Ring1][=C][N][C][=C][Ring1][Ring1][C][=C][C][=C][Ring1][=Branch1][C][=Branch1][C][=O][N][C@@H1][Branch1][=Branch2][C][C][=C][N][C][=N][Ring1][Branch1][C][=Branch1][C][=O][N][C@@H1][Branch1][Ring1][C][S][C][=Branch1][C][=O][N][C@@H1][Branch1][=Branch1][C][C][C][Ring1][Branch1][C][=Branch1][C][=O][N][C@@H1][Branch1][Ring1][C][O][C][=Branch1][C][=O][N][C@@H1][Branch1][Branch1][C][C][S][C][C][=Branch1][C][=O][N][C@@H1][Branch1][C][C][C][=Branch1][C][=O][N][C@@H1][Branch1][=N][C][C][=C][C][=C][Branch1][C][O][C][=C][Ring1][#Branch1][C][=Branch1][C][=O][N][C@@H1][Branch1][P][C][C][=Branch1][Ring1][=C][N][C][=C][Ring1][Ring1][C][=C][C][=C][Ring1][=Branch1][C][=Branch1][C][=O][O],CC[C@H](C)[C@H](NC(=O)[C@H](Cc1ccc(O)cc1)NC(=O)[C@H](CC(N)=O)NC(=O)[C@H](C)NC(=O)[C@@H](NC(=O)[C@@H](N)CCCCN)[C@@H](C)CC)C(=O)N[C@H](C(=O)NCC(=O)N[C@@H](CCCCN)C(=O)N[C@@H](CC(C)C)C(=O)N[C@@H](Cc1c[nH]c2ccccc12)C(=O)N[C@@H](Cc1c[nH]cn1)C(=O)N[C@@H](CS)C(=O)N1CCC[C@H]1C(=O)N[C@@H](CO)C(=O)N[C@@H](CCSC)C(=O)N[C@@H](C)C(=O)N[C@@H](Cc1ccc(O)cc1)C(=O)N[C@@H](Cc1c[nH]c2ccccc12)C(=O)O)[C@@H](C)CC,CC[C@H](C)[C@H](NC(=O)[C@H](Cc1ccc(O)cc1)NC(=O)[C@H](CC(N)=O)NC(=O)[C@H](C)NC(=O)[C@@H](NC(=O)[C@@H](N)CCCCN)[C@@H](C)CC)C(=O)N[C@H](C(=O)NCC(=O)N[C@@H](CCCCN)C(=O)N[C@@H](CC(C)C)C(=O)N[C@@H](Cc1c[nH]c2ccccc12)C(=O)N[C@@H](Cc1c[nH]cn1)C(=O)N[C@@H](CS)C(=O)N1CCC[C@H]1C(=O)N[C@@H](CO)C(=O)N[C@@H](CCSC)C(=O)N[C@@H](C)C(=O)N[C@@H](Cc1ccc(O)cc1)C(=O)N[C@@H](Cc1c[nH]c2ccccc12)C(=O)O)[C@@H](C)CC,False
6,BAA-3170,1,276,strain_BAA-3170_MIC_1_length_276_noise.txt,1,83a14f6b0af3c4ed2f0bf4bf69bdb54fdf4cabc6c883cb17aafd81270c443795,cyclo-YMCTMNKTVYHCPQMHwMV,cyclo-YMCTMNKTVYHCPQMHwMV,cyclo-YMCTMNKTVYHCPQMHwMV,,unchanged_generated_output,[N][C@@H1][Branch1][=N][C][C][=C][C][=C][Branch1][C][O][C][=C][Ring1][#Branch1][C][=Branch1][C][=O][N][C@@H1][Branch1][Branch1][C][C][S][C][C][=Branch1][C][=O][N][C@@H1][Branch1][Ring1][C][S][C][=Branch1][C][=O][N][C@@H1][Branch1][=Branch1][C@H1][Branch1][C][O][C][C][=Branch1][C][=O][N][C@@H1][Branch1][Branch1][C][C][S][C][C][=Branch1][C][=O][N][C@@H1][Branch1][#Branch1][C][C][=Branch1][C][=O][N][C][=Branch1][C][=O][N][C@@H1][Branch1][=Branch1][C][C][C][C][N][C][=Branch1][C][=O][N][C@@H1][Branch1][=Branch1][C@H1][Branch1][C][O][C][C][=Branch1][C][=O][N][C@@H1][Branch1][=Branch1][C][Branch1][C][C][C][C][=Branch1][C][=O][N][C@@H1][Branch1][=N][C][C][=C][C][=C][Branch1][C][O][C][=C][Ring1][#Branch1][C][=Branch1][C][=O][N][C@@H1][Branch1][=Branch2][C][C][=C][N][C][=N][Ring1][Branch1][C][=Branch1][C][=O][N][C@@H1][Branch1][Ring1][C][S][C][=Branch1][C][=O][N][C@@H1][Branch1][=Branch1][C][C][C][Ring1][Branch1][C][=Branch1][C][=O][N][C@@H1][Branch1][Branch2][C][C][C][=Branch1][C][=O][N][C][=Branch1][C][=O][N][C@@H1][Branch1][Branch1][C][C][S][C][C][=Branch1][C][=O][N][C@@H1][Branch1][=Branch2][C][C][=C][N][C][=N][Ring1][Branch1][C][=Branch1][C][=O][N][C@H1][Branch1][P][C][C][=Branch1][Ring1][=C][N][C][=C][Ring1][Ring1][C][=C][C][=C][Ring1][=Branch1][C][=Branch1][C][=O][N][C@@H1][Branch1][Branch1][C][C][S][C][C][=Branch1][C][=O][N][C@@H1][Branch1][=Branch1][C][Branch1][C][C][C][C][Ring2][N][C][=O],[N][C@@H1][Branch1][=N][C][C][=C][C][=C][Branch1][C][O][C][=C][Ring1][#Branch1][C][=Branch1][C][=O][N][C@@H1][Branch1][Branch1][C][C][S][C][C][=Branch1][C][=O][N][C@@H1][Branch1][Ring1][C][S][C][=Branch1][C][=O][N][C@@H1][Branch1][=Branch1][C@H1][Branch1][C][O][C][C][=Branch1][C][=O][N][C@@H1][Branch1][Branch1][C][C][S][C][C][=Branch1][C][=O][N][C@@H1][Branch1][#Branch1][C][C][=Branch1][C][=O][N][C][=Branch1][C][=O][N][C@@H1][Branch1][=Branch1][C][C][C][C][N][C][=Branch1][C][=O][N][C@@H1][Branch1][=Branch1][C@H1][Branch1][C][O][C][C][=Branch1][C][=O][N][C@@H1][Branch1][=Branch1][C][Branch1][C][C][C][C][=Branch1][C][=O][N][C@@H1][Branch1][=N][C][C][=C][C][=C][Branch1][C][O][C][=C][Ring1][#Branch1][C][=Branch1][C][=O][N][C@@H1][Branch1][=Branch2][C][C][=C][N][C][=N][Ring1][Branch1][C][=Branch1][C][=O][N][C@@H1][Branch1][Ring1][C][S][C][=Branch1][C][=O][N][C@@H1][Branch1][=Branch1][C][C][C][Ring1][Branch1][C][=Branch1][C][=O][N][C@@H1][Branch1][Branch2][C][C][C][=Branch1][C][=O][N][C][=Branch1][C][=O][N][C@@H1][Branch1][Branch1][C][C][S][C][C][=Branch1][C][=O][N][C@@H1][Branch1][=Branch2][C][C][=C][N][C][=N][Ring1][Branch1][C][=Branch1][C][=O][N][C@H1][Branch1][P][C][C][=Branch1][Ring1][=C][N][C][=C][Ring1][Ring1][C][=C][C][=C][Ring1][=Branch1][C][=Branch1][C][=O][N][C@@H1][Branch1][Branch1][C][C][S][C][C][=Branch1][C][=O][N][C@@H1][Branch1][=Branch1][C][Branch1][C][C][C][C][Ring2][N][C][=O],CSCC[C@@H]1NC(=O)[C@H](Cc2ccc(O)cc2)NC(=O)[C@H](C(C)C)NC(=O)[C@H](CCSC)NC(=O)[C@@H](Cc2c[nH]c3ccccc23)NC(=O)[C@H](Cc2c[nH]cn2)NC(=O)[C@H](CCSC)NC(=O)[C@H](CCC(N)=O)NC(=O)[C@@H]2CCCN2C(=O)[C@H](CS)NC(=O)[C@H](Cc2c[nH]cn2)NC(=O)[C@H](Cc2ccc(O)cc2)NC(=O)[C@H](C(C)C)NC(=O)[C@H]([C@@H](C)O)NC(=O)[C@H](CCCCN)NC(=O)[C@H](CC(N)=O)NC(=O)[C@H](CCSC)NC(=O)[C@H]([C@@H](C)O)NC(=O)[C@H](CS)NC1=O,CSCC[C@@H]1NC(=O)[C@H](Cc2ccc(O)cc2)NC(=O)[C@H](C(C)C)NC(=O)[C@H](CCSC)NC(=O)[C@@H](Cc2c[nH]c3ccccc23)NC(=O)[C@H](Cc2c[nH]cn2)NC(=O)[C@H](CCSC)NC(=O)[C@H](CCC(N)=O)NC(=O)[C@@H]2CCCN2C(=O)[C@H](CS)NC(=O)[C@H](Cc2c[nH]cn2)NC(=O)[C@H](Cc2ccc(O)cc2)NC(=O)[C@H](C(C)C)NC(=O)[C@H]([C@@H](C)O)NC(=O)[C@H](CCCCN)NC(=O)[C@H](CC(N)=O)NC(=O)[C@H](CCSC)NC(=O)[C@H]([C@@H](C)O)NC(=O)[C@H](CS)NC1=O,False
7,BAA-3170,1,280,strain_BAA-3170_MIC_1_length_280_noise.txt,1,b939df95477be328ef0685fdb0feb762f22de55cab6d70abe9bb7409a4d7d97c,cyclo-VLKAAFHMRKLFRGHWVW,cyclo-VLKAAFHMRKLFRGHWVW,cyclo-VLKAAFHMRKLFRGHWVW,,unchanged_generated_output,[N][C@@H1][Branch1][=Branch1][C][Branch1][C][C][C][C][=Branch1][C][=O][N][C@@H1][Branch1][#Branch1][C][C][Branch1][C][C][C][C][=Branch1][C][=O][N][C@@H1][Branch1][=Branch1][C][C][C][C][N][C][=Branch1][C][=O][N][C@@H1][Branch1][C][C][C][=Branch1][C][=O][N][C@@H1][Branch1][C][C][C][=Branch1][C][=O][N][C@@H1][Branch1][#Branch2][C][C][=C][C][=C][C][=C][Ring1][=Branch1][C][=Branch1][C][=O][N][C@@H1][Branch1][=Branch2][C][C][=C][N][C][=N][Ring1][Branch1][C][=Branch1][C][=O][N][C@@H1][Branch1][Branch1][C][C][S][C][C][=Branch1][C][=O][N][C@@H1][Branch1][#Branch2][C][C][C][N][C][=Branch1][C][=N][N][C][=Branch1][C][=O][N][C@@H1][Branch1][=Branch1][C][C][C][C][N][C][=Branch1][C][=O][N][C@@H1][Branch1][#Branch1][C][C][Branch1][C][C][C][C][=Branch1][C][=O][N][C@@H1][Branch1][#Branch2][C][C][=C][C][=C][C][=C][Ring1][=Branch1][C][=Branch1][C][=O][N][C@@H1][Branch1][#Branch2][C][C][C][N][C][=Branch1][C][=N][N][C][=Branch1][C][=O][N][C][C][=Branch1][C][=O][N][C@@H1][Branch1][=Branch2][C][C][=C][N][C][=N][Ring1][Branch1][C][=Branch1][C][=O][N][C@@H1][Branch1][P][C][C][=Branch1][Ring1][=C][N][C][=C][Ring1][Ring1][C][=C][C][=C][Ring1][=Branch1][C][=Branch1][C][=O][N][C@@H1][Branch1][=Branch1][C][Branch1][C][C][C][C][=Branch1][C][=O][N][C@@H1][Branch1][P][C][C][=Branch1][Ring1][=C][N][C][=C][Ring1][Ring1][C][=C][C][=C][Ring1][=Branch1][C][Ring2][O][P][=O],[N][C@@H1][Branch1][=Branch1][C][Branch1][C][C][C][C][=Branch1][C][=O][N][C@@H1][Branch1][#Branch1][C][C][Branch1][C][C][C][C][=Branch1][C][=O][N][C@@H1][Branch1][=Branch1][C][C][C][C][N][C][=Branch1][C][=O][N][C@@H1][Branch1][C][C][C][=Branch1][C][=O][N][C@@H1][Branch1][C][C][C][=Branch1][C][=O][N][C@@H1][Branch1][#Branch2][C][C][=C][C][=C][C][=C][Ring1][=Branch1][C][=Branch1][C][=O][N][C@@H1][Branch1][=Branch2][C][C][=C][N][C][=N][Ring1][Branch1][C][=Branch1][C][=O][N][C@@H1][Branch1][Branch1][C][C][S][C][C][=Branch1][C][=O][N][C@@H1][Branch1][#Branch2][C][C][C][N][C][=Branch1][C][=N][N][C][=Branch1][C][=O][N][C@@H1][Branch1][=Branch1][C][C][C][C][N][C][=Branch1][C][=O][N][C@@H1][Branch1][#Branch1][C][C][Branch1][C][C][C][C][=Branch1][C][=O][N][C@@H1][Branch1][#Branch2][C][C][=C][C][=C][C][=C][Ring1][=Branch1][C][=Branch1][C][=O][N][C@@H1][Branch1][#Branch2][C][C][C][N][C][=Branch1][C][=N][N][C][=Branch1][C][=O][N][C][C][=Branch1][C][=O][N][C@@H1][Branch1][=Branch2][C][C][=C][N][C][=N][Ring1][Branch1][C][=Branch1][C][=O][N][C@@H1][Branch1][P][C][C][=Branch1][Ring1][=C][N][C][=C][Ring1][Ring1][C][=C][C][=C][Ring1][=Branch1][C][=Branch1][C][=O][N][C@@H1][Branch1][=Branch1][C][Branch1][C][C][C][C][=Branch1][C][=O][N][C@@H1][Branch1][P][C][C][=Branch1][Ring1][=C][N][C][=C][Ring1][Ring1][C][=C][C][=C][Ring1][=Branch1][C][Ring2][O][P][=O],CSCC[C@@H]1NC(=O)[C@H](Cc2c[nH]cn2)NC(=O)[C@H](Cc2ccccc2)NC(=O)[C@H](C)NC(=O)[C@H](C)NC(=O)[C@H](CCCCN)NC(=O)[C@H](CC(C)C)NC(=O)[C@H](C(C)C)NC(=O)[C@H](Cc2c[nH]c3ccccc23)NC(=O)[C@H](C(C)C)NC(=O)[C@H](Cc2c[nH]c3ccccc23)NC(=O)[C@H](Cc2c[nH]cn2)NC(=O)CNC(=O)[C@H](CCCNC(=N)N)NC(=O)[C@H](Cc2ccccc2)NC(=O)[C@H](CC(C)C)NC(=O)[C@H](CCCCN)NC(=O)[C@H](CCCNC(=N)N)NC1=O,CSCC[C@@H]1NC(=O)[C@H](Cc2c[nH]cn2)NC(=O)[C@H](Cc2ccccc2)NC(=O)[C@H](C)NC(=O)[C@H](C)NC(=O)[C@H](CCCCN)NC(=O)[C@H](CC(C)C)NC(=O)[C@H](C(C)C)NC(=O)[C@H](Cc2c[nH]c3ccccc23)NC(=O)[C@H](C(C)C)NC(=O)[C@H](Cc2c[nH]c3ccccc23)NC(=O)[C@H](Cc2c[nH]cn2)NC(=O)CNC(=O)[C@H](CCCNC(=N)N)NC(=O)[C@H](Cc2ccccc2)NC(=O)[C@H](CC(C)C)NC(=O)[C@H](CCCCN)NC(=O)[C@H](CCCNC(=N)N)NC1=O,False
8,BAA-3170,1,284,strain_BAA-3170_MIC_1_length_284_noise.txt,1,3b926e1c4fcd2bc9688ae737fdbbe02fc5228d8582546c32ab389e73f9bb400c,MBLSBBLLEWBBBLBIAIA,MRLSRRLLEWRRRLRIAIA,MRLSRRRRLLEWRRRLRIAIA,ApexOracle-21,nearest_precursor_replaced_by_final_peptide,[C][C][C@H1][Branch1][C][C][C@H1][Branch2][S][N][N][C][=Branch1][C][=O][C@H1][Branch1][#Branch2][C][C][C][N][=C][Branch1][C][N][N][N][C][=Branch1][C][=O][C@H1][Branch1][#Branch1][C][C][Branch1][C][C][C][N][C][=Branch1][C][=O][C@H1][Branch1][#Branch2][C][C][C][N][=C][Branch1][C][N][N][N][C][=Branch1][C][=O][C@H1][Branch1][#Branch2][C][C][C][N][=C][Branch1][C][N][N][N][C][=Branch1][C][=O][C@H1][Branch1][#Branch2][C][C][C][N][=C][Branch1][C][N][N][N][C][=Branch1][C][=O][C@H1][Branch1][#C][C][C][=C][NH1][C][=C][C][=C][C][=C][Ring1][=Branch2][Ring1][=Branch1][N][C][=Branch1][C][=O][C@H1][Branch1][Branch2][C][C][C][=Branch1][C][=O][O][N][C][=Branch1][C][=O][C@H1][Branch1][#Branch1][C][C][Branch1][C][C][C][N][C][=Branch1][C][=O][C@H1][Branch1][#Branch1][C][C][Branch1][C][C][C][N][C][=Branch1][C][=O][C@H1][Branch1][#Branch2][C][C][C][N][=C][Branch1][C][N][N][N][C][=Branch1][C][=O][C@H1][Branch1][#Branch2][C][C][C][N][=C][Branch1][C][N][N][N][C][=Branch1][C][=O][C@H1][Branch1][Ring1][C][O][N][C][=Branch1][C][=O][C@H1][Branch1][#Branch1][C][C][Branch1][C][C][C][N][C][=Branch1][C][=O][C@H1][Branch1][#Branch2][C][C][C][N][=C][Branch1][C][N][N][N][C][=Branch1][C][=O][C@@H1][Branch1][C][N][C][C][S][C][C][=Branch1][C][=O][N][C@@H1][Branch1][C][C][C][=Branch1][C][=O][N][C@H1][Branch1][#C][C][=Branch1][C][=O][N][C@@H1][Branch1][C][C][C][=Branch1][C][=O][OH1][C@@H1][Branch1][C][C][C][C],[C][C][C@H1][Branch1][C][C][C@H1][Branch3][Ring1][Ring2][#Branch1][N][C][=Branch1][C][=O][C@H1][Branch1][C][C][N][C][=Branch1][C][=O][C@@H1][Branch3][Ring1][C][=C][N][C][=Branch1][C][=O][C@H1][Branch1][#Branch2][C][C][C][N][=C][Branch1][C][N][N][N][C][=Branch1][C][=O][C@H1][Branch1][#Branch1][C][C][Branch1][C][C][C][N][C][=Branch1][C][=O][C@H1][Branch1][#Branch2][C][C][C][N][=C][Branch1][C][N][N][N][C][=Branch1][C][=O][C@H1][Branch1][#Branch2][C][C][C][N][=C][Branch1][C][N][N][N][C][=Branch1][C][=O][C@H1][Branch1][#Branch2][C][C][C][N][=C][Branch1][C][N][N][N][C][=Branch1][C][=O][C@H1][Branch1][#C][C][C][=C][NH1][C][=C][C][=C][C][=C][Ring1][=Branch2][Ring1][=Branch1][N][C][=Branch1][C][=O][C@H1][Branch1][Branch2][C][C][C][=Branch1][C][=O][O][N][C][=Branch1][C][=O][C@H1][Branch1][#Branch1][C][C][Branch1][C][C][C][N][C][=Branch1][C][=O][C@H1][Branch1][#Branch1][C][C][Branch1][C][C][C][N][C][=Branch1][C][=O][C@H1][Branch1][#Branch2][C][C][C][N][=C][Branch1][C][N][N][N][C][=Branch1][C][=O][C@H1][Branch1][#Branch2][C][C][C][N][=C][Branch1][C][N][N][N][C][=Branch1][C][=O][C@H1][Branch1][#Branch2][C][C][C][N][=C][Branch1][C][N][N][N][C][=Branch1][C][=O][C@H1][Branch1][#Branch2][C][C][C][N][=C][Branch1][C][N][N][N][C][=Branch1][C][=O][C@H1][Branch1][Ring1][C][O][N][C][=Branch1][C][=O][C@H1][Branch1][#Branch1][C][C][Branch1][C][C][C][N][C][=Branch1][C][=O][C@H1][Branch1][#Branch2][C][C][C][N][=C][Branch1][C][N][N][N][C][=Branch1][C][=O][C@@H1][Branch1][C][N][C][C][S][C][C@@H1][Branch1][C][C][C][C][C][=Branch1][C][=O][N][C@@H1][Branch1][C][C][C][=Branch1][C][=O][O],CC[C@H](C)[C@H](NC(=O)[C@H](C)NC(=O)[C@@H](NC(=O)[C@H](CCCN=C(N)N)NC(=O)[C@H](CC(C)C)NC(=O)[C@H](CCCN=C(N)N)NC(=O)[C@H](CCCN=C(N)N)NC(=O)[C@H](CCCN=C(N)N)NC(=O)[C@H](Cc1c[nH]c2ccccc12)NC(=O)[C@H](CCC(=O)O)NC(=O)[C@H](CC(C)C)NC(=O)[C@H](CC(C)C)NC(=O)[C@H](CCCN=C(N)N)NC(=O)[C@H](CCCN=C(N)N)NC(=O)[C@H](CO)NC(=O)[C@H](CC(C)C)NC(=O)[C@H](CCCN=C(N)N)NC(=O)[C@@H](N)CCSC)[C@@H](C)CC)C(=O)N[C@@H](C)C(=O)O,CC[C@H](C)[C@H](NC(=O)[C@H](C)NC(=O)[C@@H](NC(=O)[C@H](CCCN=C(N)N)NC(=O)[C@H](CC(C)C)NC(=O)[C@H](CCCN=C(N)N)NC(=O)[C@H](CCCN=C(N)N)NC(=O)[C@H](CCCN=C(N)N)NC(=O)[C@H](Cc1c[nH]c2ccccc12)NC(=O)[C@H](CCC(=O)O)NC(=O)[C@H](CC(C)C)NC(=O)[C@H](CC(C)C)NC(=O)[C@H](CCCN=C(N)N)NC(=O)[C@H](CCCN=C(N)N)NC(=O)[C@H](CCCN=C(N)N)NC(=O)[C@H](CCCN=C(N)N)NC(=O)[C@H](CO)NC(=O)[C@H](CC(C)C)NC(=O)[C@H](CCCN=C(N)N)NC(=O)[C@@H](N)CCSC)[C@@H](C)CC)C(=O)N[C@@H](C)C(=O)O,True
9,BAA-3170,1,300,strain_BAA-3170_MIC_1_length_300_noise.txt,1,202f4f97d6361813aeddb5e100eef62924022bba551ce19c14fb7792c891066a,VVQCFHFAARtNNWHFYQQK,VVQCFHFAARtNNWHFYQQK,VVQCFHFAARtNNWHFYQQK,,unchanged_generated_output,[N][C@@H1][Branch1][=Branch1][C][Branch1][C][C][C][C][=Branch1][C][=O][N][C@@H1][Branch1][=Branch1][C][Branch1][C][C][C][C][=Branch1][C][=O][N][C@@H1][Branch1][Branch2][C][C][C][=Branch1][C][=O][N][C][=Branch1][C][=O][N][C@@H1][Branch1][Ring1][C][S][C][=Branch1][C][=O][N][C@@H1][Branch1][#Branch2][C][C][=C][C][=C][C][=C][Ring1][=Branch1][C][=Branch1][C][=O][N][C@@H1][Branch1][=Branch2][C][C][=C][N][C][=N][Ring1][Branch1][C][=Branch1][C][=O][N][C@@H1][Branch1][#Branch2][C][C][=C][C][=C][C][=C][Ring1][=Branch1][C][=Branch1][C][=O][N][C@@H1][Branch1][C][C][C][=Branch1][C][=O][N][C@@H1][Branch1][C][C][C][=Branch1][C][=O][N][C@@H1][Branch1][#Branch2][C][C][C][N][C][=Branch1][C][=N][N][C][=Branch1][C][=O][N][C@H1][Branch1][=Branch1][C@@H1][Branch1][C][O][C][C][=Branch1][C][=O][N][C@@H1][Branch1][#Branch1][C][C][=Branch1][C][=O][N][C][=Branch1][C][=O][N][C@@H1][Branch1][#Branch1][C][C][=Branch1][C][=O][N][C][=Branch1][C][=O][N][C@@H1][Branch1][P][C][C][=Branch1][Ring1][=C][N][C][=C][Ring1][Ring1][C][=C][C][=C][Ring1][=Branch1][C][=Branch1][C][=O][N][C@@H1][Branch1][=Branch2][C][C][=C][N][C][=N][Ring1][Branch1][C][=Branch1][C][=O][N][C@@H1][Branch1][#Branch2][C][C][=C][C][=C][C][=C][Ring1][=Branch1][C][=Branch1][C][=O][N][C@@H1][Branch1][=N][C][C][=C][C][=C][Branch1][C][O][C][=C][Ring1][#Branch1][C][=Branch1][C][=O][N][C@@H1][Branch1][Branch2][C][C][C][=Branch1][C][=O][N][C][=Branch1][C][=O][N][C@@H1][Branch1][Branch2][C][C][C][=Branch1][C][=O][N][C][=Branch1][C][=O][N][C@@H1][Branch1][=Branch1][C][C][C][C][N][C][=Branch1][C][=O][O],[N][C@@H1][Branch1][=Branch1][C][Branch1][C][C][C][C][=Branch1][C][=O][N][C@@H1][Branch1][=Branch1][C][Branch1][C][C][C][C][=Branch1][C][=O][N][C@@H1][Branch1][Branch2][C][C][C][=Branch1][C][=O][N][C][=Branch1][C][=O][N][C@@H1][Branch1][Ring1][C][S][C][=Branch1][C][=O][N][C@@H1][Branch1][#Branch2][C][C][=C][C][=C][C][=C][Ring1][=Branch1][C][=Branch1][C][=O][N][C@@H1][Branch1][=Branch2][C][C][=C][N][C][=N][Ring1][Branch1][C][=Branch1][C][=O][N][C@@H1][Branch1][#Branch2][C][C][=C][C][=C][C][=C][Ring1][=Branch1][C][=Branch1][C][=O][N][C@@H1][Branch1][C][C][C][=Branch1][C][=O][N][C@@H1][Branch1][C][C][C][=Branch1][C][=O][N][C@@H1][Branch1][#Branch2][C][C][C][N][C][=Branch1][C][=N][N][C][=Branch1][C][=O][N][C@H1][Branch1][=Branch1][C@@H1][Branch1][C][O][C][C][=Branch1][C][=O][N][C@@H1][Branch1][#Branch1][C][C][=Branch1][C][=O][N][C][=Branch1][C][=O][N][C@@H1][Branch1][#Branch1][C][C][=Branch1][C][=O][N][C][=Branch1][C][=O][N][C@@H1][Branch1][P][C][C][=Branch1][Ring1][=C][N][C][=C][Ring1][Ring1][C][=C][C][=C][Ring1][=Branch1][C][=Branch1][C][=O][N][C@@H1][Branch1][=Branch2][C][C][=C][N][C][=N][Ring1][Branch1][C][=Branch1][C][=O][N][C@@H1][Branch1][#Branch2][C][C][=C][C][=C][C][=C][Ring1][=Branch1][C][=Branch1][C][=O][N][C@@H1][Branch1][=N][C][C][=C][C][=C][Branch1][C][O][C][=C][Ring1][#Branch1][C][=Branch1][C][=O][N][C@@H1][Branch1][Branch2][C][C][C][=Branch1][C][=O][N][C][=Branch1][C][=O][N][C@@H1][Branch1][Branch2][C][C][C][=Branch1][C][=O][N][C][=Branch1][C][=O][N][C@@H1][Branch1][=Branch1][C][C][C][C][N][C][=Branch1][C][=O][O],CC(C)[C@H](N)C(=O)N[C@H](C(=O)N[C@@H](CCC(N)=O)C(=O)N[C@@H](CS)C(=O)N[C@@H](Cc1ccccc1)C(=O)N[C@@H](Cc1c[nH]cn1)C(=O)N[C@@H](Cc1ccccc1)C(=O)N[C@@H](C)C(=O)N[C@@H](C)C(=O)N[C@@H](CCCNC(=N)N)C(=O)N[C@@H](C(=O)N[C@@H](CC(N)=O)C(=O)N[C@@H](CC(N)=O)C(=O)N[C@@H](Cc1c[nH]c2ccccc12)C(=O)N[C@@H](Cc1c[nH]cn1)C(=O)N[C@@H](Cc1ccccc1)C(=O)N[C@@H](Cc1ccc(O)cc1)C(=O)N[C@@H](CCC(N)=O)C(=O)N[C@@H](CCC(N)=O)C(=O)N[C@@H](CCCCN)C(=O)O)[C@H](C)O)C(C)C,CC(C)[C@H](N)C(=O)N[C@H](C(=O)N[C@@H](CCC(N)=O)C(=O)N[C@@H](CS)C(=O)N[C@@H](Cc1ccccc1)C(=O)N[C@@H](Cc1c[nH]cn1)C(=O)N[C@@H](Cc1ccccc1)C(=O)N[C@@H](C)C(=O)N[C@@H](C)C(=O)N[C@@H](CCCNC(=N)N)C(=O)N[C@@H](C(=O)N[C@@H](CC(N)=O)C(=O)N[C@@H](CC(N)=O)C(=O)N[C@@H](Cc1c[nH]c2ccccc12)C(=O)N[C@@H](Cc1c[nH]cn1)C(=O)N[C@@H](Cc1ccccc1)C(=O)N[C@@H](Cc1ccc(O)cc1)C(=O)N[C@@H](CCC(N)=O)C(=O)N[C@@H](CCC(N)=O)C(=O)N[C@@H](CCCCN)C(=O)O)[C@H](C)O)C(C)C,False
10,BAA-3170,1,304,strain_BAA-3170_MIC_1_length_304_noise.txt,1,5bb6245221d2ea84e5803c01c8f97205fd30b9f4e28903bf5de915aaf546ac5f,MLLGNTKKLALMEEVKVBKEBB,MLLGNTKKLALMEEVKVRKERR,MLLGNTKKLALMEEVKVRKERR,,unchanged_generated_output,[C][S][C][C][C@H1][Branch2][#Branch2][O][N][C][=Branch1][C][=O][C@H1][Branch1][#Branch1][C][C][Branch1][C][C][C][N][C][=Branch1][C][=O][C@H1][Branch1][C][C][N][C][=Branch1][C][=O][C@H1][Branch1][#Branch1][C][C][Branch1][C][C][C][N][C][=Branch1][C][=O][C@H1][Branch1][=Branch1][C][C][C][C][N][N][C][=Branch1][C][=O][C@H1][Branch1][=Branch1][C][C][C][C][N][N][C][=Branch1][C][=O][C@@H1][Branch2][Branch1][=C][N][C][=Branch1][C][=O][C@H1][Branch1][#Branch1][C][C][Branch1][C][N][=O][N][C][=Branch1][C][=O][C][N][C][=Branch1][C][=O][C@H1][Branch1][#Branch1][C][C][Branch1][C][C][C][N][C][=Branch1][C][=O][C@H1][Branch1][#Branch1][C][C][Branch1][C][C][C][N][C][=Branch1][C][=O][C@@H1][Branch1][C][N][C][C][S][C][C@@H1][Branch1][C][C][O][C][=Branch1][C][=O][N][C@@H1][Branch1][Branch2][C][C][C][=Branch1][C][=O][O][C][=Branch1][C][=O][N][C@@H1][Branch1][Branch2][C][C][C][=Branch1][C][=O][O][C][=Branch1][C][=O][N][C@H1][Branch2][Branch2][S][C][=Branch1][C][=O][N][C@@H1][Branch1][=Branch1][C][C][C][C][N][C][=Branch1][C][=O][N][C@H1][Branch2][#Branch1][Branch1][C][=Branch1][C][=O][N][C@@H1][Branch1][#Branch2][C][C][C][N][=C][Branch1][C][N][N][C][=Branch1][C][=O][N][C@@H1][Branch1][=Branch1][C][C][C][C][N][C][=Branch1][C][=O][N][C@@H1][Branch1][Branch2][C][C][C][=Branch1][C][=O][O][C][=Branch1][C][=O][N][C@@H1][Branch1][#Branch2][C][C][C][N][=C][Branch1][C][N][N][C][=Branch1][C][=O][N][C@@H1][Branch1][#Branch2][C][C][C][N][=C][Branch1][C][N][N][C][=Branch1][C][=O][OH1][C][Branch1][C][C][C][C][Branch1][C][C][C],[C][S][C][C][C@H1][Branch2][#Branch2][O][N][C][=Branch1][C][=O][C@H1][Branch1][#Branch1][C][C][Branch1][C][C][C][N][C][=Branch1][C][=O][C@H1][Branch1][C][C][N][C][=Branch1][C][=O][C@H1][Branch1][#Branch1][C][C][Branch1][C][C][C][N][C][=Branch1][C][=O][C@H1][Branch1][=Branch1][C][C][C][C][N][N][C][=Branch1][C][=O][C@H1][Branch1][=Branch1][C][C][C][C][N][N][C][=Branch1][C][=O][C@@H1][Branch2][Branch1][=C][N][C][=Branch1][C][=O][C@H1][Branch1][#Branch1][C][C][Branch1][C][N][=O][N][C][=Branch1][C][=O][C][N][C][=Branch1][C][=O][C@H1][Branch1][#Branch1][C][C][Branch1][C][C][C][N][C][=Branch1][C][=O][C@H1][Branch1][#Branch1][C][C][Branch1][C][C][C][N][C][=Branch1][C][=O][C@@H1][Branch1][C][N][C][C][S][C][C@@H1][Branch1][C][C][O][C][=Branch1][C][=O][N][C@@H1][Branch1][Branch2][C][C][C][=Branch1][C][=O][O][C][=Branch1][C][=O][N][C@@H1][Branch1][Branch2][C][C][C][=Branch1][C][=O][O][C][=Branch1][C][=O][N][C@H1][Branch2][Branch2][S][C][=Branch1][C][=O][N][C@@H1][Branch1][=Branch1][C][C][C][C][N][C][=Branch1][C][=O][N][C@H1][Branch2][#Branch1][Branch1][C][=Branch1][C][=O][N][C@@H1][Branch1][#Branch2][C][C][C][N][=C][Branch1][C][N][N][C][=Branch1][C][=O][N][C@@H1][Branch1][=Branch1][C][C][C][C][N][C][=Branch1][C][=O][N][C@@H1][Branch1][Branch2][C][C][C][=Branch1][C][=O][O][C][=Branch1][C][=O][N][C@@H1][Branch1][#Branch2][C][C][C][N][=C][Branch1][C][N][N][C][=Branch1][C][=O][N][C@@H1][Branch1][#Branch2][C][C][C][N][=C][Branch1][C][N][N][C][=Branch1][C][=O][OH1][C][Branch1][C][C][C][C][Branch1][C][C][C],CSCC[C@H](NC(=O)[C@H](CC(C)C)NC(=O)[C@H](C)NC(=O)[C@H](CC(C)C)NC(=O)[C@H](CCCCN)NC(=O)[C@H](CCCCN)NC(=O)[C@@H](NC(=O)[C@H](CC(N)=O)NC(=O)CNC(=O)[C@H](CC(C)C)NC(=O)[C@H](CC(C)C)NC(=O)[C@@H](N)CCSC)[C@@H](C)O)C(=O)N[C@@H](CCC(=O)O)C(=O)N[C@@H](CCC(=O)O)C(=O)N[C@H](C(=O)N[C@@H](CCCCN)C(=O)N[C@H](C(=O)N[C@@H](CCCN=C(N)N)C(=O)N[C@@H](CCCCN)C(=O)N[C@@H](CCC(=O)O)C(=O)N[C@@H](CCCN=C(N)N)C(=O)N[C@@H](CCCN=C(N)N)C(=O)O)C(C)C)C(C)C,CSCC[C@H](NC(=O)[C@H](CC(C)C)NC(=O)[C@H](C)NC(=O)[C@H](CC(C)C)NC(=O)[C@H](CCCCN)NC(=O)[C@H](CCCCN)NC(=O)[C@@H](NC(=O)[C@H](CC(N)=O)NC(=O)CNC(=O)[C@H](CC(C)C)NC(=O)[C@H](CC(C)C)NC(=O)[C@@H](N)CCSC)[C@@H](C)O)C(=O)N[C@@H](CCC(=O)O)C(=O)N[C@@H](CCC(=O)O)C(=O)N[C@H](C(=O)N[C@@H](CCCCN)C(=O)N[C@H](C(=O)N[C@@H](CCCN=C(N)N)C(=O)N[C@@H](CCCCN)C(=O)N[C@@H](CCC(=O)O)C(=O)N[C@@H](CCCN=C(N)N)C(=O)N[C@@H](CCCN=C(N)N)C(=O)O)C(C)C)C(C)C,False
11,BAA-3170,1,328,strain_BAA-3170_MIC_1_length_328_noise.txt,1,094cfbbec6142835df75d27aa90fd9c547469f9f8266a95ca95328e101625bc8,MGFWKPGIKMSSRALSKRTVGRFFK,MGFWKPGIKMSSRALSKRTVGRFFK,MGFWKPGIKMSSRALSKRTVGRFFK,,unchanged_generated_output,[C][C][C@H1][Branch1][C][C][C@H1][Branch2][#Branch1][=Branch2][N][C][=Branch1][C][=O][C][N][C][=Branch1][C][=O][C@@H1][C][C][C][N][Ring1][Branch1][C][=Branch1][C][=O][C@H1][Branch1][=Branch1][C][C][C][C][N][N][C][=Branch1][C][=O][C@H1][Branch1][#C][C][C][=C][NH1][C][=C][C][=C][C][=C][Ring1][=Branch2][Ring1][=Branch1][N][C][=Branch1][C][=O][C@H1][Branch1][#Branch2][C][C][=C][C][=C][C][=C][Ring1][=Branch1][N][C][=Branch1][C][=O][C][N][C][=Branch1][C][=O][C@@H1][Branch1][C][N][C][C][S][C][C][=Branch1][C][=O][N][C@@H1][Branch1][=Branch1][C][C][C][C][N][C][=Branch1][C][=O][N][C@@H1][Branch1][Branch1][C][C][S][C][C][=Branch1][C][=O][N][C@@H1][Branch1][Ring1][C][O][C][=Branch1][C][=O][N][C@@H1][Branch1][Ring1][C][O][C][=Branch1][C][=O][N][C@@H1][Branch1][#Branch2][C][C][C][N][C][=Branch1][C][=N][N][C][=Branch1][C][=O][N][C@@H1][Branch1][C][C][C][=Branch1][C][=O][N][C@@H1][Branch1][#Branch1][C][C][Branch1][C][C][C][C][=Branch1][C][=O][N][C@@H1][Branch1][Ring1][C][O][C][=Branch1][C][=O][N][C@@H1][Branch1][=Branch1][C][C][C][C][N][C][=Branch1][C][=O][N][C@@H1][Branch1][#Branch2][C][C][C][N][C][=Branch1][C][=N][N][C][=Branch1][C][=O][N][C@H1][Branch2][#Branch1][#Branch2][C][=Branch1][C][=O][N][C@H1][Branch2][=Branch1][N][C][=Branch1][C][=O][N][C][C][=Branch1][C][=O][N][C@@H1][Branch1][#Branch2][C][C][C][N][C][=Branch1][C][=N][N][C][=Branch1][C][=O][N][C@@H1][Branch1][#Branch2][C][C][=C][C][=C][C][=C][Ring1][=Branch1][C][=Branch1][C][=O][N][C@@H1][Branch1][#Branch2][C][C][=C][C][=C][C][=C][Ring1][=Branch1][C][=Branch1][C][=O][N][C@@H1][Branch1][=Branch1][C][C][C][C][N][C][=Branch1][C][=O][O][C][Branch1][C][C][C][C@@H1][Branch1][C][C][O],[C][C][C@H1][Branch1][C][C][C@H1][Branch2][#Branch1][=Branch2][N][C][=Branch1][C][=O][C][N][C][=Branch1][C][=O][C@@H1][C][C][C][N][Ring1][Branch1][C][=Branch1][C][=O][C@H1][Branch1][=Branch1][C][C][C][C][N][N][C][=Branch1][C][=O][C@H1][Branch1][#C][C][C][=C][NH1][C][=C][C][=C][C][=C][Ring1][=Branch2][Ring1][=Branch1][N][C][=Branch1][C][=O][C@H1][Branch1][#Branch2][C][C][=C][C][=C][C][=C][Ring1][=Branch1][N][C][=Branch1][C][=O][C][N][C][=Branch1][C][=O][C@@H1][Branch1][C][N][C][C][S][C][C][=Branch1][C][=O][N][C@@H1][Branch1][=Branch1][C][C][C][C][N][C][=Branch1][C][=O][N][C@@H1][Branch1][Branch1][C][C][S][C][C][=Branch1][C][=O][N][C@@H1][Branch1][Ring1][C][O][C][=Branch1][C][=O][N][C@@H1][Branch1][Ring1][C][O][C][=Branch1][C][=O][N][C@@H1][Branch1][#Branch2][C][C][C][N][C][=Branch1][C][=N][N][C][=Branch1][C][=O][N][C@@H1][Branch1][C][C][C][=Branch1][C][=O][N][C@@H1][Branch1][#Branch1][C][C][Branch1][C][C][C][C][=Branch1][C][=O][N][C@@H1][Branch1][Ring1][C][O][C][=Branch1][C][=O][N][C@@H1][Branch1][=Branch1][C][C][C][C][N][C][=Branch1][C][=O][N][C@@H1][Branch1][#Branch2][C][C][C][N][C][=Branch1][C][=N][N][C][=Branch1][C][=O][N][C@H1][Branch2][#Branch1][#Branch2][C][=Branch1][C][=O][N][C@H1][Branch2][=Branch1][N][C][=Branch1][C][=O][N][C][C][=Branch1][C][=O][N][C@@H1][Branch1][#Branch2][C][C][C][N][C][=Branch1][C][=N][N][C][=Branch1][C][=O][N][C@@H1][Branch1][#Branch2][C][C][=C][C][=C][C][=C][Ring1][=Branch1][C][=Branch1][C][=O][N][C@@H1][Branch1][#Branch2][C][C][=C][C][=C][C][=C][Ring1][=Branch1][C][=Branch1][C][=O][N][C@@H1][Branch1][=Branch1][C][C][C][C][N][C][=Branch1][C][=O][O][C][Branch1][C][C][C][C@@H1][Branch1][C][C][O],CC[C@H](C)[C@H](NC(=O)CNC(=O)[C@@H]1CCCN1C(=O)[C@H](CCCCN)NC(=O)[C@H](Cc1c[nH]c2ccccc12)NC(=O)[C@H](Cc1ccccc1)NC(=O)CNC(=O)[C@@H](N)CCSC)C(=O)N[C@@H](CCCCN)C(=O)N[C@@H](CCSC)C(=O)N[C@@H](CO)C(=O)N[C@@H](CO)C(=O)N[C@@H](CCCNC(=N)N)C(=O)N[C@@H](C)C(=O)N[C@@H](CC(C)C)C(=O)N[C@@H](CO)C(=O)N[C@@H](CCCCN)C(=O)N[C@@H](CCCNC(=N)N)C(=O)N[C@H](C(=O)N[C@H](C(=O)NCC(=O)N[C@@H](CCCNC(=N)N)C(=O)N[C@@H](Cc1ccccc1)C(=O)N[C@@H](Cc1ccccc1)C(=O)N[C@@H](CCCCN)C(=O)O)C(C)C)[C@@H](C)O,CC[C@H](C)[C@H](NC(=O)CNC(=O)[C@@H]1CCCN1C(=O)[C@H](CCCCN)NC(=O)[C@H](Cc1c[nH]c2ccccc12)NC(=O)[C@H](Cc1ccccc1)NC(=O)CNC(=O)[C@@H](N)CCSC)C(=O)N[C@@H](CCCCN)C(=O)N[C@@H](CCSC)C(=O)N[C@@H](CO)C(=O)N[C@@H](CO)C(=O)N[C@@H](CCCNC(=N)N)C(=O)N[C@@H](C)C(=O)N[C@@H](CC(C)C)C(=O)N[C@@H](CO)C(=O)N[C@@H](CCCCN)C(=O)N[C@@H](CCCNC(=N)N)C(=O)N[C@H](C(=O)N[C@H](C(=O)NCC(=O)N[C@@H](CCCNC(=N)N)C(=O)N[C@@H](Cc1ccccc1)C(=O)N[C@@H](Cc1ccccc1)C(=O)N[C@@H](CCCCN)C(=O)O)C(C)C)[C@@H](C)O,False
12,BAA-3170,1,340,strain_BAA-3170_MIC_1_length_340_noise.txt,1,aab998d4dfa7e0ff22bd39cbfde2368370b3873e014fc45defbc3a42b21594ce,cyclo-IQWQGASWFWPAWMMIGPKYNMQ,cyclo-IQWQGASWFWPAWMMIGPKYNMQ,cyclo-IQWQGASWFWPAWMMIGPKYNMQ,,unchanged_generated_output,[N][C@@H1][Branch1][#Branch1][C@H1][Branch1][Ring1][C][C][C][C][=Branch1][C][=O][N][C@@H1][Branch1][Branch2][C][C][C][=Branch1][C][=O][N][C][=Branch1][C][=O][N][C@@H1][Branch1][P][C][C][=Branch1][Ring1][=C][N][C][=C][Ring1][Ring1][C][=C][C][=C][Ring1][=Branch1][C][=Branch1][C][=O][N][C@@H1][Branch1][Branch2][C][C][C][=Branch1][C][=O][N][C][=Branch1][C][=O][N][C][C][=Branch1][C][=O][N][C@@H1][Branch1][C][C][C][=Branch1][C][=O][N][C@@H1][Branch1][Ring1][C][O][C][=Branch1][C][=O][N][C@@H1][Branch1][P][C][C][=Branch1][Ring1][=C][N][C][=C][Ring1][Ring1][C][=C][C][=C][Ring1][=Branch1][C][=Branch1][C][=O][N][C@@H1][Branch1][#Branch2][C][C][=C][C][=C][C][=C][Ring1][=Branch1][C][=Branch1][C][=O][N][C@@H1][Branch1][P][C][C][=Branch1][Ring1][=C][N][C][=C][Ring1][Ring1][C][=C][C][=C][Ring1][=Branch1][C][=Branch1][C][=O][N][C@@H1][Branch1][=Branch1][C][C][C][Ring1][Branch1][C][=Branch1][C][=O][N][C@@H1][Branch1][C][C][C][=Branch1][C][=O][N][C@@H1][Branch1][P][C][C][=Branch1][Ring1][=C][N][C][=C][Ring1][Ring1][C][=C][C][=C][Ring1][=Branch1][C][=Branch1][C][=O][N][C@@H1][Branch1][Branch1][C][C][S][C][C][=Branch1][C][=O][N][C@@H1][Branch1][Branch1][C][C][S][C][C][=Branch1][C][=O][N][C@@H1][Branch1][#Branch1][C@H1][Branch1][Ring1][C][C][C][C][=Branch1][C][=O][N][C][C][=Branch1][C][=O][N][C@@H1][Branch1][=Branch1][C][C][C][Ring1][Branch1][C][=Branch1][C][=O][N][C@@H1][Branch1][=Branch1][C][C][C][C][N][C][=Branch1][C][=O][N][C@@H1][Branch1][=N][C][C][=C][C][=C][Branch1][C][O][C][=C][Ring1][#Branch1][C][=Branch1][C][=O][N][C@@H1][Branch1][#Branch1][C][C][=Branch1][C][=O][N][C][=Branch1][C][=O][N][C@@H1][Branch1][Branch1][C][C][S][C][C][=Branch1][C][=O][N][C@@H1][Branch1][Branch2][C][C][C][=Branch1][C][=O][N][C][Ring2][=C][Branch2][=O],[N][C@@H1][Branch1][#Branch1][C@H1][Branch1][Ring1][C][C][C][C][=Branch1][C][=O][N][C@@H1][Branch1][Branch2][C][C][C][=Branch1][C][=O][N][C][=Branch1][C][=O][N][C@@H1][Branch1][P][C][C][=Branch1][Ring1][=C][N][C][=C][Ring1][Ring1][C][=C][C][=C][Ring1][=Branch1][C][=Branch1][C][=O][N][C@@H1][Branch1][Branch2][C][C][C][=Branch1][C][=O][N][C][=Branch1][C][=O][N][C][C][=Branch1][C][=O][N][C@@H1][Branch1][C][C][C][=Branch1][C][=O][N][C@@H1][Branch1][Ring1][C][O][C][=Branch1][C][=O][N][C@@H1][Branch1][P][C][C][=Branch1][Ring1][=C][N][C][=C][Ring1][Ring1][C][=C][C][=C][Ring1][=Branch1][C][=Branch1][C][=O][N][C@@H1][Branch1][#Branch2][C][C][=C][C][=C][C][=C][Ring1][=Branch1][C][=Branch1][C][=O][N][C@@H1][Branch1][P][C][C][=Branch1][Ring1][=C][N][C][=C][Ring1][Ring1][C][=C][C][=C][Ring1][=Branch1][C][=Branch1][C][=O][N][C@@H1][Branch1][=Branch1][C][C][C][Ring1][Branch1][C][=Branch1][C][=O][N][C@@H1][Branch1][C][C][C][=Branch1][C][=O][N][C@@H1][Branch1][P][C][C][=Branch1][Ring1][=C][N][C][=C][Ring1][Ring1][C][=C][C][=C][Ring1][=Branch1][C][=Branch1][C][=O][N][C@@H1][Branch1][Branch1][C][C][S][C][C][=Branch1][C][=O][N][C@@H1][Branch1][Branch1][C][C][S][C][C][=Branch1][C][=O][N][C@@H1][Branch1][#Branch1][C@H1][Branch1][Ring1][C][C][C][C][=Branch1][C][=O][N][C][C][=Branch1][C][=O][N][C@@H1][Branch1][=Branch1][C][C][C][Ring1][Branch1][C][=Branch1][C][=O][N][C@@H1][Branch1][=Branch1][C][C][C][C][N][C][=Branch1][C][=O][N][C@@H1][Branch1][=N][C][C][=C][C][=C][Branch1][C][O][C][=C][Ring1][#Branch1][C][=Branch1][C][=O][N][C@@H1][Branch1][#Branch1][C][C][=Branch1][C][=O][N][C][=Branch1][C][=O][N][C@@H1][Branch1][Branch1][C][C][S][C][C][=Branch1][C][=O][N][C@@H1][Branch1][Branch2][C][C][C][=Branch1][C][=O][N][C][Ring2][=C][Branch2][=O],CC[C@H](C)[C@@H]1NC(=O)[C@H](CCSC)NC(=O)[C@H](CCSC)NC(=O)[C@H](Cc2c[nH]c3ccccc23)NC(=O)[C@H](C)NC(=O)[C@@H]2CCCN2C(=O)[C@H](Cc2c[nH]c3ccccc23)NC(=O)[C@H](Cc2ccccc2)NC(=O)[C@H](Cc2c[nH]c3ccccc23)NC(=O)[C@H](CO)NC(=O)[C@H](C)NC(=O)CNC(=O)[C@H](CCC(N)=O)NC(=O)[C@H](Cc2c[nH]c3ccccc23)NC(=O)[C@H](CCC(N)=O)NC(=O)[C@H]([C@@H](C)CC)NC(=O)[C@H](CCC(N)=O)NC(=O)[C@H](CCSC)NC(=O)[C@H](CC(N)=O)NC(=O)[C@H](Cc2ccc(O)cc2)NC(=O)[C@H](CCCCN)NC(=O)[C@@H]2CCCN2C(=O)CNC1=O,CC[C@H](C)[C@@H]1NC(=O)[C@H](CCSC)NC(=O)[C@H](CCSC)NC(=O)[C@H](Cc2c[nH]c3ccccc23)NC(=O)[C@H](C)NC(=O)[C@@H]2CCCN2C(=O)[C@H](Cc2c[nH]c3ccccc23)NC(=O)[C@H](Cc2ccccc2)NC(=O)[C@H](Cc2c[nH]c3ccccc23)NC(=O)[C@H](CO)NC(=O)[C@H](C)NC(=O)CNC(=O)[C@H](CCC(N)=O)NC(=O)[C@H](Cc2c[nH]c3ccccc23)NC(=O)[C@H](CCC(N)=O)NC(=O)[C@H]([C@@H](C)CC)NC(=O)[C@H](CCC(N)=O)NC(=O)[C@H](CCSC)NC(=O)[C@H](CC(N)=O)NC(=O)[C@H](Cc2ccc(O)cc2)NC(=O)[C@H](CCCCN)NC(=O)[C@@H]2CCCN2C(=O)CNC1=O,False
13,BAA-3170,1,344,strain_BAA-3170_MIC_1_length_344_noise.txt,1,2062380e29b147222f723b9e8bdd4db6243fd7e29614b5114cc477a940156183,MAVLBKIBGKBMLLBBFAIGIATVAM,MAVLRKIRGKRMLLRRFAIGIATVAM,MAVLRKIRGKRMLLRRFAIGIATVAM,,unchanged_generated_output,[C][C][C@H1][Branch1][C][C][C@H1][Branch2][P][=Branch2][N][C][=Branch1][C][=O][C@H1][Branch1][C][C][N][C][=Branch1][C][=O][C@H1][Branch1][#Branch2][C][C][=C][C][=C][C][=C][Ring1][=Branch1][N][C][=Branch1][C][=O][C@H1][Branch1][#Branch2][C][C][C][N][=C][Branch1][C][N][N][N][C][=Branch1][C][=O][C@H1][Branch1][#Branch2][C][C][C][N][=C][Branch1][C][N][N][N][C][=Branch1][C][=O][C@H1][Branch1][#Branch1][C][C][Branch1][C][C][C][N][C][=Branch1][C][=O][C@H1][Branch1][#Branch1][C][C][Branch1][C][C][C][N][C][=Branch1][C][=O][C@H1][Branch1][Branch1][C][C][S][C][N][C][=Branch1][C][=O][C@H1][Branch1][#Branch2][C][C][C][N][=C][Branch1][C][N][N][N][C][=Branch1][C][=O][C@H1][Branch1][=Branch1][C][C][C][C][N][N][C][=Branch1][C][=O][C][N][C][=Branch1][C][=O][C@H1][Branch1][#Branch2][C][C][C][N][=C][Branch1][C][N][N][N][C][=Branch1][C][=O][C@@H1][Branch2][=Branch1][P][N][C][=Branch1][C][=O][C@H1][Branch1][=Branch1][C][C][C][C][N][N][C][=Branch1][C][=O][C@H1][Branch1][#Branch2][C][C][C][N][=C][Branch1][C][N][N][N][C][=Branch1][C][=O][C@H1][Branch1][#Branch1][C][C][Branch1][C][C][C][N][C][=Branch1][C][=O][C@@H1][Branch2][Ring1][#Branch1][N][C][=Branch1][C][=O][C@H1][Branch1][C][C][N][C][=Branch1][C][=O][C@@H1][Branch1][C][N][C][C][S][C][C][Branch1][C][C][C][C@@H1][Branch1][C][C][C][C][C][=Branch1][C][=O][N][C][C][=Branch1][C][=O][N][C@H1][Branch2][Branch1][S][C][=Branch1][C][=O][N][C@@H1][Branch1][C][C][C][=Branch1][C][=O][N][C@H1][Branch2][Ring2][=Branch2][C][=Branch1][C][=O][N][C@H1][Branch2][Ring1][O][C][=Branch1][C][=O][N][C@@H1][Branch1][C][C][C][=Branch1][C][=O][N][C@@H1][Branch1][Branch1][C][C][S][C][C][=Branch1][C][=O][OH1][C][Branch1][C][C][C][C@@H1][Branch1][C][C][O][C@@H1][Branch1][C][C][C][C],[C][C][C@H1][Branch1][C][C][C@H1][Branch2][P][=Branch2][N][C][=Branch1][C][=O][C@H1][Branch1][C][C][N][C][=Branch1][C][=O][C@H1][Branch1][#Branch2][C][C][=C][C][=C][C][=C][Ring1][=Branch1][N][C][=Branch1][C][=O][C@H1][Branch1][#Branch2][C][C][C][N][=C][Branch1][C][N][N][N][C][=Branch1][C][=O][C@H1][Branch1][#Branch2][C][C][C][N][=C][Branch1][C][N][N][N][C][=Branch1][C][=O][C@H1][Branch1][#Branch1][C][C][Branch1][C][C][C][N][C][=Branch1][C][=O][C@H1][Branch1][#Branch1][C][C][Branch1][C][C][C][N][C][=Branch1][C][=O][C@H1][Branch1][Branch1][C][C][S][C][N][C][=Branch1][C][=O][C@H1][Branch1][#Branch2][C][C][C][N][=C][Branch1][C][N][N][N][C][=Branch1][C][=O][C@H1][Branch1][=Branch1][C][C][C][C][N][N][C][=Branch1][C][=O][C][N][C][=Branch1][C][=O][C@H1][Branch1][#Branch2][C][C][C][N][=C][Branch1][C][N][N][N][C][=Branch1][C][=O][C@@H1][Branch2][=Branch1][P][N][C][=Branch1][C][=O][C@H1][Branch1][=Branch1][C][C][C][C][N][N][C][=Branch1][C][=O][C@H1][Branch1][#Branch2][C][C][C][N][=C][Branch1][C][N][N][N][C][=Branch1][C][=O][C@H1][Branch1][#Branch1][C][C][Branch1][C][C][C][N][C][=Branch1][C][=O][C@@H1][Branch2][Ring1][#Branch1][N][C][=Branch1][C][=O][C@H1][Branch1][C][C][N][C][=Branch1][C][=O][C@@H1][Branch1][C][N][C][C][S][C][C][Branch1][C][C][C][C@@H1][Branch1][C][C][C][C][C][=Branch1][C][=O][N][C][C][=Branch1][C][=O][N][C@H1][Branch2][Branch1][S][C][=Branch1][C][=O][N][C@@H1][Branch1][C][C][C][=Branch1][C][=O][N][C@H1][Branch2][Ring2][=Branch2][C][=Branch1][C][=O][N][C@H1][Branch2][Ring1][O][C][=Branch1][C][=O][N][C@@H1][Branch1][C][C][C][=Branch1][C][=O][N][C@@H1][Branch1][Branch1][C][C][S][C][C][=Branch1][C][=O][OH1][C][Branch1][C][C][C][C@@H1][Branch1][C][C][O][C@@H1][Branch1][C][C][C][C],CC[C@H](C)[C@H](NC(=O)CNC(=O)[C@@H](NC(=O)[C@H](C)NC(=O)[C@H](Cc1ccccc1)NC(=O)[C@H](CCCN=C(N)N)NC(=O)[C@H](CCCN=C(N)N)NC(=O)[C@H](CC(C)C)NC(=O)[C@H](CC(C)C)NC(=O)[C@H](CCSC)NC(=O)[C@H](CCCN=C(N)N)NC(=O)[C@H](CCCCN)NC(=O)CNC(=O)[C@H](CCCN=C(N)N)NC(=O)[C@@H](NC(=O)[C@H](CCCCN)NC(=O)[C@H](CCCN=C(N)N)NC(=O)[C@H](CC(C)C)NC(=O)[C@@H](NC(=O)[C@H](C)NC(=O)[C@@H](N)CCSC)C(C)C)[C@@H](C)CC)[C@@H](C)CC)C(=O)N[C@@H](C)C(=O)N[C@H](C(=O)N[C@H](C(=O)N[C@@H](C)C(=O)N[C@@H](CCSC)C(=O)O)C(C)C)[C@@H](C)O,CC[C@H](C)[C@H](NC(=O)CNC(=O)[C@@H](NC(=O)[C@H](C)NC(=O)[C@H](Cc1ccccc1)NC(=O)[C@H](CCCN=C(N)N)NC(=O)[C@H](CCCN=C(N)N)NC(=O)[C@H](CC(C)C)NC(=O)[C@H](CC(C)C)NC(=O)[C@H](CCSC)NC(=O)[C@H](CCCN=C(N)N)NC(=O)[C@H](CCCCN)NC(=O)CNC(=O)[C@H](CCCN=C(N)N)NC(=O)[C@@H](NC(=O)[C@H](CCCCN)NC(=O)[C@H](CCCN=C(N)N)NC(=O)[C@H](CC(C)C)NC(=O)[C@@H](NC(=O)[C@H](C)NC(=O)[C@@H](N)CCSC)C(C)C)[C@@H](C)CC)[C@@H](C)CC)C(=O)N[C@@H](C)C(=O)N[C@H](C(=O)N[C@H](C(=O)N[C@@H](C)C(=O)N[C@@H](CCSC)C(=O)O)C(C)C)[C@@H](C)O,False
14,BAA-3170,1,344,strain_BAA-3170_MIC_1_length_344_noise.txt,2,2062380e29b147222f723b9e8bdd4db6243fd7e29614b5114cc477a940156183,cyclo-IQWQGASWFWPAWMMIGPKYNMQ,cyclo-IQWQGASWFWPAWMMIGPKYNMQ,cyclo-IQWQGASWFWPAWMMIGPKYNMQ,,unchanged_generated_output,[N][C@@H1][Branch1][#Branch1][C@H1][Branch1][Ring1][C][C][C][C][=Branch1][C][=O][N][C@@H1][Branch1][Branch2][C][C][C][=Branch1][C][=O][N][C][=Branch1][C][=O][N][C@@H1][Branch1][P][C][C][=Branch1][Ring1][=C][N][C][=C][Ring1][Ring1][C][=C][C][=C][Ring1][=Branch1][C][=Branch1][C][=O][N][C@@H1][Branch1][Branch2][C][C][C][=Branch1][C][=O][N][C][=Branch1][C][=O][N][C][C][=Branch1][C][=O][N][C@@H1][Branch1][C][C][C][=Branch1][C][=O][N][C@@H1][Branch1][Ring1][C][O][C][=Branch1][C][=O][N][C@@H1][Branch1][P][C][C][=Branch1][Ring1][=C][N][C][=C][Ring1][Ring1][C][=C][C][=C][Ring1][=Branch1][C][=Branch1][C][=O][N][C@@H1][Branch1][#Branch2][C][C][=C][C][=C][C][=C][Ring1][=Branch1][C][=Branch1][C][=O][N][C@@H1][Branch1][P][C][C][=Branch1][Ring1][=C][N][C][=C][Ring1][Ring1][C][=C][C][=C][Ring1][=Branch1][C][=Branch1][C][=O][N][C@@H1][Branch1][=Branch1][C][C][C][Ring1][Branch1][C][=Branch1][C][=O][N][C@@H1][Branch1][C][C][C][=Branch1][C][=O][N][C@@H1][Branch1][P][C][C][=Branch1][Ring1][=C][N][C][=C][Ring1][Ring1][C][=C][C][=C][Ring1][=Branch1][C][=Branch1][C][=O][N][C@@H1][Branch1][Branch1][C][C][S][C][C][=Branch1][C][=O][N][C@@H1][Branch1][Branch1][C][C][S][C][C][=Branch1][C][=O][N][C@@H1][Branch1][#Branch1][C@H1][Branch1][Ring1][C][C][C][C][=Branch1][C][=O][N][C][C][=Branch1][C][=O][N][C@@H1][Branch1][=Branch1][C][C][C][Ring1][Branch1][C][=Branch1][C][=O][N][C@@H1][Branch1][=Branch1][C][C][C][C][N][C][=Branch1][C][=O][N][C@@H1][Branch1][=N][C][C][=C][C][=C][Branch1][C][O][C][=C][Ring1][#Branch1][C][=Branch1][C][=O][N][C@@H1][Branch1][#Branch1][C][C][=Branch1][C][=O][N][C][=Branch1][C][=O][N][C@@H1][Branch1][Branch1][C][C][S][C][C][=Branch1][C][=O][N][C@@H1][Branch1][Branch2][C][C][C][=Branch1][C][=O][N][C][Ring2][=C][Branch2][=O],[N][C@@H1][Branch1][#Branch1][C@H1][Branch1][Ring1][C][C][C][C][=Branch1][C][=O][N][C@@H1][Branch1][Branch2][C][C][C][=Branch1][C][=O][N][C][=Branch1][C][=O][N][C@@H1][Branch1][P][C][C][=Branch1][Ring1][=C][N][C][=C][Ring1][Ring1][C][=C][C][=C][Ring1][=Branch1][C][=Branch1][C][=O][N][C@@H1][Branch1][Branch2][C][C][C][=Branch1][C][=O][N][C][=Branch1][C][=O][N][C][C][=Branch1][C][=O][N][C@@H1][Branch1][C][C][C][=Branch1][C][=O][N][C@@H1][Branch1][Ring1][C][O][C][=Branch1][C][=O][N][C@@H1][Branch1][P][C][C][=Branch1][Ring1][=C][N][C][=C][Ring1][Ring1][C][=C][C][=C][Ring1][=Branch1][C][=Branch1][C][=O][N][C@@H1][Branch1][#Branch2][C][C][=C][C][=C][C][=C][Ring1][=Branch1][C][=Branch1][C][=O][N][C@@H1][Branch1][P][C][C][=Branch1][Ring1][=C][N][C][=C][Ring1][Ring1][C][=C][C][=C][Ring1][=Branch1][C][=Branch1][C][=O][N][C@@H1][Branch1][=Branch1][C][C][C][Ring1][Branch1][C][=Branch1][C][=O][N][C@@H1][Branch1][C][C][C][=Branch1][C][=O][N][C@@H1][Branch1][P][C][C][=Branch1][Ring1][=C][N][C][=C][Ring1][Ring1][C][=C][C][=C][Ring1][=Branch1][C][=Branch1][C][=O][N][C@@H1][Branch1][Branch1][C][C][S][C][C][=Branch1][C][=O][N][C@@H1][Branch1][Branch1][C][C][S][C][C][=Branch1][C][=O][N][C@@H1][Branch1][#Branch1][C@H1][Branch1][Ring1][C][C][C][C][=Branch1][C][=O][N][C][C][=Branch1][C][=O][N][C@@H1][Branch1][=Branch1][C][C][C][Ring1][Branch1][C][=Branch1][C][=O][N][C@@H1][Branch1][=Branch1][C][C][C][C][N][C][=Branch1][C][=O][N][C@@H1][Branch1][=N][C][C][=C][C][=C][Branch1][C][O][C][=C][Ring1][#Branch1][C][=Branch1][C][=O][N][C@@H1][Branch1][#Branch1][C][C][=Branch1][C][=O][N][C][=Branch1][C][=O][N][C@@H1][Branch1][Branch1][C][C][S][C][C][=Branch1][C][=O][N][C@@H1][Branch1][Branch2][C][C][C][=Branch1][C][=O][N][C][Ring2][=C][Branch2][=O],CC[C@H](C)[C@@H]1NC(=O)[C@H](CCSC)NC(=O)[C@H](CCSC)NC(=O)[C@H](Cc2c[nH]c3ccccc23)NC(=O)[C@H](C)NC(=O)[C@@H]2CCCN2C(=O)[C@H](Cc2c[nH]c3ccccc23)NC(=O)[C@H](Cc2ccccc2)NC(=O)[C@H](Cc2c[nH]c3ccccc23)NC(=O)[C@H](CO)NC(=O)[C@H](C)NC(=O)CNC(=O)[C@H](CCC(N)=O)NC(=O)[C@H](Cc2c[nH]c3ccccc23)NC(=O)[C@H](CCC(N)=O)NC(=O)[C@H]([C@@H](C)CC)NC(=O)[C@H](CCC(N)=O)NC(=O)[C@H](CCSC)NC(=O)[C@H](CC(N)=O)NC(=O)[C@H](Cc2ccc(O)cc2)NC(=O)[C@H](CCCCN)NC(=O)[C@@H]2CCCN2C(=O)CNC1=O,CC[C@H](C)[C@@H]1NC(=O)[C@H](CCSC)NC(=O)[C@H](CCSC)NC(=O)[C@H](Cc2c[nH]c3ccccc23)NC(=O)[C@H](C)NC(=O)[C@@H]2CCCN2C(=O)[C@H](Cc2c[nH]c3ccccc23)NC(=O)[C@H](Cc2ccccc2)NC(=O)[C@H](Cc2c[nH]c3ccccc23)NC(=O)[C@H](CO)NC(=O)[C@H](C)NC(=O)CNC(=O)[C@H](CCC(N)=O)NC(=O)[C@H](Cc2c[nH]c3ccccc23)NC(=O)[C@H](CCC(N)=O)NC(=O)[C@H]([C@@H](C)CC)NC(=O)[C@H](CCC(N)=O)NC(=O)[C@H](CCSC)NC(=O)[C@H](CC(N)=O)NC(=O)[C@H](Cc2ccc(O)cc2)NC(=O)[C@H](CCCCN)NC(=O)[C@@H]2CCCN2C(=O)CNC1=O,False
15,BAA-3170,1,348,strain_BAA-3170_MIC_1_length_348_noise.txt,1,20340c2997d49a911083344f71ab39dd369b11748497eaa7e0b1742601e7d501,MKBIALLABBBBITIAGBELLBBY,MKRIALLARRRRITIAGRELLRRY,MKRIALLARRRRITIAGRELLRRY,,unchanged_generated_output,[C][C][C@H1][Branch1][C][C][C@H1][Branch2][Ring2][N][N][C][=Branch1][C][=O][C@H1][Branch1][#Branch2][C][C][C][N][=C][Branch1][C][N][N][N][C][=Branch1][C][=O][C@H1][Branch1][=Branch1][C][C][C][C][N][N][C][=Branch1][C][=O][C@@H1][Branch1][C][N][C][C][S][C][C][=Branch1][C][=O][N][C@@H1][Branch1][C][C][C][=Branch1][C][=O][N][C@@H1][Branch1][#Branch1][C][C][Branch1][C][C][C][C][=Branch1][C][=O][N][C@@H1][Branch1][#Branch1][C][C][Branch1][C][C][C][C][=Branch1][C][=O][N][C@@H1][Branch1][C][C][C][=Branch1][C][=O][N][C@@H1][Branch1][#Branch2][C][C][C][N][=C][Branch1][C][N][N][C][=Branch1][C][=O][N][C@@H1][Branch1][#Branch2][C][C][C][N][=C][Branch1][C][N][N][C][=Branch1][C][=O][N][C@@H1][Branch1][#Branch2][C][C][C][N][=C][Branch1][C][N][N][C][=Branch1][C][=O][N][C@@H1][Branch1][#Branch2][C][C][C][N][=C][Branch1][C][N][N][C][=Branch1][C][=O][N][C@H1][Branch2][N][Ring2][C][=Branch1][C][=O][N][C@H1][Branch2][O][=Branch1][C][=Branch1][C][=O][N][C@H1][Branch2][#Branch2][#Branch1][C][=Branch1][C][=O][N][C@@H1][Branch1][C][C][C][=Branch1][C][=O][N][C][C][=Branch1][C][=O][N][C@@H1][Branch1][#Branch2][C][C][C][N][=C][Branch1][C][N][N][C][=Branch1][C][=O][N][C@@H1][Branch1][Branch2][C][C][C][=Branch1][C][=O][O][C][=Branch1][C][=O][N][C@@H1][Branch1][#Branch1][C][C][Branch1][C][C][C][C][=Branch1][C][=O][N][C@@H1][Branch1][#Branch1][C][C][Branch1][C][C][C][C][=Branch1][C][=O][N][C@@H1][Branch1][#Branch2][C][C][C][N][=C][Branch1][C][N][N][C][=Branch1][C][=O][N][C@@H1][Branch1][#Branch2][C][C][C][N][=C][Branch1][C][N][N][C][=Branch1][C][=O][N][C@@H1][Branch1][=N][C][C][=C][C][=C][Branch1][C][O][C][=C][Ring1][#Branch1][C][=Branch1][C][=O][OH1][C@@H1][Branch1][C][C][C][C][C@@H1][Branch1][C][C][O][C@@H1][Branch1][C][C][C][C],[C][C][C@H1][Branch1][C][C][C@H1][Branch2][Ring2][N][N][C][=Branch1][C][=O][C@H1][Branch1][#Branch2][C][C][C][N][=C][Branch1][C][N][N][N][C][=Branch1][C][=O][C@H1][Branch1][=Branch1][C][C][C][C][N][N][C][=Branch1][C][=O][C@@H1][Branch1][C][N][C][C][S][C][C][=Branch1][C][=O][N][C@@H1][Branch1][C][C][C][=Branch1][C][=O][N][C@@H1][Branch1][#Branch1][C][C][Branch1][C][C][C][C][=Branch1][C][=O][N][C@@H1][Branch1][#Branch1][C][C][Branch1][C][C][C][C][=Branch1][C][=O][N][C@@H1][Branch1][C][C][C][=Branch1][C][=O][N][C@@H1][Branch1][#Branch2][C][C][C][N][=C][Branch1][C][N][N][C][=Branch1][C][=O][N][C@@H1][Branch1][#Branch2][C][C][C][N][=C][Branch1][C][N][N][C][=Branch1][C][=O][N][C@@H1][Branch1][#Branch2][C][C][C][N][=C][Branch1][C][N][N][C][=Branch1][C][=O][N][C@@H1][Branch1][#Branch2][C][C][C][N][=C][Branch1][C][N][N][C][=Branch1][C][=O][N][C@H1][Branch2][N][Ring2][C][=Branch1][C][=O][N][C@H1][Branch2][O][=Branch1][C][=Branch1][C][=O][N][C@H1][Branch2][#Branch2][#Branch1][C][=Branch1][C][=O][N][C@@H1][Branch1][C][C][C][=Branch1][C][=O][N][C][C][=Branch1][C][=O][N][C@@H1][Branch1][#Branch2][C][C][C][N][=C][Branch1][C][N][N][C][=Branch1][C][=O][N][C@@H1][Branch1][Branch2][C][C][C][=Branch1][C][=O][O][C][=Branch1][C][=O][N][C@@H1][Branch1][#Branch1][C][C][Branch1][C][C][C][C][=Branch1][C][=O][N][C@@H1][Branch1][#Branch1][C][C][Branch1][C][C][C][C][=Branch1][C][=O][N][C@@H1][Branch1][#Branch2][C][C][C][N][=C][Branch1][C][N][N][C][=Branch1][C][=O][N][C@@H1][Branch1][#Branch2][C][C][C][N][=C][Branch1][C][N][N][C][=Branch1][C][=O][N][C@@H1][Branch1][=N][C][C][=C][C][=C][Branch1][C][O][C][=C][Ring1][#Branch1][C][=Branch1][C][=O][OH1][C@@H1][Branch1][C][C][C][C][C@@H1][Branch1][C][C][O][C@@H1][Branch1][C][C][C][C],CC[C@H](C)[C@H](NC(=O)[C@H](CCCN=C(N)N)NC(=O)[C@H](CCCCN)NC(=O)[C@@H](N)CCSC)C(=O)N[C@@H](C)C(=O)N[C@@H](CC(C)C)C(=O)N[C@@H](CC(C)C)C(=O)N[C@@H](C)C(=O)N[C@@H](CCCN=C(N)N)C(=O)N[C@@H](CCCN=C(N)N)C(=O)N[C@@H](CCCN=C(N)N)C(=O)N[C@@H](CCCN=C(N)N)C(=O)N[C@H](C(=O)N[C@H](C(=O)N[C@H](C(=O)N[C@@H](C)C(=O)NCC(=O)N[C@@H](CCCN=C(N)N)C(=O)N[C@@H](CCC(=O)O)C(=O)N[C@@H](CC(C)C)C(=O)N[C@@H](CC(C)C)C(=O)N[C@@H](CCCN=C(N)N)C(=O)N[C@@H](CCCN=C(N)N)C(=O)N[C@@H](Cc1ccc(O)cc1)C(=O)O)[C@@H](C)CC)[C@@H](C)O)[C@@H](C)CC,CC[C@H](C)[C@H](NC(=O)[C@H](CCCN=C(N)N)NC(=O)[C@H](CCCCN)NC(=O)[C@@H](N)CCSC)C(=O)N[C@@H](C)C(=O)N[C@@H](CC(C)C)C(=O)N[C@@H](CC(C)C)C(=O)N[C@@H](C)C(=O)N[C@@H](CCCN=C(N)N)C(=O)N[C@@H](CCCN=C(N)N)C(=O)N[C@@H](CCCN=C(N)N)C(=O)N[C@@H](CCCN=C(N)N)C(=O)N[C@H](C(=O)N[C@H](C(=O)N[C@H](C(=O)N[C@@H](C)C(=O)NCC(=O)N[C@@H](CCCN=C(N)N)C(=O)N[C@@H](CCC(=O)O)C(=O)N[C@@H](CC(C)C)C(=O)N[C@@H](CC(C)C)C(=O)N[C@@H](CCCN=C(N)N)C(=O)N[C@@H](CCCN=C(N)N)C(=O)N[C@@H](Cc1ccc(O)cc1)C(=O)O)[C@@H](C)CC)[C@@H](C)O)[C@@H](C)CC,False
16,BAA-3170,1,352,strain_BAA-3170_MIC_1_length_352_noise.txt,1,1f6d0c7f0cf6844dec1cf87014bf904bc432e05be2c6c26f81941227e9f05a1b,MBABPKLABLIBVSGLVLSBLPMKGPAA,MRARPKLARLIRVSGLVLSRLPMKGPAA,MRARPKLARLIRVSGLVLSRLPMKGPAA,,unchanged_generated_output,[C][C][C@H1][Branch1][C][C][C@H1][Branch2][#Branch2][#Branch1][N][C][=Branch1][C][=O][C@H1][Branch1][#Branch1][C][C][Branch1][C][C][C][N][C][=Branch1][C][=O][C@H1][Branch1][#Branch2][C][C][C][N][=C][Branch1][C][N][N][N][C][=Branch1][C][=O][C@H1][Branch1][C][C][N][C][=Branch1][C][=O][C@H1][Branch1][#Branch1][C][C][Branch1][C][C][C][N][C][=Branch1][C][=O][C@H1][Branch1][=Branch1][C][C][C][C][N][N][C][=Branch1][C][=O][C@@H1][C][C][C][N][Ring1][Branch1][C][=Branch1][C][=O][C@H1][Branch1][#Branch2][C][C][C][N][=C][Branch1][C][N][N][N][C][=Branch1][C][=O][C@H1][Branch1][C][C][N][C][=Branch1][C][=O][C@H1][Branch1][#Branch2][C][C][C][N][=C][Branch1][C][N][N][N][C][=Branch1][C][=O][C@@H1][Branch1][C][N][C][C][S][C][C][=Branch1][C][=O][N][C@@H1][Branch1][#Branch2][C][C][C][N][=C][Branch1][C][N][N][C][=Branch1][C][=O][N][C@H1][Branch2][N][S][C][=Branch1][C][=O][N][C@@H1][Branch1][Ring1][C][O][C][=Branch1][C][=O][N][C][C][=Branch1][C][=O][N][C@@H1][Branch1][#Branch1][C][C][Branch1][C][C][C][C][=Branch1][C][=O][N][C@H1][Branch2][#Branch2][Ring2][C][=Branch1][C][=O][N][C@@H1][Branch1][#Branch1][C][C][Branch1][C][C][C][C][=Branch1][C][=O][N][C@@H1][Branch1][Ring1][C][O][C][=Branch1][C][=O][N][C@@H1][Branch1][#Branch2][C][C][C][N][=C][Branch1][C][N][N][C][=Branch1][C][=O][N][C@@H1][Branch1][#Branch1][C][C][Branch1][C][C][C][C][=Branch1][C][=O][N][C][C][C][C@H1][Ring1][Branch1][C][=Branch1][C][=O][N][C@@H1][Branch1][Branch1][C][C][S][C][C][=Branch1][C][=O][N][C@@H1][Branch1][=Branch1][C][C][C][C][N][C][=Branch1][C][=O][N][C][C][=Branch1][C][=O][N][C][C][C][C@H1][Ring1][Branch1][C][=Branch1][C][=O][N][C@@H1][Branch1][C][C][C][=Branch1][C][=O][N][C@@H1][Branch1][C][C][C][=Branch1][C][=O][OH1][C][Branch1][C][C][C][C][Branch1][C][C][C],[C][C][C@H1][Branch1][C][C][C@H1][Branch2][#Branch2][#Branch1][N][C][=Branch1][C][=O][C@H1][Branch1][#Branch1][C][C][Branch1][C][C][C][N][C][=Branch1][C][=O][C@H1][Branch1][#Branch2][C][C][C][N][=C][Branch1][C][N][N][N][C][=Branch1][C][=O][C@H1][Branch1][C][C][N][C][=Branch1][C][=O][C@H1][Branch1][#Branch1][C][C][Branch1][C][C][C][N][C][=Branch1][C][=O][C@H1][Branch1][=Branch1][C][C][C][C][N][N][C][=Branch1][C][=O][C@@H1][C][C][C][N][Ring1][Branch1][C][=Branch1][C][=O][C@H1][Branch1][#Branch2][C][C][C][N][=C][Branch1][C][N][N][N][C][=Branch1][C][=O][C@H1][Branch1][C][C][N][C][=Branch1][C][=O][C@H1][Branch1][#Branch2][C][C][C][N][=C][Branch1][C][N][N][N][C][=Branch1][C][=O][C@@H1][Branch1][C][N][C][C][S][C][C][=Branch1][C][=O][N][C@@H1][Branch1][#Branch2][C][C][C][N][=C][Branch1][C][N][N][C][=Branch1][C][=O][N][C@H1][Branch2][N][S][C][=Branch1][C][=O][N][C@@H1][Branch1][Ring1][C][O][C][=Branch1][C][=O][N][C][C][=Branch1][C][=O][N][C@@H1][Branch1][#Branch1][C][C][Branch1][C][C][C][C][=Branch1][C][=O][N][C@H1][Branch2][#Branch2][Ring2][C][=Branch1][C][=O][N][C@@H1][Branch1][#Branch1][C][C][Branch1][C][C][C][C][=Branch1][C][=O][N][C@@H1][Branch1][Ring1][C][O][C][=Branch1][C][=O][N][C@@H1][Branch1][#Branch2][C][C][C][N][=C][Branch1][C][N][N][C][=Branch1][C][=O][N][C@@H1][Branch1][#Branch1][C][C][Branch1][C][C][C][C][=Branch1][C][=O][N][C][C][C][C@H1][Ring1][Branch1][C][=Branch1][C][=O][N][C@@H1][Branch1][Branch1][C][C][S][C][C][=Branch1][C][=O][N][C@@H1][Branch1][=Branch1][C][C][C][C][N][C][=Branch1][C][=O][N][C][C][=Branch1][C][=O][N][C][C][C][C@H1][Ring1][Branch1][C][=Branch1][C][=O][N][C@@H1][Branch1][C][C][C][=Branch1][C][=O][N][C@@H1][Branch1][C][C][C][=Branch1][C][=O][OH1][C][Branch1][C][C][C][C][Branch1][C][C][C],CC[C@H](C)[C@H](NC(=O)[C@H](CC(C)C)NC(=O)[C@H](CCCN=C(N)N)NC(=O)[C@H](C)NC(=O)[C@H](CC(C)C)NC(=O)[C@H](CCCCN)NC(=O)[C@@H]1CCCN1C(=O)[C@H](CCCN=C(N)N)NC(=O)[C@H](C)NC(=O)[C@H](CCCN=C(N)N)NC(=O)[C@@H](N)CCSC)C(=O)N[C@@H](CCCN=C(N)N)C(=O)N[C@H](C(=O)N[C@@H](CO)C(=O)NCC(=O)N[C@@H](CC(C)C)C(=O)N[C@H](C(=O)N[C@@H](CC(C)C)C(=O)N[C@@H](CO)C(=O)N[C@@H](CCCN=C(N)N)C(=O)N[C@@H](CC(C)C)C(=O)N1CCC[C@H]1C(=O)N[C@@H](CCSC)C(=O)N[C@@H](CCCCN)C(=O)NCC(=O)N1CCC[C@H]1C(=O)N[C@@H](C)C(=O)N[C@@H](C)C(=O)O)C(C)C)C(C)C,CC[C@H](C)[C@H](NC(=O)[C@H](CC(C)C)NC(=O)[C@H](CCCN=C(N)N)NC(=O)[C@H](C)NC(=O)[C@H](CC(C)C)NC(=O)[C@H](CCCCN)NC(=O)[C@@H]1CCCN1C(=O)[C@H](CCCN=C(N)N)NC(=O)[C@H](C)NC(=O)[C@H](CCCN=C(N)N)NC(=O)[C@@H](N)CCSC)C(=O)N[C@@H](CCCN=C(N)N)C(=O)N[C@H](C(=O)N[C@@H](CO)C(=O)NCC(=O)N[C@@H](CC(C)C)C(=O)N[C@H](C(=O)N[C@@H](CC(C)C)C(=O)N[C@@H](CO)C(=O)N[C@@H](CCCN=C(N)N)C(=O)N[C@@H](CC(C)C)C(=O)N1CCC[C@H]1C(=O)N[C@@H](CCSC)C(=O)N[C@@H](CCCCN)C(=O)NCC(=O)N1CCC[C@H]1C(=O)N[C@@H](C)C(=O)N[C@@H](C)C(=O)O)C(C)C)C(C)C,False
17,BAA-3170,1,356,strain_BAA-3170_MIC_1_length_356_noise.txt,1,e9d411866b2b52aadacd8e519213c397bd0ab62616c73d2f4299df54a0853a0f,CPPPCqGHYKQCQMQKFCFMHWMVR,CPPPCqGHYKQCQMQKFCFMHWMVR,CPPPCqGHYKQCQMQKFCFMHWMVR,,unchanged_generated_output,[N][C@@H1][Branch1][Ring1][C][S][C][=Branch1][C][=O][N][C@@H1][Branch1][=Branch1][C][C][C][Ring1][Branch1][C][=Branch1][C][=O][N][C@@H1][Branch1][=Branch1][C][C][C][Ring1][Branch1][C][=Branch1][C][=O][N][C@@H1][Branch1][=Branch1][C][C][C][Ring1][Branch1][C][=Branch1][C][=O][N][C@@H1][Branch1][Ring1][C][S][C][=Branch1][C][=O][N][C@H1][Branch1][Branch2][C][C][C][=Branch1][C][=O][N][C][=Branch1][C][=O][N][C][C][=Branch1][C][=O][N][C@@H1][Branch1][=Branch2][C][C][=C][N][C][=N][Ring1][Branch1][C][=Branch1][C][=O][N][C@@H1][Branch1][=N][C][C][=C][C][=C][Branch1][C][O][C][=C][Ring1][#Branch1][C][=Branch1][C][=O][N][C@@H1][Branch1][=Branch1][C][C][C][C][N][C][=Branch1][C][=O][N][C@@H1][Branch1][Branch2][C][C][C][=Branch1][C][=O][N][C][=Branch1][C][=O][N][C@@H1][Branch1][Ring1][C][S][C][=Branch1][C][=O][N][C@@H1][Branch1][Branch2][C][C][C][=Branch1][C][=O][N][C][=Branch1][C][=O][N][C@@H1][Branch1][Branch1][C][C][S][C][C][=Branch1][C][=O][N][C@@H1][Branch1][Branch2][C][C][C][=Branch1][C][=O][N][C][=Branch1][C][=O][N][C@@H1][Branch1][=Branch1][C][C][C][C][N][C][=Branch1][C][=O][N][C@@H1][Branch1][#Branch2][C][C][=C][C][=C][C][=C][Ring1][=Branch1][C][=Branch1][C][=O][N][C@@H1][Branch1][Ring1][C][S][C][=Branch1][C][=O][N][C@@H1][Branch1][#Branch2][C][C][=C][C][=C][C][=C][Ring1][=Branch1][C][=Branch1][C][=O][N][C@@H1][Branch1][Branch1][C][C][S][C][C][=Branch1][C][=O][N][C@@H1][Branch1][=Branch2][C][C][=C][N][C][=N][Ring1][Branch1][C][=Branch1][C][=O][N][C@@H1][Branch1][P][C][C][=Branch1][Ring1][=C][N][C][=C][Ring1][Ring1][C][=C][C][=C][Ring1][=Branch1][C][=Branch1][C][=O][N][C@@H1][Branch1][Branch1][C][C][S][C][C][=Branch1][C][=O][N][C@@H1][Branch1][=Branch1][C][Branch1][C][C][C][C][=Branch1][C][=O][N][C@@H1][Branch1][#Branch2][C][C][C][N][C][=Branch1][C][=N][N][C][=Branch1][C][=O][O],[N][C@@H1][Branch1][Ring1][C][S][C][=Branch1][C][=O][N][C@@H1][Branch1][=Branch1][C][C][C][Ring1][Branch1][C][=Branch1][C][=O][N][C@@H1][Branch1][=Branch1][C][C][C][Ring1][Branch1][C][=Branch1][C][=O][N][C@@H1][Branch1][=Branch1][C][C][C][Ring1][Branch1][C][=Branch1][C][=O][N][C@@H1][Branch1][Ring1][C][S][C][=Branch1][C][=O][N][C@H1][Branch1][Branch2][C][C][C][=Branch1][C][=O][N][C][=Branch1][C][=O][N][C][C][=Branch1][C][=O][N][C@@H1][Branch1][=Branch2][C][C][=C][N][C][=N][Ring1][Branch1][C][=Branch1][C][=O][N][C@@H1][Branch1][=N][C][C][=C][C][=C][Branch1][C][O][C][=C][Ring1][#Branch1][C][=Branch1][C][=O][N][C@@H1][Branch1][=Branch1][C][C][C][C][N][C][=Branch1][C][=O][N][C@@H1][Branch1][Branch2][C][C][C][=Branch1][C][=O][N][C][=Branch1][C][=O][N][C@@H1][Branch1][Ring1][C][S][C][=Branch1][C][=O][N][C@@H1][Branch1][Branch2][C][C][C][=Branch1][C][=O][N][C][=Branch1][C][=O][N][C@@H1][Branch1][Branch1][C][C][S][C][C][=Branch1][C][=O][N][C@@H1][Branch1][Branch2][C][C][C][=Branch1][C][=O][N][C][=Branch1][C][=O][N][C@@H1][Branch1][=Branch1][C][C][C][C][N][C][=Branch1][C][=O][N][C@@H1][Branch1][#Branch2][C][C][=C][C][=C][C][=C][Ring1][=Branch1][C][=Branch1][C][=O][N][C@@H1][Branch1][Ring1][C][S][C][=Branch1][C][=O][N][C@@H1][Branch1][#Branch2][C][C][=C][C][=C][C][=C][Ring1][=Branch1][C][=Branch1][C][=O][N][C@@H1][Branch1][Branch1][C][C][S][C][C][=Branch1][C][=O][N][C@@H1][Branch1][=Branch2][C][C][=C][N][C][=N][Ring1][Branch1][C][=Branch1][C][=O][N][C@@H1][Branch1][P][C][C][=Branch1][Ring1][=C][N][C][=C][Ring1][Ring1][C][=C][C][=C][Ring1][=Branch1][C][=Branch1][C][=O][N][C@@H1][Branch1][Branch1][C][C][S][C][C][=Branch1][C][=O][N][C@@H1][Branch1][=Branch1][C][Branch1][C][C][C][C][=Branch1][C][=O][N][C@@H1][Branch1][#Branch2][C][C][C][N][C][=Branch1][C][=N][N][C][=Branch1][C][=O][O],CSCC[C@H](NC(=O)[C@H](CCC(N)=O)NC(=O)[C@H](CS)NC(=O)[C@H](CCC(N)=O)NC(=O)[C@H](CCCCN)NC(=O)[C@H](Cc1ccc(O)cc1)NC(=O)[C@H](Cc1c[nH]cn1)NC(=O)CNC(=O)[C@@H](CCC(N)=O)NC(=O)[C@H](CS)NC(=O)[C@@H]1CCCN1C(=O)[C@@H]1CCCN1C(=O)[C@@H]1CCCN1C(=O)[C@@H](N)CS)C(=O)N[C@@H](CCC(N)=O)C(=O)N[C@@H](CCCCN)C(=O)N[C@@H](Cc1ccccc1)C(=O)N[C@@H](CS)C(=O)N[C@@H](Cc1ccccc1)C(=O)N[C@@H](CCSC)C(=O)N[C@@H](Cc1c[nH]cn1)C(=O)N[C@@H](Cc1c[nH]c2ccccc12)C(=O)N[C@@H](CCSC)C(=O)N[C@H](C(=O)N[C@@H](CCCNC(=N)N)C(=O)O)C(C)C,CSCC[C@H](NC(=O)[C@H](CCC(N)=O)NC(=O)[C@H](CS)NC(=O)[C@H](CCC(N)=O)NC(=O)[C@H](CCCCN)NC(=O)[C@H](Cc1ccc(O)cc1)NC(=O)[C@H](Cc1c[nH]cn1)NC(=O)CNC(=O)[C@@H](CCC(N)=O)NC(=O)[C@H](CS)NC(=O)[C@@H]1CCCN1C(=O)[C@@H]1CCCN1C(=O)[C@@H]1CCCN1C(=O)[C@@H](N)CS)C(=O)N[C@@H](CCC(N)=O)C(=O)N[C@@H](CCCCN)C(=O)N[C@@H](Cc1ccccc1)C(=O)N[C@@H](CS)C(=O)N[C@@H](Cc1ccccc1)C(=O)N[C@@H](CCSC)C(=O)N[C@@H](Cc1c[nH]cn1)C(=O)N[C@@H](Cc1c[nH]c2ccccc12)C(=O)N[C@@H](CCSC)C(=O)N[C@H](C(=O)N[C@@H](CCCNC(=N)N)C(=O)O)C(C)C,False
18,BAA-3170,1,356,strain_BAA-3170_MIC_1_length_356_noise.txt,2,e9d411866b2b52aadacd8e519213c397bd0ab62616c73d2f4299df54a0853a0f,PGWNATANSaCVMRKFTNWVMYFMMV,PGWNATANSaCVMRKFTNWVMYFMMV,PGWNATANSaCVMRKFTNWVMYFMMV,,unchanged_generated_output,[N][C@@H1][Branch1][=Branch1][C][C][C][Ring1][Branch1][C][=Branch1][C][=O][N][C][C][=Branch1][C][=O][N][C@@H1][Branch1][P][C][C][=Branch1][Ring1][=C][N][C][=C][Ring1][Ring1][C][=C][C][=C][Ring1][=Branch1][C][=Branch1][C][=O][N][C@@H1][Branch1][#Branch1][C][C][=Branch1][C][=O][N][C][=Branch1][C][=O][N][C@@H1][Branch1][C][C][C][=Branch1][C][=O][N][C@@H1][Branch1][=Branch1][C@H1][Branch1][C][O][C][C][=Branch1][C][=O][N][C@@H1][Branch1][C][C][C][=Branch1][C][=O][N][C@@H1][Branch1][#Branch1][C][C][=Branch1][C][=O][N][C][=Branch1][C][=O][N][C@@H1][Branch1][Ring1][C][O][C][=Branch1][C][=O][N][C@H1][Branch1][C][C][C][=Branch1][C][=O][N][C@@H1][Branch1][Ring1][C][S][C][=Branch1][C][=O][N][C@@H1][Branch1][=Branch1][C][Branch1][C][C][C][C][=Branch1][C][=O][N][C@@H1][Branch1][Branch1][C][C][S][C][C][=Branch1][C][=O][N][C@@H1][Branch1][#Branch2][C][C][C][N][C][=Branch1][C][=N][N][C][=Branch1][C][=O][N][C@@H1][Branch1][=Branch1][C][C][C][C][N][C][=Branch1][C][=O][N][C@@H1][Branch1][#Branch2][C][C][=C][C][=C][C][=C][Ring1][=Branch1][C][=Branch1][C][=O][N][C@@H1][Branch1][=Branch1][C@H1][Branch1][C][O][C][C][=Branch1][C][=O][N][C@@H1][Branch1][#Branch1][C][C][=Branch1][C][=O][N][C][=Branch1][C][=O][N][C@@H1][Branch1][P][C][C][=Branch1][Ring1][=C][N][C][=C][Ring1][Ring1][C][=C][C][=C][Ring1][=Branch1][C][=Branch1][C][=O][N][C@@H1][Branch1][=Branch1][C][Branch1][C][C][C][C][=Branch1][C][=O][N][C@@H1][Branch1][Branch1][C][C][S][C][C][=Branch1][C][=O][N][C@@H1][Branch1][=N][C][C][=C][C][=C][Branch1][C][O][C][=C][Ring1][#Branch1][C][=Branch1][C][=O][N][C@@H1][Branch1][#Branch2][C][C][=C][C][=C][C][=C][Ring1][=Branch1][C][=Branch1][C][=O][N][C@@H1][Branch1][Branch1][C][C][S][C][C][=Branch1][C][=O][N][C@@H1][Branch1][Branch1][C][C][S][C][C][=Branch1][C][=O][N][C@@H1][Branch1][=Branch1][C][Branch1][C][C][C][C][=Branch1][C][=O][O],[N][C@@H1][Branch1][=Branch1][C][C][C][Ring1][Branch1][C][=Branch1][C][=O][N][C][C][=Branch1][C][=O][N][C@@H1][Branch1][P][C][C][=Branch1][Ring1][=C][N][C][=C][Ring1][Ring1][C][=C][C][=C][Ring1][=Branch1][C][=Branch1][C][=O][N][C@@H1][Branch1][#Branch1][C][C][=Branch1][C][=O][N][C][=Branch1][C][=O][N][C@@H1][Branch1][C][C][C][=Branch1][C][=O][N][C@@H1][Branch1][=Branch1][C@H1][Branch1][C][O][C][C][=Branch1][C][=O][N][C@@H1][Branch1][C][C][C][=Branch1][C][=O][N][C@@H1][Branch1][#Branch1][C][C][=Branch1][C][=O][N][C][=Branch1][C][=O][N][C@@H1][Branch1][Ring1][C][O][C][=Branch1][C][=O][N][C@H1][Branch1][C][C][C][=Branch1][C][=O][N][C@@H1][Branch1][Ring1][C][S][C][=Branch1][C][=O][N][C@@H1][Branch1][=Branch1][C][Branch1][C][C][C][C][=Branch1][C][=O][N][C@@H1][Branch1][Branch1][C][C][S][C][C][=Branch1][C][=O][N][C@@H1][Branch1][#Branch2][C][C][C][N][C][=Branch1][C][=N][N][C][=Branch1][C][=O][N][C@@H1][Branch1][=Branch1][C][C][C][C][N][C][=Branch1][C][=O][N][C@@H1][Branch1][#Branch2][C][C][=C][C][=C][C][=C][Ring1][=Branch1][C][=Branch1][C][=O][N][C@@H1][Branch1][=Branch1][C@H1][Branch1][C][O][C][C][=Branch1][C][=O][N][C@@H1][Branch1][#Branch1][C][C][=Branch1][C][=O][N][C][=Branch1][C][=O][N][C@@H1][Branch1][P][C][C][=Branch1][Ring1][=C][N][C][=C][Ring1][Ring1][C][=C][C][=C][Ring1][=Branch1][C][=Branch1][C][=O][N][C@@H1][Branch1][=Branch1][C][Branch1][C][C][C][C][=Branch1][C][=O][N][C@@H1][Branch1][Branch1][C][C][S][C][C][=Branch1][C][=O][N][C@@H1][Branch1][=N][C][C][=C][C][=C][Branch1][C][O][C][=C][Ring1][#Branch1][C][=Branch1][C][=O][N][C@@H1][Branch1][#Branch2][C][C][=C][C][=C][C][=C][Ring1][=Branch1][C][=Branch1][C][=O][N][C@@H1][Branch1][Branch1][C][C][S][C][C][=Branch1][C][=O][N][C@@H1][Branch1][Branch1][C][C][S][C][C][=Branch1][C][=O][N][C@@H1][Branch1][=Branch1][C][Branch1][C][C][C][C][=Branch1][C][=O][O],CSCC[C@H](NC(=O)[C@H](Cc1ccccc1)NC(=O)[C@H](Cc1ccc(O)cc1)NC(=O)[C@H](CCSC)NC(=O)[C@@H](NC(=O)[C@H](Cc1c[nH]c2ccccc12)NC(=O)[C@H](CC(N)=O)NC(=O)[C@@H](NC(=O)[C@H](Cc1ccccc1)NC(=O)[C@H](CCCCN)NC(=O)[C@H](CCCNC(=N)N)NC(=O)[C@H](CCSC)NC(=O)[C@@H](NC(=O)[C@H](CS)NC(=O)[C@@H](C)NC(=O)[C@H](CO)NC(=O)[C@H](CC(N)=O)NC(=O)[C@H](C)NC(=O)[C@@H](NC(=O)[C@H](C)NC(=O)[C@H](CC(N)=O)NC(=O)[C@H](Cc1c[nH]c2ccccc12)NC(=O)CNC(=O)[C@@H]1CCCN1)[C@@H](C)O)C(C)C)[C@@H](C)O)C(C)C)C(=O)N[C@@H](CCSC)C(=O)N[C@H](C(=O)O)C(C)C,CSCC[C@H](NC(=O)[C@H](Cc1ccccc1)NC(=O)[C@H](Cc1ccc(O)cc1)NC(=O)[C@H](CCSC)NC(=O)[C@@H](NC(=O)[C@H](Cc1c[nH]c2ccccc12)NC(=O)[C@H](CC(N)=O)NC(=O)[C@@H](NC(=O)[C@H](Cc1ccccc1)NC(=O)[C@H](CCCCN)NC(=O)[C@H](CCCNC(=N)N)NC(=O)[C@H](CCSC)NC(=O)[C@@H](NC(=O)[C@H](CS)NC(=O)[C@@H](C)NC(=O)[C@H](CO)NC(=O)[C@H](CC(N)=O)NC(=O)[C@H](C)NC(=O)[C@@H](NC(=O)[C@H](C)NC(=O)[C@H](CC(N)=O)NC(=O)[C@H](Cc1c[nH]c2ccccc12)NC(=O)CNC(=O)[C@@H]1CCCN1)[C@@H](C)O)C(C)C)[C@@H](C)O)C(C)C)C(=O)N[C@@H](CCSC)C(=O)N[C@H](C(=O)O)C(C)C,False
19,BAA-3170,1,368,strain_BAA-3170_MIC_1_length_368_noise.txt,1,e6b353476adc07f395d2b50030defac00f66519421c830f5418158f6d7ba4d1c,MIVANAGCISKILNLNBBAEBENKKKSL,MIVANAGCISKILNLNRRAERENKKKSL,MIVANAGCISKILNLNRRAERENKKKSL,,unchanged_generated_output,[C][C][C@H1][Branch1][C][C][C@H1][Branch2][=Branch2][S][N][C][=Branch1][C][=O][C@H1][Branch1][=Branch1][C][C][C][C][N][N][C][=Branch1][C][=O][C@H1][Branch1][Ring1][C][O][N][C][=Branch1][C][=O][C@@H1][Branch2][#Branch1][#Branch2][N][C][=Branch1][C][=O][C@H1][Branch1][Ring1][C][S][N][C][=Branch1][C][=O][C][N][C][=Branch1][C][=O][C@H1][Branch1][C][C][N][C][=Branch1][C][=O][C@H1][Branch1][#Branch1][C][C][Branch1][C][N][=O][N][C][=Branch1][C][=O][C@H1][Branch1][C][C][N][C][=Branch1][C][=O][C@@H1][Branch2][Ring1][N][N][C][=Branch1][C][=O][C@@H1][Branch1][=C][N][C][=Branch1][C][=O][C@@H1][Branch1][C][N][C][C][S][C][C@@H1][Branch1][C][C][C][C][C][Branch1][C][C][C][C@@H1][Branch1][C][C][C][C][C][=Branch1][C][=O][N][C@@H1][Branch1][#Branch1][C][C][Branch1][C][C][C][C][=Branch1][C][=O][N][C@@H1][Branch1][#Branch1][C][C][Branch1][C][N][=O][C][=Branch1][C][=O][N][C@@H1][Branch1][#Branch1][C][C][Branch1][C][C][C][C][=Branch1][C][=O][N][C@@H1][Branch1][#Branch1][C][C][Branch1][C][N][=O][C][=Branch1][C][=O][N][C@@H1][Branch1][#Branch2][C][C][C][N][=C][Branch1][C][N][N][C][=Branch1][C][=O][N][C@@H1][Branch1][#Branch2][C][C][C][N][=C][Branch1][C][N][N][C][=Branch1][C][=O][N][C@@H1][Branch1][C][C][C][=Branch1][C][=O][N][C@@H1][Branch1][Branch2][C][C][C][=Branch1][C][=O][O][C][=Branch1][C][=O][N][C@@H1][Branch1][#Branch2][C][C][C][N][=C][Branch1][C][N][N][C][=Branch1][C][=O][N][C@@H1][Branch1][Branch2][C][C][C][=Branch1][C][=O][O][C][=Branch1][C][=O][N][C@@H1][Branch1][#Branch1][C][C][Branch1][C][N][=O][C][=Branch1][C][=O][N][C@@H1][Branch1][=Branch1][C][C][C][C][N][C][=Branch1][C][=O][N][C@@H1][Branch1][=Branch1][C][C][C][C][N][C][=Branch1][C][=O][N][C@@H1][Branch1][=Branch1][C][C][C][C][N][C][=Branch1][C][=O][N][C@@H1][Branch1][Ring1][C][O][C][=Branch1][C][=O][N][C@@H1][Branch1][#Branch1][C][C][Branch1][C][C][C][C][=Branch1][C][=O][OH1],[C][C][C@H1][Branch1][C][C][C@H1][Branch2][=Branch2][S][N][C][=Branch1][C][=O][C@H1][Branch1][=Branch1][C][C][C][C][N][N][C][=Branch1][C][=O][C@H1][Branch1][Ring1][C][O][N][C][=Branch1][C][=O][C@@H1][Branch2][#Branch1][#Branch2][N][C][=Branch1][C][=O][C@H1][Branch1][Ring1][C][S][N][C][=Branch1][C][=O][C][N][C][=Branch1][C][=O][C@H1][Branch1][C][C][N][C][=Branch1][C][=O][C@H1][Branch1][#Branch1][C][C][Branch1][C][N][=O][N][C][=Branch1][C][=O][C@H1][Branch1][C][C][N][C][=Branch1][C][=O][C@@H1][Branch2][Ring1][N][N][C][=Branch1][C][=O][C@@H1][Branch1][=C][N][C][=Branch1][C][=O][C@@H1][Branch1][C][N][C][C][S][C][C@@H1][Branch1][C][C][C][C][C][Branch1][C][C][C][C@@H1][Branch1][C][C][C][C][C][=Branch1][C][=O][N][C@@H1][Branch1][#Branch1][C][C][Branch1][C][C][C][C][=Branch1][C][=O][N][C@@H1][Branch1][#Branch1][C][C][Branch1][C][N][=O][C][=Branch1][C][=O][N][C@@H1][Branch1][#Branch1][C][C][Branch1][C][C][C][C][=Branch1][C][=O][N][C@@H1][Branch1][#Branch1][C][C][Branch1][C][N][=O][C][=Branch1][C][=O][N][C@@H1][Branch1][#Branch2][C][C][C][N][=C][Branch1][C][N][N][C][=Branch1][C][=O][N][C@@H1][Branch1][#Branch2][C][C][C][N][=C][Branch1][C][N][N][C][=Branch1][C][=O][N][C@@H1][Branch1][C][C][C][=Branch1][C][=O][N][C@@H1][Branch1][Branch2][C][C][C][=Branch1][C][=O][O][C][=Branch1][C][=O][N][C@@H1][Branch1][#Branch2][C][C][C][N][=C][Branch1][C][N][N][C][=Branch1][C][=O][N][C@@H1][Branch1][Branch2][C][C][C][=Branch1][C][=O][O][C][=Branch1][C][=O][N][C@@H1][Branch1][#Branch1][C][C][Branch1][C][N][=O][C][=Branch1][C][=O][N][C@@H1][Branch1][=Branch1][C][C][C][C][N][C][=Branch1][C][=O][N][C@@H1][Branch1][=Branch1][C][C][C][C][N][C][=Branch1][C][=O][N][C@@H1][Branch1][=Branch1][C][C][C][C][N][C][=Branch1][C][=O][N][C@@H1][Branch1][Ring1][C][O][C][=Branch1][C][=O][N][C@@H1][Branch1][#Branch1][C][C][Branch1][C][C][C][C][=Branch1][C][=O][OH1],CC[C@H](C)[C@H](NC(=O)[C@H](CS)NC(=O)CNC(=O)[C@H](C)NC(=O)[C@H](CC(N)=O)NC(=O)[C@H](C)NC(=O)[C@@H](NC(=O)[C@@H](NC(=O)[C@@H](N)CCSC)[C@@H](C)CC)C(C)C)C(=O)N[C@@H](CO)C(=O)N[C@@H](CCCCN)C(=O)N[C@H](C(=O)N[C@@H](CC(C)C)C(=O)N[C@@H](CC(N)=O)C(=O)N[C@@H](CC(C)C)C(=O)N[C@@H](CC(N)=O)C(=O)N[C@@H](CCCN=C(N)N)C(=O)N[C@@H](CCCN=C(N)N)C(=O)N[C@@H](C)C(=O)N[C@@H](CCC(=O)O)C(=O)N[C@@H](CCCN=C(N)N)C(=O)N[C@@H](CCC(=O)O)C(=O)N[C@@H](CC(N)=O)C(=O)N[C@@H](CCCCN)C(=O)N[C@@H](CCCCN)C(=O)N[C@@H](CCCCN)C(=O)N[C@@H](CO)C(=O)N[C@@H](CC(C)C)C(=O)O)[C@@H](C)CC,CC[C@H](C)[C@H](NC(=O)[C@H](CS)NC(=O)CNC(=O)[C@H](C)NC(=O)[C@H](CC(N)=O)NC(=O)[C@H](C)NC(=O)[C@@H](NC(=O)[C@@H](NC(=O)[C@@H](N)CCSC)[C@@H](C)CC)C(C)C)C(=O)N[C@@H](CO)C(=O)N[C@@H](CCCCN)C(=O)N[C@H](C(=O)N[C@@H](CC(C)C)C(=O)N[C@@H](CC(N)=O)C(=O)N[C@@H](CC(C)C)C(=O)N[C@@H](CC(N)=O)C(=O)N[C@@H](CCCN=C(N)N)C(=O)N[C@@H](CCCN=C(N)N)C(=O)N[C@@H](C)C(=O)N[C@@H](CCC(=O)O)C(=O)N[C@@H](CCCN=C(N)N)C(=O)N[C@@H](CCC(=O)O)C(=O)N[C@@H](CC(N)=O)C(=O)N[C@@H](CCCCN)C(=O)N[C@@H](CCCCN)C(=O)N[C@@H](CCCCN)C(=O)N[C@@H](CO)C(=O)N[C@@H](CC(C)C)C(=O)O)[C@@H](C)CC,False
20,BAA-3170,1,380,strain_BAA-3170_MIC_1_length_380_noise.txt,1,c9f3476d86087de352003fe35d0d265525f61060782daf5d1c08076958b4fda7,MWLAPLSRRAGSLMPLKLHVALIKKKWGA,MWLAPLSRRAGSLMPLKLHVALIKKKWGA,MWLAPLSRRAGSLMPLKLHVALIKKKWGA,,unchanged_generated_output,[C][C][C@H1][Branch1][C][C][C@H1][Branch3][Ring1][Ring1][N][N][C][=Branch1][C][=O][C@H1][Branch1][#Branch1][C][C][Branch1][C][C][C][N][C][=Branch1][C][=O][C@H1][Branch1][C][C][N][C][=Branch1][C][=O][C@@H1][Branch2][P][#Branch1][N][C][=Branch1][C][=O][C@H1][Branch1][=Branch2][C][C][=C][NH1][C][=N][Ring1][Branch1][N][C][=Branch1][C][=O][C@H1][Branch1][#Branch1][C][C][Branch1][C][C][C][N][C][=Branch1][C][=O][C@H1][Branch1][=Branch1][C][C][C][C][N][N][C][=Branch1][C][=O][C@H1][Branch1][#Branch1][C][C][Branch1][C][C][C][N][C][=Branch1][C][=O][C@@H1][C][C][C][N][Ring1][Branch1][C][=Branch1][C][=O][C@H1][Branch1][Branch1][C][C][S][C][N][C][=Branch1][C][=O][C@H1][Branch1][#Branch1][C][C][Branch1][C][C][C][N][C][=Branch1][C][=O][C@H1][Branch1][Ring1][C][O][N][C][=Branch1][C][=O][C][N][C][=Branch1][C][=O][C@H1][Branch1][C][C][N][C][=Branch1][C][=O][C@H1][Branch1][#Branch2][C][C][C][N][C][=Branch1][C][=N][N][N][C][=Branch1][C][=O][C@H1][Branch1][#Branch2][C][C][C][N][C][=Branch1][C][=N][N][N][C][=Branch1][C][=O][C@H1][Branch1][Ring1][C][O][N][C][=Branch1][C][=O][C@H1][Branch1][#Branch1][C][C][Branch1][C][C][C][N][C][=Branch1][C][=O][C@@H1][C][C][C][N][Ring1][Branch1][C][=Branch1][C][=O][C@H1][Branch1][C][C][N][C][=Branch1][C][=O][C@H1][Branch1][#Branch1][C][C][Branch1][C][C][C][N][C][=Branch1][C][=O][C@H1][Branch1][#C][C][C][=C][NH1][C][=C][C][=C][C][=C][Ring1][=Branch2][Ring1][=Branch1][N][C][=Branch1][C][=O][C@@H1][Branch1][C][N][C][C][S][C][C][Branch1][C][C][C][C][=Branch1][C][=O][N][C@@H1][Branch1][=Branch1][C][C][C][C][N][C][=Branch1][C][=O][N][C@@H1][Branch1][=Branch1][C][C][C][C][N][C][=Branch1][C][=O][N][C@@H1][Branch1][=Branch1][C][C][C][C][N][C][=Branch1][C][=O][N][C@@H1][Branch1][#C][C][C][=C][NH1][C][=C][C][=C][C][=C][Ring1][=Branch2][Ring1][=Branch1][C][=Branch1][C][=O][N][C][C][=Branch1][C][=O][N][C@@H1][Branch1][C][C][C][Branch1][C][N][=O],[C][C][C@H1][Branch1][C][C][C@H1][Branch3][Ring1][Ring1][N][N][C][=Branch1][C][=O][C@H1][Branch1][#Branch1][C][C][Branch1][C][C][C][N][C][=Branch1][C][=O][C@H1][Branch1][C][C][N][C][=Branch1][C][=O][C@@H1][Branch2][P][#Branch1][N][C][=Branch1][C][=O][C@H1][Branch1][=Branch2][C][C][=C][NH1][C][=N][Ring1][Branch1][N][C][=Branch1][C][=O][C@H1][Branch1][#Branch1][C][C][Branch1][C][C][C][N][C][=Branch1][C][=O][C@H1][Branch1][=Branch1][C][C][C][C][N][N][C][=Branch1][C][=O][C@H1][Branch1][#Branch1][C][C][Branch1][C][C][C][N][C][=Branch1][C][=O][C@@H1][C][C][C][N][Ring1][Branch1][C][=Branch1][C][=O][C@H1][Branch1][Branch1][C][C][S][C][N][C][=Branch1][C][=O][C@H1][Branch1][#Branch1][C][C][Branch1][C][C][C][N][C][=Branch1][C][=O][C@H1][Branch1][Ring1][C][O][N][C][=Branch1][C][=O][C][N][C][=Branch1][C][=O][C@H1][Branch1][C][C][N][C][=Branch1][C][=O][C@H1][Branch1][#Branch2][C][C][C][N][C][=Branch1][C][=N][N][N][C][=Branch1][C][=O][C@H1][Branch1][#Branch2][C][C][C][N][C][=Branch1][C][=N][N][N][C][=Branch1][C][=O][C@H1][Branch1][Ring1][C][O][N][C][=Branch1][C][=O][C@H1][Branch1][#Branch1][C][C][Branch1][C][C][C][N][C][=Branch1][C][=O][C@@H1][C][C][C][N][Ring1][Branch1][C][=Branch1][C][=O][C@H1][Branch1][C][C][N][C][=Branch1][C][=O][C@H1][Branch1][#Branch1][C][C][Branch1][C][C][C][N][C][=Branch1][C][=O][C@H1][Branch1][#C][C][C][=C][NH1][C][=C][C][=C][C][=C][Ring1][=Branch2][Ring1][=Branch1][N][C][=Branch1][C][=O][C@@H1][Branch1][C][N][C][C][S][C][C][Branch1][C][C][C][C][=Branch1][C][=O][N][C@@H1][Branch1][=Branch1][C][C][C][C][N][C][=Branch1][C][=O][N][C@@H1][Branch1][=Branch1][C][C][C][C][N][C][=Branch1][C][=O][N][C@@H1][Branch1][=Branch1][C][C][C][C][N][C][=Branch1][C][=O][N][C@@H1][Branch1][#C][C][C][=C][NH1][C][=C][C][=C][C][=C][Ring1][=Branch2][Ring1][=Branch1][C][=Branch1][C][=O][N][C][C][=Branch1][C][=O][N][C@@H1][Branch1][C][C][C][Branch1][C][N][=O],CC[C@H](C)[C@H](NC(=O)[C@H](CC(C)C)NC(=O)[C@H](C)NC(=O)[C@@H](NC(=O)[C@H](Cc1c[nH]cn1)NC(=O)[C@H](CC(C)C)NC(=O)[C@H](CCCCN)NC(=O)[C@H](CC(C)C)NC(=O)[C@@H]1CCCN1C(=O)[C@H](CCSC)NC(=O)[C@H](CC(C)C)NC(=O)[C@H](CO)NC(=O)CNC(=O)[C@H](C)NC(=O)[C@H](CCCNC(=N)N)NC(=O)[C@H](CCCNC(=N)N)NC(=O)[C@H](CO)NC(=O)[C@H](CC(C)C)NC(=O)[C@@H]1CCCN1C(=O)[C@H](C)NC(=O)[C@H](CC(C)C)NC(=O)[C@H](Cc1c[nH]c2ccccc12)NC(=O)[C@@H](N)CCSC)C(C)C)C(=O)N[C@@H](CCCCN)C(=O)N[C@@H](CCCCN)C(=O)N[C@@H](CCCCN)C(=O)N[C@@H](Cc1c[nH]c2ccccc12)C(=O)NCC(=O)N[C@@H](C)C(N)=O,CC[C@H](C)[C@H](NC(=O)[C@H](CC(C)C)NC(=O)[C@H](C)NC(=O)[C@@H](NC(=O)[C@H](Cc1c[nH]cn1)NC(=O)[C@H](CC(C)C)NC(=O)[C@H](CCCCN)NC(=O)[C@H](CC(C)C)NC(=O)[C@@H]1CCCN1C(=O)[C@H](CCSC)NC(=O)[C@H](CC(C)C)NC(=O)[C@H](CO)NC(=O)CNC(=O)[C@H](C)NC(=O)[C@H](CCCNC(=N)N)NC(=O)[C@H](CCCNC(=N)N)NC(=O)[C@H](CO)NC(=O)[C@H](CC(C)C)NC(=O)[C@@H]1CCCN1C(=O)[C@H](C)NC(=O)[C@H](CC(C)C)NC(=O)[C@H](Cc1c[nH]c2ccccc12)NC(=O)[C@@H](N)CCSC)C(C)C)C(=O)N[C@@H](CCCCN)C(=O)N[C@@H](CCCCN)C(=O)N[C@@H](CCCCN)C(=O)N[C@@H](Cc1c[nH]c2ccccc12)C(=O)NCC(=O)N[C@@H](C)C(N)=O,False
21,BAA-3170,1,392,strain_BAA-3170_MIC_1_length_392_noise.txt,1,9c91410f8c2e73069bb847df1b4ff903934142576a8d0c0be66023909930e075,IILLGVKKLQKNNVLQKEIKNANGKALVVA,IILLGVKKLQKNNVLQKEIKNANGKALVVA,IILLGVKKKLQKNNVLQKEIKNANGKALVVA,ApexOracle-19,nearest_precursor_replaced_by_final_peptide,[C][C][C@H1][Branch1][C][C][C@H1][Branch1][C][N][C][=Branch1][C][=O][N][C@H1][Branch3][Ring1][Branch2][=N][C][=Branch1][C][=O][N][C@@H1][Branch1][#Branch1][C][C][Branch1][C][C][C][C][=Branch1][C][=O][N][C@@H1][Branch1][#Branch1][C][C][Branch1][C][C][C][C][=Branch1][C][=O][N][C][C][=Branch1][C][=O][N][C@H1][Branch3][Ring1][Branch1][N][C][=Branch1][C][=O][N][C@@H1][Branch1][=Branch1][C][C][C][C][N][C][=Branch1][C][=O][N][C@@H1][Branch1][=Branch1][C][C][C][C][N][C][=Branch1][C][=O][N][C@@H1][Branch1][#Branch1][C][C][Branch1][C][C][C][C][=Branch1][C][=O][N][C@@H1][Branch1][Branch2][C][C][C][Branch1][C][N][=O][C][=Branch1][C][=O][N][C@@H1][Branch1][=Branch1][C][C][C][C][N][C][=Branch1][C][=O][N][C@@H1][Branch1][#Branch1][C][C][Branch1][C][N][=O][C][=Branch1][C][=O][N][C@@H1][Branch1][#Branch1][C][C][Branch1][C][N][=O][C][=Branch1][C][=O][N][C@H1][Branch2][=C][=C][C][=Branch1][C][=O][N][C@@H1][Branch1][#Branch1][C][C][Branch1][C][C][C][C][=Branch1][C][=O][N][C@@H1][Branch1][Branch2][C][C][C][Branch1][C][N][=O][C][=Branch1][C][=O][N][C@@H1][Branch1][=Branch1][C][C][C][C][N][C][=Branch1][C][=O][N][C@@H1][Branch1][Branch2][C][C][C][=Branch1][C][=O][O][C][=Branch1][C][=O][N][C@H1][Branch2][#Branch2][=Branch1][C][=Branch1][C][=O][N][C@@H1][Branch1][=Branch1][C][C][C][C][N][C][=Branch1][C][=O][N][C@@H1][Branch1][#Branch1][C][C][Branch1][C][N][=O][C][=Branch1][C][=O][N][C@@H1][Branch1][C][C][C][=Branch1][C][=O][N][C@@H1][Branch1][#Branch1][C][C][Branch1][C][N][=O][C][=Branch1][C][=O][N][C][C][=Branch1][C][=O][N][C@@H1][Branch1][=Branch1][C][C][C][C][N][C][=Branch1][C][=O][N][C@@H1][Branch1][C][C][C][=Branch1][C][=O][N][C@@H1][Branch1][#Branch1][C][C][Branch1][C][C][C][C][=Branch1][C][=O][N][C@H1][Branch2][Ring1][N][C][=Branch1][C][=O][N][C@H1][Branch1][#C][C][=Branch1][C][=O][N][C@@H1][Branch1][C][C][C][=Branch1][C][=O][OH1][C][Branch1][C][C][C][C][Branch1][C][C][C][C@@H1][Branch1][C][C][C][C][C][Branch1][C][C][C][C][Branch1][C][C][C][C][Branch1][C][C][C][C],[C][C][C@H1][Branch1][C][C][C@H1][Branch1][C][N][C][=Branch1][C][=O][N][C@H1][Branch3][Ring1][=Branch2][#Branch2][C][=Branch1][C][=O][N][C@@H1][Branch1][#Branch1][C][C][Branch1][C][C][C][C][=Branch1][C][=O][N][C@@H1][Branch1][#Branch1][C][C][Branch1][C][C][C][C][=Branch1][C][=O][N][C][C][=Branch1][C][=O][N][C@H1][Branch3][Ring1][=Branch1][=Branch2][C][=Branch1][C][=O][N][C@@H1][Branch1][=Branch1][C][C][C][C][N][C][=Branch1][C][=O][N][C@@H1][Branch1][=Branch1][C][C][C][C][N][C][=Branch1][C][=O][N][C@@H1][Branch1][=Branch1][C][C][C][C][N][C][=Branch1][C][=O][N][C@@H1][Branch1][#Branch1][C][C][Branch1][C][C][C][C][=Branch1][C][=O][N][C@@H1][Branch1][Branch2][C][C][C][Branch1][C][N][=O][C][=Branch1][C][=O][N][C@@H1][Branch1][=Branch1][C][C][C][C][N][C][=Branch1][C][=O][N][C@@H1][Branch1][#Branch1][C][C][Branch1][C][N][=O][C][=Branch1][C][=O][N][C@@H1][Branch1][#Branch1][C][C][Branch1][C][N][=O][C][=Branch1][C][=O][N][C@H1][Branch2][=C][=C][C][=Branch1][C][=O][N][C@@H1][Branch1][#Branch1][C][C][Branch1][C][C][C][C][=Branch1][C][=O][N][C@@H1][Branch1][Branch2][C][C][C][Branch1][C][N][=O][C][=Branch1][C][=O][N][C@@H1][Branch1][=Branch1][C][C][C][C][N][C][=Branch1][C][=O][N][C@@H1][Branch1][Branch2][C][C][C][=Branch1][C][=O][O][C][=Branch1][C][=O][N][C@H1][Branch2][#Branch2][=Branch1][C][=Branch1][C][=O][N][C@@H1][Branch1][=Branch1][C][C][C][C][N][C][=Branch1][C][=O][N][C@@H1][Branch1][#Branch1][C][C][Branch1][C][N][=O][C][=Branch1][C][=O][N][C@@H1][Branch1][C][C][C][=Branch1][C][=O][N][C@@H1][Branch1][#Branch1][C][C][Branch1][C][N][=O][C][=Branch1][C][=O][N][C][C][=Branch1][C][=O][N][C@@H1][Branch1][=Branch1][C][C][C][C][N][C][=Branch1][C][=O][N][C@@H1][Branch1][C][C][C][=Branch1][C][=O][N][C@@H1][Branch1][#Branch1][C][C][Branch1][C][C][C][C][=Branch1][C][=O][N][C@H1][Branch2][Ring1][N][C][=Branch1][C][=O][N][C@H1][Branch1][#C][C][=Branch1][C][=O][N][C@@H1][Branch1][C][C][C][=Branch1][C][=O][O][C][Branch1][C][C][C][C][Branch1][C][C][C][C@@H1][Branch1][C][C][C][C][C][Branch1][C][C][C][C][Branch1][C][C][C][C@@H1][Branch1][C][C][C][C],CCC(C)[C@H](NC(=O)[C@@H](N)[C@@H](C)CC)C(=O)N[C@@H](CC(C)C)C(=O)N[C@@H](CC(C)C)C(=O)NCC(=O)N[C@H](C(=O)N[C@@H](CCCCN)C(=O)N[C@@H](CCCCN)C(=O)N[C@@H](CC(C)C)C(=O)N[C@@H](CCC(N)=O)C(=O)N[C@@H](CCCCN)C(=O)N[C@@H](CC(N)=O)C(=O)N[C@@H](CC(N)=O)C(=O)N[C@H](C(=O)N[C@@H](CC(C)C)C(=O)N[C@@H](CCC(N)=O)C(=O)N[C@@H](CCCCN)C(=O)N[C@@H](CCC(=O)O)C(=O)N[C@H](C(=O)N[C@@H](CCCCN)C(=O)N[C@@H](CC(N)=O)C(=O)N[C@@H](C)C(=O)N[C@@H](CC(N)=O)C(=O)NCC(=O)N[C@@H](CCCCN)C(=O)N[C@@H](C)C(=O)N[C@@H](CC(C)C)C(=O)N[C@H](C(=O)N[C@H](C(=O)N[C@@H](C)C(=O)O)C(C)C)C(C)C)[C@@H](C)CC)C(C)C)C(C)C,CC[C@H](C)[C@H](N)C(=O)N[C@H](C(=O)N[C@@H](CC(C)C)C(=O)N[C@@H](CC(C)C)C(=O)NCC(=O)N[C@H](C(=O)N[C@@H](CCCCN)C(=O)N[C@@H](CCCCN)C(=O)N[C@@H](CCCCN)C(=O)N[C@@H](CC(C)C)C(=O)N[C@@H](CCC(N)=O)C(=O)N[C@@H](CCCCN)C(=O)N[C@@H](CC(N)=O)C(=O)N[C@@H](CC(N)=O)C(=O)N[C@H](C(=O)N[C@@H](CC(C)C)C(=O)N[C@@H](CCC(N)=O)C(=O)N[C@@H](CCCCN)C(=O)N[C@@H](CCC(=O)O)C(=O)N[C@H](C(=O)N[C@@H](CCCCN)C(=O)N[C@@H](CC(N)=O)C(=O)N[C@@H](C)C(=O)N[C@@H](CC(N)=O)C(=O)NCC(=O)N[C@@H](CCCCN)C(=O)N[C@@H](C)C(=O)N[C@@H](CC(C)C)C(=O)N[C@H](C(=O)N[C@H](C(=O)N[C@@H](C)C(=O)O)C(C)C)C(C)C)[C@@H](C)CC)C(C)C)C(C)C)[C@@H](C)CC,True
22,BAA-3170,1,392,strain_BAA-3170_MIC_1_length_392_noise.txt,2,9c91410f8c2e73069bb847df1b4ff903934142576a8d0c0be66023909930e075,cyclo-QNCFFIWPEWIKGRDQIWFPYMQGKK,cyclo-QNCFFIWPEWIKGRDQIWFPYMQGKK,cyclo-QNCFFIWPEWIKGRDQIWFPYMQGKK,,unchanged_generated_output,[N][C@@H1][Branch1][Branch2][C][C][C][=Branch1][C][=O][N][C][=Branch1][C][=O][N][C@@H1][Branch1][#Branch1][C][C][=Branch1][C][=O][N][C][=Branch1][C][=O][N][C@@H1][Branch1][Ring1][C][S][C][=Branch1][C][=O][N][C@@H1][Branch1][#Branch2][C][C][=C][C][=C][C][=C][Ring1][=Branch1][C][=Branch1][C][=O][N][C@@H1][Branch1][#Branch2][C][C][=C][C][=C][C][=C][Ring1][=Branch1][C][=Branch1][C][=O][N][C@@H1][Branch1][#Branch1][C@H1][Branch1][Ring1][C][C][C][C][=Branch1][C][=O][N][C@@H1][Branch1][P][C][C][=Branch1][Ring1][=C][N][C][=C][Ring1][Ring1][C][=C][C][=C][Ring1][=Branch1][C][=Branch1][C][=O][N][C@@H1][Branch1][=Branch1][C][C][C][Ring1][Branch1][C][=Branch1][C][=O][N][C@@H1][Branch1][Branch2][C][C][C][=Branch1][C][=O][O][C][=Branch1][C][=O][N][C@@H1][Branch1][P][C][C][=Branch1][Ring1][=C][N][C][=C][Ring1][Ring1][C][=C][C][=C][Ring1][=Branch1][C][=Branch1][C][=O][N][C@@H1][Branch1][#Branch1][C@H1][Branch1][Ring1][C][C][C][C][=Branch1][C][=O][N][C@@H1][Branch1][=Branch1][C][C][C][C][N][C][=Branch1][C][=O][N][C][C][=Branch1][C][=O][N][C@@H1][Branch1][#Branch2][C][C][C][N][C][=Branch1][C][=N][N][C][=Branch1][C][=O][N][C@@H1][Branch1][#Branch1][C][C][=Branch1][C][=O][O][C][=Branch1][C][=O][N][C@@H1][Branch1][Branch2][C][C][C][=Branch1][C][=O][N][C][=Branch1][C][=O][N][C@@H1][Branch1][#Branch1][C@H1][Branch1][Ring1][C][C][C][C][=Branch1][C][=O][N][C@@H1][Branch1][P][C][C][=Branch1][Ring1][=C][N][C][=C][Ring1][Ring1][C][=C][C][=C][Ring1][=Branch1][C][=Branch1][C][=O][N][C@@H1][Branch1][#Branch2][C][C][=C][C][=C][C][=C][Ring1][=Branch1][C][=Branch1][C][=O][N][C@@H1][Branch1][=Branch1][C][C][C][Ring1][Branch1][C][=Branch1][C][=O][N][C@@H1][Branch1][=N][C][C][=C][C][=C][Branch1][C][O][C][=C][Ring1][#Branch1][C][=Branch1][C][=O][N][C@@H1][Branch1][Branch1][C][C][S][C][C][=Branch1][C][=O][N][C@@H1][Branch1][Branch2][C][C][C][=Branch1][C][=O][N][C][=Branch1][C][=O][N][C][C][=Branch1][C][=O][N][C@@H1][Branch1][=Branch1][C][C][C][C][N][C][=Branch1][C][=O][N][C@@H1][Branch1][=Branch1][C][C][C][C][N][C][Ring2][S][N][=O],[N][C@@H1][Branch1][Branch2][C][C][C][=Branch1][C][=O][N][C][=Branch1][C][=O][N][C@@H1][Branch1][#Branch1][C][C][=Branch1][C][=O][N][C][=Branch1][C][=O][N][C@@H1][Branch1][Ring1][C][S][C][=Branch1][C][=O][N][C@@H1][Branch1][#Branch2][C][C][=C][C][=C][C][=C][Ring1][=Branch1][C][=Branch1][C][=O][N][C@@H1][Branch1][#Branch2][C][C][=C][C][=C][C][=C][Ring1][=Branch1][C][=Branch1][C][=O][N][C@@H1][Branch1][#Branch1][C@H1][Branch1][Ring1][C][C][C][C][=Branch1][C][=O][N][C@@H1][Branch1][P][C][C][=Branch1][Ring1][=C][N][C][=C][Ring1][Ring1][C][=C][C][=C][Ring1][=Branch1][C][=Branch1][C][=O][N][C@@H1][Branch1][=Branch1][C][C][C][Ring1][Branch1][C][=Branch1][C][=O][N][C@@H1][Branch1][Branch2][C][C][C][=Branch1][C][=O][O][C][=Branch1][C][=O][N][C@@H1][Branch1][P][C][C][=Branch1][Ring1][=C][N][C][=C][Ring1][Ring1][C][=C][C][=C][Ring1][=Branch1][C][=Branch1][C][=O][N][C@@H1][Branch1][#Branch1][C@H1][Branch1][Ring1][C][C][C][C][=Branch1][C][=O][N][C@@H1][Branch1][=Branch1][C][C][C][C][N][C][=Branch1][C][=O][N][C][C][=Branch1][C][=O][N][C@@H1][Branch1][#Branch2][C][C][C][N][C][=Branch1][C][=N][N][C][=Branch1][C][=O][N][C@@H1][Branch1][#Branch1][C][C][=Branch1][C][=O][O][C][=Branch1][C][=O][N][C@@H1][Branch1][Branch2][C][C][C][=Branch1][C][=O][N][C][=Branch1][C][=O][N][C@@H1][Branch1][#Branch1][C@H1][Branch1][Ring1][C][C][C][C][=Branch1][C][=O][N][C@@H1][Branch1][P][C][C][=Branch1][Ring1][=C][N][C][=C][Ring1][Ring1][C][=C][C][=C][Ring1][=Branch1][C][=Branch1][C][=O][N][C@@H1][Branch1][#Branch2][C][C][=C][C][=C][C][=C][Ring1][=Branch1][C][=Branch1][C][=O][N][C@@H1][Branch1][=Branch1][C][C][C][Ring1][Branch1][C][=Branch1][C][=O][N][C@@H1][Branch1][=N][C][C][=C][C][=C][Branch1][C][O][C][=C][Ring1][#Branch1][C][=Branch1][C][=O][N][C@@H1][Branch1][Branch1][C][C][S][C][C][=Branch1][C][=O][N][C@@H1][Branch1][Branch2][C][C][C][=Branch1][C][=O][N][C][=Branch1][C][=O][N][C][C][=Branch1][C][=O][N][C@@H1][Branch1][=Branch1][C][C][C][C][N][C][=Branch1][C][=O][N][C@@H1][Branch1][=Branch1][C][C][C][C][N][C][Ring2][S][N][=O],CC[C@H](C)[C@@H]1NC(=O)[C@H](Cc2c[nH]c3ccccc23)NC(=O)[C@H](CCC(=O)O)NC(=O)[C@@H]2CCCN2C(=O)[C@H](Cc2c[nH]c3ccccc23)NC(=O)[C@H]([C@@H](C)CC)NC(=O)[C@H](Cc2ccccc2)NC(=O)[C@H](Cc2ccccc2)NC(=O)[C@H](CS)NC(=O)[C@H](CC(N)=O)NC(=O)[C@H](CCC(N)=O)NC(=O)[C@H](CCCCN)NC(=O)[C@H](CCCCN)NC(=O)CNC(=O)[C@H](CCC(N)=O)NC(=O)[C@H](CCSC)NC(=O)[C@H](Cc2ccc(O)cc2)NC(=O)[C@@H]2CCCN2C(=O)[C@H](Cc2ccccc2)NC(=O)[C@H](Cc2c[nH]c3ccccc23)NC(=O)[C@H]([C@@H](C)CC)NC(=O)[C@H](CCC(N)=O)NC(=O)[C@H](CC(=O)O)NC(=O)[C@H](CCCNC(=N)N)NC(=O)CNC(=O)[C@H](CCCCN)NC1=O,CC[C@H](C)[C@@H]1NC(=O)[C@H](Cc2c[nH]c3ccccc23)NC(=O)[C@H](CCC(=O)O)NC(=O)[C@@H]2CCCN2C(=O)[C@H](Cc2c[nH]c3ccccc23)NC(=O)[C@H]([C@@H](C)CC)NC(=O)[C@H](Cc2ccccc2)NC(=O)[C@H](Cc2ccccc2)NC(=O)[C@H](CS)NC(=O)[C@H](CC(N)=O)NC(=O)[C@H](CCC(N)=O)NC(=O)[C@H](CCCCN)NC(=O)[C@H](CCCCN)NC(=O)CNC(=O)[C@H](CCC(N)=O)NC(=O)[C@H](CCSC)NC(=O)[C@H](Cc2ccc(O)cc2)NC(=O)[C@@H]2CCCN2C(=O)[C@H](Cc2ccccc2)NC(=O)[C@H](Cc2c[nH]c3ccccc23)NC(=O)[C@H]([C@@H](C)CC)NC(=O)[C@H](CCC(N)=O)NC(=O)[C@H](CC(=O)O)NC(=O)[C@H](CCCNC(=N)N)NC(=O)CNC(=O)[C@H](CCCCN)NC1=O,False
23,BAA-3170,1,412,strain_BAA-3170_MIC_1_length_412_noise.txt,1,4b69d3b546e6d9e04ea3517d9c84ecef5cf418e04493466a4a31254d558eff42,MKIEABLVBLBQIALPAVGAPPYBGABQGSLG,MKIEARLVRLRQIALPAVGAPPYRGARQGSLG,MKIEARLVRLRQIALPAVGAPPYRGARQGSLG,,unchanged_generated_output,[C][C][C][Branch1][C][C][C][Branch2][N][=C][N][C][=Branch1][C][=O][C][Branch1][Branch2][C][C][C][Branch1][C][N][=O][N][C][=Branch1][C][=O][C][Branch1][#Branch2][C][C][C][N][=C][Branch1][C][N][N][N][C][=Branch1][C][=O][C][Branch1][#Branch1][C][C][Branch1][C][C][C][N][C][=Branch1][C][=O][C][Branch1][#Branch2][C][C][C][N][=C][Branch1][C][N][N][N][C][=Branch1][C][=O][C][Branch2][#Branch1][P][N][C][=Branch1][C][=O][C][Branch1][#Branch1][C][C][Branch1][C][C][C][N][C][=Branch1][C][=O][C][Branch1][#Branch2][C][C][C][N][=C][Branch1][C][N][N][N][C][=Branch1][C][=O][C][Branch1][C][C][N][C][=Branch1][C][=O][C][Branch1][Branch2][C][C][C][=Branch1][C][=O][O][N][C][=Branch1][C][=O][C][Branch2][Ring1][O][N][C][=Branch1][C][=O][C][Branch1][=Branch1][C][C][C][C][N][N][C][=Branch1][C][=O][C][Branch1][C][N][C][C][S][C][C][Branch1][C][C][C][C][C][Branch1][C][C][C][C][=Branch1][C][=O][N][C][Branch1][C][C][C][=Branch1][C][=O][N][C][Branch1][#Branch1][C][C][Branch1][C][C][C][C][=Branch1][C][=O][N][C][C][C][C][Ring1][Branch1][C][=Branch1][C][=O][N][C][Branch1][C][C][C][=Branch1][C][=O][N][C][Branch2][N][Ring1][C][=Branch1][C][=O][N][C][C][=Branch1][C][=O][N][C][Branch1][C][C][C][=Branch1][C][=O][N][C][C][C][C][Ring1][Branch1][C][=Branch1][C][=O][N][C][C][C][C][Ring1][Branch1][C][=Branch1][C][=O][N][C][Branch1][=N][C][C][=C][C][=C][Branch1][C][O][C][=C][Ring1][#Branch1][C][=Branch1][C][=O][N][C][Branch1][#Branch2][C][C][C][N][=C][Branch1][C][N][N][C][=Branch1][C][=O][N][C][C][=Branch1][C][=O][N][C][Branch1][C][C][C][=Branch1][C][=O][N][C][Branch1][#Branch2][C][C][C][N][=C][Branch1][C][N][N][C][=Branch1][C][=O][N][C][Branch1][Branch2][C][C][C][Branch1][C][N][=O][C][=Branch1][C][=O][N][C][C][=Branch1][C][=O][N][C][Branch1][Ring1][C][O][C][=Branch1][C][=O][N][C][Branch1][#Branch1][C][C][Branch1][C][C][C][C][=Branch1][C][=O][N][C][C][Branch1][C][N][=O][C][Branch1][C][C][C],[C][C][C][Branch1][C][C][C][Branch2][N][=C][N][C][=Branch1][C][=O][C][Branch1][Branch2][C][C][C][Branch1][C][N][=O][N][C][=Branch1][C][=O][C][Branch1][#Branch2][C][C][C][N][=C][Branch1][C][N][N][N][C][=Branch1][C][=O][C][Branch1][#Branch1][C][C][Branch1][C][C][C][N][C][=Branch1][C][=O][C][Branch1][#Branch2][C][C][C][N][=C][Branch1][C][N][N][N][C][=Branch1][C][=O][C][Branch2][#Branch1][P][N][C][=Branch1][C][=O][C][Branch1][#Branch1][C][C][Branch1][C][C][C][N][C][=Branch1][C][=O][C][Branch1][#Branch2][C][C][C][N][=C][Branch1][C][N][N][N][C][=Branch1][C][=O][C][Branch1][C][C][N][C][=Branch1][C][=O][C][Branch1][Branch2][C][C][C][=Branch1][C][=O][O][N][C][=Branch1][C][=O][C][Branch2][Ring1][O][N][C][=Branch1][C][=O][C][Branch1][=Branch1][C][C][C][C][N][N][C][=Branch1][C][=O][C][Branch1][C][N][C][C][S][C][C][Branch1][C][C][C][C][C][Branch1][C][C][C][C][=Branch1][C][=O][N][C][Branch1][C][C][C][=Branch1][C][=O][N][C][Branch1][#Branch1][C][C][Branch1][C][C][C][C][=Branch1][C][=O][N][C][C][C][C][Ring1][Branch1][C][=Branch1][C][=O][N][C][Branch1][C][C][C][=Branch1][C][=O][N][C][Branch2][N][Ring1][C][=Branch1][C][=O][N][C][C][=Branch1][C][=O][N][C][Branch1][C][C][C][=Branch1][C][=O][N][C][C][C][C][Ring1][Branch1][C][=Branch1][C][=O][N][C][C][C][C][Ring1][Branch1][C][=Branch1][C][=O][N][C][Branch1][=N][C][C][=C][C][=C][Branch1][C][O][C][=C][Ring1][#Branch1][C][=Branch1][C][=O][N][C][Branch1][#Branch2][C][C][C][N][=C][Branch1][C][N][N][C][=Branch1][C][=O][N][C][C][=Branch1][C][=O][N][C][Branch1][C][C][C][=Branch1][C][=O][N][C][Branch1][#Branch2][C][C][C][N][=C][Branch1][C][N][N][C][=Branch1][C][=O][N][C][Branch1][Branch2][C][C][C][Branch1][C][N][=O][C][=Branch1][C][=O][N][C][C][=Branch1][C][=O][N][C][Branch1][Ring1][C][O][C][=Branch1][C][=O][N][C][Branch1][#Branch1][C][C][Branch1][C][C][C][C][=Branch1][C][=O][N][C][C][Branch1][C][N][=O][C][Branch1][C][C][C],CCC(C)C(NC(=O)C(CCC(N)=O)NC(=O)C(CCCN=C(N)N)NC(=O)C(CC(C)C)NC(=O)C(CCCN=C(N)N)NC(=O)C(NC(=O)C(CC(C)C)NC(=O)C(CCCN=C(N)N)NC(=O)C(C)NC(=O)C(CCC(=O)O)NC(=O)C(NC(=O)C(CCCCN)NC(=O)C(N)CCSC)C(C)CC)C(C)C)C(=O)NC(C)C(=O)NC(CC(C)C)C(=O)N1CCCC1C(=O)NC(C)C(=O)NC(C(=O)NCC(=O)NC(C)C(=O)N1CCCC1C(=O)N1CCCC1C(=O)NC(Cc1ccc(O)cc1)C(=O)NC(CCCN=C(N)N)C(=O)NCC(=O)NC(C)C(=O)NC(CCCN=C(N)N)C(=O)NC(CCC(N)=O)C(=O)NCC(=O)NC(CO)C(=O)NC(CC(C)C)C(=O)NCC(N)=O)C(C)C,CCC(C)C(NC(=O)C(CCC(N)=O)NC(=O)C(CCCN=C(N)N)NC(=O)C(CC(C)C)NC(=O)C(CCCN=C(N)N)NC(=O)C(NC(=O)C(CC(C)C)NC(=O)C(CCCN=C(N)N)NC(=O)C(C)NC(=O)C(CCC(=O)O)NC(=O)C(NC(=O)C(CCCCN)NC(=O)C(N)CCSC)C(C)CC)C(C)C)C(=O)NC(C)C(=O)NC(CC(C)C)C(=O)N1CCCC1C(=O)NC(C)C(=O)NC(C(=O)NCC(=O)NC(C)C(=O)N1CCCC1C(=O)N1CCCC1C(=O)NC(Cc1ccc(O)cc1)C(=O)NC(CCCN=C(N)N)C(=O)NCC(=O)NC(C)C(=O)NC(CCCN=C(N)N)C(=O)NC(CCC(N)=O)C(=O)NCC(=O)NC(CO)C(=O)NC(CC(C)C)C(=O)NCC(N)=O)C(C)C,False
24,BAA-3197,1,256,strain_BAA-3197_MIC_1_length_256_noise.txt,1,890040fff1cc6e7fd1a2e9c3bc4c0d42c60221dfe9701abdb56d96349642d37f,VAVKKGBVLEBSGKSEIAGEA,VAVKKGRVLERSGKSEIAGEA,VAVKKGRVLERSGKSEIAGEA,,unchanged_generated_output,[C][C][C@H1][Branch1][C][C][C@H1][Branch2][=C][=Branch2][N][C][=Branch1][C][=O][C@H1][Branch1][Branch2][C][C][C][=Branch1][C][=O][O][N][C][=Branch1][C][=O][C@H1][Branch1][Ring1][C][O][N][C][=Branch1][C][=O][C@H1][Branch1][=Branch1][C][C][C][C][N][N][C][=Branch1][C][=O][C][N][C][=Branch1][C][=O][C@H1][Branch1][Ring1][C][O][N][C][=Branch1][C][=O][C@H1][Branch1][#Branch2][C][C][C][N][=C][Branch1][C][N][N][N][C][=Branch1][C][=O][C@H1][Branch1][Branch2][C][C][C][=Branch1][C][=O][O][N][C][=Branch1][C][=O][C@H1][Branch1][#Branch1][C][C][Branch1][C][C][C][N][C][=Branch1][C][=O][C@@H1][Branch2][#Branch1][#Branch1][N][C][=Branch1][C][=O][C@H1][Branch1][#Branch2][C][C][C][N][=C][Branch1][C][N][N][N][C][=Branch1][C][=O][C][N][C][=Branch1][C][=O][C@H1][Branch1][=Branch1][C][C][C][C][N][N][C][=Branch1][C][=O][C@H1][Branch1][=Branch1][C][C][C][C][N][N][C][=Branch1][C][=O][C@@H1][Branch2][Ring1][Branch2][N][C][=Branch1][C][=O][C@H1][Branch1][C][C][N][C][=Branch1][C][=O][C@@H1][Branch1][C][N][C][Branch1][C][C][C][C][Branch1][C][C][C][C][Branch1][C][C][C][C][=Branch1][C][=O][N][C@@H1][Branch1][C][C][C][=Branch1][C][=O][N][C][C][=Branch1][C][=O][N][C@@H1][Branch1][Branch2][C][C][C][=Branch1][C][=O][O][C][=Branch1][C][=O][N][C@@H1][Branch1][C][C][C][=Branch1][C][=O][OH1],[C][C][C@H1][Branch1][C][C][C@H1][Branch2][=C][=Branch2][N][C][=Branch1][C][=O][C@H1][Branch1][Branch2][C][C][C][=Branch1][C][=O][O][N][C][=Branch1][C][=O][C@H1][Branch1][Ring1][C][O][N][C][=Branch1][C][=O][C@H1][Branch1][=Branch1][C][C][C][C][N][N][C][=Branch1][C][=O][C][N][C][=Branch1][C][=O][C@H1][Branch1][Ring1][C][O][N][C][=Branch1][C][=O][C@H1][Branch1][#Branch2][C][C][C][N][=C][Branch1][C][N][N][N][C][=Branch1][C][=O][C@H1][Branch1][Branch2][C][C][C][=Branch1][C][=O][O][N][C][=Branch1][C][=O][C@H1][Branch1][#Branch1][C][C][Branch1][C][C][C][N][C][=Branch1][C][=O][C@@H1][Branch2][#Branch1][#Branch1][N][C][=Branch1][C][=O][C@H1][Branch1][#Branch2][C][C][C][N][=C][Branch1][C][N][N][N][C][=Branch1][C][=O][C][N][C][=Branch1][C][=O][C@H1][Branch1][=Branch1][C][C][C][C][N][N][C][=Branch1][C][=O][C@H1][Branch1][=Branch1][C][C][C][C][N][N][C][=Branch1][C][=O][C@@H1][Branch2][Ring1][Branch2][N][C][=Branch1][C][=O][C@H1][Branch1][C][C][N][C][=Branch1][C][=O][C@@H1][Branch1][C][N][C][Branch1][C][C][C][C][Branch1][C][C][C][C][Branch1][C][C][C][C][=Branch1][C][=O][N][C@@H1][Branch1][C][C][C][=Branch1][C][=O][N][C][C][=Branch1][C][=O][N][C@@H1][Branch1][Branch2][C][C][C][=Branch1][C][=O][O][C][=Branch1][C][=O][N][C@@H1][Branch1][C][C][C][=Branch1][C][=O][OH1],CC[C@H](C)[C@H](NC(=O)[C@H](CCC(=O)O)NC(=O)[C@H](CO)NC(=O)[C@H](CCCCN)NC(=O)CNC(=O)[C@H](CO)NC(=O)[C@H](CCCN=C(N)N)NC(=O)[C@H](CCC(=O)O)NC(=O)[C@H](CC(C)C)NC(=O)[C@@H](NC(=O)[C@H](CCCN=C(N)N)NC(=O)CNC(=O)[C@H](CCCCN)NC(=O)[C@H](CCCCN)NC(=O)[C@@H](NC(=O)[C@H](C)NC(=O)[C@@H](N)C(C)C)C(C)C)C(C)C)C(=O)N[C@@H](C)C(=O)NCC(=O)N[C@@H](CCC(=O)O)C(=O)N[C@@H](C)C(=O)O,CC[C@H](C)[C@H](NC(=O)[C@H](CCC(=O)O)NC(=O)[C@H](CO)NC(=O)[C@H](CCCCN)NC(=O)CNC(=O)[C@H](CO)NC(=O)[C@H](CCCN=C(N)N)NC(=O)[C@H](CCC(=O)O)NC(=O)[C@H](CC(C)C)NC(=O)[C@@H](NC(=O)[C@H](CCCN=C(N)N)NC(=O)CNC(=O)[C@H](CCCCN)NC(=O)[C@H](CCCCN)NC(=O)[C@@H](NC(=O)[C@H](C)NC(=O)[C@@H](N)C(C)C)C(C)C)C(C)C)C(=O)N[C@@H](C)C(=O)NCC(=O)N[C@@H](CCC(=O)O)C(=O)N[C@@H](C)C(=O)O,False
25,BAA-3197,1,264,strain_BAA-3197_MIC_1_length_264_noise.txt,1,dee600df894431509491d22823cc190cd496730e39465d84944a3002f613d482,cyclo-YKIKCRFKKIIWWSWGD,cyclo-YKIKCRFKKIIWWSWGD,cyclo-YKIKCRFKKIIWWSWGD,,unchanged_generated_output,[N][C@@H1][Branch1][=N][C][C][=C][C][=C][Branch1][C][O][C][=C][Ring1][#Branch1][C][=Branch1][C][=O][N][C@@H1][Branch1][=Branch1][C][C][C][C][N][C][=Branch1][C][=O][N][C@@H1][Branch1][#Branch1][C@H1][Branch1][Ring1][C][C][C][C][=Branch1][C][=O][N][C@@H1][Branch1][=Branch1][C][C][C][C][N][C][=Branch1][C][=O][N][C@@H1][Branch1][Ring1][C][S][C][=Branch1][C][=O][N][C@@H1][Branch1][#Branch2][C][C][C][N][C][=Branch1][C][=N][N][C][=Branch1][C][=O][N][C@@H1][Branch1][#Branch2][C][C][=C][C][=C][C][=C][Ring1][=Branch1][C][=Branch1][C][=O][N][C@@H1][Branch1][=Branch1][C][C][C][C][N][C][=Branch1][C][=O][N][C@@H1][Branch1][=Branch1][C][C][C][C][N][C][=Branch1][C][=O][N][C@@H1][Branch1][#Branch1][C@H1][Branch1][Ring1][C][C][C][C][=Branch1][C][=O][N][C@@H1][Branch1][#Branch1][C@H1][Branch1][Ring1][C][C][C][C][=Branch1][C][=O][N][C@@H1][Branch1][P][C][C][=Branch1][Ring1][=C][N][C][=C][Ring1][Ring1][C][=C][C][=C][Ring1][=Branch1][C][=Branch1][C][=O][N][C@@H1][Branch1][P][C][C][=Branch1][Ring1][=C][N][C][=C][Ring1][Ring1][C][=C][C][=C][Ring1][=Branch1][C][=Branch1][C][=O][N][C@@H1][Branch1][Ring1][C][O][C][=Branch1][C][=O][N][C@@H1][Branch1][P][C][C][=Branch1][Ring1][=C][N][C][=C][Ring1][Ring1][C][=C][C][=C][Ring1][=Branch1][C][=Branch1][C][=O][N][C][C][=Branch1][C][=O][N][C@@H1][Branch1][#Branch1][C][C][=Branch1][C][=O][O][C][Ring2][O][#C][=O],[N][C@@H1][Branch1][=N][C][C][=C][C][=C][Branch1][C][O][C][=C][Ring1][#Branch1][C][=Branch1][C][=O][N][C@@H1][Branch1][=Branch1][C][C][C][C][N][C][=Branch1][C][=O][N][C@@H1][Branch1][#Branch1][C@H1][Branch1][Ring1][C][C][C][C][=Branch1][C][=O][N][C@@H1][Branch1][=Branch1][C][C][C][C][N][C][=Branch1][C][=O][N][C@@H1][Branch1][Ring1][C][S][C][=Branch1][C][=O][N][C@@H1][Branch1][#Branch2][C][C][C][N][C][=Branch1][C][=N][N][C][=Branch1][C][=O][N][C@@H1][Branch1][#Branch2][C][C][=C][C][=C][C][=C][Ring1][=Branch1][C][=Branch1][C][=O][N][C@@H1][Branch1][=Branch1][C][C][C][C][N][C][=Branch1][C][=O][N][C@@H1][Branch1][=Branch1][C][C][C][C][N][C][=Branch1][C][=O][N][C@@H1][Branch1][#Branch1][C@H1][Branch1][Ring1][C][C][C][C][=Branch1][C][=O][N][C@@H1][Branch1][#Branch1][C@H1][Branch1][Ring1][C][C][C][C][=Branch1][C][=O][N][C@@H1][Branch1][P][C][C][=Branch1][Ring1][=C][N][C][=C][Ring1][Ring1][C][=C][C][=C][Ring1][=Branch1][C][=Branch1][C][=O][N][C@@H1][Branch1][P][C][C][=Branch1][Ring1][=C][N][C][=C][Ring1][Ring1][C][=C][C][=C][Ring1][=Branch1][C][=Branch1][C][=O][N][C@@H1][Branch1][Ring1][C][O][C][=Branch1][C][=O][N][C@@H1][Branch1][P][C][C][=Branch1][Ring1][=C][N][C][=C][Ring1][Ring1][C][=C][C][=C][Ring1][=Branch1][C][=Branch1][C][=O][N][C][C][=Branch1][C][=O][N][C@@H1][Branch1][#Branch1][C][C][=Branch1][C][=O][O][C][Ring2][O][#C][=O],CC[C@H](C)[C@@H]1NC(=O)[C@H](CCCCN)NC(=O)[C@H](Cc2ccc(O)cc2)NC(=O)[C@H](CC(=O)O)NC(=O)CNC(=O)[C@H](Cc2c[nH]c3ccccc23)NC(=O)[C@H](CO)NC(=O)[C@H](Cc2c[nH]c3ccccc23)NC(=O)[C@H](Cc2c[nH]c3ccccc23)NC(=O)[C@H]([C@@H](C)CC)NC(=O)[C@H]([C@@H](C)CC)NC(=O)[C@H](CCCCN)NC(=O)[C@H](CCCCN)NC(=O)[C@H](Cc2ccccc2)NC(=O)[C@H](CCCNC(=N)N)NC(=O)[C@H](CS)NC(=O)[C@H](CCCCN)NC1=O,CC[C@H](C)[C@@H]1NC(=O)[C@H](CCCCN)NC(=O)[C@H](Cc2ccc(O)cc2)NC(=O)[C@H](CC(=O)O)NC(=O)CNC(=O)[C@H](Cc2c[nH]c3ccccc23)NC(=O)[C@H](CO)NC(=O)[C@H](Cc2c[nH]c3ccccc23)NC(=O)[C@H](Cc2c[nH]c3ccccc23)NC(=O)[C@H]([C@@H](C)CC)NC(=O)[C@H]([C@@H](C)CC)NC(=O)[C@H](CCCCN)NC(=O)[C@H](CCCCN)NC(=O)[C@H](Cc2ccccc2)NC(=O)[C@H](CCCNC(=N)N)NC(=O)[C@H](CS)NC(=O)[C@H](CCCCN)NC1=O,False
26,BAA-3197,1,268,strain_BAA-3197_MIC_1_length_268_noise.txt,1,4fdfd7de8b5824da099567909d7e213bc0080f72434e958f688889ab16894742,cyclo-LdKRKFFWFVQCKHHVSP,cyclo-LdKRKFFWFVQCKHHVSP,cyclo-LdKRKFFWFVQCKHHVSP,,unchanged_generated_output,[N][C@@H1][Branch1][#Branch1][C][C][Branch1][C][C][C][C][=Branch1][C][=O][N][C@H1][Branch1][#Branch1][C][C][=Branch1][C][=O][O][C][=Branch1][C][=O][N][C@@H1][Branch1][=Branch1][C][C][C][C][N][C][=Branch1][C][=O][N][C@@H1][Branch1][#Branch2][C][C][C][N][C][=Branch1][C][=N][N][C][=Branch1][C][=O][N][C@@H1][Branch1][=Branch1][C][C][C][C][N][C][=Branch1][C][=O][N][C@@H1][Branch1][#Branch2][C][C][=C][C][=C][C][=C][Ring1][=Branch1][C][=Branch1][C][=O][N][C@@H1][Branch1][#Branch2][C][C][=C][C][=C][C][=C][Ring1][=Branch1][C][=Branch1][C][=O][N][C@@H1][Branch1][P][C][C][=Branch1][Ring1][=C][N][C][=C][Ring1][Ring1][C][=C][C][=C][Ring1][=Branch1][C][=Branch1][C][=O][N][C@@H1][Branch1][#Branch2][C][C][=C][C][=C][C][=C][Ring1][=Branch1][C][=Branch1][C][=O][N][C@@H1][Branch1][=Branch1][C][Branch1][C][C][C][C][=Branch1][C][=O][N][C@@H1][Branch1][Branch2][C][C][C][=Branch1][C][=O][N][C][=Branch1][C][=O][N][C@@H1][Branch1][Ring1][C][S][C][=Branch1][C][=O][N][C@@H1][Branch1][=Branch1][C][C][C][C][N][C][=Branch1][C][=O][N][C@@H1][Branch1][=Branch2][C][C][=C][N][C][=N][Ring1][Branch1][C][=Branch1][C][=O][N][C@@H1][Branch1][=Branch2][C][C][=C][N][C][=N][Ring1][Branch1][C][=Branch1][C][=O][N][C@@H1][Branch1][=Branch1][C][Branch1][C][C][C][C][=Branch1][C][=O][N][C@@H1][Branch1][Ring1][C][O][C][=Branch1][C][=O][N][C@@H1][Branch1][=Branch1][C][C][C][Ring1][Branch1][C][Ring2][N][C][=O],[N][C@@H1][Branch1][#Branch1][C][C][Branch1][C][C][C][C][=Branch1][C][=O][N][C@H1][Branch1][#Branch1][C][C][=Branch1][C][=O][O][C][=Branch1][C][=O][N][C@@H1][Branch1][=Branch1][C][C][C][C][N][C][=Branch1][C][=O][N][C@@H1][Branch1][#Branch2][C][C][C][N][C][=Branch1][C][=N][N][C][=Branch1][C][=O][N][C@@H1][Branch1][=Branch1][C][C][C][C][N][C][=Branch1][C][=O][N][C@@H1][Branch1][#Branch2][C][C][=C][C][=C][C][=C][Ring1][=Branch1][C][=Branch1][C][=O][N][C@@H1][Branch1][#Branch2][C][C][=C][C][=C][C][=C][Ring1][=Branch1][C][=Branch1][C][=O][N][C@@H1][Branch1][P][C][C][=Branch1][Ring1][=C][N][C][=C][Ring1][Ring1][C][=C][C][=C][Ring1][=Branch1][C][=Branch1][C][=O][N][C@@H1][Branch1][#Branch2][C][C][=C][C][=C][C][=C][Ring1][=Branch1][C][=Branch1][C][=O][N][C@@H1][Branch1][=Branch1][C][Branch1][C][C][C][C][=Branch1][C][=O][N][C@@H1][Branch1][Branch2][C][C][C][=Branch1][C][=O][N][C][=Branch1][C][=O][N][C@@H1][Branch1][Ring1][C][S][C][=Branch1][C][=O][N][C@@H1][Branch1][=Branch1][C][C][C][C][N][C][=Branch1][C][=O][N][C@@H1][Branch1][=Branch2][C][C][=C][N][C][=N][Ring1][Branch1][C][=Branch1][C][=O][N][C@@H1][Branch1][=Branch2][C][C][=C][N][C][=N][Ring1][Branch1][C][=Branch1][C][=O][N][C@@H1][Branch1][=Branch1][C][Branch1][C][C][C][C][=Branch1][C][=O][N][C@@H1][Branch1][Ring1][C][O][C][=Branch1][C][=O][N][C@@H1][Branch1][=Branch1][C][C][C][Ring1][Branch1][C][Ring2][N][C][=O],CC(C)C[C@@H]1NC(=O)[C@@H]2CCCN2C(=O)[C@H](CO)NC(=O)[C@H](C(C)C)NC(=O)[C@H](Cc2c[nH]cn2)NC(=O)[C@H](Cc2c[nH]cn2)NC(=O)[C@H](CCCCN)NC(=O)[C@H](CS)NC(=O)[C@H](CCC(N)=O)NC(=O)[C@H](C(C)C)NC(=O)[C@H](Cc2ccccc2)NC(=O)[C@H](Cc2c[nH]c3ccccc23)NC(=O)[C@H](Cc2ccccc2)NC(=O)[C@H](Cc2ccccc2)NC(=O)[C@H](CCCCN)NC(=O)[C@H](CCCNC(=N)N)NC(=O)[C@H](CCCCN)NC(=O)[C@@H](CC(=O)O)NC1=O,CC(C)C[C@@H]1NC(=O)[C@@H]2CCCN2C(=O)[C@H](CO)NC(=O)[C@H](C(C)C)NC(=O)[C@H](Cc2c[nH]cn2)NC(=O)[C@H](Cc2c[nH]cn2)NC(=O)[C@H](CCCCN)NC(=O)[C@H](CS)NC(=O)[C@H](CCC(N)=O)NC(=O)[C@H](C(C)C)NC(=O)[C@H](Cc2ccccc2)NC(=O)[C@H](Cc2c[nH]c3ccccc23)NC(=O)[C@H](Cc2ccccc2)NC(=O)[C@H](Cc2ccccc2)NC(=O)[C@H](CCCCN)NC(=O)[C@H](CCCNC(=N)N)NC(=O)[C@H](CCCCN)NC(=O)[C@@H](CC(=O)O)NC1=O,False
27,BAA-3197,1,272,strain_BAA-3197_MIC_1_length_272_noise.txt,1,af108e8cc20044cc5058bdea36714af3a38d615bbe85790099515c590cb62881,HKFGGFTWVRVMPQQVFL,HKFGGFTWVRVMPQQVFL,HKFGGFTWVRVMPQQVFL,,unchanged_generated_output,[N][C@@H1][Branch1][=Branch2][C][C][=C][N][C][=N][Ring1][Branch1][C][=Branch1][C][=O][N][C@@H1][Branch1][=Branch1][C][C][C][C][N][C][=Branch1][C][=O][N][C@@H1][Branch1][#Branch2][C][C][=C][C][=C][C][=C][Ring1][=Branch1][C][=Branch1][C][=O][N][C][C][=Branch1][C][=O][N][C][C][=Branch1][C][=O][N][C@@H1][Branch1][#Branch2][C][C][=C][C][=C][C][=C][Ring1][=Branch1][C][=Branch1][C][=O][N][C@@H1][Branch1][=Branch1][C@H1][Branch1][C][O][C][C][=Branch1][C][=O][N][C@@H1][Branch1][P][C][C][=Branch1][Ring1][=C][N][C][=C][Ring1][Ring1][C][=C][C][=C][Ring1][=Branch1][C][=Branch1][C][=O][N][C@@H1][Branch1][=Branch1][C][Branch1][C][C][C][C][=Branch1][C][=O][N][C@@H1][Branch1][#Branch2][C][C][C][N][C][=Branch1][C][=N][N][C][=Branch1][C][=O][N][C@@H1][Branch1][=Branch1][C][Branch1][C][C][C][C][=Branch1][C][=O][N][C@@H1][Branch1][Branch1][C][C][S][C][C][=Branch1][C][=O][N][C@@H1][Branch1][=Branch1][C][C][C][Ring1][Branch1][C][=Branch1][C][=O][N][C@@H1][Branch1][Branch2][C][C][C][=Branch1][C][=O][N][C][=Branch1][C][=O][N][C@@H1][Branch1][Branch2][C][C][C][=Branch1][C][=O][N][C][=Branch1][C][=O][N][C@@H1][Branch1][=Branch1][C][Branch1][C][C][C][C][=Branch1][C][=O][N][C@@H1][Branch1][#Branch2][C][C][=C][C][=C][C][=C][Ring1][=Branch1][C][=Branch1][C][=O][N][C@@H1][Branch1][#Branch1][C][C][Branch1][C][C][C][C][=Branch1][C][=O][O],[N][C@@H1][Branch1][=Branch2][C][C][=C][N][C][=N][Ring1][Branch1][C][=Branch1][C][=O][N][C@@H1][Branch1][=Branch1][C][C][C][C][N][C][=Branch1][C][=O][N][C@@H1][Branch1][#Branch2][C][C][=C][C][=C][C][=C][Ring1][=Branch1][C][=Branch1][C][=O][N][C][C][=Branch1][C][=O][N][C][C][=Branch1][C][=O][N][C@@H1][Branch1][#Branch2][C][C][=C][C][=C][C][=C][Ring1][=Branch1][C][=Branch1][C][=O][N][C@@H1][Branch1][=Branch1][C@H1][Branch1][C][O][C][C][=Branch1][C][=O][N][C@@H1][Branch1][P][C][C][=Branch1][Ring1][=C][N][C][=C][Ring1][Ring1][C][=C][C][=C][Ring1][=Branch1][C][=Branch1][C][=O][N][C@@H1][Branch1][=Branch1][C][Branch1][C][C][C][C][=Branch1][C][=O][N][C@@H1][Branch1][#Branch2][C][C][C][N][C][=Branch1][C][=N][N][C][=Branch1][C][=O][N][C@@H1][Branch1][=Branch1][C][Branch1][C][C][C][C][=Branch1][C][=O][N][C@@H1][Branch1][Branch1][C][C][S][C][C][=Branch1][C][=O][N][C@@H1][Branch1][=Branch1][C][C][C][Ring1][Branch1][C][=Branch1][C][=O][N][C@@H1][Branch1][Branch2][C][C][C][=Branch1][C][=O][N][C][=Branch1][C][=O][N][C@@H1][Branch1][Branch2][C][C][C][=Branch1][C][=O][N][C][=Branch1][C][=O][N][C@@H1][Branch1][=Branch1][C][Branch1][C][C][C][C][=Branch1][C][=O][N][C@@H1][Branch1][#Branch2][C][C][=C][C][=C][C][=C][Ring1][=Branch1][C][=Branch1][C][=O][N][C@@H1][Branch1][#Branch1][C][C][Branch1][C][C][C][C][=Branch1][C][=O][O],CSCC[C@H](NC(=O)[C@@H](NC(=O)[C@H](CCCNC(=N)N)NC(=O)[C@@H](NC(=O)[C@H](Cc1c[nH]c2ccccc12)NC(=O)[C@@H](NC(=O)[C@H](Cc1ccccc1)NC(=O)CNC(=O)CNC(=O)[C@H](Cc1ccccc1)NC(=O)[C@H](CCCCN)NC(=O)[C@@H](N)Cc1c[nH]cn1)[C@@H](C)O)C(C)C)C(C)C)C(=O)N1CCC[C@H]1C(=O)N[C@@H](CCC(N)=O)C(=O)N[C@@H](CCC(N)=O)C(=O)N[C@H](C(=O)N[C@@H](Cc1ccccc1)C(=O)N[C@@H](CC(C)C)C(=O)O)C(C)C,CSCC[C@H](NC(=O)[C@@H](NC(=O)[C@H](CCCNC(=N)N)NC(=O)[C@@H](NC(=O)[C@H](Cc1c[nH]c2ccccc12)NC(=O)[C@@H](NC(=O)[C@H](Cc1ccccc1)NC(=O)CNC(=O)CNC(=O)[C@H](Cc1ccccc1)NC(=O)[C@H](CCCCN)NC(=O)[C@@H](N)Cc1c[nH]cn1)[C@@H](C)O)C(C)C)C(C)C)C(=O)N1CCC[C@H]1C(=O)N[C@@H](CCC(N)=O)C(=O)N[C@@H](CCC(N)=O)C(=O)N[C@H](C(=O)N[C@@H](Cc1ccccc1)C(=O)N[C@@H](CC(C)C)C(=O)O)C(C)C,False
28,BAA-3197,1,272,strain_BAA-3197_MIC_1_length_272_noise.txt,2,af108e8cc20044cc5058bdea36714af3a38d615bbe85790099515c590cb62881,cyclo-VLKAARHMRKLFRGHWVW,cyclo-VLKAARHMRKLFRGHWVW,cyclo-VLKAARHMRKLFRGHWVWW,ApexOracle-14,nearest_precursor_replaced_by_final_peptide,[N][C@@H1][Branch1][=Branch1][C][Branch1][C][C][C][C][=Branch1][C][=O][N][C@@H1][Branch1][#Branch1][C][C][Branch1][C][C][C][C][=Branch1][C][=O][N][C@@H1][Branch1][=Branch1][C][C][C][C][N][C][=Branch1][C][=O][N][C@@H1][Branch1][C][C][C][=Branch1][C][=O][N][C@@H1][Branch1][C][C][C][=Branch1][C][=O][N][C@@H1][Branch1][#Branch2][C][C][C][N][C][=Branch1][C][=N][N][C][=Branch1][C][=O][N][C@@H1][Branch1][=Branch2][C][C][=C][N][C][=N][Ring1][Branch1][C][=Branch1][C][=O][N][C@@H1][Branch1][Branch1][C][C][S][C][C][=Branch1][C][=O][N][C@@H1][Branch1][#Branch2][C][C][C][N][C][=Branch1][C][=N][N][C][=Branch1][C][=O][N][C@@H1][Branch1][=Branch1][C][C][C][C][N][C][=Branch1][C][=O][N][C@@H1][Branch1][#Branch1][C][C][Branch1][C][C][C][C][=Branch1][C][=O][N][C@@H1][Branch1][#Branch2][C][C][=C][C][=C][C][=C][Ring1][=Branch1][C][=Branch1][C][=O][N][C@@H1][Branch1][#Branch2][C][C][C][N][C][=Branch1][C][=N][N][C][=Branch1][C][=O][N][C][C][=Branch1][C][=O][N][C@@H1][Branch1][=Branch2][C][C][=C][N][C][=N][Ring1][Branch1][C][=Branch1][C][=O][N][C@@H1][Branch1][P][C][C][=Branch1][Ring1][=C][N][C][=C][Ring1][Ring1][C][=C][C][=C][Ring1][=Branch1][C][=Branch1][C][=O][N][C@@H1][Branch1][=Branch1][C][Branch1][C][C][C][C][=Branch1][C][=O][N][C@@H1][Branch1][P][C][C][=Branch1][Ring1][=C][N][C][=C][Ring1][Ring1][C][=C][C][=C][Ring1][=Branch1][C][Ring2][O][P][=O],[C][S][C][C][C@@H1][N][C][=Branch1][C][=O][C@H1][Branch1][=Branch2][C][C][=C][N][=C][NH1][Ring1][Branch1][N][C][=Branch1][C][=O][C@H1][Branch1][#Branch2][C][C][C][N][=C][Branch1][C][N][N][N][C][=Branch1][C][=O][C@H1][Branch1][C][C][N][C][=Branch1][C][=O][C@H1][Branch1][C][C][N][C][=Branch1][C][=O][C@H1][Branch1][=Branch1][C][C][C][C][N][N][C][=Branch1][C][=O][C@H1][Branch1][#Branch1][C][C][Branch1][C][C][C][N][C][=Branch1][C][=O][C@H1][Branch1][=Branch1][C][Branch1][C][C][C][N][C][=Branch1][C][=O][C@H1][Branch1][#C][C][C][=C][NH1][C][=C][C][=C][C][=C][Ring1][=Branch2][Ring1][=Branch1][N][C][=Branch1][C][=O][C@H1][Branch1][#C][C][C][=C][NH1][C][=C][C][=C][C][=C][Ring1][=Branch2][Ring1][=Branch1][N][C][=Branch1][C][=O][C@H1][Branch1][=Branch1][C][Branch1][C][C][C][N][C][=Branch1][C][=O][C@H1][Branch1][#C][C][C][=C][NH1][C][=C][C][=C][C][=C][Ring1][=Branch2][Ring1][=Branch1][N][C][=Branch1][C][=O][C@H1][Branch1][=Branch2][C][C][=C][N][=C][NH1][Ring1][Branch1][N][C][=Branch1][C][=O][C][N][C][=Branch1][C][=O][C@H1][Branch1][#Branch2][C][C][C][N][=C][Branch1][C][N][N][N][C][=Branch1][C][=O][C@H1][Branch1][#Branch2][C][C][=C][C][=C][C][=C][Ring1][=Branch1][N][C][=Branch1][C][=O][C@H1][Branch1][#Branch1][C][C][Branch1][C][C][C][N][C][=Branch1][C][=O][C@H1][Branch1][=Branch1][C][C][C][C][N][N][C][=Branch1][C][=O][C@H1][Branch1][#Branch2][C][C][C][N][=C][Branch1][C][N][N][N][C][Ring2][N][O][=O],CSCC[C@@H]1NC(=O)[C@H](Cc2c[nH]cn2)NC(=O)[C@H](CCCNC(=N)N)NC(=O)[C@H](C)NC(=O)[C@H](C)NC(=O)[C@H](CCCCN)NC(=O)[C@H](CC(C)C)NC(=O)[C@H](C(C)C)NC(=O)[C@H](Cc2c[nH]c3ccccc23)NC(=O)[C@H](C(C)C)NC(=O)[C@H](Cc2c[nH]c3ccccc23)NC(=O)[C@H](Cc2c[nH]cn2)NC(=O)CNC(=O)[C@H](CCCNC(=N)N)NC(=O)[C@H](Cc2ccccc2)NC(=O)[C@H](CC(C)C)NC(=O)[C@H](CCCCN)NC(=O)[C@H](CCCNC(=N)N)NC1=O,CSCC[C@@H]1NC(=O)[C@H](Cc2cnc[nH]2)NC(=O)[C@H](CCCN=C(N)N)NC(=O)[C@H](C)NC(=O)[C@H](C)NC(=O)[C@H](CCCCN)NC(=O)[C@H](CC(C)C)NC(=O)[C@H](C(C)C)NC(=O)[C@H](Cc2c[nH]c3ccccc23)NC(=O)[C@H](Cc2c[nH]c3ccccc23)NC(=O)[C@H](C(C)C)NC(=O)[C@H](Cc2c[nH]c3ccccc23)NC(=O)[C@H](Cc2cnc[nH]2)NC(=O)CNC(=O)[C@H](CCCN=C(N)N)NC(=O)[C@H](Cc2ccccc2)NC(=O)[C@H](CC(C)C)NC(=O)[C@H](CCCCN)NC(=O)[C@H](CCCN=C(N)N)NC1=O,True
29,BAA-3197,1,276,strain_BAA-3197_MIC_1_length_276_noise.txt,1,7f9944431c06e920c0f792e3a9273e3caf75af6690ac09a8edb4b2eec1a1f16e,cyclo-VLKAARHMRKLFRGHWVW,cyclo-VLKAARHMRKLFRGHWVW,cyclo-VLKAARHMRKLFRGHWVWW,ApexOracle-14,nearest_precursor_replaced_by_final_peptide,[N][C@@H1][Branch1][=Branch1][C][Branch1][C][C][C][C][=Branch1][C][=O][N][C@@H1][Branch1][#Branch1][C][C][Branch1][C][C][C][C][=Branch1][C][=O][N][C@@H1][Branch1][=Branch1][C][C][C][C][N][C][=Branch1][C][=O][N][C@@H1][Branch1][C][C][C][=Branch1][C][=O][N][C@@H1][Branch1][C][C][C][=Branch1][C][=O][N][C@@H1][Branch1][#Branch2][C][C][C][N][C][=Branch1][C][=N][N][C][=Branch1][C][=O][N][C@@H1][Branch1][=Branch2][C][C][=C][N][C][=N][Ring1][Branch1][C][=Branch1][C][=O][N][C@@H1][Branch1][Branch1][C][C][S][C][C][=Branch1][C][=O][N][C@@H1][Branch1][#Branch2][C][C][C][N][C][=Branch1][C][=N][N][C][=Branch1][C][=O][N][C@@H1][Branch1][=Branch1][C][C][C][C][N][C][=Branch1][C][=O][N][C@@H1][Branch1][#Branch1][C][C][Branch1][C][C][C][C][=Branch1][C][=O][N][C@@H1][Branch1][#Branch2][C][C][=C][C][=C][C][=C][Ring1][=Branch1][C][=Branch1][C][=O][N][C@@H1][Branch1][#Branch2][C][C][C][N][C][=Branch1][C][=N][N][C][=Branch1][C][=O][N][C][C][=Branch1][C][=O][N][C@@H1][Branch1][=Branch2][C][C][=C][N][C][=N][Ring1][Branch1][C][=Branch1][C][=O][N][C@@H1][Branch1][P][C][C][=Branch1][Ring1][=C][N][C][=C][Ring1][Ring1][C][=C][C][=C][Ring1][=Branch1][C][=Branch1][C][=O][N][C@@H1][Branch1][=Branch1][C][Branch1][C][C][C][C][=Branch1][C][=O][N][C@@H1][Branch1][P][C][C][=Branch1][Ring1][=C][N][C][=C][Ring1][Ring1][C][=C][C][=C][Ring1][=Branch1][C][Ring2][O][P][=O],[C][S][C][C][C@@H1][N][C][=Branch1][C][=O][C@H1][Branch1][=Branch2][C][C][=C][N][=C][NH1][Ring1][Branch1][N][C][=Branch1][C][=O][C@H1][Branch1][#Branch2][C][C][C][N][=C][Branch1][C][N][N][N][C][=Branch1][C][=O][C@H1][Branch1][C][C][N][C][=Branch1][C][=O][C@H1][Branch1][C][C][N][C][=Branch1][C][=O][C@H1][Branch1][=Branch1][C][C][C][C][N][N][C][=Branch1][C][=O][C@H1][Branch1][#Branch1][C][C][Branch1][C][C][C][N][C][=Branch1][C][=O][C@H1][Branch1][=Branch1][C][Branch1][C][C][C][N][C][=Branch1][C][=O][C@H1][Branch1][#C][C][C][=C][NH1][C][=C][C][=C][C][=C][Ring1][=Branch2][Ring1][=Branch1][N][C][=Branch1][C][=O][C@H1][Branch1][#C][C][C][=C][NH1][C][=C][C][=C][C][=C][Ring1][=Branch2][Ring1][=Branch1][N][C][=Branch1][C][=O][C@H1][Branch1][=Branch1][C][Branch1][C][C][C][N][C][=Branch1][C][=O][C@H1][Branch1][#C][C][C][=C][NH1][C][=C][C][=C][C][=C][Ring1][=Branch2][Ring1][=Branch1][N][C][=Branch1][C][=O][C@H1][Branch1][=Branch2][C][C][=C][N][=C][NH1][Ring1][Branch1][N][C][=Branch1][C][=O][C][N][C][=Branch1][C][=O][C@H1][Branch1][#Branch2][C][C][C][N][=C][Branch1][C][N][N][N][C][=Branch1][C][=O][C@H1][Branch1][#Branch2][C][C][=C][C][=C][C][=C][Ring1][=Branch1][N][C][=Branch1][C][=O][C@H1][Branch1][#Branch1][C][C][Branch1][C][C][C][N][C][=Branch1][C][=O][C@H1][Branch1][=Branch1][C][C][C][C][N][N][C][=Branch1][C][=O][C@H1][Branch1][#Branch2][C][C][C][N][=C][Branch1][C][N][N][N][C][Ring2][N][O][=O],CSCC[C@@H]1NC(=O)[C@H](Cc2c[nH]cn2)NC(=O)[C@H](CCCNC(=N)N)NC(=O)[C@H](C)NC(=O)[C@H](C)NC(=O)[C@H](CCCCN)NC(=O)[C@H](CC(C)C)NC(=O)[C@H](C(C)C)NC(=O)[C@H](Cc2c[nH]c3ccccc23)NC(=O)[C@H](C(C)C)NC(=O)[C@H](Cc2c[nH]c3ccccc23)NC(=O)[C@H](Cc2c[nH]cn2)NC(=O)CNC(=O)[C@H](CCCNC(=N)N)NC(=O)[C@H](Cc2ccccc2)NC(=O)[C@H](CC(C)C)NC(=O)[C@H](CCCCN)NC(=O)[C@H](CCCNC(=N)N)NC1=O,CSCC[C@@H]1NC(=O)[C@H](Cc2cnc[nH]2)NC(=O)[C@H](CCCN=C(N)N)NC(=O)[C@H](C)NC(=O)[C@H](C)NC(=O)[C@H](CCCCN)NC(=O)[C@H](CC(C)C)NC(=O)[C@H](C(C)C)NC(=O)[C@H](Cc2c[nH]c3ccccc23)NC(=O)[C@H](Cc2c[nH]c3ccccc23)NC(=O)[C@H](C(C)C)NC(=O)[C@H](Cc2c[nH]c3ccccc23)NC(=O)[C@H](Cc2cnc[nH]2)NC(=O)CNC(=O)[C@H](CCCN=C(N)N)NC(=O)[C@H](Cc2ccccc2)NC(=O)[C@H](CC(C)C)NC(=O)[C@H](CCCCN)NC(=O)[C@H](CCCN=C(N)N)NC1=O,True
30,BAA-3197,1,280,strain_BAA-3197_MIC_1_length_280_noise.txt,1,0cfcb724b266f8d9b565c0112623b8d7b626b1e8026ee297e977987cf5bed17b,MKFYSKFKNFWIA,MKFYSKFKNFWIA,MKFYSKFKNFWIA,,unchanged_generated_output,[C][C][C@H1][Branch1][C][C][C@H1][Branch2][N][#Branch2][N][C][=Branch1][C][=O][C@H1][Branch1][#C][C][C][=C][NH1][C][=C][C][=C][C][=C][Ring1][=Branch2][Ring1][=Branch1][N][C][=Branch1][C][=O][C@H1][Branch1][#Branch2][C][C][=C][C][=C][C][=C][Ring1][=Branch1][N][C][=Branch1][C][=O][C@H1][Branch1][#Branch1][C][C][Branch1][C][N][=O][N][C][=Branch1][C][=O][C@H1][Branch1][=Branch1][C][C][C][C][N][N][C][=Branch1][C][=O][C@H1][Branch1][#Branch2][C][C][=C][C][=C][C][=C][Ring1][=Branch1][N][C][=Branch1][C][=O][C@H1][Branch1][=Branch1][C][C][C][C][N][N][C][=Branch1][C][=O][C@H1][Branch1][Ring1][C][O][N][C][=Branch1][C][=O][C@H1][Branch1][=N][C][C][=C][C][=C][Branch1][C][O][C][=C][Ring1][#Branch1][N][C][=Branch1][C][=O][C@H1][Branch1][#Branch2][C][C][=C][C][=C][C][=C][Ring1][=Branch1][N][C][=Branch1][C][=O][C@H1][Branch1][=Branch1][C][C][C][C][N][N][C][=Branch1][C][=O][C@@H1][Branch1][C][N][C][C][S][C][C][=Branch1][C][=O][N][C@@H1][Branch1][C][C][C][Branch1][C][N][=O],[C][C][C@H1][Branch1][C][C][C@H1][Branch2][N][#Branch2][N][C][=Branch1][C][=O][C@H1][Branch1][#C][C][C][=C][NH1][C][=C][C][=C][C][=C][Ring1][=Branch2][Ring1][=Branch1][N][C][=Branch1][C][=O][C@H1][Branch1][#Branch2][C][C][=C][C][=C][C][=C][Ring1][=Branch1][N][C][=Branch1][C][=O][C@H1][Branch1][#Branch1][C][C][Branch1][C][N][=O][N][C][=Branch1][C][=O][C@H1][Branch1][=Branch1][C][C][C][C][N][N][C][=Branch1][C][=O][C@H1][Branch1][#Branch2][C][C][=C][C][=C][C][=C][Ring1][=Branch1][N][C][=Branch1][C][=O][C@H1][Branch1][=Branch1][C][C][C][C][N][N][C][=Branch1][C][=O][C@H1][Branch1][Ring1][C][O][N][C][=Branch1][C][=O][C@H1][Branch1][=N][C][C][=C][C][=C][Branch1][C][O][C][=C][Ring1][#Branch1][N][C][=Branch1][C][=O][C@H1][Branch1][#Branch2][C][C][=C][C][=C][C][=C][Ring1][=Branch1][N][C][=Branch1][C][=O][C@H1][Branch1][=Branch1][C][C][C][C][N][N][C][=Branch1][C][=O][C@@H1][Branch1][C][N][C][C][S][C][C][=Branch1][C][=O][N][C@@H1][Branch1][C][C][C][Branch1][C][N][=O],CC[C@H](C)[C@H](NC(=O)[C@H](Cc1c[nH]c2ccccc12)NC(=O)[C@H](Cc1ccccc1)NC(=O)[C@H](CC(N)=O)NC(=O)[C@H](CCCCN)NC(=O)[C@H](Cc1ccccc1)NC(=O)[C@H](CCCCN)NC(=O)[C@H](CO)NC(=O)[C@H](Cc1ccc(O)cc1)NC(=O)[C@H](Cc1ccccc1)NC(=O)[C@H](CCCCN)NC(=O)[C@@H](N)CCSC)C(=O)N[C@@H](C)C(N)=O,CC[C@H](C)[C@H](NC(=O)[C@H](Cc1c[nH]c2ccccc12)NC(=O)[C@H](Cc1ccccc1)NC(=O)[C@H](CC(N)=O)NC(=O)[C@H](CCCCN)NC(=O)[C@H](Cc1ccccc1)NC(=O)[C@H](CCCCN)NC(=O)[C@H](CO)NC(=O)[C@H](Cc1ccc(O)cc1)NC(=O)[C@H](Cc1ccccc1)NC(=O)[C@H](CCCCN)NC(=O)[C@@H](N)CCSC)C(=O)N[C@@H](C)C(N)=O,False
31,BAA-3197,1,280,strain_BAA-3197_MIC_1_length_280_noise.txt,2,0cfcb724b266f8d9b565c0112623b8d7b626b1e8026ee297e977987cf5bed17b,cyclo-VVASkFIYQKKKWDRKSYH,cyclo-VVASkFIYQKKKWDRKSYH,cyclo-VVASkFIYQKKKWDRKSYH,,unchanged_generated_output,[N][C@@H1][Branch1][=Branch1][C][Branch1][C][C][C][C][=Branch1][C][=O][N][C@@H1][Branch1][=Branch1][C][Branch1][C][C][C][C][=Branch1][C][=O][N][C@@H1][Branch1][C][C][C][=Branch1][C][=O][N][C@@H1][Branch1][Ring1][C][O][C][=Branch1][C][=O][N][C@H1][Branch1][=Branch1][C][C][C][C][N][C][=Branch1][C][=O][N][C@@H1][Branch1][#Branch2][C][C][=C][C][=C][C][=C][Ring1][=Branch1][C][=Branch1][C][=O][N][C@@H1][Branch1][#Branch1][C@H1][Branch1][Ring1][C][C][C][C][=Branch1][C][=O][N][C@@H1][Branch1][=N][C][C][=C][C][=C][Branch1][C][O][C][=C][Ring1][#Branch1][C][=Branch1][C][=O][N][C@@H1][Branch1][Branch2][C][C][C][=Branch1][C][=O][N][C][=Branch1][C][=O][N][C@@H1][Branch1][=Branch1][C][C][C][C][N][C][=Branch1][C][=O][N][C@@H1][Branch1][=Branch1][C][C][C][C][N][C][=Branch1][C][=O][N][C@@H1][Branch1][=Branch1][C][C][C][C][N][C][=Branch1][C][=O][N][C@@H1][Branch1][P][C][C][=Branch1][Ring1][=C][N][C][=C][Ring1][Ring1][C][=C][C][=C][Ring1][=Branch1][C][=Branch1][C][=O][N][C@@H1][Branch1][#Branch1][C][C][=Branch1][C][=O][O][C][=Branch1][C][=O][N][C@@H1][Branch1][#Branch2][C][C][C][N][C][=Branch1][C][=N][N][C][=Branch1][C][=O][N][C@@H1][Branch1][=Branch1][C][C][C][C][N][C][=Branch1][C][=O][N][C@@H1][Branch1][Ring1][C][O][C][=Branch1][C][=O][N][C@@H1][Branch1][=N][C][C][=C][C][=C][Branch1][C][O][C][=C][Ring1][#Branch1][C][=Branch1][C][=O][N][C@@H1][Branch1][=Branch2][C][C][=C][N][C][=N][Ring1][Branch1][C][Ring2][N][#Branch2][=O],[N][C@@H1][Branch1][=Branch1][C][Branch1][C][C][C][C][=Branch1][C][=O][N][C@@H1][Branch1][=Branch1][C][Branch1][C][C][C][C][=Branch1][C][=O][N][C@@H1][Branch1][C][C][C][=Branch1][C][=O][N][C@@H1][Branch1][Ring1][C][O][C][=Branch1][C][=O][N][C@H1][Branch1][=Branch1][C][C][C][C][N][C][=Branch1][C][=O][N][C@@H1][Branch1][#Branch2][C][C][=C][C][=C][C][=C][Ring1][=Branch1][C][=Branch1][C][=O][N][C@@H1][Branch1][#Branch1][C@H1][Branch1][Ring1][C][C][C][C][=Branch1][C][=O][N][C@@H1][Branch1][=N][C][C][=C][C][=C][Branch1][C][O][C][=C][Ring1][#Branch1][C][=Branch1][C][=O][N][C@@H1][Branch1][Branch2][C][C][C][=Branch1][C][=O][N][C][=Branch1][C][=O][N][C@@H1][Branch1][=Branch1][C][C][C][C][N][C][=Branch1][C][=O][N][C@@H1][Branch1][=Branch1][C][C][C][C][N][C][=Branch1][C][=O][N][C@@H1][Branch1][=Branch1][C][C][C][C][N][C][=Branch1][C][=O][N][C@@H1][Branch1][P][C][C][=Branch1][Ring1][=C][N][C][=C][Ring1][Ring1][C][=C][C][=C][Ring1][=Branch1][C][=Branch1][C][=O][N][C@@H1][Branch1][#Branch1][C][C][=Branch1][C][=O][O][C][=Branch1][C][=O][N][C@@H1][Branch1][#Branch2][C][C][C][N][C][=Branch1][C][=N][N][C][=Branch1][C][=O][N][C@@H1][Branch1][=Branch1][C][C][C][C][N][C][=Branch1][C][=O][N][C@@H1][Branch1][Ring1][C][O][C][=Branch1][C][=O][N][C@@H1][Branch1][=N][C][C][=C][C][=C][Branch1][C][O][C][=C][Ring1][#Branch1][C][=Branch1][C][=O][N][C@@H1][Branch1][=Branch2][C][C][=C][N][C][=N][Ring1][Branch1][C][Ring2][N][#Branch2][=O],CC[C@H](C)[C@@H]1NC(=O)[C@H](Cc2ccccc2)NC(=O)[C@@H](CCCCN)NC(=O)[C@H](CO)NC(=O)[C@H](C)NC(=O)[C@H](C(C)C)NC(=O)[C@H](C(C)C)NC(=O)[C@H](Cc2c[nH]cn2)NC(=O)[C@H](Cc2ccc(O)cc2)NC(=O)[C@H](CO)NC(=O)[C@H](CCCCN)NC(=O)[C@H](CCCNC(=N)N)NC(=O)[C@H](CC(=O)O)NC(=O)[C@H](Cc2c[nH]c3ccccc23)NC(=O)[C@H](CCCCN)NC(=O)[C@H](CCCCN)NC(=O)[C@H](CCCCN)NC(=O)[C@H](CCC(N)=O)NC(=O)[C@H](Cc2ccc(O)cc2)NC1=O,CC[C@H](C)[C@@H]1NC(=O)[C@H](Cc2ccccc2)NC(=O)[C@@H](CCCCN)NC(=O)[C@H](CO)NC(=O)[C@H](C)NC(=O)[C@H](C(C)C)NC(=O)[C@H](C(C)C)NC(=O)[C@H](Cc2c[nH]cn2)NC(=O)[C@H](Cc2ccc(O)cc2)NC(=O)[C@H](CO)NC(=O)[C@H](CCCCN)NC(=O)[C@H](CCCNC(=N)N)NC(=O)[C@H](CC(=O)O)NC(=O)[C@H](Cc2c[nH]c3ccccc23)NC(=O)[C@H](CCCCN)NC(=O)[C@H](CCCCN)NC(=O)[C@H](CCCCN)NC(=O)[C@H](CCC(N)=O)NC(=O)[C@H](Cc2ccc(O)cc2)NC1=O,False
32,BAA-3197,1,284,strain_BAA-3197_MIC_1_length_284_noise.txt,1,2b6a41ecbdaa1f00e90b9f8f499663a64dbae21f4ccf52f380e144fafe2f5664,MNLAAFFFIKNPPSKWKYKR,MNLAAFFFIKNPPSKWKYKR,MNLAAFFIFKNPPSKWKYKR,ApexOracle-10,nearest_precursor_replaced_by_final_peptide,[C][C][C@H1][Branch1][C][C][C@H1][Branch2][Branch2][#C][N][C][=Branch1][C][=O][C@H1][Branch1][#Branch2][C][C][=C][C][=C][C][=C][Ring1][=Branch1][N][C][=Branch1][C][=O][C@H1][Branch1][#Branch2][C][C][=C][C][=C][C][=C][Ring1][=Branch1][N][C][=Branch1][C][=O][C@H1][Branch1][#Branch2][C][C][=C][C][=C][C][=C][Ring1][=Branch1][N][C][=Branch1][C][=O][C@H1][Branch1][C][C][N][C][=Branch1][C][=O][C@H1][Branch1][C][C][N][C][=Branch1][C][=O][C@H1][Branch1][#Branch1][C][C][Branch1][C][C][C][N][C][=Branch1][C][=O][C@H1][Branch1][#Branch1][C][C][Branch1][C][N][=O][N][C][=Branch1][C][=O][C@@H1][Branch1][C][N][C][C][S][C][C][=Branch1][C][=O][N][C@@H1][Branch1][=Branch1][C][C][C][C][N][C][=Branch1][C][=O][N][C@@H1][Branch1][#Branch1][C][C][Branch1][C][N][=O][C][=Branch1][C][=O][N][C][C][C][C@H1][Ring1][Branch1][C][=Branch1][C][=O][N][C][C][C][C@H1][Ring1][Branch1][C][=Branch1][C][=O][N][C@@H1][Branch1][Ring1][C][O][C][=Branch1][C][=O][N][C@@H1][Branch1][=Branch1][C][C][C][C][N][C][=Branch1][C][=O][N][C@@H1][Branch1][#C][C][C][=C][NH1][C][=C][C][=C][C][=C][Ring1][=Branch2][Ring1][=Branch1][C][=Branch1][C][=O][N][C@@H1][Branch1][=Branch1][C][C][C][C][N][C][=Branch1][C][=O][N][C@@H1][Branch1][=N][C][C][=C][C][=C][Branch1][C][O][C][=C][Ring1][#Branch1][C][=Branch1][C][=O][N][C@@H1][Branch1][=Branch1][C][C][C][C][N][C][=Branch1][C][=O][N][C@@H1][Branch1][#Branch2][C][C][C][N][C][=Branch1][C][=N][N][C][=Branch1][C][=O][O],[C][C][C@H1][Branch1][C][C][C@H1][Branch2][#Branch1][=C][N][C][=Branch1][C][=O][C@H1][Branch1][#Branch2][C][C][=C][C][=C][C][=C][Ring1][=Branch1][N][C][=Branch1][C][=O][C@H1][Branch1][#Branch2][C][C][=C][C][=C][C][=C][Ring1][=Branch1][N][C][=Branch1][C][=O][C@H1][Branch1][C][C][N][C][=Branch1][C][=O][C@H1][Branch1][C][C][N][C][=Branch1][C][=O][C@H1][Branch1][#Branch1][C][C][Branch1][C][C][C][N][C][=Branch1][C][=O][C@H1][Branch1][#Branch1][C][C][Branch1][C][N][=O][N][C][=Branch1][C][=O][C@@H1][Branch1][C][N][C][C][S][C][C][=Branch1][C][=O][N][C@@H1][Branch1][#Branch2][C][C][=C][C][=C][C][=C][Ring1][=Branch1][C][=Branch1][C][=O][N][C@@H1][Branch1][=Branch1][C][C][C][C][N][C][=Branch1][C][=O][N][C@@H1][Branch1][#Branch1][C][C][Branch1][C][N][=O][C][=Branch1][C][=O][N][C][C][C][C@H1][Ring1][Branch1][C][=Branch1][C][=O][N][C][C][C][C@H1][Ring1][Branch1][C][=Branch1][C][=O][N][C@@H1][Branch1][Ring1][C][O][C][=Branch1][C][=O][N][C@@H1][Branch1][=Branch1][C][C][C][C][N][C][=Branch1][C][=O][N][C@@H1][Branch1][#C][C][C][=C][NH1][C][=C][C][=C][C][=C][Ring1][=Branch2][Ring1][=Branch1][C][=Branch1][C][=O][N][C@@H1][Branch1][=Branch1][C][C][C][C][N][C][=Branch1][C][=O][N][C@@H1][Branch1][=N][C][C][=C][C][=C][Branch1][C][O][C][=C][Ring1][#Branch1][C][=Branch1][C][=O][N][C@@H1][Branch1][=Branch1][C][C][C][C][N][C][=Branch1][C][=O][N][C@@H1][Branch1][#Branch2][C][C][C][N][=C][Branch1][C][N][N][C][=Branch1][C][=O][O],CC[C@H](C)[C@H](NC(=O)[C@H](Cc1ccccc1)NC(=O)[C@H](Cc1ccccc1)NC(=O)[C@H](Cc1ccccc1)NC(=O)[C@H](C)NC(=O)[C@H](C)NC(=O)[C@H](CC(C)C)NC(=O)[C@H](CC(N)=O)NC(=O)[C@@H](N)CCSC)C(=O)N[C@@H](CCCCN)C(=O)N[C@@H](CC(N)=O)C(=O)N1CCC[C@H]1C(=O)N1CCC[C@H]1C(=O)N[C@@H](CO)C(=O)N[C@@H](CCCCN)C(=O)N[C@@H](Cc1c[nH]c2ccccc12)C(=O)N[C@@H](CCCCN)C(=O)N[C@@H](Cc1ccc(O)cc1)C(=O)N[C@@H](CCCCN)C(=O)N[C@@H](CCCNC(=N)N)C(=O)O,CC[C@H](C)[C@H](NC(=O)[C@H](Cc1ccccc1)NC(=O)[C@H](Cc1ccccc1)NC(=O)[C@H](C)NC(=O)[C@H](C)NC(=O)[C@H](CC(C)C)NC(=O)[C@H](CC(N)=O)NC(=O)[C@@H](N)CCSC)C(=O)N[C@@H](Cc1ccccc1)C(=O)N[C@@H](CCCCN)C(=O)N[C@@H](CC(N)=O)C(=O)N1CCC[C@H]1C(=O)N1CCC[C@H]1C(=O)N[C@@H](CO)C(=O)N[C@@H](CCCCN)C(=O)N[C@@H](Cc1c[nH]c2ccccc12)C(=O)N[C@@H](CCCCN)C(=O)N[C@@H](Cc1ccc(O)cc1)C(=O)N[C@@H](CCCCN)C(=O)N[C@@H](CCCN=C(N)N)C(=O)O,True
33,BAA-3197,1,288,strain_BAA-3197_MIC_1_length_288_noise.txt,1,2a3529fc9d32ba0b3d71f4e1e7c4a7dc0d97efaea5bc1437c744e4b0c2db685a,AMMWNKKWFHVQYVYKGAH,AMMWNKKWFHVQYVYKGAH,AMMWNKKWFHVQYVYKGAH,,unchanged_generated_output,[N][C@@H1][Branch1][C][C][C][=Branch1][C][=O][N][C@@H1][Branch1][Branch1][C][C][S][C][C][=Branch1][C][=O][N][C@@H1][Branch1][Branch1][C][C][S][C][C][=Branch1][C][=O][N][C@@H1][Branch1][P][C][C][=Branch1][Ring1][=C][N][C][=C][Ring1][Ring1][C][=C][C][=C][Ring1][=Branch1][C][=Branch1][C][=O][N][C@@H1][Branch1][#Branch1][C][C][=Branch1][C][=O][N][C][=Branch1][C][=O][N][C@@H1][Branch1][=Branch1][C][C][C][C][N][C][=Branch1][C][=O][N][C@@H1][Branch1][=Branch1][C][C][C][C][N][C][=Branch1][C][=O][N][C@@H1][Branch1][P][C][C][=Branch1][Ring1][=C][N][C][=C][Ring1][Ring1][C][=C][C][=C][Ring1][=Branch1][C][=Branch1][C][=O][N][C@@H1][Branch1][#Branch2][C][C][=C][C][=C][C][=C][Ring1][=Branch1][C][=Branch1][C][=O][N][C@@H1][Branch1][=Branch2][C][C][=C][N][C][=N][Ring1][Branch1][C][=Branch1][C][=O][N][C@@H1][Branch1][=Branch1][C][Branch1][C][C][C][C][=Branch1][C][=O][N][C@@H1][Branch1][Branch2][C][C][C][=Branch1][C][=O][N][C][=Branch1][C][=O][N][C@@H1][Branch1][=N][C][C][=C][C][=C][Branch1][C][O][C][=C][Ring1][#Branch1][C][=Branch1][C][=O][N][C@@H1][Branch1][=Branch1][C][Branch1][C][C][C][C][=Branch1][C][=O][N][C@@H1][Branch1][=N][C][C][=C][C][=C][Branch1][C][O][C][=C][Ring1][#Branch1][C][=Branch1][C][=O][N][C@@H1][Branch1][=Branch1][C][C][C][C][N][C][=Branch1][C][=O][N][C][C][=Branch1][C][=O][N][C@@H1][Branch1][C][C][C][=Branch1][C][=O][N][C@@H1][Branch1][=Branch2][C][C][=C][N][C][=N][Ring1][Branch1][C][=Branch1][C][=O][O],[N][C@@H1][Branch1][C][C][C][=Branch1][C][=O][N][C@@H1][Branch1][Branch1][C][C][S][C][C][=Branch1][C][=O][N][C@@H1][Branch1][Branch1][C][C][S][C][C][=Branch1][C][=O][N][C@@H1][Branch1][P][C][C][=Branch1][Ring1][=C][N][C][=C][Ring1][Ring1][C][=C][C][=C][Ring1][=Branch1][C][=Branch1][C][=O][N][C@@H1][Branch1][#Branch1][C][C][=Branch1][C][=O][N][C][=Branch1][C][=O][N][C@@H1][Branch1][=Branch1][C][C][C][C][N][C][=Branch1][C][=O][N][C@@H1][Branch1][=Branch1][C][C][C][C][N][C][=Branch1][C][=O][N][C@@H1][Branch1][P][C][C][=Branch1][Ring1][=C][N][C][=C][Ring1][Ring1][C][=C][C][=C][Ring1][=Branch1][C][=Branch1][C][=O][N][C@@H1][Branch1][#Branch2][C][C][=C][C][=C][C][=C][Ring1][=Branch1][C][=Branch1][C][=O][N][C@@H1][Branch1][=Branch2][C][C][=C][N][C][=N][Ring1][Branch1][C][=Branch1][C][=O][N][C@@H1][Branch1][=Branch1][C][Branch1][C][C][C][C][=Branch1][C][=O][N][C@@H1][Branch1][Branch2][C][C][C][=Branch1][C][=O][N][C][=Branch1][C][=O][N][C@@H1][Branch1][=N][C][C][=C][C][=C][Branch1][C][O][C][=C][Ring1][#Branch1][C][=Branch1][C][=O][N][C@@H1][Branch1][=Branch1][C][Branch1][C][C][C][C][=Branch1][C][=O][N][C@@H1][Branch1][=N][C][C][=C][C][=C][Branch1][C][O][C][=C][Ring1][#Branch1][C][=Branch1][C][=O][N][C@@H1][Branch1][=Branch1][C][C][C][C][N][C][=Branch1][C][=O][N][C][C][=Branch1][C][=O][N][C@@H1][Branch1][C][C][C][=Branch1][C][=O][N][C@@H1][Branch1][=Branch2][C][C][=C][N][C][=N][Ring1][Branch1][C][=Branch1][C][=O][O],CSCC[C@H](NC(=O)[C@H](C)N)C(=O)N[C@@H](CCSC)C(=O)N[C@@H](Cc1c[nH]c2ccccc12)C(=O)N[C@@H](CC(N)=O)C(=O)N[C@@H](CCCCN)C(=O)N[C@@H](CCCCN)C(=O)N[C@@H](Cc1c[nH]c2ccccc12)C(=O)N[C@@H](Cc1ccccc1)C(=O)N[C@@H](Cc1c[nH]cn1)C(=O)N[C@H](C(=O)N[C@@H](CCC(N)=O)C(=O)N[C@@H](Cc1ccc(O)cc1)C(=O)N[C@H](C(=O)N[C@@H](Cc1ccc(O)cc1)C(=O)N[C@@H](CCCCN)C(=O)NCC(=O)N[C@@H](C)C(=O)N[C@@H](Cc1c[nH]cn1)C(=O)O)C(C)C)C(C)C,CSCC[C@H](NC(=O)[C@H](C)N)C(=O)N[C@@H](CCSC)C(=O)N[C@@H](Cc1c[nH]c2ccccc12)C(=O)N[C@@H](CC(N)=O)C(=O)N[C@@H](CCCCN)C(=O)N[C@@H](CCCCN)C(=O)N[C@@H](Cc1c[nH]c2ccccc12)C(=O)N[C@@H](Cc1ccccc1)C(=O)N[C@@H](Cc1c[nH]cn1)C(=O)N[C@H](C(=O)N[C@@H](CCC(N)=O)C(=O)N[C@@H](Cc1ccc(O)cc1)C(=O)N[C@H](C(=O)N[C@@H](Cc1ccc(O)cc1)C(=O)N[C@@H](CCCCN)C(=O)NCC(=O)N[C@@H](C)C(=O)N[C@@H](Cc1c[nH]cn1)C(=O)O)C(C)C)C(C)C,False
34,BAA-3197,1,288,strain_BAA-3197_MIC_1_length_288_noise.txt,2,2a3529fc9d32ba0b3d71f4e1e7c4a7dc0d97efaea5bc1437c744e4b0c2db685a,cyclo-VWWKKKKmQWLTFDFFDL,cyclo-VWWKKKKmQWLTFDFFDL,cyclo-VWWKKKKmQWLTFDFFDL,,unchanged_generated_output,[N][C@@H1][Branch1][=Branch1][C][Branch1][C][C][C][C][=Branch1][C][=O][N][C@@H1][Branch1][P][C][C][=Branch1][Ring1][=C][N][C][=C][Ring1][Ring1][C][=C][C][=C][Ring1][=Branch1][C][=Branch1][C][=O][N][C@@H1][Branch1][P][C][C][=Branch1][Ring1][=C][N][C][=C][Ring1][Ring1][C][=C][C][=C][Ring1][=Branch1][C][=Branch1][C][=O][N][C@@H1][Branch1][=Branch1][C][C][C][C][N][C][=Branch1][C][=O][N][C@@H1][Branch1][=Branch1][C][C][C][C][N][C][=Branch1][C][=O][N][C@@H1][Branch1][=Branch1][C][C][C][C][N][C][=Branch1][C][=O][N][C@@H1][Branch1][=Branch1][C][C][C][C][N][C][=Branch1][C][=O][N][C@H1][Branch1][Branch1][C][C][S][C][C][=Branch1][C][=O][N][C@@H1][Branch1][Branch2][C][C][C][=Branch1][C][=O][N][C][=Branch1][C][=O][N][C@@H1][Branch1][P][C][C][=Branch1][Ring1][=C][N][C][=C][Ring1][Ring1][C][=C][C][=C][Ring1][=Branch1][C][=Branch1][C][=O][N][C@@H1][Branch1][#Branch1][C][C][Branch1][C][C][C][C][=Branch1][C][=O][N][C@@H1][Branch1][=Branch1][C@H1][Branch1][C][O][C][C][=Branch1][C][=O][N][C@@H1][Branch1][#Branch2][C][C][=C][C][=C][C][=C][Ring1][=Branch1][C][=Branch1][C][=O][N][C@@H1][Branch1][#Branch1][C][C][=Branch1][C][=O][O][C][=Branch1][C][=O][N][C@@H1][Branch1][#Branch2][C][C][=C][C][=C][C][=C][Ring1][=Branch1][C][=Branch1][C][=O][N][C@@H1][Branch1][#Branch2][C][C][=C][C][=C][C][=C][Ring1][=Branch1][C][=Branch1][C][=O][N][C@@H1][Branch1][#Branch1][C][C][=Branch1][C][=O][O][C][=Branch1][C][=O][N][C@@H1][Branch1][#Branch1][C][C][Branch1][C][C][C][C][Ring2][N][=N][=O],[N][C@@H1][Branch1][=Branch1][C][Branch1][C][C][C][C][=Branch1][C][=O][N][C@@H1][Branch1][P][C][C][=Branch1][Ring1][=C][N][C][=C][Ring1][Ring1][C][=C][C][=C][Ring1][=Branch1][C][=Branch1][C][=O][N][C@@H1][Branch1][P][C][C][=Branch1][Ring1][=C][N][C][=C][Ring1][Ring1][C][=C][C][=C][Ring1][=Branch1][C][=Branch1][C][=O][N][C@@H1][Branch1][=Branch1][C][C][C][C][N][C][=Branch1][C][=O][N][C@@H1][Branch1][=Branch1][C][C][C][C][N][C][=Branch1][C][=O][N][C@@H1][Branch1][=Branch1][C][C][C][C][N][C][=Branch1][C][=O][N][C@@H1][Branch1][=Branch1][C][C][C][C][N][C][=Branch1][C][=O][N][C@H1][Branch1][Branch1][C][C][S][C][C][=Branch1][C][=O][N][C@@H1][Branch1][Branch2][C][C][C][=Branch1][C][=O][N][C][=Branch1][C][=O][N][C@@H1][Branch1][P][C][C][=Branch1][Ring1][=C][N][C][=C][Ring1][Ring1][C][=C][C][=C][Ring1][=Branch1][C][=Branch1][C][=O][N][C@@H1][Branch1][#Branch1][C][C][Branch1][C][C][C][C][=Branch1][C][=O][N][C@@H1][Branch1][=Branch1][C@H1][Branch1][C][O][C][C][=Branch1][C][=O][N][C@@H1][Branch1][#Branch2][C][C][=C][C][=C][C][=C][Ring1][=Branch1][C][=Branch1][C][=O][N][C@@H1][Branch1][#Branch1][C][C][=Branch1][C][=O][O][C][=Branch1][C][=O][N][C@@H1][Branch1][#Branch2][C][C][=C][C][=C][C][=C][Ring1][=Branch1][C][=Branch1][C][=O][N][C@@H1][Branch1][#Branch2][C][C][=C][C][=C][C][=C][Ring1][=Branch1][C][=Branch1][C][=O][N][C@@H1][Branch1][#Branch1][C][C][=Branch1][C][=O][O][C][=Branch1][C][=O][N][C@@H1][Branch1][#Branch1][C][C][Branch1][C][C][C][C][Ring2][N][=N][=O],CSCC[C@H]1NC(=O)[C@H](CCCCN)NC(=O)[C@H](CCCCN)NC(=O)[C@H](CCCCN)NC(=O)[C@H](CCCCN)NC(=O)[C@H](Cc2c[nH]c3ccccc23)NC(=O)[C@H](Cc2c[nH]c3ccccc23)NC(=O)[C@H](C(C)C)NC(=O)[C@H](CC(C)C)NC(=O)[C@H](CC(=O)O)NC(=O)[C@H](Cc2ccccc2)NC(=O)[C@H](Cc2ccccc2)NC(=O)[C@H](CC(=O)O)NC(=O)[C@H](Cc2ccccc2)NC(=O)[C@H]([C@@H](C)O)NC(=O)[C@H](CC(C)C)NC(=O)[C@H](Cc2c[nH]c3ccccc23)NC(=O)[C@H](CCC(N)=O)NC1=O,CSCC[C@H]1NC(=O)[C@H](CCCCN)NC(=O)[C@H](CCCCN)NC(=O)[C@H](CCCCN)NC(=O)[C@H](CCCCN)NC(=O)[C@H](Cc2c[nH]c3ccccc23)NC(=O)[C@H](Cc2c[nH]c3ccccc23)NC(=O)[C@H](C(C)C)NC(=O)[C@H](CC(C)C)NC(=O)[C@H](CC(=O)O)NC(=O)[C@H](Cc2ccccc2)NC(=O)[C@H](Cc2ccccc2)NC(=O)[C@H](CC(=O)O)NC(=O)[C@H](Cc2ccccc2)NC(=O)[C@H]([C@@H](C)O)NC(=O)[C@H](CC(C)C)NC(=O)[C@H](Cc2c[nH]c3ccccc23)NC(=O)[C@H](CCC(N)=O)NC1=O,False
35,BAA-3197,1,292,strain_BAA-3197_MIC_1_length_292_noise.txt,1,454b71c4d1f4e5c0ea1ea0cf58b657b44c3b789d94aec7e1da2aa818da854522,KQSYGLKRWYVWAKIKWFS,KQSYGLKRWYVWAKIKWFS,KQSYGLKRWYVWAKIKWFS,,unchanged_generated_output,[N][C@@H1][Branch1][=Branch1][C][C][C][C][N][C][=Branch1][C][=O][N][C@@H1][Branch1][Branch2][C][C][C][=Branch1][C][=O][N][C][=Branch1][C][=O][N][C@@H1][Branch1][Ring1][C][O][C][=Branch1][C][=O][N][C@@H1][Branch1][=N][C][C][=C][C][=C][Branch1][C][O][C][=C][Ring1][#Branch1][C][=Branch1][C][=O][N][C][C][=Branch1][C][=O][N][C@@H1][Branch1][#Branch1][C][C][Branch1][C][C][C][C][=Branch1][C][=O][N][C@@H1][Branch1][=Branch1][C][C][C][C][N][C][=Branch1][C][=O][N][C@@H1][Branch1][#Branch2][C][C][C][N][C][=Branch1][C][=N][N][C][=Branch1][C][=O][N][C@@H1][Branch1][P][C][C][=Branch1][Ring1][=C][N][C][=C][Ring1][Ring1][C][=C][C][=C][Ring1][=Branch1][C][=Branch1][C][=O][N][C@@H1][Branch1][=N][C][C][=C][C][=C][Branch1][C][O][C][=C][Ring1][#Branch1][C][=Branch1][C][=O][N][C@@H1][Branch1][=Branch1][C][Branch1][C][C][C][C][=Branch1][C][=O][N][C@@H1][Branch1][P][C][C][=Branch1][Ring1][=C][N][C][=C][Ring1][Ring1][C][=C][C][=C][Ring1][=Branch1][C][=Branch1][C][=O][N][C@@H1][Branch1][C][C][C][=Branch1][C][=O][N][C@@H1][Branch1][=Branch1][C][C][C][C][N][C][=Branch1][C][=O][N][C@@H1][Branch1][#Branch1][C@H1][Branch1][Ring1][C][C][C][C][=Branch1][C][=O][N][C@@H1][Branch1][=Branch1][C][C][C][C][N][C][=Branch1][C][=O][N][C@@H1][Branch1][P][C][C][=Branch1][Ring1][=C][N][C][=C][Ring1][Ring1][C][=C][C][=C][Ring1][=Branch1][C][=Branch1][C][=O][N][C@@H1][Branch1][#Branch2][C][C][=C][C][=C][C][=C][Ring1][=Branch1][C][=Branch1][C][=O][N][C@@H1][Branch1][Ring1][C][O][C][=Branch1][C][=O][O],[N][C@@H1][Branch1][=Branch1][C][C][C][C][N][C][=Branch1][C][=O][N][C@@H1][Branch1][Branch2][C][C][C][=Branch1][C][=O][N][C][=Branch1][C][=O][N][C@@H1][Branch1][Ring1][C][O][C][=Branch1][C][=O][N][C@@H1][Branch1][=N][C][C][=C][C][=C][Branch1][C][O][C][=C][Ring1][#Branch1][C][=Branch1][C][=O][N][C][C][=Branch1][C][=O][N][C@@H1][Branch1][#Branch1][C][C][Branch1][C][C][C][C][=Branch1][C][=O][N][C@@H1][Branch1][=Branch1][C][C][C][C][N][C][=Branch1][C][=O][N][C@@H1][Branch1][#Branch2][C][C][C][N][C][=Branch1][C][=N][N][C][=Branch1][C][=O][N][C@@H1][Branch1][P][C][C][=Branch1][Ring1][=C][N][C][=C][Ring1][Ring1][C][=C][C][=C][Ring1][=Branch1][C][=Branch1][C][=O][N][C@@H1][Branch1][=N][C][C][=C][C][=C][Branch1][C][O][C][=C][Ring1][#Branch1][C][=Branch1][C][=O][N][C@@H1][Branch1][=Branch1][C][Branch1][C][C][C][C][=Branch1][C][=O][N][C@@H1][Branch1][P][C][C][=Branch1][Ring1][=C][N][C][=C][Ring1][Ring1][C][=C][C][=C][Ring1][=Branch1][C][=Branch1][C][=O][N][C@@H1][Branch1][C][C][C][=Branch1][C][=O][N][C@@H1][Branch1][=Branch1][C][C][C][C][N][C][=Branch1][C][=O][N][C@@H1][Branch1][#Branch1][C@H1][Branch1][Ring1][C][C][C][C][=Branch1][C][=O][N][C@@H1][Branch1][=Branch1][C][C][C][C][N][C][=Branch1][C][=O][N][C@@H1][Branch1][P][C][C][=Branch1][Ring1][=C][N][C][=C][Ring1][Ring1][C][=C][C][=C][Ring1][=Branch1][C][=Branch1][C][=O][N][C@@H1][Branch1][#Branch2][C][C][=C][C][=C][C][=C][Ring1][=Branch1][C][=Branch1][C][=O][N][C@@H1][Branch1][Ring1][C][O][C][=Branch1][C][=O][O],CC[C@H](C)[C@H](NC(=O)[C@H](CCCCN)NC(=O)[C@H](C)NC(=O)[C@H](Cc1c[nH]c2ccccc12)NC(=O)[C@@H](NC(=O)[C@H](Cc1ccc(O)cc1)NC(=O)[C@H](Cc1c[nH]c2ccccc12)NC(=O)[C@H](CCCNC(=N)N)NC(=O)[C@H](CCCCN)NC(=O)[C@H](CC(C)C)NC(=O)CNC(=O)[C@H](Cc1ccc(O)cc1)NC(=O)[C@H](CO)NC(=O)[C@H](CCC(N)=O)NC(=O)[C@@H](N)CCCCN)C(C)C)C(=O)N[C@@H](CCCCN)C(=O)N[C@@H](Cc1c[nH]c2ccccc12)C(=O)N[C@@H](Cc1ccccc1)C(=O)N[C@@H](CO)C(=O)O,CC[C@H](C)[C@H](NC(=O)[C@H](CCCCN)NC(=O)[C@H](C)NC(=O)[C@H](Cc1c[nH]c2ccccc12)NC(=O)[C@@H](NC(=O)[C@H](Cc1ccc(O)cc1)NC(=O)[C@H](Cc1c[nH]c2ccccc12)NC(=O)[C@H](CCCNC(=N)N)NC(=O)[C@H](CCCCN)NC(=O)[C@H](CC(C)C)NC(=O)CNC(=O)[C@H](Cc1ccc(O)cc1)NC(=O)[C@H](CO)NC(=O)[C@H](CCC(N)=O)NC(=O)[C@@H](N)CCCCN)C(C)C)C(=O)N[C@@H](CCCCN)C(=O)N[C@@H](Cc1c[nH]c2ccccc12)C(=O)N[C@@H](Cc1ccccc1)C(=O)N[C@@H](CO)C(=O)O,False
36,BAA-3197,1,296,strain_BAA-3197_MIC_1_length_296_noise.txt,1,1aa1928c7a5a5feaafab6c48eafb98d8091b90d015503962e3380d3b593614fb,VHKkTWRHHKYQVLFWMW,VHKkTWRHHKYQVLFWMW,VHKkTWRHHKYQVLFWMW,,unchanged_generated_output,[N][C@@H1][Branch1][=Branch1][C][Branch1][C][C][C][C][=Branch1][C][=O][N][C@@H1][Branch1][=Branch2][C][C][=C][N][C][=N][Ring1][Branch1][C][=Branch1][C][=O][N][C@@H1][Branch1][=Branch1][C][C][C][C][N][C][=Branch1][C][=O][N][C@H1][Branch1][=Branch1][C][C][C][C][N][C][=Branch1][C][=O][N][C@@H1][Branch1][=Branch1][C@H1][Branch1][C][O][C][C][=Branch1][C][=O][N][C@@H1][Branch1][P][C][C][=Branch1][Ring1][=C][N][C][=C][Ring1][Ring1][C][=C][C][=C][Ring1][=Branch1][C][=Branch1][C][=O][N][C@@H1][Branch1][#Branch2][C][C][C][N][C][=Branch1][C][=N][N][C][=Branch1][C][=O][N][C@@H1][Branch1][=Branch2][C][C][=C][N][C][=N][Ring1][Branch1][C][=Branch1][C][=O][N][C@@H1][Branch1][=Branch2][C][C][=C][N][C][=N][Ring1][Branch1][C][=Branch1][C][=O][N][C@@H1][Branch1][=Branch1][C][C][C][C][N][C][=Branch1][C][=O][N][C@@H1][Branch1][=N][C][C][=C][C][=C][Branch1][C][O][C][=C][Ring1][#Branch1][C][=Branch1][C][=O][N][C@@H1][Branch1][Branch2][C][C][C][=Branch1][C][=O][N][C][=Branch1][C][=O][N][C@@H1][Branch1][=Branch1][C][Branch1][C][C][C][C][=Branch1][C][=O][N][C@@H1][Branch1][#Branch1][C][C][Branch1][C][C][C][C][=Branch1][C][=O][N][C@@H1][Branch1][#Branch2][C][C][=C][C][=C][C][=C][Ring1][=Branch1][C][=Branch1][C][=O][N][C@@H1][Branch1][P][C][C][=Branch1][Ring1][=C][N][C][=C][Ring1][Ring1][C][=C][C][=C][Ring1][=Branch1][C][=Branch1][C][=O][N][C@@H1][Branch1][Branch1][C][C][S][C][C][=Branch1][C][=O][N][C@@H1][Branch1][P][C][C][=Branch1][Ring1][=C][N][C][=C][Ring1][Ring1][C][=C][C][=C][Ring1][=Branch1][C][=Branch1][C][=O][O],[N][C@@H1][Branch1][=Branch1][C][Branch1][C][C][C][C][=Branch1][C][=O][N][C@@H1][Branch1][=Branch2][C][C][=C][N][C][=N][Ring1][Branch1][C][=Branch1][C][=O][N][C@@H1][Branch1][=Branch1][C][C][C][C][N][C][=Branch1][C][=O][N][C@H1][Branch1][=Branch1][C][C][C][C][N][C][=Branch1][C][=O][N][C@@H1][Branch1][=Branch1][C@H1][Branch1][C][O][C][C][=Branch1][C][=O][N][C@@H1][Branch1][P][C][C][=Branch1][Ring1][=C][N][C][=C][Ring1][Ring1][C][=C][C][=C][Ring1][=Branch1][C][=Branch1][C][=O][N][C@@H1][Branch1][#Branch2][C][C][C][N][C][=Branch1][C][=N][N][C][=Branch1][C][=O][N][C@@H1][Branch1][=Branch2][C][C][=C][N][C][=N][Ring1][Branch1][C][=Branch1][C][=O][N][C@@H1][Branch1][=Branch2][C][C][=C][N][C][=N][Ring1][Branch1][C][=Branch1][C][=O][N][C@@H1][Branch1][=Branch1][C][C][C][C][N][C][=Branch1][C][=O][N][C@@H1][Branch1][=N][C][C][=C][C][=C][Branch1][C][O][C][=C][Ring1][#Branch1][C][=Branch1][C][=O][N][C@@H1][Branch1][Branch2][C][C][C][=Branch1][C][=O][N][C][=Branch1][C][=O][N][C@@H1][Branch1][=Branch1][C][Branch1][C][C][C][C][=Branch1][C][=O][N][C@@H1][Branch1][#Branch1][C][C][Branch1][C][C][C][C][=Branch1][C][=O][N][C@@H1][Branch1][#Branch2][C][C][=C][C][=C][C][=C][Ring1][=Branch1][C][=Branch1][C][=O][N][C@@H1][Branch1][P][C][C][=Branch1][Ring1][=C][N][C][=C][Ring1][Ring1][C][=C][C][=C][Ring1][=Branch1][C][=Branch1][C][=O][N][C@@H1][Branch1][Branch1][C][C][S][C][C][=Branch1][C][=O][N][C@@H1][Branch1][P][C][C][=Branch1][Ring1][=C][N][C][=C][Ring1][Ring1][C][=C][C][=C][Ring1][=Branch1][C][=Branch1][C][=O][O],CSCC[C@H](NC(=O)[C@H](Cc1c[nH]c2ccccc12)NC(=O)[C@H](Cc1ccccc1)NC(=O)[C@H](CC(C)C)NC(=O)[C@@H](NC(=O)[C@H](CCC(N)=O)NC(=O)[C@H](Cc1ccc(O)cc1)NC(=O)[C@H](CCCCN)NC(=O)[C@H](Cc1c[nH]cn1)NC(=O)[C@H](Cc1c[nH]cn1)NC(=O)[C@H](CCCNC(=N)N)NC(=O)[C@H](Cc1c[nH]c2ccccc12)NC(=O)[C@@H](NC(=O)[C@@H](CCCCN)NC(=O)[C@H](CCCCN)NC(=O)[C@H](Cc1c[nH]cn1)NC(=O)[C@@H](N)C(C)C)[C@@H](C)O)C(C)C)C(=O)N[C@@H](Cc1c[nH]c2ccccc12)C(=O)O,CSCC[C@H](NC(=O)[C@H](Cc1c[nH]c2ccccc12)NC(=O)[C@H](Cc1ccccc1)NC(=O)[C@H](CC(C)C)NC(=O)[C@@H](NC(=O)[C@H](CCC(N)=O)NC(=O)[C@H](Cc1ccc(O)cc1)NC(=O)[C@H](CCCCN)NC(=O)[C@H](Cc1c[nH]cn1)NC(=O)[C@H](Cc1c[nH]cn1)NC(=O)[C@H](CCCNC(=N)N)NC(=O)[C@H](Cc1c[nH]c2ccccc12)NC(=O)[C@@H](NC(=O)[C@@H](CCCCN)NC(=O)[C@H](CCCCN)NC(=O)[C@H](Cc1c[nH]cn1)NC(=O)[C@@H](N)C(C)C)[C@@H](C)O)C(C)C)C(=O)N[C@@H](Cc1c[nH]c2ccccc12)C(=O)O,False
37,BAA-3197,1,296,strain_BAA-3197_MIC_1_length_296_noise.txt,2,1aa1928c7a5a5feaafab6c48eafb98d8091b90d015503962e3380d3b593614fb,kFFKNQQRWWLQLLHFTY,kFFKNQQRWWLQLLHFTY,kFFKNQQRWWLQLLHFTY,,unchanged_generated_output,[N][C@H1][Branch1][=Branch1][C][C][C][C][N][C][=Branch1][C][=O][N][C@@H1][Branch1][#Branch2][C][C][=C][C][=C][C][=C][Ring1][=Branch1][C][=Branch1][C][=O][N][C@@H1][Branch1][#Branch2][C][C][=C][C][=C][C][=C][Ring1][=Branch1][C][=Branch1][C][=O][N][C@@H1][Branch1][=Branch1][C][C][C][C][N][C][=Branch1][C][=O][N][C@@H1][Branch1][#Branch1][C][C][=Branch1][C][=O][N][C][=Branch1][C][=O][N][C@@H1][Branch1][Branch2][C][C][C][=Branch1][C][=O][N][C][=Branch1][C][=O][N][C@@H1][Branch1][Branch2][C][C][C][=Branch1][C][=O][N][C][=Branch1][C][=O][N][C@@H1][Branch1][#Branch2][C][C][C][N][C][=Branch1][C][=N][N][C][=Branch1][C][=O][N][C@@H1][Branch1][P][C][C][=Branch1][Ring1][=C][N][C][=C][Ring1][Ring1][C][=C][C][=C][Ring1][=Branch1][C][=Branch1][C][=O][N][C@@H1][Branch1][P][C][C][=Branch1][Ring1][=C][N][C][=C][Ring1][Ring1][C][=C][C][=C][Ring1][=Branch1][C][=Branch1][C][=O][N][C@@H1][Branch1][#Branch1][C][C][Branch1][C][C][C][C][=Branch1][C][=O][N][C@@H1][Branch1][Branch2][C][C][C][=Branch1][C][=O][N][C][=Branch1][C][=O][N][C@@H1][Branch1][#Branch1][C][C][Branch1][C][C][C][C][=Branch1][C][=O][N][C@@H1][Branch1][#Branch1][C][C][Branch1][C][C][C][C][=Branch1][C][=O][N][C@@H1][Branch1][=Branch2][C][C][=C][N][C][=N][Ring1][Branch1][C][=Branch1][C][=O][N][C@@H1][Branch1][#Branch2][C][C][=C][C][=C][C][=C][Ring1][=Branch1][C][=Branch1][C][=O][N][C@@H1][Branch1][=Branch1][C@H1][Branch1][C][O][C][C][=Branch1][C][=O][N][C@@H1][Branch1][=N][C][C][=C][C][=C][Branch1][C][O][C][=C][Ring1][#Branch1][C][=Branch1][C][=O][O],[N][C@H1][Branch1][=Branch1][C][C][C][C][N][C][=Branch1][C][=O][N][C@@H1][Branch1][#Branch2][C][C][=C][C][=C][C][=C][Ring1][=Branch1][C][=Branch1][C][=O][N][C@@H1][Branch1][#Branch2][C][C][=C][C][=C][C][=C][Ring1][=Branch1][C][=Branch1][C][=O][N][C@@H1][Branch1][=Branch1][C][C][C][C][N][C][=Branch1][C][=O][N][C@@H1][Branch1][#Branch1][C][C][=Branch1][C][=O][N][C][=Branch1][C][=O][N][C@@H1][Branch1][Branch2][C][C][C][=Branch1][C][=O][N][C][=Branch1][C][=O][N][C@@H1][Branch1][Branch2][C][C][C][=Branch1][C][=O][N][C][=Branch1][C][=O][N][C@@H1][Branch1][#Branch2][C][C][C][N][C][=Branch1][C][=N][N][C][=Branch1][C][=O][N][C@@H1][Branch1][P][C][C][=Branch1][Ring1][=C][N][C][=C][Ring1][Ring1][C][=C][C][=C][Ring1][=Branch1][C][=Branch1][C][=O][N][C@@H1][Branch1][P][C][C][=Branch1][Ring1][=C][N][C][=C][Ring1][Ring1][C][=C][C][=C][Ring1][=Branch1][C][=Branch1][C][=O][N][C@@H1][Branch1][#Branch1][C][C][Branch1][C][C][C][C][=Branch1][C][=O][N][C@@H1][Branch1][Branch2][C][C][C][=Branch1][C][=O][N][C][=Branch1][C][=O][N][C@@H1][Branch1][#Branch1][C][C][Branch1][C][C][C][C][=Branch1][C][=O][N][C@@H1][Branch1][#Branch1][C][C][Branch1][C][C][C][C][=Branch1][C][=O][N][C@@H1][Branch1][=Branch2][C][C][=C][N][C][=N][Ring1][Branch1][C][=Branch1][C][=O][N][C@@H1][Branch1][#Branch2][C][C][=C][C][=C][C][=C][Ring1][=Branch1][C][=Branch1][C][=O][N][C@@H1][Branch1][=Branch1][C@H1][Branch1][C][O][C][C][=Branch1][C][=O][N][C@@H1][Branch1][=N][C][C][=C][C][=C][Branch1][C][O][C][=C][Ring1][#Branch1][C][=Branch1][C][=O][O],CC(C)C[C@H](NC(=O)[C@H](Cc1c[nH]c2ccccc12)NC(=O)[C@H](Cc1c[nH]c2ccccc12)NC(=O)[C@H](CCCNC(=N)N)NC(=O)[C@H](CCC(N)=O)NC(=O)[C@H](CCC(N)=O)NC(=O)[C@H](CC(N)=O)NC(=O)[C@H](CCCCN)NC(=O)[C@H](Cc1ccccc1)NC(=O)[C@H](Cc1ccccc1)NC(=O)[C@H](N)CCCCN)C(=O)N[C@@H](CCC(N)=O)C(=O)N[C@@H](CC(C)C)C(=O)N[C@@H](CC(C)C)C(=O)N[C@@H](Cc1c[nH]cn1)C(=O)N[C@@H](Cc1ccccc1)C(=O)N[C@H](C(=O)N[C@@H](Cc1ccc(O)cc1)C(=O)O)[C@@H](C)O,CC(C)C[C@H](NC(=O)[C@H](Cc1c[nH]c2ccccc12)NC(=O)[C@H](Cc1c[nH]c2ccccc12)NC(=O)[C@H](CCCNC(=N)N)NC(=O)[C@H](CCC(N)=O)NC(=O)[C@H](CCC(N)=O)NC(=O)[C@H](CC(N)=O)NC(=O)[C@H](CCCCN)NC(=O)[C@H](Cc1ccccc1)NC(=O)[C@H](Cc1ccccc1)NC(=O)[C@H](N)CCCCN)C(=O)N[C@@H](CCC(N)=O)C(=O)N[C@@H](CC(C)C)C(=O)N[C@@H](CC(C)C)C(=O)N[C@@H](Cc1c[nH]cn1)C(=O)N[C@@H](Cc1ccccc1)C(=O)N[C@H](C(=O)N[C@@H](Cc1ccc(O)cc1)C(=O)O)[C@@H](C)O,False
38,BAA-3197,1,296,strain_BAA-3197_MIC_1_length_296_noise.txt,3,1aa1928c7a5a5feaafab6c48eafb98d8091b90d015503962e3380d3b593614fb,MESLGKKBVEEBYSAIGAGLFES,MESLGKKRVEERYSAIGAGLFES,MESLGKKRVEERYSAIGAGLFES,,unchanged_generated_output,[C][C][C@H1][Branch1][C][C][C@H1][Branch2][=C][#Branch2][N][C][=Branch1][C][=O][C@H1][Branch1][C][C][N][C][=Branch1][C][=O][C@H1][Branch1][Ring1][C][O][N][C][=Branch1][C][=O][C@H1][Branch1][=N][C][C][=C][C][=C][Branch1][C][O][C][=C][Ring1][#Branch1][N][C][=Branch1][C][=O][C@H1][Branch1][#Branch2][C][C][C][N][=C][Branch1][C][N][N][N][C][=Branch1][C][=O][C@H1][Branch1][Branch2][C][C][C][=Branch1][C][=O][O][N][C][=Branch1][C][=O][C@H1][Branch1][Branch2][C][C][C][=Branch1][C][=O][O][N][C][=Branch1][C][=O][C@@H1][Branch2][Branch2][=Branch1][N][C][=Branch1][C][=O][C@H1][Branch1][#Branch2][C][C][C][N][=C][Branch1][C][N][N][N][C][=Branch1][C][=O][C@H1][Branch1][=Branch1][C][C][C][C][N][N][C][=Branch1][C][=O][C@H1][Branch1][=Branch1][C][C][C][C][N][N][C][=Branch1][C][=O][C][N][C][=Branch1][C][=O][C@H1][Branch1][#Branch1][C][C][Branch1][C][C][C][N][C][=Branch1][C][=O][C@H1][Branch1][Ring1][C][O][N][C][=Branch1][C][=O][C@H1][Branch1][Branch2][C][C][C][=Branch1][C][=O][O][N][C][=Branch1][C][=O][C@@H1][Branch1][C][N][C][C][S][C][C][Branch1][C][C][C][C][=Branch1][C][=O][N][C][C][=Branch1][C][=O][N][C@@H1][Branch1][C][C][C][=Branch1][C][=O][N][C][C][=Branch1][C][=O][N][C@@H1][Branch1][#Branch1][C][C][Branch1][C][C][C][C][=Branch1][C][=O][N][C@@H1][Branch1][#Branch2][C][C][=C][C][=C][C][=C][Ring1][=Branch1][C][=Branch1][C][=O][N][C@@H1][Branch1][Branch2][C][C][C][=Branch1][C][=O][O][C][=Branch1][C][=O][N][C@@H1][Branch1][Ring1][C][O][C][=Branch1][C][=O][OH1],[C][C][C@H1][Branch1][C][C][C@H1][Branch2][=C][#Branch2][N][C][=Branch1][C][=O][C@H1][Branch1][C][C][N][C][=Branch1][C][=O][C@H1][Branch1][Ring1][C][O][N][C][=Branch1][C][=O][C@H1][Branch1][=N][C][C][=C][C][=C][Branch1][C][O][C][=C][Ring1][#Branch1][N][C][=Branch1][C][=O][C@H1][Branch1][#Branch2][C][C][C][N][=C][Branch1][C][N][N][N][C][=Branch1][C][=O][C@H1][Branch1][Branch2][C][C][C][=Branch1][C][=O][O][N][C][=Branch1][C][=O][C@H1][Branch1][Branch2][C][C][C][=Branch1][C][=O][O][N][C][=Branch1][C][=O][C@@H1][Branch2][Branch2][=Branch1][N][C][=Branch1][C][=O][C@H1][Branch1][#Branch2][C][C][C][N][=C][Branch1][C][N][N][N][C][=Branch1][C][=O][C@H1][Branch1][=Branch1][C][C][C][C][N][N][C][=Branch1][C][=O][C@H1][Branch1][=Branch1][C][C][C][C][N][N][C][=Branch1][C][=O][C][N][C][=Branch1][C][=O][C@H1][Branch1][#Branch1][C][C][Branch1][C][C][C][N][C][=Branch1][C][=O][C@H1][Branch1][Ring1][C][O][N][C][=Branch1][C][=O][C@H1][Branch1][Branch2][C][C][C][=Branch1][C][=O][O][N][C][=Branch1][C][=O][C@@H1][Branch1][C][N][C][C][S][C][C][Branch1][C][C][C][C][=Branch1][C][=O][N][C][C][=Branch1][C][=O][N][C@@H1][Branch1][C][C][C][=Branch1][C][=O][N][C][C][=Branch1][C][=O][N][C@@H1][Branch1][#Branch1][C][C][Branch1][C][C][C][C][=Branch1][C][=O][N][C@@H1][Branch1][#Branch2][C][C][=C][C][=C][C][=C][Ring1][=Branch1][C][=Branch1][C][=O][N][C@@H1][Branch1][Branch2][C][C][C][=Branch1][C][=O][O][C][=Branch1][C][=O][N][C@@H1][Branch1][Ring1][C][O][C][=Branch1][C][=O][OH1],CC[C@H](C)[C@H](NC(=O)[C@H](C)NC(=O)[C@H](CO)NC(=O)[C@H](Cc1ccc(O)cc1)NC(=O)[C@H](CCCN=C(N)N)NC(=O)[C@H](CCC(=O)O)NC(=O)[C@H](CCC(=O)O)NC(=O)[C@@H](NC(=O)[C@H](CCCN=C(N)N)NC(=O)[C@H](CCCCN)NC(=O)[C@H](CCCCN)NC(=O)CNC(=O)[C@H](CC(C)C)NC(=O)[C@H](CO)NC(=O)[C@H](CCC(=O)O)NC(=O)[C@@H](N)CCSC)C(C)C)C(=O)NCC(=O)N[C@@H](C)C(=O)NCC(=O)N[C@@H](CC(C)C)C(=O)N[C@@H](Cc1ccccc1)C(=O)N[C@@H](CCC(=O)O)C(=O)N[C@@H](CO)C(=O)O,CC[C@H](C)[C@H](NC(=O)[C@H](C)NC(=O)[C@H](CO)NC(=O)[C@H](Cc1ccc(O)cc1)NC(=O)[C@H](CCCN=C(N)N)NC(=O)[C@H](CCC(=O)O)NC(=O)[C@H](CCC(=O)O)NC(=O)[C@@H](NC(=O)[C@H](CCCN=C(N)N)NC(=O)[C@H](CCCCN)NC(=O)[C@H](CCCCN)NC(=O)CNC(=O)[C@H](CC(C)C)NC(=O)[C@H](CO)NC(=O)[C@H](CCC(=O)O)NC(=O)[C@@H](N)CCSC)C(C)C)C(=O)NCC(=O)N[C@@H](C)C(=O)NCC(=O)N[C@@H](CC(C)C)C(=O)N[C@@H](Cc1ccccc1)C(=O)N[C@@H](CCC(=O)O)C(=O)N[C@@H](CO)C(=O)O,False
39,BAA-3197,1,304,strain_BAA-3197_MIC_1_length_304_noise.txt,1,590bcc66ccd482ad88ae4e22707e58c0d1cb71f5af050e594596b8ca9726ee41,YTKkIWRKLRRLWVYGHFH,YTKkIWRKLRRLWVYGHFH,YTKkIWRKLRRLWVYGHFH,,unchanged_generated_output,[N][C@@H1][Branch1][=N][C][C][=C][C][=C][Branch1][C][O][C][=C][Ring1][#Branch1][C][=Branch1][C][=O][N][C@@H1][Branch1][=Branch1][C@H1][Branch1][C][O][C][C][=Branch1][C][=O][N][C@@H1][Branch1][=Branch1][C][C][C][C][N][C][=Branch1][C][=O][N][C@H1][Branch1][=Branch1][C][C][C][C][N][C][=Branch1][C][=O][N][C@@H1][Branch1][#Branch1][C@H1][Branch1][Ring1][C][C][C][C][=Branch1][C][=O][N][C@@H1][Branch1][P][C][C][=Branch1][Ring1][=C][N][C][=C][Ring1][Ring1][C][=C][C][=C][Ring1][=Branch1][C][=Branch1][C][=O][N][C@@H1][Branch1][#Branch2][C][C][C][N][C][=Branch1][C][=N][N][C][=Branch1][C][=O][N][C@@H1][Branch1][=Branch1][C][C][C][C][N][C][=Branch1][C][=O][N][C@@H1][Branch1][#Branch1][C][C][Branch1][C][C][C][C][=Branch1][C][=O][N][C@@H1][Branch1][#Branch2][C][C][C][N][C][=Branch1][C][=N][N][C][=Branch1][C][=O][N][C@@H1][Branch1][#Branch2][C][C][C][N][C][=Branch1][C][=N][N][C][=Branch1][C][=O][N][C@@H1][Branch1][#Branch1][C][C][Branch1][C][C][C][C][=Branch1][C][=O][N][C@@H1][Branch1][P][C][C][=Branch1][Ring1][=C][N][C][=C][Ring1][Ring1][C][=C][C][=C][Ring1][=Branch1][C][=Branch1][C][=O][N][C@@H1][Branch1][=Branch1][C][Branch1][C][C][C][C][=Branch1][C][=O][N][C@@H1][Branch1][=N][C][C][=C][C][=C][Branch1][C][O][C][=C][Ring1][#Branch1][C][=Branch1][C][=O][N][C][C][=Branch1][C][=O][N][C@@H1][Branch1][=Branch2][C][C][=C][N][C][=N][Ring1][Branch1][C][=Branch1][C][=O][N][C@@H1][Branch1][#Branch2][C][C][=C][C][=C][C][=C][Ring1][=Branch1][C][=Branch1][C][=O][N][C@@H1][Branch1][=Branch2][C][C][=C][N][C][=N][Ring1][Branch1][C][=Branch1][C][=O][O],[N][C@@H1][Branch1][=N][C][C][=C][C][=C][Branch1][C][O][C][=C][Ring1][#Branch1][C][=Branch1][C][=O][N][C@@H1][Branch1][=Branch1][C@H1][Branch1][C][O][C][C][=Branch1][C][=O][N][C@@H1][Branch1][=Branch1][C][C][C][C][N][C][=Branch1][C][=O][N][C@H1][Branch1][=Branch1][C][C][C][C][N][C][=Branch1][C][=O][N][C@@H1][Branch1][#Branch1][C@H1][Branch1][Ring1][C][C][C][C][=Branch1][C][=O][N][C@@H1][Branch1][P][C][C][=Branch1][Ring1][=C][N][C][=C][Ring1][Ring1][C][=C][C][=C][Ring1][=Branch1][C][=Branch1][C][=O][N][C@@H1][Branch1][#Branch2][C][C][C][N][C][=Branch1][C][=N][N][C][=Branch1][C][=O][N][C@@H1][Branch1][=Branch1][C][C][C][C][N][C][=Branch1][C][=O][N][C@@H1][Branch1][#Branch1][C][C][Branch1][C][C][C][C][=Branch1][C][=O][N][C@@H1][Branch1][#Branch2][C][C][C][N][C][=Branch1][C][=N][N][C][=Branch1][C][=O][N][C@@H1][Branch1][#Branch2][C][C][C][N][C][=Branch1][C][=N][N][C][=Branch1][C][=O][N][C@@H1][Branch1][#Branch1][C][C][Branch1][C][C][C][C][=Branch1][C][=O][N][C@@H1][Branch1][P][C][C][=Branch1][Ring1][=C][N][C][=C][Ring1][Ring1][C][=C][C][=C][Ring1][=Branch1][C][=Branch1][C][=O][N][C@@H1][Branch1][=Branch1][C][Branch1][C][C][C][C][=Branch1][C][=O][N][C@@H1][Branch1][=N][C][C][=C][C][=C][Branch1][C][O][C][=C][Ring1][#Branch1][C][=Branch1][C][=O][N][C][C][=Branch1][C][=O][N][C@@H1][Branch1][=Branch2][C][C][=C][N][C][=N][Ring1][Branch1][C][=Branch1][C][=O][N][C@@H1][Branch1][#Branch2][C][C][=C][C][=C][C][=C][Ring1][=Branch1][C][=Branch1][C][=O][N][C@@H1][Branch1][=Branch2][C][C][=C][N][C][=N][Ring1][Branch1][C][=Branch1][C][=O][O],CC[C@H](C)[C@H](NC(=O)[C@@H](CCCCN)NC(=O)[C@H](CCCCN)NC(=O)[C@@H](NC(=O)[C@@H](N)Cc1ccc(O)cc1)[C@@H](C)O)C(=O)N[C@@H](Cc1c[nH]c2ccccc12)C(=O)N[C@@H](CCCNC(=N)N)C(=O)N[C@@H](CCCCN)C(=O)N[C@@H](CC(C)C)C(=O)N[C@@H](CCCNC(=N)N)C(=O)N[C@@H](CCCNC(=N)N)C(=O)N[C@@H](CC(C)C)C(=O)N[C@@H](Cc1c[nH]c2ccccc12)C(=O)N[C@H](C(=O)N[C@@H](Cc1ccc(O)cc1)C(=O)NCC(=O)N[C@@H](Cc1c[nH]cn1)C(=O)N[C@@H](Cc1ccccc1)C(=O)N[C@@H](Cc1c[nH]cn1)C(=O)O)C(C)C,CC[C@H](C)[C@H](NC(=O)[C@@H](CCCCN)NC(=O)[C@H](CCCCN)NC(=O)[C@@H](NC(=O)[C@@H](N)Cc1ccc(O)cc1)[C@@H](C)O)C(=O)N[C@@H](Cc1c[nH]c2ccccc12)C(=O)N[C@@H](CCCNC(=N)N)C(=O)N[C@@H](CCCCN)C(=O)N[C@@H](CC(C)C)C(=O)N[C@@H](CCCNC(=N)N)C(=O)N[C@@H](CCCNC(=N)N)C(=O)N[C@@H](CC(C)C)C(=O)N[C@@H](Cc1c[nH]c2ccccc12)C(=O)N[C@H](C(=O)N[C@@H](Cc1ccc(O)cc1)C(=O)NCC(=O)N[C@@H](Cc1c[nH]cn1)C(=O)N[C@@H](Cc1ccccc1)C(=O)N[C@@H](Cc1c[nH]cn1)C(=O)O)C(C)C,False
40,BAA-3197,1,304,strain_BAA-3197_MIC_1_length_304_noise.txt,2,590bcc66ccd482ad88ae4e22707e58c0d1cb71f5af050e594596b8ca9726ee41,fKNRPHKMATANHWQKGTKMHV,fKNRPHKMATANHWQKGTKMHV,fKNRPHKMATANHWQKGTKMHV,,unchanged_generated_output,[N][C@H1][Branch1][#Branch2][C][C][=C][C][=C][C][=C][Ring1][=Branch1][C][=Branch1][C][=O][N][C@@H1][Branch1][=Branch1][C][C][C][C][N][C][=Branch1][C][=O][N][C@@H1][Branch1][#Branch1][C][C][=Branch1][C][=O][N][C][=Branch1][C][=O][N][C@@H1][Branch1][#Branch2][C][C][C][N][C][=Branch1][C][=N][N][C][=Branch1][C][=O][N][C@@H1][Branch1][=Branch1][C][C][C][Ring1][Branch1][C][=Branch1][C][=O][N][C@@H1][Branch1][=Branch2][C][C][=C][N][C][=N][Ring1][Branch1][C][=Branch1][C][=O][N][C@@H1][Branch1][=Branch1][C][C][C][C][N][C][=Branch1][C][=O][N][C@@H1][Branch1][Branch1][C][C][S][C][C][=Branch1][C][=O][N][C@@H1][Branch1][C][C][C][=Branch1][C][=O][N][C@@H1][Branch1][=Branch1][C@H1][Branch1][C][O][C][C][=Branch1][C][=O][N][C@@H1][Branch1][C][C][C][=Branch1][C][=O][N][C@@H1][Branch1][#Branch1][C][C][=Branch1][C][=O][N][C][=Branch1][C][=O][N][C@@H1][Branch1][=Branch2][C][C][=C][N][C][=N][Ring1][Branch1][C][=Branch1][C][=O][N][C@@H1][Branch1][P][C][C][=Branch1][Ring1][=C][N][C][=C][Ring1][Ring1][C][=C][C][=C][Ring1][=Branch1][C][=Branch1][C][=O][N][C@@H1][Branch1][Branch2][C][C][C][=Branch1][C][=O][N][C][=Branch1][C][=O][N][C@@H1][Branch1][=Branch1][C][C][C][C][N][C][=Branch1][C][=O][N][C][C][=Branch1][C][=O][N][C@@H1][Branch1][=Branch1][C@H1][Branch1][C][O][C][C][=Branch1][C][=O][N][C@@H1][Branch1][=Branch1][C][C][C][C][N][C][=Branch1][C][=O][N][C@@H1][Branch1][Branch1][C][C][S][C][C][=Branch1][C][=O][N][C@@H1][Branch1][=Branch2][C][C][=C][N][C][=N][Ring1][Branch1][C][=Branch1][C][=O][N][C@@H1][Branch1][=Branch1][C][Branch1][C][C][C][C][=Branch1][C][=O][O],[N][C@H1][Branch1][#Branch2][C][C][=C][C][=C][C][=C][Ring1][=Branch1][C][=Branch1][C][=O][N][C@@H1][Branch1][=Branch1][C][C][C][C][N][C][=Branch1][C][=O][N][C@@H1][Branch1][#Branch1][C][C][=Branch1][C][=O][N][C][=Branch1][C][=O][N][C@@H1][Branch1][#Branch2][C][C][C][N][C][=Branch1][C][=N][N][C][=Branch1][C][=O][N][C@@H1][Branch1][=Branch1][C][C][C][Ring1][Branch1][C][=Branch1][C][=O][N][C@@H1][Branch1][=Branch2][C][C][=C][N][C][=N][Ring1][Branch1][C][=Branch1][C][=O][N][C@@H1][Branch1][=Branch1][C][C][C][C][N][C][=Branch1][C][=O][N][C@@H1][Branch1][Branch1][C][C][S][C][C][=Branch1][C][=O][N][C@@H1][Branch1][C][C][C][=Branch1][C][=O][N][C@@H1][Branch1][=Branch1][C@H1][Branch1][C][O][C][C][=Branch1][C][=O][N][C@@H1][Branch1][C][C][C][=Branch1][C][=O][N][C@@H1][Branch1][#Branch1][C][C][=Branch1][C][=O][N][C][=Branch1][C][=O][N][C@@H1][Branch1][=Branch2][C][C][=C][N][C][=N][Ring1][Branch1][C][=Branch1][C][=O][N][C@@H1][Branch1][P][C][C][=Branch1][Ring1][=C][N][C][=C][Ring1][Ring1][C][=C][C][=C][Ring1][=Branch1][C][=Branch1][C][=O][N][C@@H1][Branch1][Branch2][C][C][C][=Branch1][C][=O][N][C][=Branch1][C][=O][N][C@@H1][Branch1][=Branch1][C][C][C][C][N][C][=Branch1][C][=O][N][C][C][=Branch1][C][=O][N][C@@H1][Branch1][=Branch1][C@H1][Branch1][C][O][C][C][=Branch1][C][=O][N][C@@H1][Branch1][=Branch1][C][C][C][C][N][C][=Branch1][C][=O][N][C@@H1][Branch1][Branch1][C][C][S][C][C][=Branch1][C][=O][N][C@@H1][Branch1][=Branch2][C][C][=C][N][C][=N][Ring1][Branch1][C][=Branch1][C][=O][N][C@@H1][Branch1][=Branch1][C][Branch1][C][C][C][C][=Branch1][C][=O][O],CSCC[C@H](NC(=O)[C@H](CCCCN)NC(=O)[C@H](Cc1c[nH]cn1)NC(=O)[C@@H]1CCCN1C(=O)[C@H](CCCNC(=N)N)NC(=O)[C@H](CC(N)=O)NC(=O)[C@H](CCCCN)NC(=O)[C@H](N)Cc1ccccc1)C(=O)N[C@@H](C)C(=O)N[C@H](C(=O)N[C@@H](C)C(=O)N[C@@H](CC(N)=O)C(=O)N[C@@H](Cc1c[nH]cn1)C(=O)N[C@@H](Cc1c[nH]c2ccccc12)C(=O)N[C@@H](CCC(N)=O)C(=O)N[C@@H](CCCCN)C(=O)NCC(=O)N[C@H](C(=O)N[C@@H](CCCCN)C(=O)N[C@@H](CCSC)C(=O)N[C@@H](Cc1c[nH]cn1)C(=O)N[C@H](C(=O)O)C(C)C)[C@@H](C)O)[C@@H](C)O,CSCC[C@H](NC(=O)[C@H](CCCCN)NC(=O)[C@H](Cc1c[nH]cn1)NC(=O)[C@@H]1CCCN1C(=O)[C@H](CCCNC(=N)N)NC(=O)[C@H](CC(N)=O)NC(=O)[C@H](CCCCN)NC(=O)[C@H](N)Cc1ccccc1)C(=O)N[C@@H](C)C(=O)N[C@H](C(=O)N[C@@H](C)C(=O)N[C@@H](CC(N)=O)C(=O)N[C@@H](Cc1c[nH]cn1)C(=O)N[C@@H](Cc1c[nH]c2ccccc12)C(=O)N[C@@H](CCC(N)=O)C(=O)N[C@@H](CCCCN)C(=O)NCC(=O)N[C@H](C(=O)N[C@@H](CCCCN)C(=O)N[C@@H](CCSC)C(=O)N[C@@H](Cc1c[nH]cn1)C(=O)N[C@H](C(=O)O)C(C)C)[C@@H](C)O)[C@@H](C)O,False
41,BAA-3197,1,308,strain_BAA-3197_MIC_1_length_308_noise.txt,1,b4178f72b75acbcbc5804239cb3ef0edc1aefb8b8abb5da550279c180dfc24ea,cyclo-SLFKyNKFKFSYYAYLIWAR,cyclo-SLFKyNKFKFSYYAYLIWAR,cyclo-SLFKyNKFKFSYYAYLIWAR,,unchanged_generated_output,[N][C@@H1][Branch1][Ring1][C][O][C][=Branch1][C][=O][N][C@@H1][Branch1][#Branch1][C][C][Branch1][C][C][C][C][=Branch1][C][=O][N][C@@H1][Branch1][#Branch2][C][C][=C][C][=C][C][=C][Ring1][=Branch1][C][=Branch1][C][=O][N][C@@H1][Branch1][=Branch1][C][C][C][C][N][C][=Branch1][C][=O][N][C@H1][Branch1][=N][C][C][=C][C][=C][Branch1][C][O][C][=C][Ring1][#Branch1][C][=Branch1][C][=O][N][C@@H1][Branch1][#Branch1][C][C][=Branch1][C][=O][N][C][=Branch1][C][=O][N][C@@H1][Branch1][=Branch1][C][C][C][C][N][C][=Branch1][C][=O][N][C@@H1][Branch1][#Branch2][C][C][=C][C][=C][C][=C][Ring1][=Branch1][C][=Branch1][C][=O][N][C@@H1][Branch1][=Branch1][C][C][C][C][N][C][=Branch1][C][=O][N][C@@H1][Branch1][#Branch2][C][C][=C][C][=C][C][=C][Ring1][=Branch1][C][=Branch1][C][=O][N][C@@H1][Branch1][Ring1][C][O][C][=Branch1][C][=O][N][C@@H1][Branch1][=N][C][C][=C][C][=C][Branch1][C][O][C][=C][Ring1][#Branch1][C][=Branch1][C][=O][N][C@@H1][Branch1][=N][C][C][=C][C][=C][Branch1][C][O][C][=C][Ring1][#Branch1][C][=Branch1][C][=O][N][C@@H1][Branch1][C][C][C][=Branch1][C][=O][N][C@@H1][Branch1][=N][C][C][=C][C][=C][Branch1][C][O][C][=C][Ring1][#Branch1][C][=Branch1][C][=O][N][C@@H1][Branch1][#Branch1][C][C][Branch1][C][C][C][C][=Branch1][C][=O][N][C@@H1][Branch1][#Branch1][C@H1][Branch1][Ring1][C][C][C][C][=Branch1][C][=O][N][C@@H1][Branch1][P][C][C][=Branch1][Ring1][=C][N][C][=C][Ring1][Ring1][C][=C][C][=C][Ring1][=Branch1][C][=Branch1][C][=O][N][C@@H1][Branch1][C][C][C][=Branch1][C][=O][N][C@@H1][Branch1][#Branch2][C][C][C][N][C][=Branch1][C][=N][N][C][Ring2][=N][#Branch2][=O],[N][C@@H1][Branch1][Ring1][C][O][C][=Branch1][C][=O][N][C@@H1][Branch1][#Branch1][C][C][Branch1][C][C][C][C][=Branch1][C][=O][N][C@@H1][Branch1][#Branch2][C][C][=C][C][=C][C][=C][Ring1][=Branch1][C][=Branch1][C][=O][N][C@@H1][Branch1][=Branch1][C][C][C][C][N][C][=Branch1][C][=O][N][C@H1][Branch1][=N][C][C][=C][C][=C][Branch1][C][O][C][=C][Ring1][#Branch1][C][=Branch1][C][=O][N][C@@H1][Branch1][#Branch1][C][C][=Branch1][C][=O][N][C][=Branch1][C][=O][N][C@@H1][Branch1][=Branch1][C][C][C][C][N][C][=Branch1][C][=O][N][C@@H1][Branch1][#Branch2][C][C][=C][C][=C][C][=C][Ring1][=Branch1][C][=Branch1][C][=O][N][C@@H1][Branch1][=Branch1][C][C][C][C][N][C][=Branch1][C][=O][N][C@@H1][Branch1][#Branch2][C][C][=C][C][=C][C][=C][Ring1][=Branch1][C][=Branch1][C][=O][N][C@@H1][Branch1][Ring1][C][O][C][=Branch1][C][=O][N][C@@H1][Branch1][=N][C][C][=C][C][=C][Branch1][C][O][C][=C][Ring1][#Branch1][C][=Branch1][C][=O][N][C@@H1][Branch1][=N][C][C][=C][C][=C][Branch1][C][O][C][=C][Ring1][#Branch1][C][=Branch1][C][=O][N][C@@H1][Branch1][C][C][C][=Branch1][C][=O][N][C@@H1][Branch1][=N][C][C][=C][C][=C][Branch1][C][O][C][=C][Ring1][#Branch1][C][=Branch1][C][=O][N][C@@H1][Branch1][#Branch1][C][C][Branch1][C][C][C][C][=Branch1][C][=O][N][C@@H1][Branch1][#Branch1][C@H1][Branch1][Ring1][C][C][C][C][=Branch1][C][=O][N][C@@H1][Branch1][P][C][C][=Branch1][Ring1][=C][N][C][=C][Ring1][Ring1][C][=C][C][=C][Ring1][=Branch1][C][=Branch1][C][=O][N][C@@H1][Branch1][C][C][C][=Branch1][C][=O][N][C@@H1][Branch1][#Branch2][C][C][C][N][C][=Branch1][C][=N][N][C][Ring2][=N][#Branch2][=O],CC[C@H](C)[C@@H]1NC(=O)[C@H](CC(C)C)NC(=O)[C@H](Cc2ccc(O)cc2)NC(=O)[C@H](C)NC(=O)[C@H](Cc2ccc(O)cc2)NC(=O)[C@H](Cc2ccc(O)cc2)NC(=O)[C@H](CO)NC(=O)[C@H](Cc2ccccc2)NC(=O)[C@H](CCCCN)NC(=O)[C@H](Cc2ccccc2)NC(=O)[C@H](CCCCN)NC(=O)[C@H](CC(N)=O)NC(=O)[C@@H](Cc2ccc(O)cc2)NC(=O)[C@H](CCCCN)NC(=O)[C@H](Cc2ccccc2)NC(=O)[C@H](CC(C)C)NC(=O)[C@H](CO)NC(=O)[C@H](CCCNC(=N)N)NC(=O)[C@H](C)NC(=O)[C@H](Cc2c[nH]c3ccccc23)NC1=O,CC[C@H](C)[C@@H]1NC(=O)[C@H](CC(C)C)NC(=O)[C@H](Cc2ccc(O)cc2)NC(=O)[C@H](C)NC(=O)[C@H](Cc2ccc(O)cc2)NC(=O)[C@H](Cc2ccc(O)cc2)NC(=O)[C@H](CO)NC(=O)[C@H](Cc2ccccc2)NC(=O)[C@H](CCCCN)NC(=O)[C@H](Cc2ccccc2)NC(=O)[C@H](CCCCN)NC(=O)[C@H](CC(N)=O)NC(=O)[C@@H](Cc2ccc(O)cc2)NC(=O)[C@H](CCCCN)NC(=O)[C@H](Cc2ccccc2)NC(=O)[C@H](CC(C)C)NC(=O)[C@H](CO)NC(=O)[C@H](CCCNC(=N)N)NC(=O)[C@H](C)NC(=O)[C@H](Cc2c[nH]c3ccccc23)NC1=O,False
42,BAA-3197,1,308,strain_BAA-3197_MIC_1_length_308_noise.txt,2,b4178f72b75acbcbc5804239cb3ef0edc1aefb8b8abb5da550279c180dfc24ea,hFRLMHTNYSLVIKSIKISKMH,hFRLMHTNYSLVIKSIKISKMH,hFRLMHTNYSLVIKSIKISKMH,,unchanged_generated_output,[N][C@H1][Branch1][=Branch2][C][C][=C][N][C][=N][Ring1][Branch1][C][=Branch1][C][=O][N][C@@H1][Branch1][#Branch2][C][C][=C][C][=C][C][=C][Ring1][=Branch1][C][=Branch1][C][=O][N][C@@H1][Branch1][#Branch2][C][C][C][N][C][=Branch1][C][=N][N][C][=Branch1][C][=O][N][C@@H1][Branch1][#Branch1][C][C][Branch1][C][C][C][C][=Branch1][C][=O][N][C@@H1][Branch1][Branch1][C][C][S][C][C][=Branch1][C][=O][N][C@@H1][Branch1][=Branch2][C][C][=C][N][C][=N][Ring1][Branch1][C][=Branch1][C][=O][N][C@@H1][Branch1][=Branch1][C@H1][Branch1][C][O][C][C][=Branch1][C][=O][N][C@@H1][Branch1][#Branch1][C][C][=Branch1][C][=O][N][C][=Branch1][C][=O][N][C@@H1][Branch1][=N][C][C][=C][C][=C][Branch1][C][O][C][=C][Ring1][#Branch1][C][=Branch1][C][=O][N][C@@H1][Branch1][Ring1][C][O][C][=Branch1][C][=O][N][C@@H1][Branch1][#Branch1][C][C][Branch1][C][C][C][C][=Branch1][C][=O][N][C@@H1][Branch1][=Branch1][C][Branch1][C][C][C][C][=Branch1][C][=O][N][C@@H1][Branch1][#Branch1][C@H1][Branch1][Ring1][C][C][C][C][=Branch1][C][=O][N][C@@H1][Branch1][=Branch1][C][C][C][C][N][C][=Branch1][C][=O][N][C@@H1][Branch1][Ring1][C][O][C][=Branch1][C][=O][N][C@@H1][Branch1][#Branch1][C@H1][Branch1][Ring1][C][C][C][C][=Branch1][C][=O][N][C@@H1][Branch1][=Branch1][C][C][C][C][N][C][=Branch1][C][=O][N][C@@H1][Branch1][#Branch1][C@H1][Branch1][Ring1][C][C][C][C][=Branch1][C][=O][N][C@@H1][Branch1][Ring1][C][O][C][=Branch1][C][=O][N][C@@H1][Branch1][=Branch1][C][C][C][C][N][C][=Branch1][C][=O][N][C@@H1][Branch1][Branch1][C][C][S][C][C][=Branch1][C][=O][N][C@@H1][Branch1][=Branch2][C][C][=C][N][C][=N][Ring1][Branch1][C][=Branch1][C][=O][O],[N][C@H1][Branch1][=Branch2][C][C][=C][N][C][=N][Ring1][Branch1][C][=Branch1][C][=O][N][C@@H1][Branch1][#Branch2][C][C][=C][C][=C][C][=C][Ring1][=Branch1][C][=Branch1][C][=O][N][C@@H1][Branch1][#Branch2][C][C][C][N][C][=Branch1][C][=N][N][C][=Branch1][C][=O][N][C@@H1][Branch1][#Branch1][C][C][Branch1][C][C][C][C][=Branch1][C][=O][N][C@@H1][Branch1][Branch1][C][C][S][C][C][=Branch1][C][=O][N][C@@H1][Branch1][=Branch2][C][C][=C][N][C][=N][Ring1][Branch1][C][=Branch1][C][=O][N][C@@H1][Branch1][=Branch1][C@H1][Branch1][C][O][C][C][=Branch1][C][=O][N][C@@H1][Branch1][#Branch1][C][C][=Branch1][C][=O][N][C][=Branch1][C][=O][N][C@@H1][Branch1][=N][C][C][=C][C][=C][Branch1][C][O][C][=C][Ring1][#Branch1][C][=Branch1][C][=O][N][C@@H1][Branch1][Ring1][C][O][C][=Branch1][C][=O][N][C@@H1][Branch1][#Branch1][C][C][Branch1][C][C][C][C][=Branch1][C][=O][N][C@@H1][Branch1][=Branch1][C][Branch1][C][C][C][C][=Branch1][C][=O][N][C@@H1][Branch1][#Branch1][C@H1][Branch1][Ring1][C][C][C][C][=Branch1][C][=O][N][C@@H1][Branch1][=Branch1][C][C][C][C][N][C][=Branch1][C][=O][N][C@@H1][Branch1][Ring1][C][O][C][=Branch1][C][=O][N][C@@H1][Branch1][#Branch1][C@H1][Branch1][Ring1][C][C][C][C][=Branch1][C][=O][N][C@@H1][Branch1][=Branch1][C][C][C][C][N][C][=Branch1][C][=O][N][C@@H1][Branch1][#Branch1][C@H1][Branch1][Ring1][C][C][C][C][=Branch1][C][=O][N][C@@H1][Branch1][Ring1][C][O][C][=Branch1][C][=O][N][C@@H1][Branch1][=Branch1][C][C][C][C][N][C][=Branch1][C][=O][N][C@@H1][Branch1][Branch1][C][C][S][C][C][=Branch1][C][=O][N][C@@H1][Branch1][=Branch2][C][C][=C][N][C][=N][Ring1][Branch1][C][=Branch1][C][=O][O],CC[C@H](C)[C@H](NC(=O)[C@H](CCCCN)NC(=O)[C@@H](NC(=O)[C@H](CO)NC(=O)[C@H](CCCCN)NC(=O)[C@@H](NC(=O)[C@@H](NC(=O)[C@H](CC(C)C)NC(=O)[C@H](CO)NC(=O)[C@H](Cc1ccc(O)cc1)NC(=O)[C@H](CC(N)=O)NC(=O)[C@@H](NC(=O)[C@H](Cc1c[nH]cn1)NC(=O)[C@H](CCSC)NC(=O)[C@H](CC(C)C)NC(=O)[C@H](CCCNC(=N)N)NC(=O)[C@H](Cc1ccccc1)NC(=O)[C@H](N)Cc1c[nH]cn1)[C@@H](C)O)C(C)C)[C@@H](C)CC)[C@@H](C)CC)C(=O)N[C@@H](CO)C(=O)N[C@@H](CCCCN)C(=O)N[C@@H](CCSC)C(=O)N[C@@H](Cc1c[nH]cn1)C(=O)O,CC[C@H](C)[C@H](NC(=O)[C@H](CCCCN)NC(=O)[C@@H](NC(=O)[C@H](CO)NC(=O)[C@H](CCCCN)NC(=O)[C@@H](NC(=O)[C@@H](NC(=O)[C@H](CC(C)C)NC(=O)[C@H](CO)NC(=O)[C@H](Cc1ccc(O)cc1)NC(=O)[C@H](CC(N)=O)NC(=O)[C@@H](NC(=O)[C@H](Cc1c[nH]cn1)NC(=O)[C@H](CCSC)NC(=O)[C@H](CC(C)C)NC(=O)[C@H](CCCNC(=N)N)NC(=O)[C@H](Cc1ccccc1)NC(=O)[C@H](N)Cc1c[nH]cn1)[C@@H](C)O)C(C)C)[C@@H](C)CC)[C@@H](C)CC)C(=O)N[C@@H](CO)C(=O)N[C@@H](CCCCN)C(=O)N[C@@H](CCSC)C(=O)N[C@@H](Cc1c[nH]cn1)C(=O)O,False
43,BAA-3197,1,308,strain_BAA-3197_MIC_1_length_308_noise.txt,3,b4178f72b75acbcbc5804239cb3ef0edc1aefb8b8abb5da550279c180dfc24ea,VmNHHKKWQRILATFQAYRMM,VmNHHKKWQRILATFQAYRMM,VmNHHKKWQRILATFQAYRMM,,unchanged_generated_output,[N][C@@H1][Branch1][=Branch1][C][Branch1][C][C][C][C][=Branch1][C][=O][N][C@H1][Branch1][Branch1][C][C][S][C][C][=Branch1][C][=O][N][C@@H1][Branch1][#Branch1][C][C][=Branch1][C][=O][N][C][=Branch1][C][=O][N][C@@H1][Branch1][=Branch2][C][C][=C][N][C][=N][Ring1][Branch1][C][=Branch1][C][=O][N][C@@H1][Branch1][=Branch2][C][C][=C][N][C][=N][Ring1][Branch1][C][=Branch1][C][=O][N][C@@H1][Branch1][=Branch1][C][C][C][C][N][C][=Branch1][C][=O][N][C@@H1][Branch1][=Branch1][C][C][C][C][N][C][=Branch1][C][=O][N][C@@H1][Branch1][P][C][C][=Branch1][Ring1][=C][N][C][=C][Ring1][Ring1][C][=C][C][=C][Ring1][=Branch1][C][=Branch1][C][=O][N][C@@H1][Branch1][Branch2][C][C][C][=Branch1][C][=O][N][C][=Branch1][C][=O][N][C@@H1][Branch1][#Branch2][C][C][C][N][C][=Branch1][C][=N][N][C][=Branch1][C][=O][N][C@@H1][Branch1][#Branch1][C@H1][Branch1][Ring1][C][C][C][C][=Branch1][C][=O][N][C@@H1][Branch1][#Branch1][C][C][Branch1][C][C][C][C][=Branch1][C][=O][N][C@@H1][Branch1][C][C][C][=Branch1][C][=O][N][C@@H1][Branch1][=Branch1][C@H1][Branch1][C][O][C][C][=Branch1][C][=O][N][C@@H1][Branch1][#Branch2][C][C][=C][C][=C][C][=C][Ring1][=Branch1][C][=Branch1][C][=O][N][C@@H1][Branch1][Branch2][C][C][C][=Branch1][C][=O][N][C][=Branch1][C][=O][N][C@@H1][Branch1][C][C][C][=Branch1][C][=O][N][C@@H1][Branch1][=N][C][C][=C][C][=C][Branch1][C][O][C][=C][Ring1][#Branch1][C][=Branch1][C][=O][N][C@@H1][Branch1][#Branch2][C][C][C][N][C][=Branch1][C][=N][N][C][=Branch1][C][=O][N][C@@H1][Branch1][Branch1][C][C][S][C][C][=Branch1][C][=O][N][C@@H1][Branch1][Branch1][C][C][S][C][C][=Branch1][C][=O][O],[N][C@@H1][Branch1][=Branch1][C][Branch1][C][C][C][C][=Branch1][C][=O][N][C@H1][Branch1][Branch1][C][C][S][C][C][=Branch1][C][=O][N][C@@H1][Branch1][#Branch1][C][C][=Branch1][C][=O][N][C][=Branch1][C][=O][N][C@@H1][Branch1][=Branch2][C][C][=C][N][C][=N][Ring1][Branch1][C][=Branch1][C][=O][N][C@@H1][Branch1][=Branch2][C][C][=C][N][C][=N][Ring1][Branch1][C][=Branch1][C][=O][N][C@@H1][Branch1][=Branch1][C][C][C][C][N][C][=Branch1][C][=O][N][C@@H1][Branch1][=Branch1][C][C][C][C][N][C][=Branch1][C][=O][N][C@@H1][Branch1][P][C][C][=Branch1][Ring1][=C][N][C][=C][Ring1][Ring1][C][=C][C][=C][Ring1][=Branch1][C][=Branch1][C][=O][N][C@@H1][Branch1][Branch2][C][C][C][=Branch1][C][=O][N][C][=Branch1][C][=O][N][C@@H1][Branch1][#Branch2][C][C][C][N][C][=Branch1][C][=N][N][C][=Branch1][C][=O][N][C@@H1][Branch1][#Branch1][C@H1][Branch1][Ring1][C][C][C][C][=Branch1][C][=O][N][C@@H1][Branch1][#Branch1][C][C][Branch1][C][C][C][C][=Branch1][C][=O][N][C@@H1][Branch1][C][C][C][=Branch1][C][=O][N][C@@H1][Branch1][=Branch1][C@H1][Branch1][C][O][C][C][=Branch1][C][=O][N][C@@H1][Branch1][#Branch2][C][C][=C][C][=C][C][=C][Ring1][=Branch1][C][=Branch1][C][=O][N][C@@H1][Branch1][Branch2][C][C][C][=Branch1][C][=O][N][C][=Branch1][C][=O][N][C@@H1][Branch1][C][C][C][=Branch1][C][=O][N][C@@H1][Branch1][=N][C][C][=C][C][=C][Branch1][C][O][C][=C][Ring1][#Branch1][C][=Branch1][C][=O][N][C@@H1][Branch1][#Branch2][C][C][C][N][C][=Branch1][C][=N][N][C][=Branch1][C][=O][N][C@@H1][Branch1][Branch1][C][C][S][C][C][=Branch1][C][=O][N][C@@H1][Branch1][Branch1][C][C][S][C][C][=Branch1][C][=O][O],CC[C@H](C)[C@H](NC(=O)[C@H](CCCNC(=N)N)NC(=O)[C@H](CCC(N)=O)NC(=O)[C@H](Cc1c[nH]c2ccccc12)NC(=O)[C@H](CCCCN)NC(=O)[C@H](CCCCN)NC(=O)[C@H](Cc1c[nH]cn1)NC(=O)[C@H](Cc1c[nH]cn1)NC(=O)[C@H](CC(N)=O)NC(=O)[C@@H](CCSC)NC(=O)[C@@H](N)C(C)C)C(=O)N[C@@H](CC(C)C)C(=O)N[C@@H](C)C(=O)N[C@H](C(=O)N[C@@H](Cc1ccccc1)C(=O)N[C@@H](CCC(N)=O)C(=O)N[C@@H](C)C(=O)N[C@@H](Cc1ccc(O)cc1)C(=O)N[C@@H](CCCNC(=N)N)C(=O)N[C@@H](CCSC)C(=O)N[C@@H](CCSC)C(=O)O)[C@@H](C)O,CC[C@H](C)[C@H](NC(=O)[C@H](CCCNC(=N)N)NC(=O)[C@H](CCC(N)=O)NC(=O)[C@H](Cc1c[nH]c2ccccc12)NC(=O)[C@H](CCCCN)NC(=O)[C@H](CCCCN)NC(=O)[C@H](Cc1c[nH]cn1)NC(=O)[C@H](Cc1c[nH]cn1)NC(=O)[C@H](CC(N)=O)NC(=O)[C@@H](CCSC)NC(=O)[C@@H](N)C(C)C)C(=O)N[C@@H](CC(C)C)C(=O)N[C@@H](C)C(=O)N[C@H](C(=O)N[C@@H](Cc1ccccc1)C(=O)N[C@@H](CCC(N)=O)C(=O)N[C@@H](C)C(=O)N[C@@H](Cc1ccc(O)cc1)C(=O)N[C@@H](CCCNC(=N)N)C(=O)N[C@@H](CCSC)C(=O)N[C@@H](CCSC)C(=O)O)[C@@H](C)O,False
44,BAA-3197,1,312,strain_BAA-3197_MIC_1_length_312_noise.txt,1,2b73ed2ad47ea4982257d96736ca6deee14315f436a90bd345bd76387b79176a,VmNHHKKWQRILATFQAYMFH,VmNHHKKWQRILATFQAYMFH,VmNHHKKWQRILATFQAYMFH,,unchanged_generated_output,[N][C@@H1][Branch1][=Branch1][C][Branch1][C][C][C][C][=Branch1][C][=O][N][C@H1][Branch1][Branch1][C][C][S][C][C][=Branch1][C][=O][N][C@@H1][Branch1][#Branch1][C][C][=Branch1][C][=O][N][C][=Branch1][C][=O][N][C@@H1][Branch1][=Branch2][C][C][=C][N][C][=N][Ring1][Branch1][C][=Branch1][C][=O][N][C@@H1][Branch1][=Branch2][C][C][=C][N][C][=N][Ring1][Branch1][C][=Branch1][C][=O][N][C@@H1][Branch1][=Branch1][C][C][C][C][N][C][=Branch1][C][=O][N][C@@H1][Branch1][=Branch1][C][C][C][C][N][C][=Branch1][C][=O][N][C@@H1][Branch1][P][C][C][=Branch1][Ring1][=C][N][C][=C][Ring1][Ring1][C][=C][C][=C][Ring1][=Branch1][C][=Branch1][C][=O][N][C@@H1][Branch1][Branch2][C][C][C][=Branch1][C][=O][N][C][=Branch1][C][=O][N][C@@H1][Branch1][#Branch2][C][C][C][N][C][=Branch1][C][=N][N][C][=Branch1][C][=O][N][C@@H1][Branch1][#Branch1][C@H1][Branch1][Ring1][C][C][C][C][=Branch1][C][=O][N][C@@H1][Branch1][#Branch1][C][C][Branch1][C][C][C][C][=Branch1][C][=O][N][C@@H1][Branch1][C][C][C][=Branch1][C][=O][N][C@@H1][Branch1][=Branch1][C@H1][Branch1][C][O][C][C][=Branch1][C][=O][N][C@@H1][Branch1][#Branch2][C][C][=C][C][=C][C][=C][Ring1][=Branch1][C][=Branch1][C][=O][N][C@@H1][Branch1][Branch2][C][C][C][=Branch1][C][=O][N][C][=Branch1][C][=O][N][C@@H1][Branch1][C][C][C][=Branch1][C][=O][N][C@@H1][Branch1][=N][C][C][=C][C][=C][Branch1][C][O][C][=C][Ring1][#Branch1][C][=Branch1][C][=O][N][C@@H1][Branch1][Branch1][C][C][S][C][C][=Branch1][C][=O][N][C@@H1][Branch1][#Branch2][C][C][=C][C][=C][C][=C][Ring1][=Branch1][C][=Branch1][C][=O][N][C@@H1][Branch1][=Branch2][C][C][=C][N][C][=N][Ring1][Branch1][C][=Branch1][C][=O][O],[N][C@@H1][Branch1][=Branch1][C][Branch1][C][C][C][C][=Branch1][C][=O][N][C@H1][Branch1][Branch1][C][C][S][C][C][=Branch1][C][=O][N][C@@H1][Branch1][#Branch1][C][C][=Branch1][C][=O][N][C][=Branch1][C][=O][N][C@@H1][Branch1][=Branch2][C][C][=C][N][C][=N][Ring1][Branch1][C][=Branch1][C][=O][N][C@@H1][Branch1][=Branch2][C][C][=C][N][C][=N][Ring1][Branch1][C][=Branch1][C][=O][N][C@@H1][Branch1][=Branch1][C][C][C][C][N][C][=Branch1][C][=O][N][C@@H1][Branch1][=Branch1][C][C][C][C][N][C][=Branch1][C][=O][N][C@@H1][Branch1][P][C][C][=Branch1][Ring1][=C][N][C][=C][Ring1][Ring1][C][=C][C][=C][Ring1][=Branch1][C][=Branch1][C][=O][N][C@@H1][Branch1][Branch2][C][C][C][=Branch1][C][=O][N][C][=Branch1][C][=O][N][C@@H1][Branch1][#Branch2][C][C][C][N][C][=Branch1][C][=N][N][C][=Branch1][C][=O][N][C@@H1][Branch1][#Branch1][C@H1][Branch1][Ring1][C][C][C][C][=Branch1][C][=O][N][C@@H1][Branch1][#Branch1][C][C][Branch1][C][C][C][C][=Branch1][C][=O][N][C@@H1][Branch1][C][C][C][=Branch1][C][=O][N][C@@H1][Branch1][=Branch1][C@H1][Branch1][C][O][C][C][=Branch1][C][=O][N][C@@H1][Branch1][#Branch2][C][C][=C][C][=C][C][=C][Ring1][=Branch1][C][=Branch1][C][=O][N][C@@H1][Branch1][Branch2][C][C][C][=Branch1][C][=O][N][C][=Branch1][C][=O][N][C@@H1][Branch1][C][C][C][=Branch1][C][=O][N][C@@H1][Branch1][=N][C][C][=C][C][=C][Branch1][C][O][C][=C][Ring1][#Branch1][C][=Branch1][C][=O][N][C@@H1][Branch1][Branch1][C][C][S][C][C][=Branch1][C][=O][N][C@@H1][Branch1][#Branch2][C][C][=C][C][=C][C][=C][Ring1][=Branch1][C][=Branch1][C][=O][N][C@@H1][Branch1][=Branch2][C][C][=C][N][C][=N][Ring1][Branch1][C][=Branch1][C][=O][O],CC[C@H](C)[C@H](NC(=O)[C@H](CCCNC(=N)N)NC(=O)[C@H](CCC(N)=O)NC(=O)[C@H](Cc1c[nH]c2ccccc12)NC(=O)[C@H](CCCCN)NC(=O)[C@H](CCCCN)NC(=O)[C@H](Cc1c[nH]cn1)NC(=O)[C@H](Cc1c[nH]cn1)NC(=O)[C@H](CC(N)=O)NC(=O)[C@@H](CCSC)NC(=O)[C@@H](N)C(C)C)C(=O)N[C@@H](CC(C)C)C(=O)N[C@@H](C)C(=O)N[C@H](C(=O)N[C@@H](Cc1ccccc1)C(=O)N[C@@H](CCC(N)=O)C(=O)N[C@@H](C)C(=O)N[C@@H](Cc1ccc(O)cc1)C(=O)N[C@@H](CCSC)C(=O)N[C@@H](Cc1ccccc1)C(=O)N[C@@H](Cc1c[nH]cn1)C(=O)O)[C@@H](C)O,CC[C@H](C)[C@H](NC(=O)[C@H](CCCNC(=N)N)NC(=O)[C@H](CCC(N)=O)NC(=O)[C@H](Cc1c[nH]c2ccccc12)NC(=O)[C@H](CCCCN)NC(=O)[C@H](CCCCN)NC(=O)[C@H](Cc1c[nH]cn1)NC(=O)[C@H](Cc1c[nH]cn1)NC(=O)[C@H](CC(N)=O)NC(=O)[C@@H](CCSC)NC(=O)[C@@H](N)C(C)C)C(=O)N[C@@H](CC(C)C)C(=O)N[C@@H](C)C(=O)N[C@H](C(=O)N[C@@H](Cc1ccccc1)C(=O)N[C@@H](CCC(N)=O)C(=O)N[C@@H](C)C(=O)N[C@@H](Cc1ccc(O)cc1)C(=O)N[C@@H](CCSC)C(=O)N[C@@H](Cc1ccccc1)C(=O)N[C@@H](Cc1c[nH]cn1)C(=O)O)[C@@H](C)O,False
45,BAA-3197,1,312,strain_BAA-3197_MIC_1_length_312_noise.txt,2,2b73ed2ad47ea4982257d96736ca6deee14315f436a90bd345bd76387b79176a,ILKKFKMEKKKLKPLELFFLEL,ILKKFKMEKKKLKPLELFFLEL,ILKKFKMEKKKLKPLELFFLEL,,unchanged_generated_output,[C][C][C@H1][Branch1][C][C][C@H1][Branch1][C][N][C][=Branch1][C][=O][N][C@@H1][Branch1][#Branch1][C][C][Branch1][C][C][C][C][=Branch1][C][=O][N][C@@H1][Branch1][=Branch1][C][C][C][C][N][C][=Branch1][C][=O][N][C@@H1][Branch1][=Branch1][C][C][C][C][N][C][=Branch1][C][=O][N][C@@H1][Branch1][#Branch2][C][C][=C][C][=C][C][=C][Ring1][=Branch1][C][=Branch1][C][=O][N][C@@H1][Branch1][=Branch1][C][C][C][C][N][C][=Branch1][C][=O][N][C@@H1][Branch1][Branch1][C][C][S][C][C][=Branch1][C][=O][N][C@@H1][Branch1][Branch2][C][C][C][=Branch1][C][=O][O][C][=Branch1][C][=O][N][C@@H1][Branch1][=Branch1][C][C][C][C][N][C][=Branch1][C][=O][N][C@@H1][Branch1][=Branch1][C][C][C][C][N][C][=Branch1][C][=O][N][C@@H1][Branch1][=Branch1][C][C][C][C][N][C][=Branch1][C][=O][N][C@@H1][Branch1][#Branch1][C][C][Branch1][C][C][C][C][=Branch1][C][=O][N][C@@H1][Branch1][=Branch1][C][C][C][C][N][C][=Branch1][C][=O][N][C][C][C][C@H1][Ring1][Branch1][C][=Branch1][C][=O][N][C@@H1][Branch1][#Branch1][C][C][Branch1][C][C][C][C][=Branch1][C][=O][N][C@@H1][Branch1][Branch2][C][C][C][=Branch1][C][=O][O][C][=Branch1][C][=O][N][C@@H1][Branch1][#Branch1][C][C][Branch1][C][C][C][C][=Branch1][C][=O][N][C@@H1][Branch1][#Branch2][C][C][=C][C][=C][C][=C][Ring1][=Branch1][C][=Branch1][C][=O][N][C@@H1][Branch1][#Branch2][C][C][=C][C][=C][C][=C][Ring1][=Branch1][C][=Branch1][C][=O][N][C@@H1][Branch1][#Branch1][C][C][Branch1][C][C][C][C][=Branch1][C][=O][N][C@@H1][Branch1][Branch2][C][C][C][=Branch1][C][=O][O][C][=Branch1][C][=O][N][C@@H1][Branch1][#Branch1][C][C][Branch1][C][C][C][C][=Branch1][C][=O][O],[C][C][C@H1][Branch1][C][C][C@H1][Branch1][C][N][C][=Branch1][C][=O][N][C@@H1][Branch1][#Branch1][C][C][Branch1][C][C][C][C][=Branch1][C][=O][N][C@@H1][Branch1][=Branch1][C][C][C][C][N][C][=Branch1][C][=O][N][C@@H1][Branch1][=Branch1][C][C][C][C][N][C][=Branch1][C][=O][N][C@@H1][Branch1][#Branch2][C][C][=C][C][=C][C][=C][Ring1][=Branch1][C][=Branch1][C][=O][N][C@@H1][Branch1][=Branch1][C][C][C][C][N][C][=Branch1][C][=O][N][C@@H1][Branch1][Branch1][C][C][S][C][C][=Branch1][C][=O][N][C@@H1][Branch1][Branch2][C][C][C][=Branch1][C][=O][O][C][=Branch1][C][=O][N][C@@H1][Branch1][=Branch1][C][C][C][C][N][C][=Branch1][C][=O][N][C@@H1][Branch1][=Branch1][C][C][C][C][N][C][=Branch1][C][=O][N][C@@H1][Branch1][=Branch1][C][C][C][C][N][C][=Branch1][C][=O][N][C@@H1][Branch1][#Branch1][C][C][Branch1][C][C][C][C][=Branch1][C][=O][N][C@@H1][Branch1][=Branch1][C][C][C][C][N][C][=Branch1][C][=O][N][C][C][C][C@H1][Ring1][Branch1][C][=Branch1][C][=O][N][C@@H1][Branch1][#Branch1][C][C][Branch1][C][C][C][C][=Branch1][C][=O][N][C@@H1][Branch1][Branch2][C][C][C][=Branch1][C][=O][O][C][=Branch1][C][=O][N][C@@H1][Branch1][#Branch1][C][C][Branch1][C][C][C][C][=Branch1][C][=O][N][C@@H1][Branch1][#Branch2][C][C][=C][C][=C][C][=C][Ring1][=Branch1][C][=Branch1][C][=O][N][C@@H1][Branch1][#Branch2][C][C][=C][C][=C][C][=C][Ring1][=Branch1][C][=Branch1][C][=O][N][C@@H1][Branch1][#Branch1][C][C][Branch1][C][C][C][C][=Branch1][C][=O][N][C@@H1][Branch1][Branch2][C][C][C][=Branch1][C][=O][O][C][=Branch1][C][=O][N][C@@H1][Branch1][#Branch1][C][C][Branch1][C][C][C][C][=Branch1][C][=O][O],CC[C@H](C)[C@H](N)C(=O)N[C@@H](CC(C)C)C(=O)N[C@@H](CCCCN)C(=O)N[C@@H](CCCCN)C(=O)N[C@@H](Cc1ccccc1)C(=O)N[C@@H](CCCCN)C(=O)N[C@@H](CCSC)C(=O)N[C@@H](CCC(=O)O)C(=O)N[C@@H](CCCCN)C(=O)N[C@@H](CCCCN)C(=O)N[C@@H](CCCCN)C(=O)N[C@@H](CC(C)C)C(=O)N[C@@H](CCCCN)C(=O)N1CCC[C@H]1C(=O)N[C@@H](CC(C)C)C(=O)N[C@@H](CCC(=O)O)C(=O)N[C@@H](CC(C)C)C(=O)N[C@@H](Cc1ccccc1)C(=O)N[C@@H](Cc1ccccc1)C(=O)N[C@@H](CC(C)C)C(=O)N[C@@H](CCC(=O)O)C(=O)N[C@@H](CC(C)C)C(=O)O,CC[C@H](C)[C@H](N)C(=O)N[C@@H](CC(C)C)C(=O)N[C@@H](CCCCN)C(=O)N[C@@H](CCCCN)C(=O)N[C@@H](Cc1ccccc1)C(=O)N[C@@H](CCCCN)C(=O)N[C@@H](CCSC)C(=O)N[C@@H](CCC(=O)O)C(=O)N[C@@H](CCCCN)C(=O)N[C@@H](CCCCN)C(=O)N[C@@H](CCCCN)C(=O)N[C@@H](CC(C)C)C(=O)N[C@@H](CCCCN)C(=O)N1CCC[C@H]1C(=O)N[C@@H](CC(C)C)C(=O)N[C@@H](CCC(=O)O)C(=O)N[C@@H](CC(C)C)C(=O)N[C@@H](Cc1ccccc1)C(=O)N[C@@H](Cc1ccccc1)C(=O)N[C@@H](CC(C)C)C(=O)N[C@@H](CCC(=O)O)C(=O)N[C@@H](CC(C)C)C(=O)O,False
46,BAA-3197,1,316,strain_BAA-3197_MIC_1_length_316_noise.txt,1,d7451ddb2426ebd70e05f116f0cd32f6416ded0695b59b50d66a410661f4e230,MKBKFAPSGLMYSMEBNSLKLLLP,MKRKFAPSGLMYSMERNSLKLLLP,MKRKFAPSGLMYSMERNSLKLLLP,,unchanged_generated_output,[C][S][C][C][C@H1][Branch2][=Branch2][N][N][C][=Branch1][C][=O][C@H1][Branch1][#Branch1][C][C][Branch1][C][C][C][N][C][=Branch1][C][=O][C][N][C][=Branch1][C][=O][C@H1][Branch1][Ring1][C][O][N][C][=Branch1][C][=O][C@@H1][C][C][C][N][Ring1][Branch1][C][=Branch1][C][=O][C@H1][Branch1][C][C][N][C][=Branch1][C][=O][C@H1][Branch1][#Branch2][C][C][=C][C][=C][C][=C][Ring1][=Branch1][N][C][=Branch1][C][=O][C@H1][Branch1][=Branch1][C][C][C][C][N][N][C][=Branch1][C][=O][C@H1][Branch1][#Branch2][C][C][C][N][=C][Branch1][C][N][N][N][C][=Branch1][C][=O][C@H1][Branch1][=Branch1][C][C][C][C][N][N][C][=Branch1][C][=O][C@@H1][Branch1][C][N][C][C][S][C][C][=Branch1][C][=O][N][C@@H1][Branch1][=N][C][C][=C][C][=C][Branch1][C][O][C][=C][Ring1][#Branch1][C][=Branch1][C][=O][N][C@@H1][Branch1][Ring1][C][O][C][=Branch1][C][=O][N][C@@H1][Branch1][Branch1][C][C][S][C][C][=Branch1][C][=O][N][C@@H1][Branch1][Branch2][C][C][C][=Branch1][C][=O][O][C][=Branch1][C][=O][N][C@@H1][Branch1][#Branch2][C][C][C][N][=C][Branch1][C][N][N][C][=Branch1][C][=O][N][C@@H1][Branch1][#Branch1][C][C][Branch1][C][N][=O][C][=Branch1][C][=O][N][C@@H1][Branch1][Ring1][C][O][C][=Branch1][C][=O][N][C@@H1][Branch1][#Branch1][C][C][Branch1][C][C][C][C][=Branch1][C][=O][N][C@@H1][Branch1][=Branch1][C][C][C][C][N][C][=Branch1][C][=O][N][C@@H1][Branch1][#Branch1][C][C][Branch1][C][C][C][C][=Branch1][C][=O][N][C@@H1][Branch1][#Branch1][C][C][Branch1][C][C][C][C][=Branch1][C][=O][N][C@@H1][Branch1][#Branch1][C][C][Branch1][C][C][C][C][=Branch1][C][=O][N][C][C][C][C@H1][Ring1][Branch1][C][=Branch1][C][=O][OH1],[C][S][C][C][C@H1][Branch2][=Branch2][N][N][C][=Branch1][C][=O][C@H1][Branch1][#Branch1][C][C][Branch1][C][C][C][N][C][=Branch1][C][=O][C][N][C][=Branch1][C][=O][C@H1][Branch1][Ring1][C][O][N][C][=Branch1][C][=O][C@@H1][C][C][C][N][Ring1][Branch1][C][=Branch1][C][=O][C@H1][Branch1][C][C][N][C][=Branch1][C][=O][C@H1][Branch1][#Branch2][C][C][=C][C][=C][C][=C][Ring1][=Branch1][N][C][=Branch1][C][=O][C@H1][Branch1][=Branch1][C][C][C][C][N][N][C][=Branch1][C][=O][C@H1][Branch1][#Branch2][C][C][C][N][=C][Branch1][C][N][N][N][C][=Branch1][C][=O][C@H1][Branch1][=Branch1][C][C][C][C][N][N][C][=Branch1][C][=O][C@@H1][Branch1][C][N][C][C][S][C][C][=Branch1][C][=O][N][C@@H1][Branch1][=N][C][C][=C][C][=C][Branch1][C][O][C][=C][Ring1][#Branch1][C][=Branch1][C][=O][N][C@@H1][Branch1][Ring1][C][O][C][=Branch1][C][=O][N][C@@H1][Branch1][Branch1][C][C][S][C][C][=Branch1][C][=O][N][C@@H1][Branch1][Branch2][C][C][C][=Branch1][C][=O][O][C][=Branch1][C][=O][N][C@@H1][Branch1][#Branch2][C][C][C][N][=C][Branch1][C][N][N][C][=Branch1][C][=O][N][C@@H1][Branch1][#Branch1][C][C][Branch1][C][N][=O][C][=Branch1][C][=O][N][C@@H1][Branch1][Ring1][C][O][C][=Branch1][C][=O][N][C@@H1][Branch1][#Branch1][C][C][Branch1][C][C][C][C][=Branch1][C][=O][N][C@@H1][Branch1][=Branch1][C][C][C][C][N][C][=Branch1][C][=O][N][C@@H1][Branch1][#Branch1][C][C][Branch1][C][C][C][C][=Branch1][C][=O][N][C@@H1][Branch1][#Branch1][C][C][Branch1][C][C][C][C][=Branch1][C][=O][N][C@@H1][Branch1][#Branch1][C][C][Branch1][C][C][C][C][=Branch1][C][=O][N][C][C][C][C@H1][Ring1][Branch1][C][=Branch1][C][=O][OH1],CSCC[C@H](NC(=O)[C@H](CC(C)C)NC(=O)CNC(=O)[C@H](CO)NC(=O)[C@@H]1CCCN1C(=O)[C@H](C)NC(=O)[C@H](Cc1ccccc1)NC(=O)[C@H](CCCCN)NC(=O)[C@H](CCCN=C(N)N)NC(=O)[C@H](CCCCN)NC(=O)[C@@H](N)CCSC)C(=O)N[C@@H](Cc1ccc(O)cc1)C(=O)N[C@@H](CO)C(=O)N[C@@H](CCSC)C(=O)N[C@@H](CCC(=O)O)C(=O)N[C@@H](CCCN=C(N)N)C(=O)N[C@@H](CC(N)=O)C(=O)N[C@@H](CO)C(=O)N[C@@H](CC(C)C)C(=O)N[C@@H](CCCCN)C(=O)N[C@@H](CC(C)C)C(=O)N[C@@H](CC(C)C)C(=O)N[C@@H](CC(C)C)C(=O)N1CCC[C@H]1C(=O)O,CSCC[C@H](NC(=O)[C@H](CC(C)C)NC(=O)CNC(=O)[C@H](CO)NC(=O)[C@@H]1CCCN1C(=O)[C@H](C)NC(=O)[C@H](Cc1ccccc1)NC(=O)[C@H](CCCCN)NC(=O)[C@H](CCCN=C(N)N)NC(=O)[C@H](CCCCN)NC(=O)[C@@H](N)CCSC)C(=O)N[C@@H](Cc1ccc(O)cc1)C(=O)N[C@@H](CO)C(=O)N[C@@H](CCSC)C(=O)N[C@@H](CCC(=O)O)C(=O)N[C@@H](CCCN=C(N)N)C(=O)N[C@@H](CC(N)=O)C(=O)N[C@@H](CO)C(=O)N[C@@H](CC(C)C)C(=O)N[C@@H](CCCCN)C(=O)N[C@@H](CC(C)C)C(=O)N[C@@H](CC(C)C)C(=O)N[C@@H](CC(C)C)C(=O)N1CCC[C@H]1C(=O)O,False
47,BAA-3197,1,320,strain_BAA-3197_MIC_1_length_320_noise.txt,1,b5b4ed6760b31d1f1dcec22afbc1c0a408e5072134c209dd760f38d35a842c20,RQSKKYMKlHWMITGYFRQYI,RQSKKYMKlHWMITGYFRQYI,RQSKKYMKlHWMITGYFRQYI,,unchanged_generated_output,[N][C@@H1][Branch1][#Branch2][C][C][C][N][C][=Branch1][C][=N][N][C][=Branch1][C][=O][N][C@@H1][Branch1][Branch2][C][C][C][=Branch1][C][=O][N][C][=Branch1][C][=O][N][C@@H1][Branch1][Ring1][C][O][C][=Branch1][C][=O][N][C@@H1][Branch1][=Branch1][C][C][C][C][N][C][=Branch1][C][=O][N][C@@H1][Branch1][=Branch1][C][C][C][C][N][C][=Branch1][C][=O][N][C@@H1][Branch1][=N][C][C][=C][C][=C][Branch1][C][O][C][=C][Ring1][#Branch1][C][=Branch1][C][=O][N][C@@H1][Branch1][Branch1][C][C][S][C][C][=Branch1][C][=O][N][C@@H1][Branch1][=Branch1][C][C][C][C][N][C][=Branch1][C][=O][N][C@H1][Branch1][#Branch1][C][C][Branch1][C][C][C][C][=Branch1][C][=O][N][C@@H1][Branch1][=Branch2][C][C][=C][N][C][=N][Ring1][Branch1][C][=Branch1][C][=O][N][C@@H1][Branch1][P][C][C][=Branch1][Ring1][=C][N][C][=C][Ring1][Ring1][C][=C][C][=C][Ring1][=Branch1][C][=Branch1][C][=O][N][C@@H1][Branch1][Branch1][C][C][S][C][C][=Branch1][C][=O][N][C@@H1][Branch1][#Branch1][C@H1][Branch1][Ring1][C][C][C][C][=Branch1][C][=O][N][C@@H1][Branch1][=Branch1][C@H1][Branch1][C][O][C][C][=Branch1][C][=O][N][C][C][=Branch1][C][=O][N][C@@H1][Branch1][=N][C][C][=C][C][=C][Branch1][C][O][C][=C][Ring1][#Branch1][C][=Branch1][C][=O][N][C@@H1][Branch1][#Branch2][C][C][=C][C][=C][C][=C][Ring1][=Branch1][C][=Branch1][C][=O][N][C@@H1][Branch1][#Branch2][C][C][C][N][C][=Branch1][C][=N][N][C][=Branch1][C][=O][N][C@@H1][Branch1][Branch2][C][C][C][=Branch1][C][=O][N][C][=Branch1][C][=O][N][C@@H1][Branch1][=N][C][C][=C][C][=C][Branch1][C][O][C][=C][Ring1][#Branch1][C][=Branch1][C][=O][N][C@@H1][Branch1][#Branch1][C@H1][Branch1][Ring1][C][C][C][C][=Branch1][C][=O][O],[N][C@@H1][Branch1][#Branch2][C][C][C][N][C][=Branch1][C][=N][N][C][=Branch1][C][=O][N][C@@H1][Branch1][Branch2][C][C][C][=Branch1][C][=O][N][C][=Branch1][C][=O][N][C@@H1][Branch1][Ring1][C][O][C][=Branch1][C][=O][N][C@@H1][Branch1][=Branch1][C][C][C][C][N][C][=Branch1][C][=O][N][C@@H1][Branch1][=Branch1][C][C][C][C][N][C][=Branch1][C][=O][N][C@@H1][Branch1][=N][C][C][=C][C][=C][Branch1][C][O][C][=C][Ring1][#Branch1][C][=Branch1][C][=O][N][C@@H1][Branch1][Branch1][C][C][S][C][C][=Branch1][C][=O][N][C@@H1][Branch1][=Branch1][C][C][C][C][N][C][=Branch1][C][=O][N][C@H1][Branch1][#Branch1][C][C][Branch1][C][C][C][C][=Branch1][C][=O][N][C@@H1][Branch1][=Branch2][C][C][=C][N][C][=N][Ring1][Branch1][C][=Branch1][C][=O][N][C@@H1][Branch1][P][C][C][=Branch1][Ring1][=C][N][C][=C][Ring1][Ring1][C][=C][C][=C][Ring1][=Branch1][C][=Branch1][C][=O][N][C@@H1][Branch1][Branch1][C][C][S][C][C][=Branch1][C][=O][N][C@@H1][Branch1][#Branch1][C@H1][Branch1][Ring1][C][C][C][C][=Branch1][C][=O][N][C@@H1][Branch1][=Branch1][C@H1][Branch1][C][O][C][C][=Branch1][C][=O][N][C][C][=Branch1][C][=O][N][C@@H1][Branch1][=N][C][C][=C][C][=C][Branch1][C][O][C][=C][Ring1][#Branch1][C][=Branch1][C][=O][N][C@@H1][Branch1][#Branch2][C][C][=C][C][=C][C][=C][Ring1][=Branch1][C][=Branch1][C][=O][N][C@@H1][Branch1][#Branch2][C][C][C][N][C][=Branch1][C][=N][N][C][=Branch1][C][=O][N][C@@H1][Branch1][Branch2][C][C][C][=Branch1][C][=O][N][C][=Branch1][C][=O][N][C@@H1][Branch1][=N][C][C][=C][C][=C][Branch1][C][O][C][=C][Ring1][#Branch1][C][=Branch1][C][=O][N][C@@H1][Branch1][#Branch1][C@H1][Branch1][Ring1][C][C][C][C][=Branch1][C][=O][O],CC[C@H](C)[C@H](NC(=O)[C@H](Cc1ccc(O)cc1)NC(=O)[C@H](CCC(N)=O)NC(=O)[C@H](CCCNC(=N)N)NC(=O)[C@H](Cc1ccccc1)NC(=O)[C@H](Cc1ccc(O)cc1)NC(=O)CNC(=O)[C@@H](NC(=O)[C@@H](NC(=O)[C@H](CCSC)NC(=O)[C@H](Cc1c[nH]c2ccccc12)NC(=O)[C@H](Cc1c[nH]cn1)NC(=O)[C@@H](CC(C)C)NC(=O)[C@H](CCCCN)NC(=O)[C@H](CCSC)NC(=O)[C@H](Cc1ccc(O)cc1)NC(=O)[C@H](CCCCN)NC(=O)[C@H](CCCCN)NC(=O)[C@H](CO)NC(=O)[C@H](CCC(N)=O)NC(=O)[C@@H](N)CCCNC(=N)N)[C@@H](C)CC)[C@@H](C)O)C(=O)O,CC[C@H](C)[C@H](NC(=O)[C@H](Cc1ccc(O)cc1)NC(=O)[C@H](CCC(N)=O)NC(=O)[C@H](CCCNC(=N)N)NC(=O)[C@H](Cc1ccccc1)NC(=O)[C@H](Cc1ccc(O)cc1)NC(=O)CNC(=O)[C@@H](NC(=O)[C@@H](NC(=O)[C@H](CCSC)NC(=O)[C@H](Cc1c[nH]c2ccccc12)NC(=O)[C@H](Cc1c[nH]cn1)NC(=O)[C@@H](CC(C)C)NC(=O)[C@H](CCCCN)NC(=O)[C@H](CCSC)NC(=O)[C@H](Cc1ccc(O)cc1)NC(=O)[C@H](CCCCN)NC(=O)[C@H](CCCCN)NC(=O)[C@H](CO)NC(=O)[C@H](CCC(N)=O)NC(=O)[C@@H](N)CCCNC(=N)N)[C@@H](C)CC)[C@@H](C)O)C(=O)O,False
48,BAA-3197,1,320,strain_BAA-3197_MIC_1_length_320_noise.txt,2,b5b4ed6760b31d1f1dcec22afbc1c0a408e5072134c209dd760f38d35a842c20,FIYDRFFEPWRGKFIKKVQNN,FIYDRFFEPWRGKFIKKVQNN,FIYDRFFEPWRGKFIKKVQNN,,unchanged_generated_output,[N][C@@H1][Branch1][#Branch2][C][C][=C][C][=C][C][=C][Ring1][=Branch1][C][=Branch1][C][=O][N][C@@H1][Branch1][#Branch1][C@H1][Branch1][Ring1][C][C][C][C][=Branch1][C][=O][N][C@@H1][Branch1][=N][C][C][=C][C][=C][Branch1][C][O][C][=C][Ring1][#Branch1][C][=Branch1][C][=O][N][C@@H1][Branch1][#Branch1][C][C][=Branch1][C][=O][O][C][=Branch1][C][=O][N][C@@H1][Branch1][#Branch2][C][C][C][N][C][=Branch1][C][=N][N][C][=Branch1][C][=O][N][C@@H1][Branch1][#Branch2][C][C][=C][C][=C][C][=C][Ring1][=Branch1][C][=Branch1][C][=O][N][C@@H1][Branch1][#Branch2][C][C][=C][C][=C][C][=C][Ring1][=Branch1][C][=Branch1][C][=O][N][C@@H1][Branch1][Branch2][C][C][C][=Branch1][C][=O][O][C][=Branch1][C][=O][N][C@@H1][Branch1][=Branch1][C][C][C][Ring1][Branch1][C][=Branch1][C][=O][N][C@@H1][Branch1][P][C][C][=Branch1][Ring1][=C][N][C][=C][Ring1][Ring1][C][=C][C][=C][Ring1][=Branch1][C][=Branch1][C][=O][N][C@@H1][Branch1][#Branch2][C][C][C][N][C][=Branch1][C][=N][N][C][=Branch1][C][=O][N][C][C][=Branch1][C][=O][N][C@@H1][Branch1][=Branch1][C][C][C][C][N][C][=Branch1][C][=O][N][C@@H1][Branch1][#Branch2][C][C][=C][C][=C][C][=C][Ring1][=Branch1][C][=Branch1][C][=O][N][C@@H1][Branch1][#Branch1][C@H1][Branch1][Ring1][C][C][C][C][=Branch1][C][=O][N][C@@H1][Branch1][=Branch1][C][C][C][C][N][C][=Branch1][C][=O][N][C@@H1][Branch1][=Branch1][C][C][C][C][N][C][=Branch1][C][=O][N][C@@H1][Branch1][=Branch1][C][Branch1][C][C][C][C][=Branch1][C][=O][N][C@@H1][Branch1][Branch2][C][C][C][=Branch1][C][=O][N][C][=Branch1][C][=O][N][C@@H1][Branch1][#Branch1][C][C][=Branch1][C][=O][N][C][=Branch1][C][=O][N][C@@H1][Branch1][#Branch1][C][C][=Branch1][C][=O][N][C][=Branch1][C][=O][O],[N][C@@H1][Branch1][#Branch2][C][C][=C][C][=C][C][=C][Ring1][=Branch1][C][=Branch1][C][=O][N][C@@H1][Branch1][#Branch1][C@H1][Branch1][Ring1][C][C][C][C][=Branch1][C][=O][N][C@@H1][Branch1][=N][C][C][=C][C][=C][Branch1][C][O][C][=C][Ring1][#Branch1][C][=Branch1][C][=O][N][C@@H1][Branch1][#Branch1][C][C][=Branch1][C][=O][O][C][=Branch1][C][=O][N][C@@H1][Branch1][#Branch2][C][C][C][N][C][=Branch1][C][=N][N][C][=Branch1][C][=O][N][C@@H1][Branch1][#Branch2][C][C][=C][C][=C][C][=C][Ring1][=Branch1][C][=Branch1][C][=O][N][C@@H1][Branch1][#Branch2][C][C][=C][C][=C][C][=C][Ring1][=Branch1][C][=Branch1][C][=O][N][C@@H1][Branch1][Branch2][C][C][C][=Branch1][C][=O][O][C][=Branch1][C][=O][N][C@@H1][Branch1][=Branch1][C][C][C][Ring1][Branch1][C][=Branch1][C][=O][N][C@@H1][Branch1][P][C][C][=Branch1][Ring1][=C][N][C][=C][Ring1][Ring1][C][=C][C][=C][Ring1][=Branch1][C][=Branch1][C][=O][N][C@@H1][Branch1][#Branch2][C][C][C][N][C][=Branch1][C][=N][N][C][=Branch1][C][=O][N][C][C][=Branch1][C][=O][N][C@@H1][Branch1][=Branch1][C][C][C][C][N][C][=Branch1][C][=O][N][C@@H1][Branch1][#Branch2][C][C][=C][C][=C][C][=C][Ring1][=Branch1][C][=Branch1][C][=O][N][C@@H1][Branch1][#Branch1][C@H1][Branch1][Ring1][C][C][C][C][=Branch1][C][=O][N][C@@H1][Branch1][=Branch1][C][C][C][C][N][C][=Branch1][C][=O][N][C@@H1][Branch1][=Branch1][C][C][C][C][N][C][=Branch1][C][=O][N][C@@H1][Branch1][=Branch1][C][Branch1][C][C][C][C][=Branch1][C][=O][N][C@@H1][Branch1][Branch2][C][C][C][=Branch1][C][=O][N][C][=Branch1][C][=O][N][C@@H1][Branch1][#Branch1][C][C][=Branch1][C][=O][N][C][=Branch1][C][=O][N][C@@H1][Branch1][#Branch1][C][C][=Branch1][C][=O][N][C][=Branch1][C][=O][O],CC[C@H](C)[C@H](NC(=O)[C@H](Cc1ccccc1)NC(=O)[C@H](CCCCN)NC(=O)CNC(=O)[C@H](CCCNC(=N)N)NC(=O)[C@H](Cc1c[nH]c2ccccc12)NC(=O)[C@@H]1CCCN1C(=O)[C@H](CCC(=O)O)NC(=O)[C@H](Cc1ccccc1)NC(=O)[C@H](Cc1ccccc1)NC(=O)[C@H](CCCNC(=N)N)NC(=O)[C@H](CC(=O)O)NC(=O)[C@H](Cc1ccc(O)cc1)NC(=O)[C@@H](NC(=O)[C@@H](N)Cc1ccccc1)[C@@H](C)CC)C(=O)N[C@@H](CCCCN)C(=O)N[C@@H](CCCCN)C(=O)N[C@H](C(=O)N[C@@H](CCC(N)=O)C(=O)N[C@@H](CC(N)=O)C(=O)N[C@@H](CC(N)=O)C(=O)O)C(C)C,CC[C@H](C)[C@H](NC(=O)[C@H](Cc1ccccc1)NC(=O)[C@H](CCCCN)NC(=O)CNC(=O)[C@H](CCCNC(=N)N)NC(=O)[C@H](Cc1c[nH]c2ccccc12)NC(=O)[C@@H]1CCCN1C(=O)[C@H](CCC(=O)O)NC(=O)[C@H](Cc1ccccc1)NC(=O)[C@H](Cc1ccccc1)NC(=O)[C@H](CCCNC(=N)N)NC(=O)[C@H](CC(=O)O)NC(=O)[C@H](Cc1ccc(O)cc1)NC(=O)[C@@H](NC(=O)[C@@H](N)Cc1ccccc1)[C@@H](C)CC)C(=O)N[C@@H](CCCCN)C(=O)N[C@@H](CCCCN)C(=O)N[C@H](C(=O)N[C@@H](CCC(N)=O)C(=O)N[C@@H](CC(N)=O)C(=O)N[C@@H](CC(N)=O)C(=O)O)C(C)C,False
49,BAA-3197,1,324,strain_BAA-3197_MIC_1_length_324_noise.txt,1,74632ccc0cf9916e40ba871e65e8c1f906a694561c3ec4cb0c96c6fd2535070e,FImKCWYYWMVMKQRIMYRGT,FImKCWYYWMVMKQRIMYRGT,FlmKCWYYWMVMKQRIMYRGT,ApexOracle-2,nearest_precursor_replaced_by_final_peptide,[N][C@@H1][Branch1][#Branch2][C][C][=C][C][=C][C][=C][Ring1][=Branch1][C][=Branch1][C][=O][N][C@@H1][Branch1][#Branch1][C@H1][Branch1][Ring1][C][C][C][C][=Branch1][C][=O][N][C@H1][Branch1][Branch1][C][C][S][C][C][=Branch1][C][=O][N][C@@H1][Branch1][=Branch1][C][C][C][C][N][C][=Branch1][C][=O][N][C@@H1][Branch1][Ring1][C][S][C][=Branch1][C][=O][N][C@@H1][Branch1][P][C][C][=Branch1][Ring1][=C][N][C][=C][Ring1][Ring1][C][=C][C][=C][Ring1][=Branch1][C][=Branch1][C][=O][N][C@@H1][Branch1][=N][C][C][=C][C][=C][Branch1][C][O][C][=C][Ring1][#Branch1][C][=Branch1][C][=O][N][C@@H1][Branch1][=N][C][C][=C][C][=C][Branch1][C][O][C][=C][Ring1][#Branch1][C][=Branch1][C][=O][N][C@@H1][Branch1][P][C][C][=Branch1][Ring1][=C][N][C][=C][Ring1][Ring1][C][=C][C][=C][Ring1][=Branch1][C][=Branch1][C][=O][N][C@@H1][Branch1][Branch1][C][C][S][C][C][=Branch1][C][=O][N][C@@H1][Branch1][=Branch1][C][Branch1][C][C][C][C][=Branch1][C][=O][N][C@@H1][Branch1][Branch1][C][C][S][C][C][=Branch1][C][=O][N][C@@H1][Branch1][=Branch1][C][C][C][C][N][C][=Branch1][C][=O][N][C@@H1][Branch1][Branch2][C][C][C][=Branch1][C][=O][N][C][=Branch1][C][=O][N][C@@H1][Branch1][#Branch2][C][C][C][N][C][=Branch1][C][=N][N][C][=Branch1][C][=O][N][C@@H1][Branch1][#Branch1][C@H1][Branch1][Ring1][C][C][C][C][=Branch1][C][=O][N][C@@H1][Branch1][Branch1][C][C][S][C][C][=Branch1][C][=O][N][C@@H1][Branch1][=N][C][C][=C][C][=C][Branch1][C][O][C][=C][Ring1][#Branch1][C][=Branch1][C][=O][N][C@@H1][Branch1][#Branch2][C][C][C][N][C][=Branch1][C][=N][N][C][=Branch1][C][=O][N][C][C][=Branch1][C][=O][N][C@@H1][Branch1][=Branch1][C@H1][Branch1][C][O][C][C][=Branch1][C][=O][O],[C][C][C@H1][Branch1][C][C][C@H1][Branch2][S][O][N][C][=Branch1][C][=O][C@H1][Branch1][#Branch2][C][C][C][N][=C][Branch1][C][N][N][N][C][=Branch1][C][=O][C@H1][Branch1][Branch2][C][C][C][Branch1][C][N][=O][N][C][=Branch1][C][=O][C@H1][Branch1][=Branch1][C][C][C][C][N][N][C][=Branch1][C][=O][C@H1][Branch1][Branch1][C][C][S][C][N][C][=Branch1][C][=O][C@@H1][Branch2][N][Ring2][N][C][=Branch1][C][=O][C@H1][Branch1][Branch1][C][C][S][C][N][C][=Branch1][C][=O][C@H1][Branch1][#C][C][C][=C][NH1][C][=C][C][=C][C][=C][Ring1][=Branch2][Ring1][=Branch1][N][C][=Branch1][C][=O][C@H1][Branch1][=N][C][C][=C][C][=C][Branch1][C][O][C][=C][Ring1][#Branch1][N][C][=Branch1][C][=O][C@H1][Branch1][=N][C][C][=C][C][=C][Branch1][C][O][C][=C][Ring1][#Branch1][N][C][=Branch1][C][=O][C@H1][Branch1][#C][C][C][=C][NH1][C][=C][C][=C][C][=C][Ring1][=Branch2][Ring1][=Branch1][N][C][=Branch1][C][=O][C@H1][Branch1][Ring1][C][S][N][C][=Branch1][C][=O][C@H1][Branch1][=Branch1][C][C][C][C][N][N][C][=Branch1][C][=O][C@@H1][Branch1][Branch1][C][C][S][C][N][C][=Branch1][C][=O][C@@H1][Branch1][#Branch1][C][C][Branch1][C][C][C][N][C][=Branch1][C][=O][C@@H1][Branch1][C][N][C][C][=C][C][=C][C][=C][Ring1][=Branch1][C][Branch1][C][C][C][C][=Branch1][C][=O][N][C@@H1][Branch1][Branch1][C][C][S][C][C][=Branch1][C][=O][N][C@@H1][Branch1][=N][C][C][=C][C][=C][Branch1][C][O][C][=C][Ring1][#Branch1][C][=Branch1][C][=O][N][C@@H1][Branch1][#Branch2][C][C][C][N][=C][Branch1][C][N][N][C][=Branch1][C][=O][N][C][C][=Branch1][C][=O][N][C@H1][Branch1][=Branch1][C][=Branch1][C][=O][O][C@@H1][Branch1][C][C][O],CC[C@H](C)[C@H](NC(=O)[C@H](CCCNC(=N)N)NC(=O)[C@H](CCC(N)=O)NC(=O)[C@H](CCCCN)NC(=O)[C@H](CCSC)NC(=O)[C@@H](NC(=O)[C@H](CCSC)NC(=O)[C@H](Cc1c[nH]c2ccccc12)NC(=O)[C@H](Cc1ccc(O)cc1)NC(=O)[C@H](Cc1ccc(O)cc1)NC(=O)[C@H](Cc1c[nH]c2ccccc12)NC(=O)[C@H](CS)NC(=O)[C@H](CCCCN)NC(=O)[C@@H](CCSC)NC(=O)[C@@H](NC(=O)[C@@H](N)Cc1ccccc1)[C@@H](C)CC)C(C)C)C(=O)N[C@@H](CCSC)C(=O)N[C@@H](Cc1ccc(O)cc1)C(=O)N[C@@H](CCCNC(=N)N)C(=O)NCC(=O)N[C@H](C(=O)O)[C@@H](C)O,CC[C@H](C)[C@H](NC(=O)[C@H](CCCN=C(N)N)NC(=O)[C@H](CCC(N)=O)NC(=O)[C@H](CCCCN)NC(=O)[C@H](CCSC)NC(=O)[C@@H](NC(=O)[C@H](CCSC)NC(=O)[C@H](Cc1c[nH]c2ccccc12)NC(=O)[C@H](Cc1ccc(O)cc1)NC(=O)[C@H](Cc1ccc(O)cc1)NC(=O)[C@H](Cc1c[nH]c2ccccc12)NC(=O)[C@H](CS)NC(=O)[C@H](CCCCN)NC(=O)[C@@H](CCSC)NC(=O)[C@@H](CC(C)C)NC(=O)[C@@H](N)Cc1ccccc1)C(C)C)C(=O)N[C@@H](CCSC)C(=O)N[C@@H](Cc1ccc(O)cc1)C(=O)N[C@@H](CCCN=C(N)N)C(=O)NCC(=O)N[C@H](C(=O)O)[C@@H](C)O,True
50,BAA-3197,1,328,strain_BAA-3197_MIC_1_length_328_noise.txt,1,48b95981fa2bd09fa82a15aee5250a147357988f847547c77125351a85da7555,MLFKLALKNPLYFIKGKAKKSKBGL,MLFKLALKNPLYFIKGKAKKSKRGL,MLFKLALKNPLYFIKGKAKKSKRGL,,unchanged_generated_output,[C][C][C@H1][Branch1][C][C][C@H1][Branch2][=N][Branch2][N][C][=Branch1][C][=O][C@H1][Branch1][#Branch2][C][C][=C][C][=C][C][=C][Ring1][=Branch1][N][C][=Branch1][C][=O][C@H1][Branch1][=N][C][C][=C][C][=C][Branch1][C][O][C][=C][Ring1][#Branch1][N][C][=Branch1][C][=O][C@H1][Branch1][#Branch1][C][C][Branch1][C][C][C][N][C][=Branch1][C][=O][C@@H1][C][C][C][N][Ring1][Branch1][C][=Branch1][C][=O][C@H1][Branch1][#Branch1][C][C][Branch1][C][N][=O][N][C][=Branch1][C][=O][C@H1][Branch1][=Branch1][C][C][C][C][N][N][C][=Branch1][C][=O][C@H1][Branch1][#Branch1][C][C][Branch1][C][C][C][N][C][=Branch1][C][=O][C@H1][Branch1][C][C][N][C][=Branch1][C][=O][C@H1][Branch1][#Branch1][C][C][Branch1][C][C][C][N][C][=Branch1][C][=O][C@H1][Branch1][=Branch1][C][C][C][C][N][N][C][=Branch1][C][=O][C@H1][Branch1][#Branch2][C][C][=C][C][=C][C][=C][Ring1][=Branch1][N][C][=Branch1][C][=O][C@H1][Branch1][#Branch1][C][C][Branch1][C][C][C][N][C][=Branch1][C][=O][C@@H1][Branch1][C][N][C][C][S][C][C][=Branch1][C][=O][N][C@@H1][Branch1][=Branch1][C][C][C][C][N][C][=Branch1][C][=O][N][C][C][=Branch1][C][=O][N][C@@H1][Branch1][=Branch1][C][C][C][C][N][C][=Branch1][C][=O][N][C@@H1][Branch1][C][C][C][=Branch1][C][=O][N][C@@H1][Branch1][=Branch1][C][C][C][C][N][C][=Branch1][C][=O][N][C@@H1][Branch1][=Branch1][C][C][C][C][N][C][=Branch1][C][=O][N][C@@H1][Branch1][Ring1][C][O][C][=Branch1][C][=O][N][C@@H1][Branch1][=Branch1][C][C][C][C][N][C][=Branch1][C][=O][N][C@@H1][Branch1][#Branch2][C][C][C][N][=C][Branch1][C][N][N][C][=Branch1][C][=O][N][C][C][=Branch1][C][=O][N][C@@H1][Branch1][#Branch1][C][C][Branch1][C][C][C][C][=Branch1][C][=O][OH1],[C][C][C@H1][Branch1][C][C][C@H1][Branch2][=N][Branch2][N][C][=Branch1][C][=O][C@H1][Branch1][#Branch2][C][C][=C][C][=C][C][=C][Ring1][=Branch1][N][C][=Branch1][C][=O][C@H1][Branch1][=N][C][C][=C][C][=C][Branch1][C][O][C][=C][Ring1][#Branch1][N][C][=Branch1][C][=O][C@H1][Branch1][#Branch1][C][C][Branch1][C][C][C][N][C][=Branch1][C][=O][C@@H1][C][C][C][N][Ring1][Branch1][C][=Branch1][C][=O][C@H1][Branch1][#Branch1][C][C][Branch1][C][N][=O][N][C][=Branch1][C][=O][C@H1][Branch1][=Branch1][C][C][C][C][N][N][C][=Branch1][C][=O][C@H1][Branch1][#Branch1][C][C][Branch1][C][C][C][N][C][=Branch1][C][=O][C@H1][Branch1][C][C][N][C][=Branch1][C][=O][C@H1][Branch1][#Branch1][C][C][Branch1][C][C][C][N][C][=Branch1][C][=O][C@H1][Branch1][=Branch1][C][C][C][C][N][N][C][=Branch1][C][=O][C@H1][Branch1][#Branch2][C][C][=C][C][=C][C][=C][Ring1][=Branch1][N][C][=Branch1][C][=O][C@H1][Branch1][#Branch1][C][C][Branch1][C][C][C][N][C][=Branch1][C][=O][C@@H1][Branch1][C][N][C][C][S][C][C][=Branch1][C][=O][N][C@@H1][Branch1][=Branch1][C][C][C][C][N][C][=Branch1][C][=O][N][C][C][=Branch1][C][=O][N][C@@H1][Branch1][=Branch1][C][C][C][C][N][C][=Branch1][C][=O][N][C@@H1][Branch1][C][C][C][=Branch1][C][=O][N][C@@H1][Branch1][=Branch1][C][C][C][C][N][C][=Branch1][C][=O][N][C@@H1][Branch1][=Branch1][C][C][C][C][N][C][=Branch1][C][=O][N][C@@H1][Branch1][Ring1][C][O][C][=Branch1][C][=O][N][C@@H1][Branch1][=Branch1][C][C][C][C][N][C][=Branch1][C][=O][N][C@@H1][Branch1][#Branch2][C][C][C][N][=C][Branch1][C][N][N][C][=Branch1][C][=O][N][C][C][=Branch1][C][=O][N][C@@H1][Branch1][#Branch1][C][C][Branch1][C][C][C][C][=Branch1][C][=O][OH1],CC[C@H](C)[C@H](NC(=O)[C@H](Cc1ccccc1)NC(=O)[C@H](Cc1ccc(O)cc1)NC(=O)[C@H](CC(C)C)NC(=O)[C@@H]1CCCN1C(=O)[C@H](CC(N)=O)NC(=O)[C@H](CCCCN)NC(=O)[C@H](CC(C)C)NC(=O)[C@H](C)NC(=O)[C@H](CC(C)C)NC(=O)[C@H](CCCCN)NC(=O)[C@H](Cc1ccccc1)NC(=O)[C@H](CC(C)C)NC(=O)[C@@H](N)CCSC)C(=O)N[C@@H](CCCCN)C(=O)NCC(=O)N[C@@H](CCCCN)C(=O)N[C@@H](C)C(=O)N[C@@H](CCCCN)C(=O)N[C@@H](CCCCN)C(=O)N[C@@H](CO)C(=O)N[C@@H](CCCCN)C(=O)N[C@@H](CCCN=C(N)N)C(=O)NCC(=O)N[C@@H](CC(C)C)C(=O)O,CC[C@H](C)[C@H](NC(=O)[C@H](Cc1ccccc1)NC(=O)[C@H](Cc1ccc(O)cc1)NC(=O)[C@H](CC(C)C)NC(=O)[C@@H]1CCCN1C(=O)[C@H](CC(N)=O)NC(=O)[C@H](CCCCN)NC(=O)[C@H](CC(C)C)NC(=O)[C@H](C)NC(=O)[C@H](CC(C)C)NC(=O)[C@H](CCCCN)NC(=O)[C@H](Cc1ccccc1)NC(=O)[C@H](CC(C)C)NC(=O)[C@@H](N)CCSC)C(=O)N[C@@H](CCCCN)C(=O)NCC(=O)N[C@@H](CCCCN)C(=O)N[C@@H](C)C(=O)N[C@@H](CCCCN)C(=O)N[C@@H](CCCCN)C(=O)N[C@@H](CO)C(=O)N[C@@H](CCCCN)C(=O)N[C@@H](CCCN=C(N)N)C(=O)NCC(=O)N[C@@H](CC(C)C)C(=O)O,False
51,BAA-3197,1,332,strain_BAA-3197_MIC_1_length_332_noise.txt,1,741c095f0196fd470071406419649b133778b143b8c79c8b621980093efe76f0,LELSBELBBEKLASIBGKSDSAEAB,LELSRELRREKLASIRGKSDSAEAR,LELSRELRREKLASIRGKSDSAEAR,,unchanged_generated_output,[C][C][C@H1][Branch1][C][C][C@H1][Branch2][=C][Ring2][N][C][=Branch1][C][=O][C@H1][Branch1][Ring1][C][O][N][C][=Branch1][C][=O][C@H1][Branch1][C][C][N][C][=Branch1][C][=O][C@H1][Branch1][#Branch1][C][C][Branch1][C][C][C][N][C][=Branch1][C][=O][C@H1][Branch1][=Branch1][C][C][C][C][N][N][C][=Branch1][C][=O][C@H1][Branch1][Branch2][C][C][C][=Branch1][C][=O][O][N][C][=Branch1][C][=O][C@H1][Branch1][#Branch2][C][C][C][N][=C][Branch1][C][N][N][N][C][=Branch1][C][=O][C@H1][Branch1][#Branch2][C][C][C][N][=C][Branch1][C][N][N][N][C][=Branch1][C][=O][C@H1][Branch1][#Branch1][C][C][Branch1][C][C][C][N][C][=Branch1][C][=O][C@H1][Branch1][Branch2][C][C][C][=Branch1][C][=O][O][N][C][=Branch1][C][=O][C@H1][Branch1][#Branch2][C][C][C][N][=C][Branch1][C][N][N][N][C][=Branch1][C][=O][C@H1][Branch1][Ring1][C][O][N][C][=Branch1][C][=O][C@H1][Branch1][#Branch1][C][C][Branch1][C][C][C][N][C][=Branch1][C][=O][C@H1][Branch1][Branch2][C][C][C][=Branch1][C][=O][O][N][C][=Branch1][C][=O][C@@H1][Branch1][C][N][C][C][Branch1][C][C][C][C][=Branch1][C][=O][N][C@@H1][Branch1][#Branch2][C][C][C][N][=C][Branch1][C][N][N][C][=Branch1][C][=O][N][C][C][=Branch1][C][=O][N][C@@H1][Branch1][=Branch1][C][C][C][C][N][C][=Branch1][C][=O][N][C@@H1][Branch1][Ring1][C][O][C][=Branch1][C][=O][N][C@@H1][Branch1][#Branch1][C][C][=Branch1][C][=O][O][C][=Branch1][C][=O][N][C@@H1][Branch1][Ring1][C][O][C][=Branch1][C][=O][N][C@@H1][Branch1][C][C][C][=Branch1][C][=O][N][C@@H1][Branch1][Branch2][C][C][C][=Branch1][C][=O][O][C][=Branch1][C][=O][N][C@@H1][Branch1][C][C][C][=Branch1][C][=O][N][C@@H1][Branch1][#Branch2][C][C][C][N][=C][Branch1][C][N][N][C][=Branch1][C][=O][OH1],[C][C][C@H1][Branch1][C][C][C@H1][Branch2][=C][Ring2][N][C][=Branch1][C][=O][C@H1][Branch1][Ring1][C][O][N][C][=Branch1][C][=O][C@H1][Branch1][C][C][N][C][=Branch1][C][=O][C@H1][Branch1][#Branch1][C][C][Branch1][C][C][C][N][C][=Branch1][C][=O][C@H1][Branch1][=Branch1][C][C][C][C][N][N][C][=Branch1][C][=O][C@H1][Branch1][Branch2][C][C][C][=Branch1][C][=O][O][N][C][=Branch1][C][=O][C@H1][Branch1][#Branch2][C][C][C][N][=C][Branch1][C][N][N][N][C][=Branch1][C][=O][C@H1][Branch1][#Branch2][C][C][C][N][=C][Branch1][C][N][N][N][C][=Branch1][C][=O][C@H1][Branch1][#Branch1][C][C][Branch1][C][C][C][N][C][=Branch1][C][=O][C@H1][Branch1][Branch2][C][C][C][=Branch1][C][=O][O][N][C][=Branch1][C][=O][C@H1][Branch1][#Branch2][C][C][C][N][=C][Branch1][C][N][N][N][C][=Branch1][C][=O][C@H1][Branch1][Ring1][C][O][N][C][=Branch1][C][=O][C@H1][Branch1][#Branch1][C][C][Branch1][C][C][C][N][C][=Branch1][C][=O][C@H1][Branch1][Branch2][C][C][C][=Branch1][C][=O][O][N][C][=Branch1][C][=O][C@@H1][Branch1][C][N][C][C][Branch1][C][C][C][C][=Branch1][C][=O][N][C@@H1][Branch1][#Branch2][C][C][C][N][=C][Branch1][C][N][N][C][=Branch1][C][=O][N][C][C][=Branch1][C][=O][N][C@@H1][Branch1][=Branch1][C][C][C][C][N][C][=Branch1][C][=O][N][C@@H1][Branch1][Ring1][C][O][C][=Branch1][C][=O][N][C@@H1][Branch1][#Branch1][C][C][=Branch1][C][=O][O][C][=Branch1][C][=O][N][C@@H1][Branch1][Ring1][C][O][C][=Branch1][C][=O][N][C@@H1][Branch1][C][C][C][=Branch1][C][=O][N][C@@H1][Branch1][Branch2][C][C][C][=Branch1][C][=O][O][C][=Branch1][C][=O][N][C@@H1][Branch1][C][C][C][=Branch1][C][=O][N][C@@H1][Branch1][#Branch2][C][C][C][N][=C][Branch1][C][N][N][C][=Branch1][C][=O][OH1],CC[C@H](C)[C@H](NC(=O)[C@H](CO)NC(=O)[C@H](C)NC(=O)[C@H](CC(C)C)NC(=O)[C@H](CCCCN)NC(=O)[C@H](CCC(=O)O)NC(=O)[C@H](CCCN=C(N)N)NC(=O)[C@H](CCCN=C(N)N)NC(=O)[C@H](CC(C)C)NC(=O)[C@H](CCC(=O)O)NC(=O)[C@H](CCCN=C(N)N)NC(=O)[C@H](CO)NC(=O)[C@H](CC(C)C)NC(=O)[C@H](CCC(=O)O)NC(=O)[C@@H](N)CC(C)C)C(=O)N[C@@H](CCCN=C(N)N)C(=O)NCC(=O)N[C@@H](CCCCN)C(=O)N[C@@H](CO)C(=O)N[C@@H](CC(=O)O)C(=O)N[C@@H](CO)C(=O)N[C@@H](C)C(=O)N[C@@H](CCC(=O)O)C(=O)N[C@@H](C)C(=O)N[C@@H](CCCN=C(N)N)C(=O)O,CC[C@H](C)[C@H](NC(=O)[C@H](CO)NC(=O)[C@H](C)NC(=O)[C@H](CC(C)C)NC(=O)[C@H](CCCCN)NC(=O)[C@H](CCC(=O)O)NC(=O)[C@H](CCCN=C(N)N)NC(=O)[C@H](CCCN=C(N)N)NC(=O)[C@H](CC(C)C)NC(=O)[C@H](CCC(=O)O)NC(=O)[C@H](CCCN=C(N)N)NC(=O)[C@H](CO)NC(=O)[C@H](CC(C)C)NC(=O)[C@H](CCC(=O)O)NC(=O)[C@@H](N)CC(C)C)C(=O)N[C@@H](CCCN=C(N)N)C(=O)NCC(=O)N[C@@H](CCCCN)C(=O)N[C@@H](CO)C(=O)N[C@@H](CC(=O)O)C(=O)N[C@@H](CO)C(=O)N[C@@H](C)C(=O)N[C@@H](CCC(=O)O)C(=O)N[C@@H](C)C(=O)N[C@@H](CCCN=C(N)N)C(=O)O,False
52,BAA-3197,1,336,strain_BAA-3197_MIC_1_length_336_noise.txt,1,fa10bda25e3971205aa35b99c0944be6fcbe681abb1477f2a526c284c3225f6b,cyclo-ACGAWKKFFyIFYRDFWYQIS,cyclo-ACGAWKKFFyIFYRDFWYQIS,cyclo-ACGAWKKFFyIFYRDFWYQIS,,unchanged_generated_output,[N][C@@H1][Branch1][C][C][C][=Branch1][C][=O][N][C@@H1][Branch1][Ring1][C][S][C][=Branch1][C][=O][N][C][C][=Branch1][C][=O][N][C@@H1][Branch1][C][C][C][=Branch1][C][=O][N][C@@H1][Branch1][P][C][C][=Branch1][Ring1][=C][N][C][=C][Ring1][Ring1][C][=C][C][=C][Ring1][=Branch1][C][=Branch1][C][=O][N][C@@H1][Branch1][=Branch1][C][C][C][C][N][C][=Branch1][C][=O][N][C@@H1][Branch1][=Branch1][C][C][C][C][N][C][=Branch1][C][=O][N][C@@H1][Branch1][#Branch2][C][C][=C][C][=C][C][=C][Ring1][=Branch1][C][=Branch1][C][=O][N][C@@H1][Branch1][#Branch2][C][C][=C][C][=C][C][=C][Ring1][=Branch1][C][=Branch1][C][=O][N][C@H1][Branch1][=N][C][C][=C][C][=C][Branch1][C][O][C][=C][Ring1][#Branch1][C][=Branch1][C][=O][N][C@@H1][Branch1][#Branch1][C@H1][Branch1][Ring1][C][C][C][C][=Branch1][C][=O][N][C@@H1][Branch1][#Branch2][C][C][=C][C][=C][C][=C][Ring1][=Branch1][C][=Branch1][C][=O][N][C@@H1][Branch1][=N][C][C][=C][C][=C][Branch1][C][O][C][=C][Ring1][#Branch1][C][=Branch1][C][=O][N][C@@H1][Branch1][#Branch2][C][C][C][N][C][=Branch1][C][=N][N][C][=Branch1][C][=O][N][C@@H1][Branch1][#Branch1][C][C][=Branch1][C][=O][O][C][=Branch1][C][=O][N][C@@H1][Branch1][#Branch2][C][C][=C][C][=C][C][=C][Ring1][=Branch1][C][=Branch1][C][=O][N][C@@H1][Branch1][P][C][C][=Branch1][Ring1][=C][N][C][=C][Ring1][Ring1][C][=C][C][=C][Ring1][=Branch1][C][=Branch1][C][=O][N][C@@H1][Branch1][=N][C][C][=C][C][=C][Branch1][C][O][C][=C][Ring1][#Branch1][C][=Branch1][C][=O][N][C@@H1][Branch1][Branch2][C][C][C][=Branch1][C][=O][N][C][=Branch1][C][=O][N][C@@H1][Branch1][#Branch1][C@H1][Branch1][Ring1][C][C][C][C][=Branch1][C][=O][N][C@@H1][Branch1][Ring1][C][O][C][Ring2][=C][Ring1][=O],[N][C@@H1][Branch1][C][C][C][=Branch1][C][=O][N][C@@H1][Branch1][Ring1][C][S][C][=Branch1][C][=O][N][C][C][=Branch1][C][=O][N][C@@H1][Branch1][C][C][C][=Branch1][C][=O][N][C@@H1][Branch1][P][C][C][=Branch1][Ring1][=C][N][C][=C][Ring1][Ring1][C][=C][C][=C][Ring1][=Branch1][C][=Branch1][C][=O][N][C@@H1][Branch1][=Branch1][C][C][C][C][N][C][=Branch1][C][=O][N][C@@H1][Branch1][=Branch1][C][C][C][C][N][C][=Branch1][C][=O][N][C@@H1][Branch1][#Branch2][C][C][=C][C][=C][C][=C][Ring1][=Branch1][C][=Branch1][C][=O][N][C@@H1][Branch1][#Branch2][C][C][=C][C][=C][C][=C][Ring1][=Branch1][C][=Branch1][C][=O][N][C@H1][Branch1][=N][C][C][=C][C][=C][Branch1][C][O][C][=C][Ring1][#Branch1][C][=Branch1][C][=O][N][C@@H1][Branch1][#Branch1][C@H1][Branch1][Ring1][C][C][C][C][=Branch1][C][=O][N][C@@H1][Branch1][#Branch2][C][C][=C][C][=C][C][=C][Ring1][=Branch1][C][=Branch1][C][=O][N][C@@H1][Branch1][=N][C][C][=C][C][=C][Branch1][C][O][C][=C][Ring1][#Branch1][C][=Branch1][C][=O][N][C@@H1][Branch1][#Branch2][C][C][C][N][C][=Branch1][C][=N][N][C][=Branch1][C][=O][N][C@@H1][Branch1][#Branch1][C][C][=Branch1][C][=O][O][C][=Branch1][C][=O][N][C@@H1][Branch1][#Branch2][C][C][=C][C][=C][C][=C][Ring1][=Branch1][C][=Branch1][C][=O][N][C@@H1][Branch1][P][C][C][=Branch1][Ring1][=C][N][C][=C][Ring1][Ring1][C][=C][C][=C][Ring1][=Branch1][C][=Branch1][C][=O][N][C@@H1][Branch1][=N][C][C][=C][C][=C][Branch1][C][O][C][=C][Ring1][#Branch1][C][=Branch1][C][=O][N][C@@H1][Branch1][Branch2][C][C][C][=Branch1][C][=O][N][C][=Branch1][C][=O][N][C@@H1][Branch1][#Branch1][C@H1][Branch1][Ring1][C][C][C][C][=Branch1][C][=O][N][C@@H1][Branch1][Ring1][C][O][C][Ring2][=C][Ring1][=O],CC[C@H](C)[C@@H]1NC(=O)[C@H](CCC(N)=O)NC(=O)[C@H](Cc2ccc(O)cc2)NC(=O)[C@H](Cc2c[nH]c3ccccc23)NC(=O)[C@H](Cc2ccccc2)NC(=O)[C@H](CC(=O)O)NC(=O)[C@H](CCCNC(=N)N)NC(=O)[C@H](Cc2ccc(O)cc2)NC(=O)[C@H](Cc2ccccc2)NC(=O)[C@H]([C@@H](C)CC)NC(=O)[C@@H](Cc2ccc(O)cc2)NC(=O)[C@H](Cc2ccccc2)NC(=O)[C@H](Cc2ccccc2)NC(=O)[C@H](CCCCN)NC(=O)[C@H](CCCCN)NC(=O)[C@H](Cc2c[nH]c3ccccc23)NC(=O)[C@H](C)NC(=O)CNC(=O)[C@H](CS)NC(=O)[C@H](C)NC(=O)[C@H](CO)NC1=O,CC[C@H](C)[C@@H]1NC(=O)[C@H](CCC(N)=O)NC(=O)[C@H](Cc2ccc(O)cc2)NC(=O)[C@H](Cc2c[nH]c3ccccc23)NC(=O)[C@H](Cc2ccccc2)NC(=O)[C@H](CC(=O)O)NC(=O)[C@H](CCCNC(=N)N)NC(=O)[C@H](Cc2ccc(O)cc2)NC(=O)[C@H](Cc2ccccc2)NC(=O)[C@H]([C@@H](C)CC)NC(=O)[C@@H](Cc2ccc(O)cc2)NC(=O)[C@H](Cc2ccccc2)NC(=O)[C@H](Cc2ccccc2)NC(=O)[C@H](CCCCN)NC(=O)[C@H](CCCCN)NC(=O)[C@H](Cc2c[nH]c3ccccc23)NC(=O)[C@H](C)NC(=O)CNC(=O)[C@H](CS)NC(=O)[C@H](C)NC(=O)[C@H](CO)NC1=O,False
53,BAA-3197,1,340,strain_BAA-3197_MIC_1_length_340_noise.txt,1,b0f38609eb86aa5f87955c0d054bd6907393f34233422d7cabbba28324e7be9f,cyclo-AIFWRFKILHRdRVYHRAPFQL,cyclo-AIFWRFKILHRdRVYHRAPFQL,cyclo-AIFWRFKILHRdRVYHRAPFQL,,unchanged_generated_output,[N][C@@H1][Branch1][C][C][C][=Branch1][C][=O][N][C@@H1][Branch1][#Branch1][C@H1][Branch1][Ring1][C][C][C][C][=Branch1][C][=O][N][C@@H1][Branch1][#Branch2][C][C][=C][C][=C][C][=C][Ring1][=Branch1][C][=Branch1][C][=O][N][C@@H1][Branch1][P][C][C][=Branch1][Ring1][=C][N][C][=C][Ring1][Ring1][C][=C][C][=C][Ring1][=Branch1][C][=Branch1][C][=O][N][C@@H1][Branch1][#Branch2][C][C][C][N][C][=Branch1][C][=N][N][C][=Branch1][C][=O][N][C@@H1][Branch1][#Branch2][C][C][=C][C][=C][C][=C][Ring1][=Branch1][C][=Branch1][C][=O][N][C@@H1][Branch1][=Branch1][C][C][C][C][N][C][=Branch1][C][=O][N][C@@H1][Branch1][#Branch1][C@H1][Branch1][Ring1][C][C][C][C][=Branch1][C][=O][N][C@@H1][Branch1][#Branch1][C][C][Branch1][C][C][C][C][=Branch1][C][=O][N][C@@H1][Branch1][=Branch2][C][C][=C][N][C][=N][Ring1][Branch1][C][=Branch1][C][=O][N][C@@H1][Branch1][#Branch2][C][C][C][N][C][=Branch1][C][=N][N][C][=Branch1][C][=O][N][C@H1][Branch1][#Branch1][C][C][=Branch1][C][=O][O][C][=Branch1][C][=O][N][C@@H1][Branch1][#Branch2][C][C][C][N][C][=Branch1][C][=N][N][C][=Branch1][C][=O][N][C@@H1][Branch1][=Branch1][C][Branch1][C][C][C][C][=Branch1][C][=O][N][C@@H1][Branch1][=N][C][C][=C][C][=C][Branch1][C][O][C][=C][Ring1][#Branch1][C][=Branch1][C][=O][N][C@@H1][Branch1][=Branch2][C][C][=C][N][C][=N][Ring1][Branch1][C][=Branch1][C][=O][N][C@@H1][Branch1][#Branch2][C][C][C][N][C][=Branch1][C][=N][N][C][=Branch1][C][=O][N][C@@H1][Branch1][C][C][C][=Branch1][C][=O][N][C@@H1][Branch1][=Branch1][C][C][C][Ring1][Branch1][C][=Branch1][C][=O][N][C@@H1][Branch1][#Branch2][C][C][=C][C][=C][C][=C][Ring1][=Branch1][C][=Branch1][C][=O][N][C@@H1][Branch1][Branch2][C][C][C][=Branch1][C][=O][N][C][=Branch1][C][=O][N][C@@H1][Branch1][#Branch1][C][C][Branch1][C][C][C][C][Ring2][=C][N][=O],[N][C@@H1][Branch1][C][C][C][=Branch1][C][=O][N][C@@H1][Branch1][#Branch1][C@H1][Branch1][Ring1][C][C][C][C][=Branch1][C][=O][N][C@@H1][Branch1][#Branch2][C][C][=C][C][=C][C][=C][Ring1][=Branch1][C][=Branch1][C][=O][N][C@@H1][Branch1][P][C][C][=Branch1][Ring1][=C][N][C][=C][Ring1][Ring1][C][=C][C][=C][Ring1][=Branch1][C][=Branch1][C][=O][N][C@@H1][Branch1][#Branch2][C][C][C][N][C][=Branch1][C][=N][N][C][=Branch1][C][=O][N][C@@H1][Branch1][#Branch2][C][C][=C][C][=C][C][=C][Ring1][=Branch1][C][=Branch1][C][=O][N][C@@H1][Branch1][=Branch1][C][C][C][C][N][C][=Branch1][C][=O][N][C@@H1][Branch1][#Branch1][C@H1][Branch1][Ring1][C][C][C][C][=Branch1][C][=O][N][C@@H1][Branch1][#Branch1][C][C][Branch1][C][C][C][C][=Branch1][C][=O][N][C@@H1][Branch1][=Branch2][C][C][=C][N][C][=N][Ring1][Branch1][C][=Branch1][C][=O][N][C@@H1][Branch1][#Branch2][C][C][C][N][C][=Branch1][C][=N][N][C][=Branch1][C][=O][N][C@H1][Branch1][#Branch1][C][C][=Branch1][C][=O][O][C][=Branch1][C][=O][N][C@@H1][Branch1][#Branch2][C][C][C][N][C][=Branch1][C][=N][N][C][=Branch1][C][=O][N][C@@H1][Branch1][=Branch1][C][Branch1][C][C][C][C][=Branch1][C][=O][N][C@@H1][Branch1][=N][C][C][=C][C][=C][Branch1][C][O][C][=C][Ring1][#Branch1][C][=Branch1][C][=O][N][C@@H1][Branch1][=Branch2][C][C][=C][N][C][=N][Ring1][Branch1][C][=Branch1][C][=O][N][C@@H1][Branch1][#Branch2][C][C][C][N][C][=Branch1][C][=N][N][C][=Branch1][C][=O][N][C@@H1][Branch1][C][C][C][=Branch1][C][=O][N][C@@H1][Branch1][=Branch1][C][C][C][Ring1][Branch1][C][=Branch1][C][=O][N][C@@H1][Branch1][#Branch2][C][C][=C][C][=C][C][=C][Ring1][=Branch1][C][=Branch1][C][=O][N][C@@H1][Branch1][Branch2][C][C][C][=Branch1][C][=O][N][C][=Branch1][C][=O][N][C@@H1][Branch1][#Branch1][C][C][Branch1][C][C][C][C][Ring2][=C][N][=O],CC[C@H](C)[C@@H]1NC(=O)[C@H](C)NC(=O)[C@H](CC(C)C)NC(=O)[C@H](CCC(N)=O)NC(=O)[C@H](Cc2ccccc2)NC(=O)[C@@H]2CCCN2C(=O)[C@H](C)NC(=O)[C@H](CCCNC(=N)N)NC(=O)[C@H](Cc2c[nH]cn2)NC(=O)[C@H](Cc2ccc(O)cc2)NC(=O)[C@H](C(C)C)NC(=O)[C@H](CCCNC(=N)N)NC(=O)[C@@H](CC(=O)O)NC(=O)[C@H](CCCNC(=N)N)NC(=O)[C@H](Cc2c[nH]cn2)NC(=O)[C@H](CC(C)C)NC(=O)[C@H]([C@@H](C)CC)NC(=O)[C@H](CCCCN)NC(=O)[C@H](Cc2ccccc2)NC(=O)[C@H](CCCNC(=N)N)NC(=O)[C@H](Cc2c[nH]c3ccccc23)NC(=O)[C@H](Cc2ccccc2)NC1=O,CC[C@H](C)[C@@H]1NC(=O)[C@H](C)NC(=O)[C@H](CC(C)C)NC(=O)[C@H](CCC(N)=O)NC(=O)[C@H](Cc2ccccc2)NC(=O)[C@@H]2CCCN2C(=O)[C@H](C)NC(=O)[C@H](CCCNC(=N)N)NC(=O)[C@H](Cc2c[nH]cn2)NC(=O)[C@H](Cc2ccc(O)cc2)NC(=O)[C@H](C(C)C)NC(=O)[C@H](CCCNC(=N)N)NC(=O)[C@@H](CC(=O)O)NC(=O)[C@H](CCCNC(=N)N)NC(=O)[C@H](Cc2c[nH]cn2)NC(=O)[C@H](CC(C)C)NC(=O)[C@H]([C@@H](C)CC)NC(=O)[C@H](CCCCN)NC(=O)[C@H](Cc2ccccc2)NC(=O)[C@H](CCCNC(=N)N)NC(=O)[C@H](Cc2c[nH]c3ccccc23)NC(=O)[C@H](Cc2ccccc2)NC1=O,False
54,BAA-3197,1,348,strain_BAA-3197_MIC_1_length_348_noise.txt,1,c6d8aed4738be71c631ffbe7670bfc3792906ef1d52e258a816ba7cdcba76602,WAIFQWKMFHFRVKFCPHYfLN,WAIFQWKMFHFRVKFCPHYfLN,WAIFQWKMFHFRVKFCPHYfLN,,unchanged_generated_output,[N][C@@H1][Branch1][P][C][C][=Branch1][Ring1][=C][N][C][=C][Ring1][Ring1][C][=C][C][=C][Ring1][=Branch1][C][=Branch1][C][=O][N][C@@H1][Branch1][C][C][C][=Branch1][C][=O][N][C@@H1][Branch1][#Branch1][C@H1][Branch1][Ring1][C][C][C][C][=Branch1][C][=O][N][C@@H1][Branch1][#Branch2][C][C][=C][C][=C][C][=C][Ring1][=Branch1][C][=Branch1][C][=O][N][C@@H1][Branch1][Branch2][C][C][C][=Branch1][C][=O][N][C][=Branch1][C][=O][N][C@@H1][Branch1][P][C][C][=Branch1][Ring1][=C][N][C][=C][Ring1][Ring1][C][=C][C][=C][Ring1][=Branch1][C][=Branch1][C][=O][N][C@@H1][Branch1][=Branch1][C][C][C][C][N][C][=Branch1][C][=O][N][C@@H1][Branch1][Branch1][C][C][S][C][C][=Branch1][C][=O][N][C@@H1][Branch1][#Branch2][C][C][=C][C][=C][C][=C][Ring1][=Branch1][C][=Branch1][C][=O][N][C@@H1][Branch1][=Branch2][C][C][=C][N][C][=N][Ring1][Branch1][C][=Branch1][C][=O][N][C@@H1][Branch1][#Branch2][C][C][=C][C][=C][C][=C][Ring1][=Branch1][C][=Branch1][C][=O][N][C@@H1][Branch1][#Branch2][C][C][C][N][C][=Branch1][C][=N][N][C][=Branch1][C][=O][N][C@@H1][Branch1][=Branch1][C][Branch1][C][C][C][C][=Branch1][C][=O][N][C@@H1][Branch1][=Branch1][C][C][C][C][N][C][=Branch1][C][=O][N][C@@H1][Branch1][#Branch2][C][C][=C][C][=C][C][=C][Ring1][=Branch1][C][=Branch1][C][=O][N][C@@H1][Branch1][Ring1][C][S][C][=Branch1][C][=O][N][C@@H1][Branch1][=Branch1][C][C][C][Ring1][Branch1][C][=Branch1][C][=O][N][C@@H1][Branch1][=Branch2][C][C][=C][N][C][=N][Ring1][Branch1][C][=Branch1][C][=O][N][C@@H1][Branch1][=N][C][C][=C][C][=C][Branch1][C][O][C][=C][Ring1][#Branch1][C][=Branch1][C][=O][N][C@H1][Branch1][#Branch2][C][C][=C][C][=C][C][=C][Ring1][=Branch1][C][=Branch1][C][=O][N][C@@H1][Branch1][#Branch1][C][C][Branch1][C][C][C][C][=Branch1][C][=O][N][C@@H1][Branch1][#Branch1][C][C][=Branch1][C][=O][N][C][=Branch1][C][=O][O],[N][C@@H1][Branch1][P][C][C][=Branch1][Ring1][=C][N][C][=C][Ring1][Ring1][C][=C][C][=C][Ring1][=Branch1][C][=Branch1][C][=O][N][C@@H1][Branch1][C][C][C][=Branch1][C][=O][N][C@@H1][Branch1][#Branch1][C@H1][Branch1][Ring1][C][C][C][C][=Branch1][C][=O][N][C@@H1][Branch1][#Branch2][C][C][=C][C][=C][C][=C][Ring1][=Branch1][C][=Branch1][C][=O][N][C@@H1][Branch1][Branch2][C][C][C][=Branch1][C][=O][N][C][=Branch1][C][=O][N][C@@H1][Branch1][P][C][C][=Branch1][Ring1][=C][N][C][=C][Ring1][Ring1][C][=C][C][=C][Ring1][=Branch1][C][=Branch1][C][=O][N][C@@H1][Branch1][=Branch1][C][C][C][C][N][C][=Branch1][C][=O][N][C@@H1][Branch1][Branch1][C][C][S][C][C][=Branch1][C][=O][N][C@@H1][Branch1][#Branch2][C][C][=C][C][=C][C][=C][Ring1][=Branch1][C][=Branch1][C][=O][N][C@@H1][Branch1][=Branch2][C][C][=C][N][C][=N][Ring1][Branch1][C][=Branch1][C][=O][N][C@@H1][Branch1][#Branch2][C][C][=C][C][=C][C][=C][Ring1][=Branch1][C][=Branch1][C][=O][N][C@@H1][Branch1][#Branch2][C][C][C][N][C][=Branch1][C][=N][N][C][=Branch1][C][=O][N][C@@H1][Branch1][=Branch1][C][Branch1][C][C][C][C][=Branch1][C][=O][N][C@@H1][Branch1][=Branch1][C][C][C][C][N][C][=Branch1][C][=O][N][C@@H1][Branch1][#Branch2][C][C][=C][C][=C][C][=C][Ring1][=Branch1][C][=Branch1][C][=O][N][C@@H1][Branch1][Ring1][C][S][C][=Branch1][C][=O][N][C@@H1][Branch1][=Branch1][C][C][C][Ring1][Branch1][C][=Branch1][C][=O][N][C@@H1][Branch1][=Branch2][C][C][=C][N][C][=N][Ring1][Branch1][C][=Branch1][C][=O][N][C@@H1][Branch1][=N][C][C][=C][C][=C][Branch1][C][O][C][=C][Ring1][#Branch1][C][=Branch1][C][=O][N][C@H1][Branch1][#Branch2][C][C][=C][C][=C][C][=C][Ring1][=Branch1][C][=Branch1][C][=O][N][C@@H1][Branch1][#Branch1][C][C][Branch1][C][C][C][C][=Branch1][C][=O][N][C@@H1][Branch1][#Branch1][C][C][=Branch1][C][=O][N][C][=Branch1][C][=O][O],CC[C@H](C)[C@H](NC(=O)[C@H](C)NC(=O)[C@@H](N)Cc1c[nH]c2ccccc12)C(=O)N[C@@H](Cc1ccccc1)C(=O)N[C@@H](CCC(N)=O)C(=O)N[C@@H](Cc1c[nH]c2ccccc12)C(=O)N[C@@H](CCCCN)C(=O)N[C@@H](CCSC)C(=O)N[C@@H](Cc1ccccc1)C(=O)N[C@@H](Cc1c[nH]cn1)C(=O)N[C@@H](Cc1ccccc1)C(=O)N[C@@H](CCCNC(=N)N)C(=O)N[C@H](C(=O)N[C@@H](CCCCN)C(=O)N[C@@H](Cc1ccccc1)C(=O)N[C@@H](CS)C(=O)N1CCC[C@H]1C(=O)N[C@@H](Cc1c[nH]cn1)C(=O)N[C@@H](Cc1ccc(O)cc1)C(=O)N[C@H](Cc1ccccc1)C(=O)N[C@@H](CC(C)C)C(=O)N[C@@H](CC(N)=O)C(=O)O)C(C)C,CC[C@H](C)[C@H](NC(=O)[C@H](C)NC(=O)[C@@H](N)Cc1c[nH]c2ccccc12)C(=O)N[C@@H](Cc1ccccc1)C(=O)N[C@@H](CCC(N)=O)C(=O)N[C@@H](Cc1c[nH]c2ccccc12)C(=O)N[C@@H](CCCCN)C(=O)N[C@@H](CCSC)C(=O)N[C@@H](Cc1ccccc1)C(=O)N[C@@H](Cc1c[nH]cn1)C(=O)N[C@@H](Cc1ccccc1)C(=O)N[C@@H](CCCNC(=N)N)C(=O)N[C@H](C(=O)N[C@@H](CCCCN)C(=O)N[C@@H](Cc1ccccc1)C(=O)N[C@@H](CS)C(=O)N1CCC[C@H]1C(=O)N[C@@H](Cc1c[nH]cn1)C(=O)N[C@@H](Cc1ccc(O)cc1)C(=O)N[C@H](Cc1ccccc1)C(=O)N[C@@H](CC(C)C)C(=O)N[C@@H](CC(N)=O)C(=O)O)C(C)C,False
55,BAA-3197,1,356,strain_BAA-3197_MIC_1_length_356_noise.txt,1,6f7cba523f2f14cd5298fec26881000b489d43a20e43b0eaebc9ca938c7b27a1,cyclo-EVVYRfGEISDRMRFRQFKKWYR,cyclo-EVVYRfGEISDRMRFRQFKKWYR,cyclo-EVVYRfGEISDRMRFRQFKKWYR,,unchanged_generated_output,[N][C@@H1][Branch1][Branch2][C][C][C][=Branch1][C][=O][O][C][=Branch1][C][=O][N][C@@H1][Branch1][=Branch1][C][Branch1][C][C][C][C][=Branch1][C][=O][N][C@@H1][Branch1][=Branch1][C][Branch1][C][C][C][C][=Branch1][C][=O][N][C@@H1][Branch1][=N][C][C][=C][C][=C][Branch1][C][O][C][=C][Ring1][#Branch1][C][=Branch1][C][=O][N][C@@H1][Branch1][#Branch2][C][C][C][N][C][=Branch1][C][=N][N][C][=Branch1][C][=O][N][C@H1][Branch1][#Branch2][C][C][=C][C][=C][C][=C][Ring1][=Branch1][C][=Branch1][C][=O][N][C][C][=Branch1][C][=O][N][C@@H1][Branch1][Branch2][C][C][C][=Branch1][C][=O][O][C][=Branch1][C][=O][N][C@@H1][Branch1][#Branch1][C@H1][Branch1][Ring1][C][C][C][C][=Branch1][C][=O][N][C@@H1][Branch1][Ring1][C][O][C][=Branch1][C][=O][N][C@@H1][Branch1][#Branch1][C][C][=Branch1][C][=O][O][C][=Branch1][C][=O][N][C@@H1][Branch1][#Branch2][C][C][C][N][C][=Branch1][C][=N][N][C][=Branch1][C][=O][N][C@@H1][Branch1][Branch1][C][C][S][C][C][=Branch1][C][=O][N][C@@H1][Branch1][#Branch2][C][C][C][N][C][=Branch1][C][=N][N][C][=Branch1][C][=O][N][C@@H1][Branch1][#Branch2][C][C][=C][C][=C][C][=C][Ring1][=Branch1][C][=Branch1][C][=O][N][C@@H1][Branch1][#Branch2][C][C][C][N][C][=Branch1][C][=N][N][C][=Branch1][C][=O][N][C@@H1][Branch1][Branch2][C][C][C][=Branch1][C][=O][N][C][=Branch1][C][=O][N][C@@H1][Branch1][#Branch2][C][C][=C][C][=C][C][=C][Ring1][=Branch1][C][=Branch1][C][=O][N][C@@H1][Branch1][=Branch1][C][C][C][C][N][C][=Branch1][C][=O][N][C@@H1][Branch1][=Branch1][C][C][C][C][N][C][=Branch1][C][=O][N][C@@H1][Branch1][P][C][C][=Branch1][Ring1][=C][N][C][=C][Ring1][Ring1][C][=C][C][=C][Ring1][=Branch1][C][=Branch1][C][=O][N][C@@H1][Branch1][=N][C][C][=C][C][=C][Branch1][C][O][C][=C][Ring1][#Branch1][C][=Branch1][C][=O][N][C@@H1][Branch1][#Branch2][C][C][C][N][C][=Branch1][C][=N][N][C][Ring2][#C][#Branch2][=O],[N][C@@H1][Branch1][Branch2][C][C][C][=Branch1][C][=O][O][C][=Branch1][C][=O][N][C@@H1][Branch1][=Branch1][C][Branch1][C][C][C][C][=Branch1][C][=O][N][C@@H1][Branch1][=Branch1][C][Branch1][C][C][C][C][=Branch1][C][=O][N][C@@H1][Branch1][=N][C][C][=C][C][=C][Branch1][C][O][C][=C][Ring1][#Branch1][C][=Branch1][C][=O][N][C@@H1][Branch1][#Branch2][C][C][C][N][C][=Branch1][C][=N][N][C][=Branch1][C][=O][N][C@H1][Branch1][#Branch2][C][C][=C][C][=C][C][=C][Ring1][=Branch1][C][=Branch1][C][=O][N][C][C][=Branch1][C][=O][N][C@@H1][Branch1][Branch2][C][C][C][=Branch1][C][=O][O][C][=Branch1][C][=O][N][C@@H1][Branch1][#Branch1][C@H1][Branch1][Ring1][C][C][C][C][=Branch1][C][=O][N][C@@H1][Branch1][Ring1][C][O][C][=Branch1][C][=O][N][C@@H1][Branch1][#Branch1][C][C][=Branch1][C][=O][O][C][=Branch1][C][=O][N][C@@H1][Branch1][#Branch2][C][C][C][N][C][=Branch1][C][=N][N][C][=Branch1][C][=O][N][C@@H1][Branch1][Branch1][C][C][S][C][C][=Branch1][C][=O][N][C@@H1][Branch1][#Branch2][C][C][C][N][C][=Branch1][C][=N][N][C][=Branch1][C][=O][N][C@@H1][Branch1][#Branch2][C][C][=C][C][=C][C][=C][Ring1][=Branch1][C][=Branch1][C][=O][N][C@@H1][Branch1][#Branch2][C][C][C][N][C][=Branch1][C][=N][N][C][=Branch1][C][=O][N][C@@H1][Branch1][Branch2][C][C][C][=Branch1][C][=O][N][C][=Branch1][C][=O][N][C@@H1][Branch1][#Branch2][C][C][=C][C][=C][C][=C][Ring1][=Branch1][C][=Branch1][C][=O][N][C@@H1][Branch1][=Branch1][C][C][C][C][N][C][=Branch1][C][=O][N][C@@H1][Branch1][=Branch1][C][C][C][C][N][C][=Branch1][C][=O][N][C@@H1][Branch1][P][C][C][=Branch1][Ring1][=C][N][C][=C][Ring1][Ring1][C][=C][C][=C][Ring1][=Branch1][C][=Branch1][C][=O][N][C@@H1][Branch1][=N][C][C][=C][C][=C][Branch1][C][O][C][=C][Ring1][#Branch1][C][=Branch1][C][=O][N][C@@H1][Branch1][#Branch2][C][C][C][N][C][=Branch1][C][=N][N][C][Ring2][#C][#Branch2][=O],CC[C@H](C)[C@@H]1NC(=O)[C@H](CCC(=O)O)NC(=O)CNC(=O)[C@@H](Cc2ccccc2)NC(=O)[C@H](CCCNC(=N)N)NC(=O)[C@H](Cc2ccc(O)cc2)NC(=O)[C@H](C(C)C)NC(=O)[C@H](C(C)C)NC(=O)[C@H](CCC(=O)O)NC(=O)[C@H](CCCNC(=N)N)NC(=O)[C@H](Cc2ccc(O)cc2)NC(=O)[C@H](Cc2c[nH]c3ccccc23)NC(=O)[C@H](CCCCN)NC(=O)[C@H](CCCCN)NC(=O)[C@H](Cc2ccccc2)NC(=O)[C@H](CCC(N)=O)NC(=O)[C@H](CCCNC(=N)N)NC(=O)[C@H](Cc2ccccc2)NC(=O)[C@H](CCCNC(=N)N)NC(=O)[C@H](CCSC)NC(=O)[C@H](CCCNC(=N)N)NC(=O)[C@H](CC(=O)O)NC(=O)[C@H](CO)NC1=O,CC[C@H](C)[C@@H]1NC(=O)[C@H](CCC(=O)O)NC(=O)CNC(=O)[C@@H](Cc2ccccc2)NC(=O)[C@H](CCCNC(=N)N)NC(=O)[C@H](Cc2ccc(O)cc2)NC(=O)[C@H](C(C)C)NC(=O)[C@H](C(C)C)NC(=O)[C@H](CCC(=O)O)NC(=O)[C@H](CCCNC(=N)N)NC(=O)[C@H](Cc2ccc(O)cc2)NC(=O)[C@H](Cc2c[nH]c3ccccc23)NC(=O)[C@H](CCCCN)NC(=O)[C@H](CCCCN)NC(=O)[C@H](Cc2ccccc2)NC(=O)[C@H](CCC(N)=O)NC(=O)[C@H](CCCNC(=N)N)NC(=O)[C@H](Cc2ccccc2)NC(=O)[C@H](CCCNC(=N)N)NC(=O)[C@H](CCSC)NC(=O)[C@H](CCCNC(=N)N)NC(=O)[C@H](CC(=O)O)NC(=O)[C@H](CO)NC1=O,False
56,BAA-3197,1,360,strain_BAA-3197_MIC_1_length_360_noise.txt,1,f6d85914d9444180ff09cf7b2d1ddaa6adc3f96095e032c62a4ce182402527e0,MKILKKBBLVSVTLABDITTLENBL,MKILKKRRLVSVTLARDITTLENRL,MKILKKRRLVSVTLARDITTLENRL,,unchanged_generated_output,[C][C][C@H1][Branch1][C][C][C@H1][Branch2][Ring1][O][N][C][=Branch1][C][=O][C@H1][Branch1][=Branch1][C][C][C][C][N][N][C][=Branch1][C][=O][C@@H1][Branch1][C][N][C][C][S][C][C][=Branch1][C][=O][N][C@@H1][Branch1][#Branch1][C][C][Branch1][C][C][C][C][=Branch1][C][=O][N][C@@H1][Branch1][=Branch1][C][C][C][C][N][C][=Branch1][C][=O][N][C@@H1][Branch1][=Branch1][C][C][C][C][N][C][=Branch1][C][=O][N][C@@H1][Branch1][#Branch2][C][C][C][N][=C][Branch1][C][N][N][C][=Branch1][C][=O][N][C@@H1][Branch1][#Branch2][C][C][C][N][=C][Branch1][C][N][N][C][=Branch1][C][=O][N][C@@H1][Branch1][#Branch1][C][C][Branch1][C][C][C][C][=Branch1][C][=O][N][C@H1][Branch2][#C][#Branch1][C][=Branch1][C][=O][N][C@@H1][Branch1][Ring1][C][O][C][=Branch1][C][=O][N][C@H1][Branch2][=N][#C][C][=Branch1][C][=O][N][C@H1][Branch2][N][P][C][=Branch1][C][=O][N][C@@H1][Branch1][#Branch1][C][C][Branch1][C][C][C][C][=Branch1][C][=O][N][C@@H1][Branch1][C][C][C][=Branch1][C][=O][N][C@@H1][Branch1][#Branch2][C][C][C][N][=C][Branch1][C][N][N][C][=Branch1][C][=O][N][C@@H1][Branch1][#Branch1][C][C][=Branch1][C][=O][O][C][=Branch1][C][=O][N][C@H1][Branch2][Branch2][N][C][=Branch1][C][=O][N][C@H1][Branch2][#Branch1][=C][C][=Branch1][C][=O][N][C@H1][Branch2][=Branch1][S][C][=Branch1][C][=O][N][C@@H1][Branch1][#Branch1][C][C][Branch1][C][C][C][C][=Branch1][C][=O][N][C@@H1][Branch1][Branch2][C][C][C][=Branch1][C][=O][O][C][=Branch1][C][=O][N][C@@H1][Branch1][#Branch1][C][C][Branch1][C][N][=O][C][=Branch1][C][=O][N][C@@H1][Branch1][#Branch2][C][C][C][N][=C][Branch1][C][N][N][C][=Branch1][C][=O][N][C@@H1][Branch1][#Branch1][C][C][Branch1][C][C][C][C][=Branch1][C][=O][OH1][C@@H1][Branch1][C][C][O][C@@H1][Branch1][C][C][O][C@@H1][Branch1][C][C][C][C][C@@H1][Branch1][C][C][O][C][Branch1][C][C][C][C][Branch1][C][C][C],[C][C][C@H1][Branch1][C][C][C@H1][Branch2][Ring1][O][N][C][=Branch1][C][=O][C@H1][Branch1][=Branch1][C][C][C][C][N][N][C][=Branch1][C][=O][C@@H1][Branch1][C][N][C][C][S][C][C][=Branch1][C][=O][N][C@@H1][Branch1][#Branch1][C][C][Branch1][C][C][C][C][=Branch1][C][=O][N][C@@H1][Branch1][=Branch1][C][C][C][C][N][C][=Branch1][C][=O][N][C@@H1][Branch1][=Branch1][C][C][C][C][N][C][=Branch1][C][=O][N][C@@H1][Branch1][#Branch2][C][C][C][N][=C][Branch1][C][N][N][C][=Branch1][C][=O][N][C@@H1][Branch1][#Branch2][C][C][C][N][=C][Branch1][C][N][N][C][=Branch1][C][=O][N][C@@H1][Branch1][#Branch1][C][C][Branch1][C][C][C][C][=Branch1][C][=O][N][C@H1][Branch2][#C][#Branch1][C][=Branch1][C][=O][N][C@@H1][Branch1][Ring1][C][O][C][=Branch1][C][=O][N][C@H1][Branch2][=N][#C][C][=Branch1][C][=O][N][C@H1][Branch2][N][P][C][=Branch1][C][=O][N][C@@H1][Branch1][#Branch1][C][C][Branch1][C][C][C][C][=Branch1][C][=O][N][C@@H1][Branch1][C][C][C][=Branch1][C][=O][N][C@@H1][Branch1][#Branch2][C][C][C][N][=C][Branch1][C][N][N][C][=Branch1][C][=O][N][C@@H1][Branch1][#Branch1][C][C][=Branch1][C][=O][O][C][=Branch1][C][=O][N][C@H1][Branch2][Branch2][N][C][=Branch1][C][=O][N][C@H1][Branch2][#Branch1][=C][C][=Branch1][C][=O][N][C@H1][Branch2][=Branch1][S][C][=Branch1][C][=O][N][C@@H1][Branch1][#Branch1][C][C][Branch1][C][C][C][C][=Branch1][C][=O][N][C@@H1][Branch1][Branch2][C][C][C][=Branch1][C][=O][O][C][=Branch1][C][=O][N][C@@H1][Branch1][#Branch1][C][C][Branch1][C][N][=O][C][=Branch1][C][=O][N][C@@H1][Branch1][#Branch2][C][C][C][N][=C][Branch1][C][N][N][C][=Branch1][C][=O][N][C@@H1][Branch1][#Branch1][C][C][Branch1][C][C][C][C][=Branch1][C][=O][OH1][C@@H1][Branch1][C][C][O][C@@H1][Branch1][C][C][O][C@@H1][Branch1][C][C][C][C][C@@H1][Branch1][C][C][O][C][Branch1][C][C][C][C][Branch1][C][C][C],CC[C@H](C)[C@H](NC(=O)[C@H](CCCCN)NC(=O)[C@@H](N)CCSC)C(=O)N[C@@H](CC(C)C)C(=O)N[C@@H](CCCCN)C(=O)N[C@@H](CCCCN)C(=O)N[C@@H](CCCN=C(N)N)C(=O)N[C@@H](CCCN=C(N)N)C(=O)N[C@@H](CC(C)C)C(=O)N[C@H](C(=O)N[C@@H](CO)C(=O)N[C@H](C(=O)N[C@H](C(=O)N[C@@H](CC(C)C)C(=O)N[C@@H](C)C(=O)N[C@@H](CCCN=C(N)N)C(=O)N[C@@H](CC(=O)O)C(=O)N[C@H](C(=O)N[C@H](C(=O)N[C@H](C(=O)N[C@@H](CC(C)C)C(=O)N[C@@H](CCC(=O)O)C(=O)N[C@@H](CC(N)=O)C(=O)N[C@@H](CCCN=C(N)N)C(=O)N[C@@H](CC(C)C)C(=O)O)[C@@H](C)O)[C@@H](C)O)[C@@H](C)CC)[C@@H](C)O)C(C)C)C(C)C,CC[C@H](C)[C@H](NC(=O)[C@H](CCCCN)NC(=O)[C@@H](N)CCSC)C(=O)N[C@@H](CC(C)C)C(=O)N[C@@H](CCCCN)C(=O)N[C@@H](CCCCN)C(=O)N[C@@H](CCCN=C(N)N)C(=O)N[C@@H](CCCN=C(N)N)C(=O)N[C@@H](CC(C)C)C(=O)N[C@H](C(=O)N[C@@H](CO)C(=O)N[C@H](C(=O)N[C@H](C(=O)N[C@@H](CC(C)C)C(=O)N[C@@H](C)C(=O)N[C@@H](CCCN=C(N)N)C(=O)N[C@@H](CC(=O)O)C(=O)N[C@H](C(=O)N[C@H](C(=O)N[C@H](C(=O)N[C@@H](CC(C)C)C(=O)N[C@@H](CCC(=O)O)C(=O)N[C@@H](CC(N)=O)C(=O)N[C@@H](CCCN=C(N)N)C(=O)N[C@@H](CC(C)C)C(=O)O)[C@@H](C)O)[C@@H](C)O)[C@@H](C)CC)[C@@H](C)O)C(C)C)C(C)C,False
57,BAA-3197,1,364,strain_BAA-3197_MIC_1_length_364_noise.txt,1,13d9f9c9ac80e769190b531833df1a68676ec3b05355212483b1b852f50344c9,WWKKGHSVLYRKKHRLWEFDARSS,WWKKGHSVLYRKKHRLWEFDARSS,WWKKGHSVLYRKKHRLWEFDARSS,,unchanged_generated_output,[N][C@@H1][Branch1][P][C][C][=Branch1][Ring1][=C][N][C][=C][Ring1][Ring1][C][=C][C][=C][Ring1][=Branch1][C][=Branch1][C][=O][N][C@@H1][Branch1][P][C][C][=Branch1][Ring1][=C][N][C][=C][Ring1][Ring1][C][=C][C][=C][Ring1][=Branch1][C][=Branch1][C][=O][N][C@@H1][Branch1][=Branch1][C][C][C][C][N][C][=Branch1][C][=O][N][C@@H1][Branch1][=Branch1][C][C][C][C][N][C][=Branch1][C][=O][N][C][C][=Branch1][C][=O][N][C@@H1][Branch1][=Branch2][C][C][=C][N][C][=N][Ring1][Branch1][C][=Branch1][C][=O][N][C@@H1][Branch1][Ring1][C][O][C][=Branch1][C][=O][N][C@@H1][Branch1][=Branch1][C][Branch1][C][C][C][C][=Branch1][C][=O][N][C@@H1][Branch1][#Branch1][C][C][Branch1][C][C][C][C][=Branch1][C][=O][N][C@@H1][Branch1][=N][C][C][=C][C][=C][Branch1][C][O][C][=C][Ring1][#Branch1][C][=Branch1][C][=O][N][C@@H1][Branch1][#Branch2][C][C][C][N][C][=Branch1][C][=N][N][C][=Branch1][C][=O][N][C@@H1][Branch1][=Branch1][C][C][C][C][N][C][=Branch1][C][=O][N][C@@H1][Branch1][=Branch1][C][C][C][C][N][C][=Branch1][C][=O][N][C@@H1][Branch1][=Branch2][C][C][=C][N][C][=N][Ring1][Branch1][C][=Branch1][C][=O][N][C@@H1][Branch1][#Branch2][C][C][C][N][C][=Branch1][C][=N][N][C][=Branch1][C][=O][N][C@@H1][Branch1][#Branch1][C][C][Branch1][C][C][C][C][=Branch1][C][=O][N][C@@H1][Branch1][P][C][C][=Branch1][Ring1][=C][N][C][=C][Ring1][Ring1][C][=C][C][=C][Ring1][=Branch1][C][=Branch1][C][=O][N][C@@H1][Branch1][Branch2][C][C][C][=Branch1][C][=O][O][C][=Branch1][C][=O][N][C@@H1][Branch1][#Branch2][C][C][=C][C][=C][C][=C][Ring1][=Branch1][C][=Branch1][C][=O][N][C@@H1][Branch1][#Branch1][C][C][=Branch1][C][=O][O][C][=Branch1][C][=O][N][C@@H1][Branch1][C][C][C][=Branch1][C][=O][N][C@@H1][Branch1][#Branch2][C][C][C][N][C][=Branch1][C][=N][N][C][=Branch1][C][=O][N][C@@H1][Branch1][Ring1][C][O][C][=Branch1][C][=O][N][C@@H1][Branch1][Ring1][C][O][C][=Branch1][C][=O][O],[N][C@@H1][Branch1][P][C][C][=Branch1][Ring1][=C][N][C][=C][Ring1][Ring1][C][=C][C][=C][Ring1][=Branch1][C][=Branch1][C][=O][N][C@@H1][Branch1][P][C][C][=Branch1][Ring1][=C][N][C][=C][Ring1][Ring1][C][=C][C][=C][Ring1][=Branch1][C][=Branch1][C][=O][N][C@@H1][Branch1][=Branch1][C][C][C][C][N][C][=Branch1][C][=O][N][C@@H1][Branch1][=Branch1][C][C][C][C][N][C][=Branch1][C][=O][N][C][C][=Branch1][C][=O][N][C@@H1][Branch1][=Branch2][C][C][=C][N][C][=N][Ring1][Branch1][C][=Branch1][C][=O][N][C@@H1][Branch1][Ring1][C][O][C][=Branch1][C][=O][N][C@@H1][Branch1][=Branch1][C][Branch1][C][C][C][C][=Branch1][C][=O][N][C@@H1][Branch1][#Branch1][C][C][Branch1][C][C][C][C][=Branch1][C][=O][N][C@@H1][Branch1][=N][C][C][=C][C][=C][Branch1][C][O][C][=C][Ring1][#Branch1][C][=Branch1][C][=O][N][C@@H1][Branch1][#Branch2][C][C][C][N][C][=Branch1][C][=N][N][C][=Branch1][C][=O][N][C@@H1][Branch1][=Branch1][C][C][C][C][N][C][=Branch1][C][=O][N][C@@H1][Branch1][=Branch1][C][C][C][C][N][C][=Branch1][C][=O][N][C@@H1][Branch1][=Branch2][C][C][=C][N][C][=N][Ring1][Branch1][C][=Branch1][C][=O][N][C@@H1][Branch1][#Branch2][C][C][C][N][C][=Branch1][C][=N][N][C][=Branch1][C][=O][N][C@@H1][Branch1][#Branch1][C][C][Branch1][C][C][C][C][=Branch1][C][=O][N][C@@H1][Branch1][P][C][C][=Branch1][Ring1][=C][N][C][=C][Ring1][Ring1][C][=C][C][=C][Ring1][=Branch1][C][=Branch1][C][=O][N][C@@H1][Branch1][Branch2][C][C][C][=Branch1][C][=O][O][C][=Branch1][C][=O][N][C@@H1][Branch1][#Branch2][C][C][=C][C][=C][C][=C][Ring1][=Branch1][C][=Branch1][C][=O][N][C@@H1][Branch1][#Branch1][C][C][=Branch1][C][=O][O][C][=Branch1][C][=O][N][C@@H1][Branch1][C][C][C][=Branch1][C][=O][N][C@@H1][Branch1][#Branch2][C][C][C][N][C][=Branch1][C][=N][N][C][=Branch1][C][=O][N][C@@H1][Branch1][Ring1][C][O][C][=Branch1][C][=O][N][C@@H1][Branch1][Ring1][C][O][C][=Branch1][C][=O][O],CC(C)C[C@H](NC(=O)[C@H](CCCNC(=N)N)NC(=O)[C@H](Cc1c[nH]cn1)NC(=O)[C@H](CCCCN)NC(=O)[C@H](CCCCN)NC(=O)[C@H](CCCNC(=N)N)NC(=O)[C@H](Cc1ccc(O)cc1)NC(=O)[C@H](CC(C)C)NC(=O)[C@@H](NC(=O)[C@H](CO)NC(=O)[C@H](Cc1c[nH]cn1)NC(=O)CNC(=O)[C@H](CCCCN)NC(=O)[C@H](CCCCN)NC(=O)[C@H](Cc1c[nH]c2ccccc12)NC(=O)[C@@H](N)Cc1c[nH]c2ccccc12)C(C)C)C(=O)N[C@@H](Cc1c[nH]c2ccccc12)C(=O)N[C@@H](CCC(=O)O)C(=O)N[C@@H](Cc1ccccc1)C(=O)N[C@@H](CC(=O)O)C(=O)N[C@@H](C)C(=O)N[C@@H](CCCNC(=N)N)C(=O)N[C@@H](CO)C(=O)N[C@@H](CO)C(=O)O,CC(C)C[C@H](NC(=O)[C@H](CCCNC(=N)N)NC(=O)[C@H](Cc1c[nH]cn1)NC(=O)[C@H](CCCCN)NC(=O)[C@H](CCCCN)NC(=O)[C@H](CCCNC(=N)N)NC(=O)[C@H](Cc1ccc(O)cc1)NC(=O)[C@H](CC(C)C)NC(=O)[C@@H](NC(=O)[C@H](CO)NC(=O)[C@H](Cc1c[nH]cn1)NC(=O)CNC(=O)[C@H](CCCCN)NC(=O)[C@H](CCCCN)NC(=O)[C@H](Cc1c[nH]c2ccccc12)NC(=O)[C@@H](N)Cc1c[nH]c2ccccc12)C(C)C)C(=O)N[C@@H](Cc1c[nH]c2ccccc12)C(=O)N[C@@H](CCC(=O)O)C(=O)N[C@@H](Cc1ccccc1)C(=O)N[C@@H](CC(=O)O)C(=O)N[C@@H](C)C(=O)N[C@@H](CCCNC(=N)N)C(=O)N[C@@H](CO)C(=O)N[C@@H](CO)C(=O)O,False
58,BAA-3197,1,364,strain_BAA-3197_MIC_1_length_364_noise.txt,2,13d9f9c9ac80e769190b531833df1a68676ec3b05355212483b1b852f50344c9,cyclo-VANSHKKHKmGKKHNEIWYWQAKPLA,cyclo-VANSHKKHKmGKKHNEIWYWQAKPLA,cyclo-VANSHKKHKmGKKHNEIWYWQAKPLA,,unchanged_generated_output,[N][C@@H1][Branch1][=Branch1][C][Branch1][C][C][C][C][=Branch1][C][=O][N][C@@H1][Branch1][C][C][C][=Branch1][C][=O][N][C@@H1][Branch1][#Branch1][C][C][=Branch1][C][=O][N][C][=Branch1][C][=O][N][C@@H1][Branch1][Ring1][C][O][C][=Branch1][C][=O][N][C@@H1][Branch1][=Branch2][C][C][=C][N][C][=N][Ring1][Branch1][C][=Branch1][C][=O][N][C@@H1][Branch1][=Branch1][C][C][C][C][N][C][=Branch1][C][=O][N][C@@H1][Branch1][=Branch1][C][C][C][C][N][C][=Branch1][C][=O][N][C@@H1][Branch1][=Branch2][C][C][=C][N][C][=N][Ring1][Branch1][C][=Branch1][C][=O][N][C@@H1][Branch1][=Branch1][C][C][C][C][N][C][=Branch1][C][=O][N][C@H1][Branch1][Branch1][C][C][S][C][C][=Branch1][C][=O][N][C][C][=Branch1][C][=O][N][C@@H1][Branch1][=Branch1][C][C][C][C][N][C][=Branch1][C][=O][N][C@@H1][Branch1][=Branch1][C][C][C][C][N][C][=Branch1][C][=O][N][C@@H1][Branch1][=Branch2][C][C][=C][N][C][=N][Ring1][Branch1][C][=Branch1][C][=O][N][C@@H1][Branch1][#Branch1][C][C][=Branch1][C][=O][N][C][=Branch1][C][=O][N][C@@H1][Branch1][Branch2][C][C][C][=Branch1][C][=O][O][C][=Branch1][C][=O][N][C@@H1][Branch1][#Branch1][C@H1][Branch1][Ring1][C][C][C][C][=Branch1][C][=O][N][C@@H1][Branch1][P][C][C][=Branch1][Ring1][=C][N][C][=C][Ring1][Ring1][C][=C][C][=C][Ring1][=Branch1][C][=Branch1][C][=O][N][C@@H1][Branch1][=N][C][C][=C][C][=C][Branch1][C][O][C][=C][Ring1][#Branch1][C][=Branch1][C][=O][N][C@@H1][Branch1][P][C][C][=Branch1][Ring1][=C][N][C][=C][Ring1][Ring1][C][=C][C][=C][Ring1][=Branch1][C][=Branch1][C][=O][N][C@@H1][Branch1][Branch2][C][C][C][=Branch1][C][=O][N][C][=Branch1][C][=O][N][C@@H1][Branch1][C][C][C][=Branch1][C][=O][N][C@@H1][Branch1][=Branch1][C][C][C][C][N][C][=Branch1][C][=O][N][C@@H1][Branch1][=Branch1][C][C][C][Ring1][Branch1][C][=Branch1][C][=O][N][C@@H1][Branch1][#Branch1][C][C][Branch1][C][C][C][C][=Branch1][C][=O][N][C@@H1][Branch1][C][C][C][Ring2][#C][N][=O],[N][C@@H1][Branch1][=Branch1][C][Branch1][C][C][C][C][=Branch1][C][=O][N][C@@H1][Branch1][C][C][C][=Branch1][C][=O][N][C@@H1][Branch1][#Branch1][C][C][=Branch1][C][=O][N][C][=Branch1][C][=O][N][C@@H1][Branch1][Ring1][C][O][C][=Branch1][C][=O][N][C@@H1][Branch1][=Branch2][C][C][=C][N][C][=N][Ring1][Branch1][C][=Branch1][C][=O][N][C@@H1][Branch1][=Branch1][C][C][C][C][N][C][=Branch1][C][=O][N][C@@H1][Branch1][=Branch1][C][C][C][C][N][C][=Branch1][C][=O][N][C@@H1][Branch1][=Branch2][C][C][=C][N][C][=N][Ring1][Branch1][C][=Branch1][C][=O][N][C@@H1][Branch1][=Branch1][C][C][C][C][N][C][=Branch1][C][=O][N][C@H1][Branch1][Branch1][C][C][S][C][C][=Branch1][C][=O][N][C][C][=Branch1][C][=O][N][C@@H1][Branch1][=Branch1][C][C][C][C][N][C][=Branch1][C][=O][N][C@@H1][Branch1][=Branch1][C][C][C][C][N][C][=Branch1][C][=O][N][C@@H1][Branch1][=Branch2][C][C][=C][N][C][=N][Ring1][Branch1][C][=Branch1][C][=O][N][C@@H1][Branch1][#Branch1][C][C][=Branch1][C][=O][N][C][=Branch1][C][=O][N][C@@H1][Branch1][Branch2][C][C][C][=Branch1][C][=O][O][C][=Branch1][C][=O][N][C@@H1][Branch1][#Branch1][C@H1][Branch1][Ring1][C][C][C][C][=Branch1][C][=O][N][C@@H1][Branch1][P][C][C][=Branch1][Ring1][=C][N][C][=C][Ring1][Ring1][C][=C][C][=C][Ring1][=Branch1][C][=Branch1][C][=O][N][C@@H1][Branch1][=N][C][C][=C][C][=C][Branch1][C][O][C][=C][Ring1][#Branch1][C][=Branch1][C][=O][N][C@@H1][Branch1][P][C][C][=Branch1][Ring1][=C][N][C][=C][Ring1][Ring1][C][=C][C][=C][Ring1][=Branch1][C][=Branch1][C][=O][N][C@@H1][Branch1][Branch2][C][C][C][=Branch1][C][=O][N][C][=Branch1][C][=O][N][C@@H1][Branch1][C][C][C][=Branch1][C][=O][N][C@@H1][Branch1][=Branch1][C][C][C][C][N][C][=Branch1][C][=O][N][C@@H1][Branch1][=Branch1][C][C][C][Ring1][Branch1][C][=Branch1][C][=O][N][C@@H1][Branch1][#Branch1][C][C][Branch1][C][C][C][C][=Branch1][C][=O][N][C@@H1][Branch1][C][C][C][Ring2][#C][N][=O],CC[C@H](C)[C@@H]1NC(=O)[C@H](CCC(=O)O)NC(=O)[C@H](CC(N)=O)NC(=O)[C@H](Cc2c[nH]cn2)NC(=O)[C@H](CCCCN)NC(=O)[C@H](CCCCN)NC(=O)CNC(=O)[C@@H](CCSC)NC(=O)[C@H](CCCCN)NC(=O)[C@H](Cc2c[nH]cn2)NC(=O)[C@H](CCCCN)NC(=O)[C@H](CCCCN)NC(=O)[C@H](Cc2c[nH]cn2)NC(=O)[C@H](CO)NC(=O)[C@H](CC(N)=O)NC(=O)[C@H](C)NC(=O)[C@H](C(C)C)NC(=O)[C@H](C)NC(=O)[C@H](CC(C)C)NC(=O)[C@@H]2CCCN2C(=O)[C@H](CCCCN)NC(=O)[C@H](C)NC(=O)[C@H](CCC(N)=O)NC(=O)[C@H](Cc2c[nH]c3ccccc23)NC(=O)[C@H](Cc2ccc(O)cc2)NC(=O)[C@H](Cc2c[nH]c3ccccc23)NC1=O,CC[C@H](C)[C@@H]1NC(=O)[C@H](CCC(=O)O)NC(=O)[C@H](CC(N)=O)NC(=O)[C@H](Cc2c[nH]cn2)NC(=O)[C@H](CCCCN)NC(=O)[C@H](CCCCN)NC(=O)CNC(=O)[C@@H](CCSC)NC(=O)[C@H](CCCCN)NC(=O)[C@H](Cc2c[nH]cn2)NC(=O)[C@H](CCCCN)NC(=O)[C@H](CCCCN)NC(=O)[C@H](Cc2c[nH]cn2)NC(=O)[C@H](CO)NC(=O)[C@H](CC(N)=O)NC(=O)[C@H](C)NC(=O)[C@H](C(C)C)NC(=O)[C@H](C)NC(=O)[C@H](CC(C)C)NC(=O)[C@@H]2CCCN2C(=O)[C@H](CCCCN)NC(=O)[C@H](C)NC(=O)[C@H](CCC(N)=O)NC(=O)[C@H](Cc2c[nH]c3ccccc23)NC(=O)[C@H](Cc2ccc(O)cc2)NC(=O)[C@H](Cc2c[nH]c3ccccc23)NC1=O,False
59,BAA-3197,1,368,strain_BAA-3197_MIC_1_length_368_noise.txt,1,f417ff65dc0325092933745acdb70a210854cc8a8ab16edd2426105863fb5bc5,WWKKGHSVLYRKKHRIWEFDARST,WWKKGHSVLYRKKHRIWEFDARST,WWKKGHSVLYRKKHRIWEFDARST,,unchanged_generated_output,[N][C@@H1][Branch1][P][C][C][=Branch1][Ring1][=C][N][C][=C][Ring1][Ring1][C][=C][C][=C][Ring1][=Branch1][C][=Branch1][C][=O][N][C@@H1][Branch1][P][C][C][=Branch1][Ring1][=C][N][C][=C][Ring1][Ring1][C][=C][C][=C][Ring1][=Branch1][C][=Branch1][C][=O][N][C@@H1][Branch1][=Branch1][C][C][C][C][N][C][=Branch1][C][=O][N][C@@H1][Branch1][=Branch1][C][C][C][C][N][C][=Branch1][C][=O][N][C][C][=Branch1][C][=O][N][C@@H1][Branch1][=Branch2][C][C][=C][N][C][=N][Ring1][Branch1][C][=Branch1][C][=O][N][C@@H1][Branch1][Ring1][C][O][C][=Branch1][C][=O][N][C@@H1][Branch1][=Branch1][C][Branch1][C][C][C][C][=Branch1][C][=O][N][C@@H1][Branch1][#Branch1][C][C][Branch1][C][C][C][C][=Branch1][C][=O][N][C@@H1][Branch1][=N][C][C][=C][C][=C][Branch1][C][O][C][=C][Ring1][#Branch1][C][=Branch1][C][=O][N][C@@H1][Branch1][#Branch2][C][C][C][N][C][=Branch1][C][=N][N][C][=Branch1][C][=O][N][C@@H1][Branch1][=Branch1][C][C][C][C][N][C][=Branch1][C][=O][N][C@@H1][Branch1][=Branch1][C][C][C][C][N][C][=Branch1][C][=O][N][C@@H1][Branch1][=Branch2][C][C][=C][N][C][=N][Ring1][Branch1][C][=Branch1][C][=O][N][C@@H1][Branch1][#Branch2][C][C][C][N][C][=Branch1][C][=N][N][C][=Branch1][C][=O][N][C@@H1][Branch1][#Branch1][C@H1][Branch1][Ring1][C][C][C][C][=Branch1][C][=O][N][C@@H1][Branch1][P][C][C][=Branch1][Ring1][=C][N][C][=C][Ring1][Ring1][C][=C][C][=C][Ring1][=Branch1][C][=Branch1][C][=O][N][C@@H1][Branch1][Branch2][C][C][C][=Branch1][C][=O][O][C][=Branch1][C][=O][N][C@@H1][Branch1][#Branch2][C][C][=C][C][=C][C][=C][Ring1][=Branch1][C][=Branch1][C][=O][N][C@@H1][Branch1][#Branch1][C][C][=Branch1][C][=O][O][C][=Branch1][C][=O][N][C@@H1][Branch1][C][C][C][=Branch1][C][=O][N][C@@H1][Branch1][#Branch2][C][C][C][N][C][=Branch1][C][=N][N][C][=Branch1][C][=O][N][C@@H1][Branch1][Ring1][C][O][C][=Branch1][C][=O][N][C@@H1][Branch1][=Branch1][C@H1][Branch1][C][O][C][C][=Branch1][C][=O][O],[N][C@@H1][Branch1][P][C][C][=Branch1][Ring1][=C][N][C][=C][Ring1][Ring1][C][=C][C][=C][Ring1][=Branch1][C][=Branch1][C][=O][N][C@@H1][Branch1][P][C][C][=Branch1][Ring1][=C][N][C][=C][Ring1][Ring1][C][=C][C][=C][Ring1][=Branch1][C][=Branch1][C][=O][N][C@@H1][Branch1][=Branch1][C][C][C][C][N][C][=Branch1][C][=O][N][C@@H1][Branch1][=Branch1][C][C][C][C][N][C][=Branch1][C][=O][N][C][C][=Branch1][C][=O][N][C@@H1][Branch1][=Branch2][C][C][=C][N][C][=N][Ring1][Branch1][C][=Branch1][C][=O][N][C@@H1][Branch1][Ring1][C][O][C][=Branch1][C][=O][N][C@@H1][Branch1][=Branch1][C][Branch1][C][C][C][C][=Branch1][C][=O][N][C@@H1][Branch1][#Branch1][C][C][Branch1][C][C][C][C][=Branch1][C][=O][N][C@@H1][Branch1][=N][C][C][=C][C][=C][Branch1][C][O][C][=C][Ring1][#Branch1][C][=Branch1][C][=O][N][C@@H1][Branch1][#Branch2][C][C][C][N][C][=Branch1][C][=N][N][C][=Branch1][C][=O][N][C@@H1][Branch1][=Branch1][C][C][C][C][N][C][=Branch1][C][=O][N][C@@H1][Branch1][=Branch1][C][C][C][C][N][C][=Branch1][C][=O][N][C@@H1][Branch1][=Branch2][C][C][=C][N][C][=N][Ring1][Branch1][C][=Branch1][C][=O][N][C@@H1][Branch1][#Branch2][C][C][C][N][C][=Branch1][C][=N][N][C][=Branch1][C][=O][N][C@@H1][Branch1][#Branch1][C@H1][Branch1][Ring1][C][C][C][C][=Branch1][C][=O][N][C@@H1][Branch1][P][C][C][=Branch1][Ring1][=C][N][C][=C][Ring1][Ring1][C][=C][C][=C][Ring1][=Branch1][C][=Branch1][C][=O][N][C@@H1][Branch1][Branch2][C][C][C][=Branch1][C][=O][O][C][=Branch1][C][=O][N][C@@H1][Branch1][#Branch2][C][C][=C][C][=C][C][=C][Ring1][=Branch1][C][=Branch1][C][=O][N][C@@H1][Branch1][#Branch1][C][C][=Branch1][C][=O][O][C][=Branch1][C][=O][N][C@@H1][Branch1][C][C][C][=Branch1][C][=O][N][C@@H1][Branch1][#Branch2][C][C][C][N][C][=Branch1][C][=N][N][C][=Branch1][C][=O][N][C@@H1][Branch1][Ring1][C][O][C][=Branch1][C][=O][N][C@@H1][Branch1][=Branch1][C@H1][Branch1][C][O][C][C][=Branch1][C][=O][O],CC[C@H](C)[C@H](NC(=O)[C@H](CCCNC(=N)N)NC(=O)[C@H](Cc1c[nH]cn1)NC(=O)[C@H](CCCCN)NC(=O)[C@H](CCCCN)NC(=O)[C@H](CCCNC(=N)N)NC(=O)[C@H](Cc1ccc(O)cc1)NC(=O)[C@H](CC(C)C)NC(=O)[C@@H](NC(=O)[C@H](CO)NC(=O)[C@H](Cc1c[nH]cn1)NC(=O)CNC(=O)[C@H](CCCCN)NC(=O)[C@H](CCCCN)NC(=O)[C@H](Cc1c[nH]c2ccccc12)NC(=O)[C@@H](N)Cc1c[nH]c2ccccc12)C(C)C)C(=O)N[C@@H](Cc1c[nH]c2ccccc12)C(=O)N[C@@H](CCC(=O)O)C(=O)N[C@@H](Cc1ccccc1)C(=O)N[C@@H](CC(=O)O)C(=O)N[C@@H](C)C(=O)N[C@@H](CCCNC(=N)N)C(=O)N[C@@H](CO)C(=O)N[C@H](C(=O)O)[C@@H](C)O,CC[C@H](C)[C@H](NC(=O)[C@H](CCCNC(=N)N)NC(=O)[C@H](Cc1c[nH]cn1)NC(=O)[C@H](CCCCN)NC(=O)[C@H](CCCCN)NC(=O)[C@H](CCCNC(=N)N)NC(=O)[C@H](Cc1ccc(O)cc1)NC(=O)[C@H](CC(C)C)NC(=O)[C@@H](NC(=O)[C@H](CO)NC(=O)[C@H](Cc1c[nH]cn1)NC(=O)CNC(=O)[C@H](CCCCN)NC(=O)[C@H](CCCCN)NC(=O)[C@H](Cc1c[nH]c2ccccc12)NC(=O)[C@@H](N)Cc1c[nH]c2ccccc12)C(C)C)C(=O)N[C@@H](Cc1c[nH]c2ccccc12)C(=O)N[C@@H](CCC(=O)O)C(=O)N[C@@H](Cc1ccccc1)C(=O)N[C@@H](CC(=O)O)C(=O)N[C@@H](C)C(=O)N[C@@H](CCCNC(=N)N)C(=O)N[C@@H](CO)C(=O)N[C@H](C(=O)O)[C@@H](C)O,False
60,BAA-3197,1,376,strain_BAA-3197_MIC_1_length_376_noise.txt,1,ae99b3c5b8ba132277ab762ebcbe57636be5335c37f380610e033e9cd814c235,MIKLLIKLAIGYLBLQBGQPLLNPGKGAB,MIKLLIKLAIGYLRLQRGQPLLNPGKGAR,MIKLLLIKLAIGYLRLQRGQPLLNPGKGAR,ApexOracle-5,nearest_precursor_replaced_by_final_peptide,[C][C][C@H1][Branch1][C][C][C@H1][Branch2][=Branch2][Branch2][N][C][=Branch1][C][=O][C@H1][Branch1][C][C][N][C][=Branch1][C][=O][C@H1][Branch1][#Branch1][C][C][Branch1][C][C][C][N][C][=Branch1][C][=O][C@H1][Branch1][=Branch1][C][C][C][C][N][N][C][=Branch1][C][=O][C@@H1][Branch2][=Branch1][Branch1][N][C][=Branch1][C][=O][C@H1][Branch1][#Branch1][C][C][Branch1][C][C][C][N][C][=Branch1][C][=O][C@H1][Branch1][#Branch1][C][C][Branch1][C][C][C][N][C][=Branch1][C][=O][C@H1][Branch1][=Branch1][C][C][C][C][N][N][C][=Branch1][C][=O][C@@H1][Branch1][=C][N][C][=Branch1][C][=O][C@@H1][Branch1][C][N][C][C][S][C][C@@H1][Branch1][C][C][C][C][C@@H1][Branch1][C][C][C][C][C][=Branch1][C][=O][N][C][C][=Branch1][C][=O][N][C@@H1][Branch1][=N][C][C][=C][C][=C][Branch1][C][O][C][=C][Ring1][#Branch1][C][=Branch1][C][=O][N][C@@H1][Branch1][#Branch1][C][C][Branch1][C][C][C][C][=Branch1][C][=O][N][C@@H1][Branch1][#Branch2][C][C][C][N][=C][Branch1][C][N][N][C][=Branch1][C][=O][N][C@@H1][Branch1][#Branch1][C][C][Branch1][C][C][C][C][=Branch1][C][=O][N][C@@H1][Branch1][Branch2][C][C][C][Branch1][C][N][=O][C][=Branch1][C][=O][N][C@@H1][Branch1][#Branch2][C][C][C][N][=C][Branch1][C][N][N][C][=Branch1][C][=O][N][C][C][=Branch1][C][=O][N][C@@H1][Branch1][Branch2][C][C][C][Branch1][C][N][=O][C][=Branch1][C][=O][N][C][C][C][C@H1][Ring1][Branch1][C][=Branch1][C][=O][N][C@@H1][Branch1][#Branch1][C][C][Branch1][C][C][C][C][=Branch1][C][=O][N][C@@H1][Branch1][#Branch1][C][C][Branch1][C][C][C][C][=Branch1][C][=O][N][C@@H1][Branch1][#Branch1][C][C][Branch1][C][N][=O][C][=Branch1][C][=O][N][C][C][C][C@H1][Ring1][Branch1][C][=Branch1][C][=O][N][C][C][=Branch1][C][=O][N][C@@H1][Branch1][=Branch1][C][C][C][C][N][C][=Branch1][C][=O][N][C][C][=Branch1][C][=O][N][C@@H1][Branch1][C][C][C][=Branch1][C][=O][N][C@@H1][Branch1][#Branch2][C][C][C][N][=C][Branch1][C][N][N][C][=Branch1][C][=O][OH1],[C][C][C@H1][Branch1][C][C][C@H1][Branch2][#Branch2][=Branch1][N][C][=Branch1][C][=O][C@H1][Branch1][C][C][N][C][=Branch1][C][=O][C@H1][Branch1][#Branch1][C][C][Branch1][C][C][C][N][C][=Branch1][C][=O][C@H1][Branch1][=Branch1][C][C][C][C][N][N][C][=Branch1][C][=O][C@@H1][Branch2][#Branch1][Ring1][N][C][=Branch1][C][=O][C@H1][Branch1][#Branch1][C][C][Branch1][C][C][C][N][C][=Branch1][C][=O][C@H1][Branch1][#Branch1][C][C][Branch1][C][C][C][N][C][=Branch1][C][=O][C@H1][Branch1][#Branch1][C][C][Branch1][C][C][C][N][C][=Branch1][C][=O][C@H1][Branch1][=Branch1][C][C][C][C][N][N][C][=Branch1][C][=O][C@@H1][Branch1][=C][N][C][=Branch1][C][=O][C@@H1][Branch1][C][N][C][C][S][C][C@@H1][Branch1][C][C][C][C][C@@H1][Branch1][C][C][C][C][C][=Branch1][C][=O][N][C][C][=Branch1][C][=O][N][C@@H1][Branch1][=N][C][C][=C][C][=C][Branch1][C][O][C][=C][Ring1][#Branch1][C][=Branch1][C][=O][N][C@@H1][Branch1][#Branch1][C][C][Branch1][C][C][C][C][=Branch1][C][=O][N][C@@H1][Branch1][#Branch2][C][C][C][N][=C][Branch1][C][N][N][C][=Branch1][C][=O][N][C@@H1][Branch1][#Branch1][C][C][Branch1][C][C][C][C][=Branch1][C][=O][N][C@@H1][Branch1][Branch2][C][C][C][Branch1][C][N][=O][C][=Branch1][C][=O][N][C@@H1][Branch1][#Branch2][C][C][C][N][=C][Branch1][C][N][N][C][=Branch1][C][=O][N][C][C][=Branch1][C][=O][N][C@@H1][Branch1][Branch2][C][C][C][Branch1][C][N][=O][C][=Branch1][C][=O][N][C][C][C][C@H1][Ring1][Branch1][C][=Branch1][C][=O][N][C@@H1][Branch1][#Branch1][C][C][Branch1][C][C][C][C][=Branch1][C][=O][N][C@@H1][Branch1][#Branch1][C][C][Branch1][C][C][C][C][=Branch1][C][=O][N][C@@H1][Branch1][#Branch1][C][C][Branch1][C][N][=O][C][=Branch1][C][=O][N][C][C][C][C@H1][Ring1][Branch1][C][=Branch1][C][=O][N][C][C][=Branch1][C][=O][N][C@@H1][Branch1][=Branch1][C][C][C][C][N][C][=Branch1][C][=O][N][C][C][=Branch1][C][=O][N][C@@H1][Branch1][C][C][C][=Branch1][C][=O][N][C@@H1][Branch1][#Branch2][C][C][C][N][=C][Branch1][C][N][N][C][=Branch1][C][=O][O],CC[C@H](C)[C@H](NC(=O)[C@H](C)NC(=O)[C@H](CC(C)C)NC(=O)[C@H](CCCCN)NC(=O)[C@@H](NC(=O)[C@H](CC(C)C)NC(=O)[C@H](CC(C)C)NC(=O)[C@H](CCCCN)NC(=O)[C@@H](NC(=O)[C@@H](N)CCSC)[C@@H](C)CC)[C@@H](C)CC)C(=O)NCC(=O)N[C@@H](Cc1ccc(O)cc1)C(=O)N[C@@H](CC(C)C)C(=O)N[C@@H](CCCN=C(N)N)C(=O)N[C@@H](CC(C)C)C(=O)N[C@@H](CCC(N)=O)C(=O)N[C@@H](CCCN=C(N)N)C(=O)NCC(=O)N[C@@H](CCC(N)=O)C(=O)N1CCC[C@H]1C(=O)N[C@@H](CC(C)C)C(=O)N[C@@H](CC(C)C)C(=O)N[C@@H](CC(N)=O)C(=O)N1CCC[C@H]1C(=O)NCC(=O)N[C@@H](CCCCN)C(=O)NCC(=O)N[C@@H](C)C(=O)N[C@@H](CCCN=C(N)N)C(=O)O,CC[C@H](C)[C@H](NC(=O)[C@H](C)NC(=O)[C@H](CC(C)C)NC(=O)[C@H](CCCCN)NC(=O)[C@@H](NC(=O)[C@H](CC(C)C)NC(=O)[C@H](CC(C)C)NC(=O)[C@H](CC(C)C)NC(=O)[C@H](CCCCN)NC(=O)[C@@H](NC(=O)[C@@H](N)CCSC)[C@@H](C)CC)[C@@H](C)CC)C(=O)NCC(=O)N[C@@H](Cc1ccc(O)cc1)C(=O)N[C@@H](CC(C)C)C(=O)N[C@@H](CCCN=C(N)N)C(=O)N[C@@H](CC(C)C)C(=O)N[C@@H](CCC(N)=O)C(=O)N[C@@H](CCCN=C(N)N)C(=O)NCC(=O)N[C@@H](CCC(N)=O)C(=O)N1CCC[C@H]1C(=O)N[C@@H](CC(C)C)C(=O)N[C@@H](CC(C)C)C(=O)N[C@@H](CC(N)=O)C(=O)N1CCC[C@H]1C(=O)NCC(=O)N[C@@H](CCCCN)C(=O)NCC(=O)N[C@@H](C)C(=O)N[C@@H](CCCN=C(N)N)C(=O)O,True
61,BAA-3197,1,376,strain_BAA-3197_MIC_1_length_376_noise.txt,2,ae99b3c5b8ba132277ab762ebcbe57636be5335c37f380610e033e9cd814c235,IILLHKKLQLKLALLLREKEKPTALVR,IILLHKKLQLKLALLLREKEKPTALVR,IILLHKKLQLKLALLLREKEKPTALVR,,unchanged_generated_output,[C][C][C@H1][Branch1][C][C][C@H1][Branch1][C][N][C][=Branch1][C][=O][N][C@H1][Branch3][Ring1][#Branch1][=N][C][=Branch1][C][=O][N][C@@H1][Branch1][#Branch1][C][C][Branch1][C][C][C][C][=Branch1][C][=O][N][C@@H1][Branch1][#Branch1][C][C][Branch1][C][C][C][C][=Branch1][C][=O][N][C@@H1][Branch1][=Branch2][C][C][=C][NH1][C][=N][Ring1][Branch1][C][=Branch1][C][=O][N][C@@H1][Branch1][=Branch1][C][C][C][C][N][C][=Branch1][C][=O][N][C@@H1][Branch1][=Branch1][C][C][C][C][N][C][=Branch1][C][=O][N][C@@H1][Branch1][#Branch1][C][C][Branch1][C][C][C][C][=Branch1][C][=O][N][C@@H1][Branch1][Branch2][C][C][C][Branch1][C][N][=O][C][=Branch1][C][=O][N][C@@H1][Branch1][#Branch1][C][C][Branch1][C][C][C][C][=Branch1][C][=O][N][C@@H1][Branch1][=Branch1][C][C][C][C][N][C][=Branch1][C][=O][N][C@@H1][Branch1][#Branch1][C][C][Branch1][C][C][C][C][=Branch1][C][=O][N][C@@H1][Branch1][C][C][C][=Branch1][C][=O][N][C@@H1][Branch1][#Branch1][C][C][Branch1][C][C][C][C][=Branch1][C][=O][N][C@@H1][Branch1][#Branch1][C][C][Branch1][C][C][C][C][=Branch1][C][=O][N][C@@H1][Branch1][#Branch1][C][C][Branch1][C][C][C][C][=Branch1][C][=O][N][C@@H1][Branch1][#Branch2][C][C][C][N][C][=Branch1][C][=N][N][C][=Branch1][C][=O][N][C@@H1][Branch1][Branch2][C][C][C][=Branch1][C][=O][O][C][=Branch1][C][=O][N][C@@H1][Branch1][=Branch1][C][C][C][C][N][C][=Branch1][C][=O][N][C@@H1][Branch1][Branch2][C][C][C][=Branch1][C][=O][O][C][=Branch1][C][=O][N][C@@H1][Branch1][=Branch1][C][C][C][C][N][C][=Branch1][C][=O][N][C][C][C][C@H1][Ring1][Branch1][C][=Branch1][C][=O][N][C@H1][Branch2][Branch1][N][C][=Branch1][C][=O][N][C@@H1][Branch1][C][C][C][=Branch1][C][=O][N][C@@H1][Branch1][#Branch1][C][C][Branch1][C][C][C][C][=Branch1][C][=O][N][C@H1][Branch2][Ring1][#Branch1][C][=Branch1][C][=O][N][C@@H1][Branch1][#Branch2][C][C][C][N][C][=Branch1][C][=N][N][C][=Branch1][C][=O][O][C][Branch1][C][C][C][C@@H1][Branch1][C][C][O][C@@H1][Branch1][C][C][C][C],[C][C][C@H1][Branch1][C][C][C@H1][Branch1][C][N][C][=Branch1][C][=O][N][C@H1][Branch3][Ring1][#Branch1][=N][C][=Branch1][C][=O][N][C@@H1][Branch1][#Branch1][C][C][Branch1][C][C][C][C][=Branch1][C][=O][N][C@@H1][Branch1][#Branch1][C][C][Branch1][C][C][C][C][=Branch1][C][=O][N][C@@H1][Branch1][=Branch2][C][C][=C][NH1][C][=N][Ring1][Branch1][C][=Branch1][C][=O][N][C@@H1][Branch1][=Branch1][C][C][C][C][N][C][=Branch1][C][=O][N][C@@H1][Branch1][=Branch1][C][C][C][C][N][C][=Branch1][C][=O][N][C@@H1][Branch1][#Branch1][C][C][Branch1][C][C][C][C][=Branch1][C][=O][N][C@@H1][Branch1][Branch2][C][C][C][Branch1][C][N][=O][C][=Branch1][C][=O][N][C@@H1][Branch1][#Branch1][C][C][Branch1][C][C][C][C][=Branch1][C][=O][N][C@@H1][Branch1][=Branch1][C][C][C][C][N][C][=Branch1][C][=O][N][C@@H1][Branch1][#Branch1][C][C][Branch1][C][C][C][C][=Branch1][C][=O][N][C@@H1][Branch1][C][C][C][=Branch1][C][=O][N][C@@H1][Branch1][#Branch1][C][C][Branch1][C][C][C][C][=Branch1][C][=O][N][C@@H1][Branch1][#Branch1][C][C][Branch1][C][C][C][C][=Branch1][C][=O][N][C@@H1][Branch1][#Branch1][C][C][Branch1][C][C][C][C][=Branch1][C][=O][N][C@@H1][Branch1][#Branch2][C][C][C][N][C][=Branch1][C][=N][N][C][=Branch1][C][=O][N][C@@H1][Branch1][Branch2][C][C][C][=Branch1][C][=O][O][C][=Branch1][C][=O][N][C@@H1][Branch1][=Branch1][C][C][C][C][N][C][=Branch1][C][=O][N][C@@H1][Branch1][Branch2][C][C][C][=Branch1][C][=O][O][C][=Branch1][C][=O][N][C@@H1][Branch1][=Branch1][C][C][C][C][N][C][=Branch1][C][=O][N][C][C][C][C@H1][Ring1][Branch1][C][=Branch1][C][=O][N][C@H1][Branch2][Branch1][N][C][=Branch1][C][=O][N][C@@H1][Branch1][C][C][C][=Branch1][C][=O][N][C@@H1][Branch1][#Branch1][C][C][Branch1][C][C][C][C][=Branch1][C][=O][N][C@H1][Branch2][Ring1][#Branch1][C][=Branch1][C][=O][N][C@@H1][Branch1][#Branch2][C][C][C][N][C][=Branch1][C][=N][N][C][=Branch1][C][=O][O][C][Branch1][C][C][C][C@@H1][Branch1][C][C][O][C@@H1][Branch1][C][C][C][C],CC[C@H](C)[C@H](N)C(=O)N[C@H](C(=O)N[C@@H](CC(C)C)C(=O)N[C@@H](CC(C)C)C(=O)N[C@@H](Cc1c[nH]cn1)C(=O)N[C@@H](CCCCN)C(=O)N[C@@H](CCCCN)C(=O)N[C@@H](CC(C)C)C(=O)N[C@@H](CCC(N)=O)C(=O)N[C@@H](CC(C)C)C(=O)N[C@@H](CCCCN)C(=O)N[C@@H](CC(C)C)C(=O)N[C@@H](C)C(=O)N[C@@H](CC(C)C)C(=O)N[C@@H](CC(C)C)C(=O)N[C@@H](CC(C)C)C(=O)N[C@@H](CCCNC(=N)N)C(=O)N[C@@H](CCC(=O)O)C(=O)N[C@@H](CCCCN)C(=O)N[C@@H](CCC(=O)O)C(=O)N[C@@H](CCCCN)C(=O)N1CCC[C@H]1C(=O)N[C@H](C(=O)N[C@@H](C)C(=O)N[C@@H](CC(C)C)C(=O)N[C@H](C(=O)N[C@@H](CCCNC(=N)N)C(=O)O)C(C)C)[C@@H](C)O)[C@@H](C)CC,CC[C@H](C)[C@H](N)C(=O)N[C@H](C(=O)N[C@@H](CC(C)C)C(=O)N[C@@H](CC(C)C)C(=O)N[C@@H](Cc1c[nH]cn1)C(=O)N[C@@H](CCCCN)C(=O)N[C@@H](CCCCN)C(=O)N[C@@H](CC(C)C)C(=O)N[C@@H](CCC(N)=O)C(=O)N[C@@H](CC(C)C)C(=O)N[C@@H](CCCCN)C(=O)N[C@@H](CC(C)C)C(=O)N[C@@H](C)C(=O)N[C@@H](CC(C)C)C(=O)N[C@@H](CC(C)C)C(=O)N[C@@H](CC(C)C)C(=O)N[C@@H](CCCNC(=N)N)C(=O)N[C@@H](CCC(=O)O)C(=O)N[C@@H](CCCCN)C(=O)N[C@@H](CCC(=O)O)C(=O)N[C@@H](CCCCN)C(=O)N1CCC[C@H]1C(=O)N[C@H](C(=O)N[C@@H](C)C(=O)N[C@@H](CC(C)C)C(=O)N[C@H](C(=O)N[C@@H](CCCNC(=N)N)C(=O)O)C(C)C)[C@@H](C)O)[C@@H](C)CC,False
62,BAA-3197,1,384,strain_BAA-3197_MIC_1_length_384_noise.txt,1,c74cd8123543fafaeb5d6471a060edd40ed03d5c482db13c4b8f3b405ba6c6ee,SEBGGETDDBGEWFDLIYSLLYYVDGB,SERGGETDDRGEWFDLIYSLLYYVDGR,SERGGETDDRGEWFDLIYSLLYYVDGR,,unchanged_generated_output,[C][C][C@H1][Branch1][C][C][C@H1][Branch2][#C][#Branch2][N][C][=Branch1][C][=O][C@H1][Branch1][#Branch1][C][C][Branch1][C][C][C][N][C][=Branch1][C][=O][C@H1][Branch1][#Branch1][C][C][=Branch1][C][=O][O][N][C][=Branch1][C][=O][C@H1][Branch1][#Branch2][C][C][=C][C][=C][C][=C][Ring1][=Branch1][N][C][=Branch1][C][=O][C@H1][Branch1][#C][C][C][=C][NH1][C][=C][C][=C][C][=C][Ring1][=Branch2][Ring1][=Branch1][N][C][=Branch1][C][=O][C@H1][Branch1][Branch2][C][C][C][=Branch1][C][=O][O][N][C][=Branch1][C][=O][C][N][C][=Branch1][C][=O][C@H1][Branch1][#Branch2][C][C][C][N][=C][Branch1][C][N][N][N][C][=Branch1][C][=O][C@H1][Branch1][#Branch1][C][C][=Branch1][C][=O][O][N][C][=Branch1][C][=O][C@H1][Branch1][#Branch1][C][C][=Branch1][C][=O][O][N][C][=Branch1][C][=O][C@@H1][Branch2][=Branch1][#Branch1][N][C][=Branch1][C][=O][C@H1][Branch1][Branch2][C][C][C][=Branch1][C][=O][O][N][C][=Branch1][C][=O][C][N][C][=Branch1][C][=O][C][N][C][=Branch1][C][=O][C@H1][Branch1][#Branch2][C][C][C][N][=C][Branch1][C][N][N][N][C][=Branch1][C][=O][C@H1][Branch1][Branch2][C][C][C][=Branch1][C][=O][O][N][C][=Branch1][C][=O][C@@H1][Branch1][C][N][C][O][C@@H1][Branch1][C][C][O][C][=Branch1][C][=O][N][C@@H1][Branch1][=N][C][C][=C][C][=C][Branch1][C][O][C][=C][Ring1][#Branch1][C][=Branch1][C][=O][N][C@@H1][Branch1][Ring1][C][O][C][=Branch1][C][=O][N][C@@H1][Branch1][#Branch1][C][C][Branch1][C][C][C][C][=Branch1][C][=O][N][C@@H1][Branch1][#Branch1][C][C][Branch1][C][C][C][C][=Branch1][C][=O][N][C@@H1][Branch1][=N][C][C][=C][C][=C][Branch1][C][O][C][=C][Ring1][#Branch1][C][=Branch1][C][=O][N][C@@H1][Branch1][=N][C][C][=C][C][=C][Branch1][C][O][C][=C][Ring1][#Branch1][C][=Branch1][C][=O][N][C@H1][Branch2][Ring2][O][C][=Branch1][C][=O][N][C@@H1][Branch1][#Branch1][C][C][=Branch1][C][=O][O][C][=Branch1][C][=O][N][C][C][=Branch1][C][=O][N][C@@H1][Branch1][#Branch2][C][C][C][N][=C][Branch1][C][N][N][C][=Branch1][C][=O][OH1][C][Branch1][C][C][C],[C][C][C@H1][Branch1][C][C][C@H1][Branch2][#C][#Branch2][N][C][=Branch1][C][=O][C@H1][Branch1][#Branch1][C][C][Branch1][C][C][C][N][C][=Branch1][C][=O][C@H1][Branch1][#Branch1][C][C][=Branch1][C][=O][O][N][C][=Branch1][C][=O][C@H1][Branch1][#Branch2][C][C][=C][C][=C][C][=C][Ring1][=Branch1][N][C][=Branch1][C][=O][C@H1][Branch1][#C][C][C][=C][NH1][C][=C][C][=C][C][=C][Ring1][=Branch2][Ring1][=Branch1][N][C][=Branch1][C][=O][C@H1][Branch1][Branch2][C][C][C][=Branch1][C][=O][O][N][C][=Branch1][C][=O][C][N][C][=Branch1][C][=O][C@H1][Branch1][#Branch2][C][C][C][N][=C][Branch1][C][N][N][N][C][=Branch1][C][=O][C@H1][Branch1][#Branch1][C][C][=Branch1][C][=O][O][N][C][=Branch1][C][=O][C@H1][Branch1][#Branch1][C][C][=Branch1][C][=O][O][N][C][=Branch1][C][=O][C@@H1][Branch2][=Branch1][#Branch1][N][C][=Branch1][C][=O][C@H1][Branch1][Branch2][C][C][C][=Branch1][C][=O][O][N][C][=Branch1][C][=O][C][N][C][=Branch1][C][=O][C][N][C][=Branch1][C][=O][C@H1][Branch1][#Branch2][C][C][C][N][=C][Branch1][C][N][N][N][C][=Branch1][C][=O][C@H1][Branch1][Branch2][C][C][C][=Branch1][C][=O][O][N][C][=Branch1][C][=O][C@@H1][Branch1][C][N][C][O][C@@H1][Branch1][C][C][O][C][=Branch1][C][=O][N][C@@H1][Branch1][=N][C][C][=C][C][=C][Branch1][C][O][C][=C][Ring1][#Branch1][C][=Branch1][C][=O][N][C@@H1][Branch1][Ring1][C][O][C][=Branch1][C][=O][N][C@@H1][Branch1][#Branch1][C][C][Branch1][C][C][C][C][=Branch1][C][=O][N][C@@H1][Branch1][#Branch1][C][C][Branch1][C][C][C][C][=Branch1][C][=O][N][C@@H1][Branch1][=N][C][C][=C][C][=C][Branch1][C][O][C][=C][Ring1][#Branch1][C][=Branch1][C][=O][N][C@@H1][Branch1][=N][C][C][=C][C][=C][Branch1][C][O][C][=C][Ring1][#Branch1][C][=Branch1][C][=O][N][C@H1][Branch2][Ring2][O][C][=Branch1][C][=O][N][C@@H1][Branch1][#Branch1][C][C][=Branch1][C][=O][O][C][=Branch1][C][=O][N][C][C][=Branch1][C][=O][N][C@@H1][Branch1][#Branch2][C][C][C][N][=C][Branch1][C][N][N][C][=Branch1][C][=O][OH1][C][Branch1][C][C][C],CC[C@H](C)[C@H](NC(=O)[C@H](CC(C)C)NC(=O)[C@H](CC(=O)O)NC(=O)[C@H](Cc1ccccc1)NC(=O)[C@H](Cc1c[nH]c2ccccc12)NC(=O)[C@H](CCC(=O)O)NC(=O)CNC(=O)[C@H](CCCN=C(N)N)NC(=O)[C@H](CC(=O)O)NC(=O)[C@H](CC(=O)O)NC(=O)[C@@H](NC(=O)[C@H](CCC(=O)O)NC(=O)CNC(=O)CNC(=O)[C@H](CCCN=C(N)N)NC(=O)[C@H](CCC(=O)O)NC(=O)[C@@H](N)CO)[C@@H](C)O)C(=O)N[C@@H](Cc1ccc(O)cc1)C(=O)N[C@@H](CO)C(=O)N[C@@H](CC(C)C)C(=O)N[C@@H](CC(C)C)C(=O)N[C@@H](Cc1ccc(O)cc1)C(=O)N[C@@H](Cc1ccc(O)cc1)C(=O)N[C@H](C(=O)N[C@@H](CC(=O)O)C(=O)NCC(=O)N[C@@H](CCCN=C(N)N)C(=O)O)C(C)C,CC[C@H](C)[C@H](NC(=O)[C@H](CC(C)C)NC(=O)[C@H](CC(=O)O)NC(=O)[C@H](Cc1ccccc1)NC(=O)[C@H](Cc1c[nH]c2ccccc12)NC(=O)[C@H](CCC(=O)O)NC(=O)CNC(=O)[C@H](CCCN=C(N)N)NC(=O)[C@H](CC(=O)O)NC(=O)[C@H](CC(=O)O)NC(=O)[C@@H](NC(=O)[C@H](CCC(=O)O)NC(=O)CNC(=O)CNC(=O)[C@H](CCCN=C(N)N)NC(=O)[C@H](CCC(=O)O)NC(=O)[C@@H](N)CO)[C@@H](C)O)C(=O)N[C@@H](Cc1ccc(O)cc1)C(=O)N[C@@H](CO)C(=O)N[C@@H](CC(C)C)C(=O)N[C@@H](CC(C)C)C(=O)N[C@@H](Cc1ccc(O)cc1)C(=O)N[C@@H](Cc1ccc(O)cc1)C(=O)N[C@H](C(=O)N[C@@H](CC(=O)O)C(=O)NCC(=O)N[C@@H](CCCN=C(N)N)C(=O)O)C(C)C,False
63,BAA-3197,1,388,strain_BAA-3197_MIC_1_length_388_noise.txt,1,82102d4eb5b2b69ca696e3e0ebcc7409186c5d7f5ffc53aed699136f6968c481,MIYSEATNSTGLNKLKBSGENIESSGKNLAS,MIYSEATNSTGLNKLKRSGENIESSGKNLAS,MIYSEATNSTGLNKLKRSGENIESSGKNLAS,,unchanged_generated_output,[C][C][C@H1][Branch1][C][C][C@H1][Branch3][Ring1][C][=C][N][C][=Branch1][C][=O][C@H1][Branch1][#Branch1][C][C][Branch1][C][N][=O][N][C][=Branch1][C][=O][C@H1][Branch1][Branch2][C][C][C][=Branch1][C][=O][O][N][C][=Branch1][C][=O][C][N][C][=Branch1][C][=O][C@H1][Branch1][Ring1][C][O][N][C][=Branch1][C][=O][C@H1][Branch1][#Branch2][C][C][C][N][=C][Branch1][C][N][N][N][C][=Branch1][C][=O][C@H1][Branch1][=Branch1][C][C][C][C][N][N][C][=Branch1][C][=O][C@H1][Branch1][#Branch1][C][C][Branch1][C][C][C][N][C][=Branch1][C][=O][C@H1][Branch1][=Branch1][C][C][C][C][N][N][C][=Branch1][C][=O][C@H1][Branch1][#Branch1][C][C][Branch1][C][N][=O][N][C][=Branch1][C][=O][C@H1][Branch1][#Branch1][C][C][Branch1][C][C][C][N][C][=Branch1][C][=O][C][N][C][=Branch1][C][=O][C@@H1][Branch2][=Branch2][Branch2][N][C][=Branch1][C][=O][C@H1][Branch1][Ring1][C][O][N][C][=Branch1][C][=O][C@H1][Branch1][#Branch1][C][C][Branch1][C][N][=O][N][C][=Branch1][C][=O][C@@H1][Branch2][#Branch1][C][N][C][=Branch1][C][=O][C@H1][Branch1][C][C][N][C][=Branch1][C][=O][C@H1][Branch1][Branch2][C][C][C][=Branch1][C][=O][O][N][C][=Branch1][C][=O][C@H1][Branch1][Ring1][C][O][N][C][=Branch1][C][=O][C@H1][Branch1][=N][C][C][=C][C][=C][Branch1][C][O][C][=C][Ring1][#Branch1][N][C][=Branch1][C][=O][C@@H1][Branch1][=C][N][C][=Branch1][C][=O][C@@H1][Branch1][C][N][C][C][S][C][C@@H1][Branch1][C][C][C][C][C@@H1][Branch1][C][C][O][C@@H1][Branch1][C][C][O][C][=Branch1][C][=O][N][C@@H1][Branch1][Branch2][C][C][C][=Branch1][C][=O][O][C][=Branch1][C][=O][N][C@@H1][Branch1][Ring1][C][O][C][=Branch1][C][=O][N][C@@H1][Branch1][Ring1][C][O][C][=Branch1][C][=O][N][C][C][=Branch1][C][=O][N][C@@H1][Branch1][=Branch1][C][C][C][C][N][C][=Branch1][C][=O][N][C@@H1][Branch1][#Branch1][C][C][Branch1][C][N][=O][C][=Branch1][C][=O][N][C@@H1][Branch1][#Branch1][C][C][Branch1][C][C][C][C][=Branch1][C][=O][N][C@@H1][Branch1][C][C][C][=Branch1][C][=O][N][C@@H1][Branch1][Ring1][C][O][C][=Branch1][C][=O][OH1],[C][C][C@H1][Branch1][C][C][C@H1][Branch3][Ring1][C][=C][N][C][=Branch1][C][=O][C@H1][Branch1][#Branch1][C][C][Branch1][C][N][=O][N][C][=Branch1][C][=O][C@H1][Branch1][Branch2][C][C][C][=Branch1][C][=O][O][N][C][=Branch1][C][=O][C][N][C][=Branch1][C][=O][C@H1][Branch1][Ring1][C][O][N][C][=Branch1][C][=O][C@H1][Branch1][#Branch2][C][C][C][N][=C][Branch1][C][N][N][N][C][=Branch1][C][=O][C@H1][Branch1][=Branch1][C][C][C][C][N][N][C][=Branch1][C][=O][C@H1][Branch1][#Branch1][C][C][Branch1][C][C][C][N][C][=Branch1][C][=O][C@H1][Branch1][=Branch1][C][C][C][C][N][N][C][=Branch1][C][=O][C@H1][Branch1][#Branch1][C][C][Branch1][C][N][=O][N][C][=Branch1][C][=O][C@H1][Branch1][#Branch1][C][C][Branch1][C][C][C][N][C][=Branch1][C][=O][C][N][C][=Branch1][C][=O][C@@H1][Branch2][=Branch2][Branch2][N][C][=Branch1][C][=O][C@H1][Branch1][Ring1][C][O][N][C][=Branch1][C][=O][C@H1][Branch1][#Branch1][C][C][Branch1][C][N][=O][N][C][=Branch1][C][=O][C@@H1][Branch2][#Branch1][C][N][C][=Branch1][C][=O][C@H1][Branch1][C][C][N][C][=Branch1][C][=O][C@H1][Branch1][Branch2][C][C][C][=Branch1][C][=O][O][N][C][=Branch1][C][=O][C@H1][Branch1][Ring1][C][O][N][C][=Branch1][C][=O][C@H1][Branch1][=N][C][C][=C][C][=C][Branch1][C][O][C][=C][Ring1][#Branch1][N][C][=Branch1][C][=O][C@@H1][Branch1][=C][N][C][=Branch1][C][=O][C@@H1][Branch1][C][N][C][C][S][C][C@@H1][Branch1][C][C][C][C][C@@H1][Branch1][C][C][O][C@@H1][Branch1][C][C][O][C][=Branch1][C][=O][N][C@@H1][Branch1][Branch2][C][C][C][=Branch1][C][=O][O][C][=Branch1][C][=O][N][C@@H1][Branch1][Ring1][C][O][C][=Branch1][C][=O][N][C@@H1][Branch1][Ring1][C][O][C][=Branch1][C][=O][N][C][C][=Branch1][C][=O][N][C@@H1][Branch1][=Branch1][C][C][C][C][N][C][=Branch1][C][=O][N][C@@H1][Branch1][#Branch1][C][C][Branch1][C][N][=O][C][=Branch1][C][=O][N][C@@H1][Branch1][#Branch1][C][C][Branch1][C][C][C][C][=Branch1][C][=O][N][C@@H1][Branch1][C][C][C][=Branch1][C][=O][N][C@@H1][Branch1][Ring1][C][O][C][=Branch1][C][=O][OH1],CC[C@H](C)[C@H](NC(=O)[C@H](CC(N)=O)NC(=O)[C@H](CCC(=O)O)NC(=O)CNC(=O)[C@H](CO)NC(=O)[C@H](CCCN=C(N)N)NC(=O)[C@H](CCCCN)NC(=O)[C@H](CC(C)C)NC(=O)[C@H](CCCCN)NC(=O)[C@H](CC(N)=O)NC(=O)[C@H](CC(C)C)NC(=O)CNC(=O)[C@@H](NC(=O)[C@H](CO)NC(=O)[C@H](CC(N)=O)NC(=O)[C@@H](NC(=O)[C@H](C)NC(=O)[C@H](CCC(=O)O)NC(=O)[C@H](CO)NC(=O)[C@H](Cc1ccc(O)cc1)NC(=O)[C@@H](NC(=O)[C@@H](N)CCSC)[C@@H](C)CC)[C@@H](C)O)[C@@H](C)O)C(=O)N[C@@H](CCC(=O)O)C(=O)N[C@@H](CO)C(=O)N[C@@H](CO)C(=O)NCC(=O)N[C@@H](CCCCN)C(=O)N[C@@H](CC(N)=O)C(=O)N[C@@H](CC(C)C)C(=O)N[C@@H](C)C(=O)N[C@@H](CO)C(=O)O,CC[C@H](C)[C@H](NC(=O)[C@H](CC(N)=O)NC(=O)[C@H](CCC(=O)O)NC(=O)CNC(=O)[C@H](CO)NC(=O)[C@H](CCCN=C(N)N)NC(=O)[C@H](CCCCN)NC(=O)[C@H](CC(C)C)NC(=O)[C@H](CCCCN)NC(=O)[C@H](CC(N)=O)NC(=O)[C@H](CC(C)C)NC(=O)CNC(=O)[C@@H](NC(=O)[C@H](CO)NC(=O)[C@H](CC(N)=O)NC(=O)[C@@H](NC(=O)[C@H](C)NC(=O)[C@H](CCC(=O)O)NC(=O)[C@H](CO)NC(=O)[C@H](Cc1ccc(O)cc1)NC(=O)[C@@H](NC(=O)[C@@H](N)CCSC)[C@@H](C)CC)[C@@H](C)O)[C@@H](C)O)C(=O)N[C@@H](CCC(=O)O)C(=O)N[C@@H](CO)C(=O)N[C@@H](CO)C(=O)NCC(=O)N[C@@H](CCCCN)C(=O)N[C@@H](CC(N)=O)C(=O)N[C@@H](CC(C)C)C(=O)N[C@@H](C)C(=O)N[C@@H](CO)C(=O)O,False
64,BAA-3197,1,388,strain_BAA-3197_MIC_1_length_388_noise.txt,2,82102d4eb5b2b69ca696e3e0ebcc7409186c5d7f5ffc53aed699136f6968c481,MDVSKDBADLGABSGBAEYSDLSSLDLGALE,MDVSKDRADLGARSGRAEYSDLSSLDLGALE,MDVSKDRADLGARSGRAEYSDLSSLDLGALE,,unchanged_generated_output,[C][S][C][C][C@H1][Branch1][C][N][C][=Branch1][C][=O][N][C@@H1][Branch1][#Branch1][C][C][=Branch1][C][=O][O][C][=Branch1][C][=O][N][C@H1][Branch3][Ring1][#Branch1][=C][C][=Branch1][C][=O][N][C@@H1][Branch1][Ring1][C][O][C][=Branch1][C][=O][N][C@@H1][Branch1][=Branch1][C][C][C][C][N][C][=Branch1][C][=O][N][C@@H1][Branch1][#Branch1][C][C][=Branch1][C][=O][O][C][=Branch1][C][=O][N][C@@H1][Branch1][#Branch2][C][C][C][N][=C][Branch1][C][N][N][C][=Branch1][C][=O][N][C@@H1][Branch1][C][C][C][=Branch1][C][=O][N][C@@H1][Branch1][#Branch1][C][C][=Branch1][C][=O][O][C][=Branch1][C][=O][N][C@@H1][Branch1][#Branch1][C][C][Branch1][C][C][C][C][=Branch1][C][=O][N][C][C][=Branch1][C][=O][N][C@@H1][Branch1][C][C][C][=Branch1][C][=O][N][C@@H1][Branch1][#Branch2][C][C][C][N][=C][Branch1][C][N][N][C][=Branch1][C][=O][N][C@@H1][Branch1][Ring1][C][O][C][=Branch1][C][=O][N][C][C][=Branch1][C][=O][N][C@@H1][Branch1][#Branch2][C][C][C][N][=C][Branch1][C][N][N][C][=Branch1][C][=O][N][C@@H1][Branch1][C][C][C][=Branch1][C][=O][N][C@@H1][Branch1][Branch2][C][C][C][=Branch1][C][=O][O][C][=Branch1][C][=O][N][C@@H1][Branch1][=N][C][C][=C][C][=C][Branch1][C][O][C][=C][Ring1][#Branch1][C][=Branch1][C][=O][N][C@@H1][Branch1][Ring1][C][O][C][=Branch1][C][=O][N][C@@H1][Branch1][#Branch1][C][C][=Branch1][C][=O][O][C][=Branch1][C][=O][N][C@@H1][Branch1][#Branch1][C][C][Branch1][C][C][C][C][=Branch1][C][=O][N][C@@H1][Branch1][Ring1][C][O][C][=Branch1][C][=O][N][C@@H1][Branch1][Ring1][C][O][C][=Branch1][C][=O][N][C@@H1][Branch1][#Branch1][C][C][Branch1][C][C][C][C][=Branch1][C][=O][N][C@@H1][Branch1][#Branch1][C][C][=Branch1][C][=O][O][C][=Branch1][C][=O][N][C@@H1][Branch1][#Branch1][C][C][Branch1][C][C][C][C][=Branch1][C][=O][N][C][C][=Branch1][C][=O][N][C@@H1][Branch1][C][C][C][=Branch1][C][=O][N][C@@H1][Branch1][#Branch1][C][C][Branch1][C][C][C][C][=Branch1][C][=O][N][C@@H1][Branch1][Branch2][C][C][C][=Branch1][C][=O][O][C][=Branch1][C][=O][OH1][C][Branch1][C][C][C],[C][S][C][C][C@H1][Branch1][C][N][C][=Branch1][C][=O][N][C@@H1][Branch1][#Branch1][C][C][=Branch1][C][=O][O][C][=Branch1][C][=O][N][C@H1][Branch3][Ring1][#Branch1][=C][C][=Branch1][C][=O][N][C@@H1][Branch1][Ring1][C][O][C][=Branch1][C][=O][N][C@@H1][Branch1][=Branch1][C][C][C][C][N][C][=Branch1][C][=O][N][C@@H1][Branch1][#Branch1][C][C][=Branch1][C][=O][O][C][=Branch1][C][=O][N][C@@H1][Branch1][#Branch2][C][C][C][N][=C][Branch1][C][N][N][C][=Branch1][C][=O][N][C@@H1][Branch1][C][C][C][=Branch1][C][=O][N][C@@H1][Branch1][#Branch1][C][C][=Branch1][C][=O][O][C][=Branch1][C][=O][N][C@@H1][Branch1][#Branch1][C][C][Branch1][C][C][C][C][=Branch1][C][=O][N][C][C][=Branch1][C][=O][N][C@@H1][Branch1][C][C][C][=Branch1][C][=O][N][C@@H1][Branch1][#Branch2][C][C][C][N][=C][Branch1][C][N][N][C][=Branch1][C][=O][N][C@@H1][Branch1][Ring1][C][O][C][=Branch1][C][=O][N][C][C][=Branch1][C][=O][N][C@@H1][Branch1][#Branch2][C][C][C][N][=C][Branch1][C][N][N][C][=Branch1][C][=O][N][C@@H1][Branch1][C][C][C][=Branch1][C][=O][N][C@@H1][Branch1][Branch2][C][C][C][=Branch1][C][=O][O][C][=Branch1][C][=O][N][C@@H1][Branch1][=N][C][C][=C][C][=C][Branch1][C][O][C][=C][Ring1][#Branch1][C][=Branch1][C][=O][N][C@@H1][Branch1][Ring1][C][O][C][=Branch1][C][=O][N][C@@H1][Branch1][#Branch1][C][C][=Branch1][C][=O][O][C][=Branch1][C][=O][N][C@@H1][Branch1][#Branch1][C][C][Branch1][C][C][C][C][=Branch1][C][=O][N][C@@H1][Branch1][Ring1][C][O][C][=Branch1][C][=O][N][C@@H1][Branch1][Ring1][C][O][C][=Branch1][C][=O][N][C@@H1][Branch1][#Branch1][C][C][Branch1][C][C][C][C][=Branch1][C][=O][N][C@@H1][Branch1][#Branch1][C][C][=Branch1][C][=O][O][C][=Branch1][C][=O][N][C@@H1][Branch1][#Branch1][C][C][Branch1][C][C][C][C][=Branch1][C][=O][N][C][C][=Branch1][C][=O][N][C@@H1][Branch1][C][C][C][=Branch1][C][=O][N][C@@H1][Branch1][#Branch1][C][C][Branch1][C][C][C][C][=Branch1][C][=O][N][C@@H1][Branch1][Branch2][C][C][C][=Branch1][C][=O][O][C][=Branch1][C][=O][OH1][C][Branch1][C][C][C],CSCC[C@H](N)C(=O)N[C@@H](CC(=O)O)C(=O)N[C@H](C(=O)N[C@@H](CO)C(=O)N[C@@H](CCCCN)C(=O)N[C@@H](CC(=O)O)C(=O)N[C@@H](CCCN=C(N)N)C(=O)N[C@@H](C)C(=O)N[C@@H](CC(=O)O)C(=O)N[C@@H](CC(C)C)C(=O)NCC(=O)N[C@@H](C)C(=O)N[C@@H](CCCN=C(N)N)C(=O)N[C@@H](CO)C(=O)NCC(=O)N[C@@H](CCCN=C(N)N)C(=O)N[C@@H](C)C(=O)N[C@@H](CCC(=O)O)C(=O)N[C@@H](Cc1ccc(O)cc1)C(=O)N[C@@H](CO)C(=O)N[C@@H](CC(=O)O)C(=O)N[C@@H](CC(C)C)C(=O)N[C@@H](CO)C(=O)N[C@@H](CO)C(=O)N[C@@H](CC(C)C)C(=O)N[C@@H](CC(=O)O)C(=O)N[C@@H](CC(C)C)C(=O)NCC(=O)N[C@@H](C)C(=O)N[C@@H](CC(C)C)C(=O)N[C@@H](CCC(=O)O)C(=O)O)C(C)C,CSCC[C@H](N)C(=O)N[C@@H](CC(=O)O)C(=O)N[C@H](C(=O)N[C@@H](CO)C(=O)N[C@@H](CCCCN)C(=O)N[C@@H](CC(=O)O)C(=O)N[C@@H](CCCN=C(N)N)C(=O)N[C@@H](C)C(=O)N[C@@H](CC(=O)O)C(=O)N[C@@H](CC(C)C)C(=O)NCC(=O)N[C@@H](C)C(=O)N[C@@H](CCCN=C(N)N)C(=O)N[C@@H](CO)C(=O)NCC(=O)N[C@@H](CCCN=C(N)N)C(=O)N[C@@H](C)C(=O)N[C@@H](CCC(=O)O)C(=O)N[C@@H](Cc1ccc(O)cc1)C(=O)N[C@@H](CO)C(=O)N[C@@H](CC(=O)O)C(=O)N[C@@H](CC(C)C)C(=O)N[C@@H](CO)C(=O)N[C@@H](CO)C(=O)N[C@@H](CC(C)C)C(=O)N[C@@H](CC(=O)O)C(=O)N[C@@H](CC(C)C)C(=O)NCC(=O)N[C@@H](C)C(=O)N[C@@H](CC(C)C)C(=O)N[C@@H](CCC(=O)O)C(=O)O)C(C)C,False
65,BAA-3197,1,388,strain_BAA-3197_MIC_1_length_388_noise.txt,3,82102d4eb5b2b69ca696e3e0ebcc7409186c5d7f5ffc53aed699136f6968c481,KKKKLVAIENBKKYTVVLBNLAISBBGV,KKKKLVAIENRKKYTVVLRNLAISRRGV,KKKKLVALENRKKYTVVLRNLAISRRGV,ApexOracle-7,nearest_precursor_replaced_by_final_peptide,[C][C][C@H1][Branch1][C][C][C@H1][Branch2][#Branch1][O][N][C][=Branch1][C][=O][C@H1][Branch1][C][C][N][C][=Branch1][C][=O][C@@H1][Branch2][=Branch1][Ring2][N][C][=Branch1][C][=O][C@H1][Branch1][#Branch1][C][C][Branch1][C][C][C][N][C][=Branch1][C][=O][C@H1][Branch1][=Branch1][C][C][C][C][N][N][C][=Branch1][C][=O][C@H1][Branch1][=Branch1][C][C][C][C][N][N][C][=Branch1][C][=O][C@H1][Branch1][=Branch1][C][C][C][C][N][N][C][=Branch1][C][=O][C@@H1][Branch1][C][N][C][C][C][C][N][C][Branch1][C][C][C][C][=Branch1][C][=O][N][C@@H1][Branch1][Branch2][C][C][C][=Branch1][C][=O][O][C][=Branch1][C][=O][N][C@@H1][Branch1][#Branch1][C][C][Branch1][C][N][=O][C][=Branch1][C][=O][N][C@@H1][Branch1][#Branch2][C][C][C][N][=C][Branch1][C][N][N][C][=Branch1][C][=O][N][C@@H1][Branch1][=Branch1][C][C][C][C][N][C][=Branch1][C][=O][N][C@@H1][Branch1][=Branch1][C][C][C][C][N][C][=Branch1][C][=O][N][C@@H1][Branch1][=N][C][C][=C][C][=C][Branch1][C][O][C][=C][Ring1][#Branch1][C][=Branch1][C][=O][N][C@H1][Branch2][=N][Ring2][C][=Branch1][C][=O][N][C@H1][Branch2][N][=Branch1][C][=Branch1][C][=O][N][C@H1][Branch2][O][Branch2][C][=Branch1][C][=O][N][C@@H1][Branch1][#Branch1][C][C][Branch1][C][C][C][C][=Branch1][C][=O][N][C@@H1][Branch1][#Branch2][C][C][C][N][=C][Branch1][C][N][N][C][=Branch1][C][=O][N][C@@H1][Branch1][#Branch1][C][C][Branch1][C][N][=O][C][=Branch1][C][=O][N][C@@H1][Branch1][#Branch1][C][C][Branch1][C][C][C][C][=Branch1][C][=O][N][C@@H1][Branch1][C][C][C][=Branch1][C][=O][N][C@H1][Branch2][=Branch1][Branch1][C][=Branch1][C][=O][N][C@@H1][Branch1][Ring1][C][O][C][=Branch1][C][=O][N][C@@H1][Branch1][#Branch2][C][C][C][N][=C][Branch1][C][N][N][C][=Branch1][C][=O][N][C@@H1][Branch1][#Branch2][C][C][C][N][=C][Branch1][C][N][N][C][=Branch1][C][=O][N][C][C][=Branch1][C][=O][N][C@H1][Branch1][=Branch1][C][=Branch1][C][=O][OH1][C][Branch1][C][C][C][C@@H1][Branch1][C][C][C][C][C][Branch1][C][C][C][C][Branch1][C][C][C][C@@H1][Branch1][C][C][O],[C][C][C@H1][Branch1][C][C][C@H1][Branch3][Ring1][Branch1][Ring1][N][C][=Branch1][C][=O][C@H1][Branch1][C][C][N][C][=Branch1][C][=O][C@H1][Branch1][#Branch1][C][C][Branch1][C][C][C][N][C][=Branch1][C][=O][C@H1][Branch1][#Branch1][C][C][Branch1][C][N][=O][N][C][=Branch1][C][=O][C@H1][Branch1][#Branch2][C][C][C][N][=C][Branch1][C][N][N][N][C][=Branch1][C][=O][C@H1][Branch1][#Branch1][C][C][Branch1][C][C][C][N][C][=Branch1][C][=O][C@@H1][Branch2][#C][P][N][C][=Branch1][C][=O][C@@H1][Branch2][#C][Ring1][N][C][=Branch1][C][=O][C@@H1][Branch2][=C][Branch1][N][C][=Branch1][C][=O][C@H1][Branch1][=N][C][C][=C][C][=C][Branch1][C][O][C][=C][Ring1][#Branch1][N][C][=Branch1][C][=O][C@H1][Branch1][=Branch1][C][C][C][C][N][N][C][=Branch1][C][=O][C@H1][Branch1][=Branch1][C][C][C][C][N][N][C][=Branch1][C][=O][C@H1][Branch1][#Branch2][C][C][C][N][=C][Branch1][C][N][N][N][C][=Branch1][C][=O][C@H1][Branch1][#Branch1][C][C][Branch1][C][N][=O][N][C][=Branch1][C][=O][C@H1][Branch1][Branch2][C][C][C][=Branch1][C][=O][O][N][C][=Branch1][C][=O][C@H1][Branch1][#Branch1][C][C][Branch1][C][C][C][N][C][=Branch1][C][=O][C@H1][Branch1][C][C][N][C][=Branch1][C][=O][C@@H1][Branch2][=Branch1][Ring2][N][C][=Branch1][C][=O][C@H1][Branch1][#Branch1][C][C][Branch1][C][C][C][N][C][=Branch1][C][=O][C@H1][Branch1][=Branch1][C][C][C][C][N][N][C][=Branch1][C][=O][C@H1][Branch1][=Branch1][C][C][C][C][N][N][C][=Branch1][C][=O][C@H1][Branch1][=Branch1][C][C][C][C][N][N][C][=Branch1][C][=O][C@@H1][Branch1][C][N][C][C][C][C][N][C][Branch1][C][C][C][C@@H1][Branch1][C][C][O][C][Branch1][C][C][C][C][Branch1][C][C][C][C][=Branch1][C][=O][N][C@@H1][Branch1][Ring1][C][O][C][=Branch1][C][=O][N][C@@H1][Branch1][#Branch2][C][C][C][N][=C][Branch1][C][N][N][C][=Branch1][C][=O][N][C@@H1][Branch1][#Branch2][C][C][C][N][=C][Branch1][C][N][N][C][=Branch1][C][=O][N][C][C][=Branch1][C][=O][N][C@H1][Branch1][=Branch1][C][=Branch1][C][=O][O][C][Branch1][C][C][C],CC[C@H](C)[C@H](NC(=O)[C@H](C)NC(=O)[C@H](CC(C)C)NC(=O)[C@H](CC(N)=O)NC(=O)[C@H](CCCN=C(N)N)NC(=O)[C@H](CC(C)C)NC(=O)[C@@H](NC(=O)[C@@H](NC(=O)[C@@H](NC(=O)[C@H](Cc1ccc(O)cc1)NC(=O)[C@H](CCCCN)NC(=O)[C@H](CCCCN)NC(=O)[C@H](CCCN=C(N)N)NC(=O)[C@H](CC(N)=O)NC(=O)[C@H](CCC(=O)O)NC(=O)[C@@H](NC(=O)[C@H](C)NC(=O)[C@@H](NC(=O)[C@H](CC(C)C)NC(=O)[C@H](CCCCN)NC(=O)[C@H](CCCCN)NC(=O)[C@H](CCCCN)NC(=O)[C@@H](N)CCCCN)C(C)C)[C@@H](C)CC)[C@@H](C)O)C(C)C)C(C)C)C(=O)N[C@@H](CO)C(=O)N[C@@H](CCCN=C(N)N)C(=O)N[C@@H](CCCN=C(N)N)C(=O)NCC(=O)N[C@H](C(=O)O)C(C)C,CC[C@H](C)[C@H](NC(=O)[C@H](C)NC(=O)[C@H](CC(C)C)NC(=O)[C@H](CC(N)=O)NC(=O)[C@H](CCCN=C(N)N)NC(=O)[C@H](CC(C)C)NC(=O)[C@@H](NC(=O)[C@@H](NC(=O)[C@@H](NC(=O)[C@H](Cc1ccc(O)cc1)NC(=O)[C@H](CCCCN)NC(=O)[C@H](CCCCN)NC(=O)[C@H](CCCN=C(N)N)NC(=O)[C@H](CC(N)=O)NC(=O)[C@H](CCC(=O)O)NC(=O)[C@H](CC(C)C)NC(=O)[C@H](C)NC(=O)[C@@H](NC(=O)[C@H](CC(C)C)NC(=O)[C@H](CCCCN)NC(=O)[C@H](CCCCN)NC(=O)[C@H](CCCCN)NC(=O)[C@@H](N)CCCCN)C(C)C)[C@@H](C)O)C(C)C)C(C)C)C(=O)N[C@@H](CO)C(=O)N[C@@H](CCCN=C(N)N)C(=O)N[C@@H](CCCN=C(N)N)C(=O)NCC(=O)N[C@H](C(=O)O)C(C)C,True
66,BAA-3197,1,392,strain_BAA-3197_MIC_1_length_392_noise.txt,1,98c45b2bd90f31287b32e8189035e7043efcaa13ef3d4f8b022f15da0aeecfb9,IQKLKFLRLAAQAQKLLLKLGLARRSLASK,IQKLKFLRLAAQAQKLLLKLGLARRSLASK,IQKLKFLRLAAQAQKLLLKLGIARRSLASK,ApexOracle-9,nearest_precursor_replaced_by_final_peptide,[C][C][C@H1][Branch1][C][C][C@H1][Branch1][C][N][C][=Branch1][C][=O][N][C@@H1][Branch1][Branch2][C][C][C][Branch1][C][N][=O][C][=Branch1][C][=O][N][C@@H1][Branch1][=Branch1][C][C][C][C][N][C][=Branch1][C][=O][N][C@@H1][Branch1][#Branch1][C][C][Branch1][C][C][C][C][=Branch1][C][=O][N][C@@H1][Branch1][=Branch1][C][C][C][C][N][C][=Branch1][C][=O][N][C@@H1][Branch1][#Branch2][C][C][=C][C][=C][C][=C][Ring1][=Branch1][C][=Branch1][C][=O][N][C@@H1][Branch1][#Branch1][C][C][Branch1][C][C][C][C][=Branch1][C][=O][N][C@@H1][Branch1][#Branch2][C][C][C][N][C][=Branch1][C][=N][N][C][=Branch1][C][=O][N][C@@H1][Branch1][#Branch1][C][C][Branch1][C][C][C][C][=Branch1][C][=O][N][C@@H1][Branch1][C][C][C][=Branch1][C][=O][N][C@@H1][Branch1][C][C][C][=Branch1][C][=O][N][C@@H1][Branch1][Branch2][C][C][C][Branch1][C][N][=O][C][=Branch1][C][=O][N][C@@H1][Branch1][C][C][C][=Branch1][C][=O][N][C@@H1][Branch1][Branch2][C][C][C][Branch1][C][N][=O][C][=Branch1][C][=O][N][C@@H1][Branch1][=Branch1][C][C][C][C][N][C][=Branch1][C][=O][N][C@@H1][Branch1][#Branch1][C][C][Branch1][C][C][C][C][=Branch1][C][=O][N][C@@H1][Branch1][#Branch1][C][C][Branch1][C][C][C][C][=Branch1][C][=O][N][C@@H1][Branch1][#Branch1][C][C][Branch1][C][C][C][C][=Branch1][C][=O][N][C@@H1][Branch1][=Branch1][C][C][C][C][N][C][=Branch1][C][=O][N][C@@H1][Branch1][#Branch1][C][C][Branch1][C][C][C][C][=Branch1][C][=O][N][C][C][=Branch1][C][=O][N][C@@H1][Branch1][#Branch1][C][C][Branch1][C][C][C][C][=Branch1][C][=O][N][C@@H1][Branch1][C][C][C][=Branch1][C][=O][N][C@@H1][Branch1][#Branch2][C][C][C][N][C][=Branch1][C][=N][N][C][=Branch1][C][=O][N][C@@H1][Branch1][#Branch2][C][C][C][N][C][=Branch1][C][=N][N][C][=Branch1][C][=O][N][C@@H1][Branch1][Ring1][C][O][C][=Branch1][C][=O][N][C@@H1][Branch1][#Branch1][C][C][Branch1][C][C][C][C][=Branch1][C][=O][N][C@@H1][Branch1][C][C][C][=Branch1][C][=O][N][C@@H1][Branch1][Ring1][C][O][C][=Branch1][C][=O][N][C@@H1][Branch1][=Branch1][C][C][C][C][N][C][=Branch1][C][=O][O],[C][C][C@H1][Branch1][C][C][C@H1][Branch1][C][N][C][=Branch1][C][=O][N][C@@H1][Branch1][Branch2][C][C][C][Branch1][C][N][=O][C][=Branch1][C][=O][N][C@@H1][Branch1][=Branch1][C][C][C][C][N][C][=Branch1][C][=O][N][C@@H1][Branch1][#Branch1][C][C][Branch1][C][C][C][C][=Branch1][C][=O][N][C@@H1][Branch1][=Branch1][C][C][C][C][N][C][=Branch1][C][=O][N][C@@H1][Branch1][#Branch2][C][C][=C][C][=C][C][=C][Ring1][=Branch1][C][=Branch1][C][=O][N][C@@H1][Branch1][#Branch1][C][C][Branch1][C][C][C][C][=Branch1][C][=O][N][C@@H1][Branch1][#Branch2][C][C][C][N][=C][Branch1][C][N][N][C][=Branch1][C][=O][N][C@@H1][Branch1][#Branch1][C][C][Branch1][C][C][C][C][=Branch1][C][=O][N][C@@H1][Branch1][C][C][C][=Branch1][C][=O][N][C@@H1][Branch1][C][C][C][=Branch1][C][=O][N][C@@H1][Branch1][Branch2][C][C][C][Branch1][C][N][=O][C][=Branch1][C][=O][N][C@@H1][Branch1][C][C][C][=Branch1][C][=O][N][C@@H1][Branch1][Branch2][C][C][C][Branch1][C][N][=O][C][=Branch1][C][=O][N][C@@H1][Branch1][=Branch1][C][C][C][C][N][C][=Branch1][C][=O][N][C@@H1][Branch1][#Branch1][C][C][Branch1][C][C][C][C][=Branch1][C][=O][N][C@@H1][Branch1][#Branch1][C][C][Branch1][C][C][C][C][=Branch1][C][=O][N][C@@H1][Branch1][#Branch1][C][C][Branch1][C][C][C][C][=Branch1][C][=O][N][C@@H1][Branch1][=Branch1][C][C][C][C][N][C][=Branch1][C][=O][N][C@@H1][Branch1][#Branch1][C][C][Branch1][C][C][C][C][=Branch1][C][=O][N][C][C][=Branch1][C][=O][N][C@H1][Branch2][Branch2][=Branch2][C][=Branch1][C][=O][N][C@@H1][Branch1][C][C][C][=Branch1][C][=O][N][C@@H1][Branch1][#Branch2][C][C][C][N][=C][Branch1][C][N][N][C][=Branch1][C][=O][N][C@@H1][Branch1][#Branch2][C][C][C][N][=C][Branch1][C][N][N][C][=Branch1][C][=O][N][C@@H1][Branch1][Ring1][C][O][C][=Branch1][C][=O][N][C@@H1][Branch1][#Branch1][C][C][Branch1][C][C][C][C][=Branch1][C][=O][N][C@@H1][Branch1][C][C][C][=Branch1][C][=O][N][C@@H1][Branch1][Ring1][C][O][C][=Branch1][C][=O][N][C@@H1][Branch1][=Branch1][C][C][C][C][N][C][=Branch1][C][=O][O][C@@H1][Branch1][C][C][C][C],CC[C@H](C)[C@H](N)C(=O)N[C@@H](CCC(N)=O)C(=O)N[C@@H](CCCCN)C(=O)N[C@@H](CC(C)C)C(=O)N[C@@H](CCCCN)C(=O)N[C@@H](Cc1ccccc1)C(=O)N[C@@H](CC(C)C)C(=O)N[C@@H](CCCNC(=N)N)C(=O)N[C@@H](CC(C)C)C(=O)N[C@@H](C)C(=O)N[C@@H](C)C(=O)N[C@@H](CCC(N)=O)C(=O)N[C@@H](C)C(=O)N[C@@H](CCC(N)=O)C(=O)N[C@@H](CCCCN)C(=O)N[C@@H](CC(C)C)C(=O)N[C@@H](CC(C)C)C(=O)N[C@@H](CC(C)C)C(=O)N[C@@H](CCCCN)C(=O)N[C@@H](CC(C)C)C(=O)NCC(=O)N[C@@H](CC(C)C)C(=O)N[C@@H](C)C(=O)N[C@@H](CCCNC(=N)N)C(=O)N[C@@H](CCCNC(=N)N)C(=O)N[C@@H](CO)C(=O)N[C@@H](CC(C)C)C(=O)N[C@@H](C)C(=O)N[C@@H](CO)C(=O)N[C@@H](CCCCN)C(=O)O,CC[C@H](C)[C@H](N)C(=O)N[C@@H](CCC(N)=O)C(=O)N[C@@H](CCCCN)C(=O)N[C@@H](CC(C)C)C(=O)N[C@@H](CCCCN)C(=O)N[C@@H](Cc1ccccc1)C(=O)N[C@@H](CC(C)C)C(=O)N[C@@H](CCCN=C(N)N)C(=O)N[C@@H](CC(C)C)C(=O)N[C@@H](C)C(=O)N[C@@H](C)C(=O)N[C@@H](CCC(N)=O)C(=O)N[C@@H](C)C(=O)N[C@@H](CCC(N)=O)C(=O)N[C@@H](CCCCN)C(=O)N[C@@H](CC(C)C)C(=O)N[C@@H](CC(C)C)C(=O)N[C@@H](CC(C)C)C(=O)N[C@@H](CCCCN)C(=O)N[C@@H](CC(C)C)C(=O)NCC(=O)N[C@H](C(=O)N[C@@H](C)C(=O)N[C@@H](CCCN=C(N)N)C(=O)N[C@@H](CCCN=C(N)N)C(=O)N[C@@H](CO)C(=O)N[C@@H](CC(C)C)C(=O)N[C@@H](C)C(=O)N[C@@H](CO)C(=O)N[C@@H](CCCCN)C(=O)O)[C@@H](C)CC,True
67,BAA-3197,1,400,strain_BAA-3197_MIC_1_length_400_noise.txt,1,6b2e4687b4d34090b42893b6e116888b77404a16ee809288d4b060243b53360e,cyclo-IWWKKGRMIKSAQkVKVWLCWERYSLV,cyclo-IWWKKGRMIKSAQkVKVWLCWERYSLV,cyclo-IWWKKGRMIKSAQkVKVWLCWERYSLV,,unchanged_generated_output,[N][C@@H1][Branch1][#Branch1][C@H1][Branch1][Ring1][C][C][C][C][=Branch1][C][=O][N][C@@H1][Branch1][P][C][C][=Branch1][Ring1][=C][N][C][=C][Ring1][Ring1][C][=C][C][=C][Ring1][=Branch1][C][=Branch1][C][=O][N][C@@H1][Branch1][P][C][C][=Branch1][Ring1][=C][N][C][=C][Ring1][Ring1][C][=C][C][=C][Ring1][=Branch1][C][=Branch1][C][=O][N][C@@H1][Branch1][=Branch1][C][C][C][C][N][C][=Branch1][C][=O][N][C@@H1][Branch1][=Branch1][C][C][C][C][N][C][=Branch1][C][=O][N][C][C][=Branch1][C][=O][N][C@@H1][Branch1][#Branch2][C][C][C][N][C][=Branch1][C][=N][N][C][=Branch1][C][=O][N][C@@H1][Branch1][Branch1][C][C][S][C][C][=Branch1][C][=O][N][C@@H1][Branch1][#Branch1][C@H1][Branch1][Ring1][C][C][C][C][=Branch1][C][=O][N][C@@H1][Branch1][=Branch1][C][C][C][C][N][C][=Branch1][C][=O][N][C@@H1][Branch1][Ring1][C][O][C][=Branch1][C][=O][N][C@@H1][Branch1][C][C][C][=Branch1][C][=O][N][C@@H1][Branch1][Branch2][C][C][C][=Branch1][C][=O][N][C][=Branch1][C][=O][N][C@H1][Branch1][=Branch1][C][C][C][C][N][C][=Branch1][C][=O][N][C@@H1][Branch1][=Branch1][C][Branch1][C][C][C][C][=Branch1][C][=O][N][C@@H1][Branch1][=Branch1][C][C][C][C][N][C][=Branch1][C][=O][N][C@@H1][Branch1][=Branch1][C][Branch1][C][C][C][C][=Branch1][C][=O][N][C@@H1][Branch1][P][C][C][=Branch1][Ring1][=C][N][C][=C][Ring1][Ring1][C][=C][C][=C][Ring1][=Branch1][C][=Branch1][C][=O][N][C@@H1][Branch1][#Branch1][C][C][Branch1][C][C][C][C][=Branch1][C][=O][N][C@@H1][Branch1][Ring1][C][S][C][=Branch1][C][=O][N][C@@H1][Branch1][P][C][C][=Branch1][Ring1][=C][N][C][=C][Ring1][Ring1][C][=C][C][=C][Ring1][=Branch1][C][=Branch1][C][=O][N][C@@H1][Branch1][Branch2][C][C][C][=Branch1][C][=O][O][C][=Branch1][C][=O][N][C@@H1][Branch1][#Branch2][C][C][C][N][C][=Branch1][C][=N][N][C][=Branch1][C][=O][N][C@@H1][Branch1][=N][C][C][=C][C][=C][Branch1][C][O][C][=C][Ring1][#Branch1][C][=Branch1][C][=O][N][C@@H1][Branch1][Ring1][C][O][C][=Branch1][C][=O][N][C@@H1][Branch1][#Branch1][C][C][Branch1][C][C][C][C][=Branch1][C][=O][N][C@@H1][Branch1][=Branch1][C][Branch1][C][C][C][C][Ring2][S][S][=O],[N][C@@H1][Branch1][#Branch1][C@H1][Branch1][Ring1][C][C][C][C][=Branch1][C][=O][N][C@@H1][Branch1][P][C][C][=Branch1][Ring1][=C][N][C][=C][Ring1][Ring1][C][=C][C][=C][Ring1][=Branch1][C][=Branch1][C][=O][N][C@@H1][Branch1][P][C][C][=Branch1][Ring1][=C][N][C][=C][Ring1][Ring1][C][=C][C][=C][Ring1][=Branch1][C][=Branch1][C][=O][N][C@@H1][Branch1][=Branch1][C][C][C][C][N][C][=Branch1][C][=O][N][C@@H1][Branch1][=Branch1][C][C][C][C][N][C][=Branch1][C][=O][N][C][C][=Branch1][C][=O][N][C@@H1][Branch1][#Branch2][C][C][C][N][C][=Branch1][C][=N][N][C][=Branch1][C][=O][N][C@@H1][Branch1][Branch1][C][C][S][C][C][=Branch1][C][=O][N][C@@H1][Branch1][#Branch1][C@H1][Branch1][Ring1][C][C][C][C][=Branch1][C][=O][N][C@@H1][Branch1][=Branch1][C][C][C][C][N][C][=Branch1][C][=O][N][C@@H1][Branch1][Ring1][C][O][C][=Branch1][C][=O][N][C@@H1][Branch1][C][C][C][=Branch1][C][=O][N][C@@H1][Branch1][Branch2][C][C][C][=Branch1][C][=O][N][C][=Branch1][C][=O][N][C@H1][Branch1][=Branch1][C][C][C][C][N][C][=Branch1][C][=O][N][C@@H1][Branch1][=Branch1][C][Branch1][C][C][C][C][=Branch1][C][=O][N][C@@H1][Branch1][=Branch1][C][C][C][C][N][C][=Branch1][C][=O][N][C@@H1][Branch1][=Branch1][C][Branch1][C][C][C][C][=Branch1][C][=O][N][C@@H1][Branch1][P][C][C][=Branch1][Ring1][=C][N][C][=C][Ring1][Ring1][C][=C][C][=C][Ring1][=Branch1][C][=Branch1][C][=O][N][C@@H1][Branch1][#Branch1][C][C][Branch1][C][C][C][C][=Branch1][C][=O][N][C@@H1][Branch1][Ring1][C][S][C][=Branch1][C][=O][N][C@@H1][Branch1][P][C][C][=Branch1][Ring1][=C][N][C][=C][Ring1][Ring1][C][=C][C][=C][Ring1][=Branch1][C][=Branch1][C][=O][N][C@@H1][Branch1][Branch2][C][C][C][=Branch1][C][=O][O][C][=Branch1][C][=O][N][C@@H1][Branch1][#Branch2][C][C][C][N][C][=Branch1][C][=N][N][C][=Branch1][C][=O][N][C@@H1][Branch1][=N][C][C][=C][C][=C][Branch1][C][O][C][=C][Ring1][#Branch1][C][=Branch1][C][=O][N][C@@H1][Branch1][Ring1][C][O][C][=Branch1][C][=O][N][C@@H1][Branch1][#Branch1][C][C][Branch1][C][C][C][C][=Branch1][C][=O][N][C@@H1][Branch1][=Branch1][C][Branch1][C][C][C][C][Ring2][S][S][=O],CC[C@H](C)[C@@H]1NC(=O)[C@H](CCSC)NC(=O)[C@H](CCCNC(=N)N)NC(=O)CNC(=O)[C@H](CCCCN)NC(=O)[C@H](CCCCN)NC(=O)[C@H](Cc2c[nH]c3ccccc23)NC(=O)[C@H](Cc2c[nH]c3ccccc23)NC(=O)[C@H]([C@@H](C)CC)NC(=O)[C@H](C(C)C)NC(=O)[C@H](CC(C)C)NC(=O)[C@H](CO)NC(=O)[C@H](Cc2ccc(O)cc2)NC(=O)[C@H](CCCNC(=N)N)NC(=O)[C@H](CCC(=O)O)NC(=O)[C@H](Cc2c[nH]c3ccccc23)NC(=O)[C@H](CS)NC(=O)[C@H](CC(C)C)NC(=O)[C@H](Cc2c[nH]c3ccccc23)NC(=O)[C@H](C(C)C)NC(=O)[C@H](CCCCN)NC(=O)[C@H](C(C)C)NC(=O)[C@@H](CCCCN)NC(=O)[C@H](CCC(N)=O)NC(=O)[C@H](C)NC(=O)[C@H](CO)NC(=O)[C@H](CCCCN)NC1=O,CC[C@H](C)[C@@H]1NC(=O)[C@H](CCSC)NC(=O)[C@H](CCCNC(=N)N)NC(=O)CNC(=O)[C@H](CCCCN)NC(=O)[C@H](CCCCN)NC(=O)[C@H](Cc2c[nH]c3ccccc23)NC(=O)[C@H](Cc2c[nH]c3ccccc23)NC(=O)[C@H]([C@@H](C)CC)NC(=O)[C@H](C(C)C)NC(=O)[C@H](CC(C)C)NC(=O)[C@H](CO)NC(=O)[C@H](Cc2ccc(O)cc2)NC(=O)[C@H](CCCNC(=N)N)NC(=O)[C@H](CCC(=O)O)NC(=O)[C@H](Cc2c[nH]c3ccccc23)NC(=O)[C@H](CS)NC(=O)[C@H](CC(C)C)NC(=O)[C@H](Cc2c[nH]c3ccccc23)NC(=O)[C@H](C(C)C)NC(=O)[C@H](CCCCN)NC(=O)[C@H](C(C)C)NC(=O)[C@@H](CCCCN)NC(=O)[C@H](CCC(N)=O)NC(=O)[C@H](C)NC(=O)[C@H](CO)NC(=O)[C@H](CCCCN)NC1=O,False
68,BAA-3197,1,404,strain_BAA-3197_MIC_1_length_404_noise.txt,1,db7021b8eef0404e27dda8865a92b66e5457977d01fabfdcad5d42f9577053e0,MLNIQBKLBLBLAALBBYBQLTPBKLAA,MLNIQRKLRLRLAALRRYRQLTPRKLAA,MLNIQRKLRLRLAALRRYRQLTPRKLAA,,unchanged_generated_output,[C][C][C@H1][Branch1][C][C][C@H1][Branch2][Ring2][#Branch2][N][C][=Branch1][C][=O][C@H1][Branch1][#Branch1][C][C][Branch1][C][N][=O][N][C][=Branch1][C][=O][C@H1][Branch1][#Branch1][C][C][Branch1][C][C][C][N][C][=Branch1][C][=O][C@@H1][Branch1][C][N][C][C][S][C][C][=Branch1][C][=O][N][C@@H1][Branch1][Branch2][C][C][C][Branch1][C][N][=O][C][=Branch1][C][=O][N][C@@H1][Branch1][#Branch2][C][C][C][N][=C][Branch1][C][N][N][C][=Branch1][C][=O][N][C@@H1][Branch1][=Branch1][C][C][C][C][N][C][=Branch1][C][=O][N][C@@H1][Branch1][#Branch1][C][C][Branch1][C][C][C][C][=Branch1][C][=O][N][C@@H1][Branch1][#Branch2][C][C][C][N][=C][Branch1][C][N][N][C][=Branch1][C][=O][N][C@@H1][Branch1][#Branch1][C][C][Branch1][C][C][C][C][=Branch1][C][=O][N][C@@H1][Branch1][#Branch2][C][C][C][N][=C][Branch1][C][N][N][C][=Branch1][C][=O][N][C@@H1][Branch1][#Branch1][C][C][Branch1][C][C][C][C][=Branch1][C][=O][N][C@H1][Branch2][#C][Branch2][C][=Branch1][C][=O][N][C@@H1][Branch1][C][C][C][=Branch1][C][=O][N][C@@H1][Branch1][#Branch1][C][C][Branch1][C][C][C][C][=Branch1][C][=O][N][C@@H1][Branch1][#Branch2][C][C][C][N][=C][Branch1][C][N][N][C][=Branch1][C][=O][N][C@@H1][Branch1][#Branch2][C][C][C][N][=C][Branch1][C][N][N][C][=Branch1][C][=O][N][C@@H1][Branch1][=N][C][C][=C][C][=C][Branch1][C][O][C][=C][Ring1][#Branch1][C][=Branch1][C][=O][N][C@@H1][Branch1][#Branch2][C][C][C][N][=C][Branch1][C][N][N][C][=Branch1][C][=O][N][C@@H1][Branch1][Branch2][C][C][C][Branch1][C][N][=O][C][=Branch1][C][=O][N][C@@H1][Branch1][#Branch1][C][C][Branch1][C][C][C][C][=Branch1][C][=O][N][C@H1][Branch2][=Branch1][#C][C][=Branch1][C][=O][N][C][C][C][C@H1][Ring1][Branch1][C][=Branch1][C][=O][N][C@@H1][Branch1][#Branch2][C][C][C][N][=C][Branch1][C][N][N][C][=Branch1][C][=O][N][C@@H1][Branch1][=Branch1][C][C][C][C][N][C][=Branch1][C][=O][N][C@@H1][Branch1][#Branch1][C][C][Branch1][C][C][C][C][=Branch1][C][=O][N][C@@H1][Branch1][C][C][C][=Branch1][C][=O][N][C@@H1][Branch1][C][C][C][=Branch1][C][=O][OH1][C@@H1][Branch1][C][C][O][C@@H1],[C][C][C@H1][Branch1][C][C][C@H1][Branch2][Ring2][#Branch2][N][C][=Branch1][C][=O][C@H1][Branch1][#Branch1][C][C][Branch1][C][N][=O][N][C][=Branch1][C][=O][C@H1][Branch1][#Branch1][C][C][Branch1][C][C][C][N][C][=Branch1][C][=O][C@@H1][Branch1][C][N][C][C][S][C][C][=Branch1][C][=O][N][C@@H1][Branch1][Branch2][C][C][C][Branch1][C][N][=O][C][=Branch1][C][=O][N][C@@H1][Branch1][#Branch2][C][C][C][N][=C][Branch1][C][N][N][C][=Branch1][C][=O][N][C@@H1][Branch1][=Branch1][C][C][C][C][N][C][=Branch1][C][=O][N][C@@H1][Branch1][#Branch1][C][C][Branch1][C][C][C][C][=Branch1][C][=O][N][C@@H1][Branch1][#Branch2][C][C][C][N][=C][Branch1][C][N][N][C][=Branch1][C][=O][N][C@@H1][Branch1][#Branch1][C][C][Branch1][C][C][C][C][=Branch1][C][=O][N][C@@H1][Branch1][#Branch2][C][C][C][N][=C][Branch1][C][N][N][C][=Branch1][C][=O][N][C@@H1][Branch1][#Branch1][C][C][Branch1][C][C][C][C][=Branch1][C][=O][N][C@H1][Branch2][#C][Branch2][C][=Branch1][C][=O][N][C@@H1][Branch1][C][C][C][=Branch1][C][=O][N][C@@H1][Branch1][#Branch1][C][C][Branch1][C][C][C][C][=Branch1][C][=O][N][C@@H1][Branch1][#Branch2][C][C][C][N][=C][Branch1][C][N][N][C][=Branch1][C][=O][N][C@@H1][Branch1][#Branch2][C][C][C][N][=C][Branch1][C][N][N][C][=Branch1][C][=O][N][C@@H1][Branch1][=N][C][C][=C][C][=C][Branch1][C][O][C][=C][Ring1][#Branch1][C][=Branch1][C][=O][N][C@@H1][Branch1][#Branch2][C][C][C][N][=C][Branch1][C][N][N][C][=Branch1][C][=O][N][C@@H1][Branch1][Branch2][C][C][C][Branch1][C][N][=O][C][=Branch1][C][=O][N][C@@H1][Branch1][#Branch1][C][C][Branch1][C][C][C][C][=Branch1][C][=O][N][C@H1][Branch2][=Branch1][#C][C][=Branch1][C][=O][N][C][C][C][C@H1][Ring1][Branch1][C][=Branch1][C][=O][N][C@@H1][Branch1][#Branch2][C][C][C][N][=C][Branch1][C][N][N][C][=Branch1][C][=O][N][C@@H1][Branch1][=Branch1][C][C][C][C][N][C][=Branch1][C][=O][N][C@@H1][Branch1][#Branch1][C][C][Branch1][C][C][C][C][=Branch1][C][=O][N][C@@H1][Branch1][C][C][C][=Branch1][C][=O][N][C@@H1][Branch1][C][C][C][=Branch1][C][=O][OH1][C@@H1][Branch1][C][C][O][C@@H1],[CH][C@H](NC(=O)[C@H](CC(C)C)NC(=O)[C@H](CCCN=C(N)N)NC(=O)[C@H](CC(C)C)NC(=O)[C@H](CCCN=C(N)N)NC(=O)[C@H](CC(C)C)NC(=O)[C@H](CCCCN)NC(=O)[C@H](CCCN=C(N)N)NC(=O)[C@H](CCC(N)=O)NC(=O)[C@@H](NC(=O)[C@H](CC(N)=O)NC(=O)[C@H](CC(C)C)NC(=O)[C@@H](N)CCSC)[C@@H](C)CC)C(=O)N[C@@H](C)C(=O)N[C@@H](CC(C)C)C(=O)N[C@@H](CCCN=C(N)N)C(=O)N[C@@H](CCCN=C(N)N)C(=O)N[C@@H](Cc1ccc(O)cc1)C(=O)N[C@@H](CCCN=C(N)N)C(=O)N[C@@H](CCC(N)=O)C(=O)N[C@@H](CC(C)C)C(=O)N[C@H](C(=O)N1CCC[C@H]1C(=O)N[C@@H](CCCN=C(N)N)C(=O)N[C@@H](CCCCN)C(=O)N[C@@H](CC(C)C)C(=O)N[C@@H](C)C(=O)N[C@@H](C)C(=O)O)[C@@H](C)O,[CH][C@H](NC(=O)[C@H](CC(C)C)NC(=O)[C@H](CCCN=C(N)N)NC(=O)[C@H](CC(C)C)NC(=O)[C@H](CCCN=C(N)N)NC(=O)[C@H](CC(C)C)NC(=O)[C@H](CCCCN)NC(=O)[C@H](CCCN=C(N)N)NC(=O)[C@H](CCC(N)=O)NC(=O)[C@@H](NC(=O)[C@H](CC(N)=O)NC(=O)[C@H](CC(C)C)NC(=O)[C@@H](N)CCSC)[C@@H](C)CC)C(=O)N[C@@H](C)C(=O)N[C@@H](CC(C)C)C(=O)N[C@@H](CCCN=C(N)N)C(=O)N[C@@H](CCCN=C(N)N)C(=O)N[C@@H](Cc1ccc(O)cc1)C(=O)N[C@@H](CCCN=C(N)N)C(=O)N[C@@H](CCC(N)=O)C(=O)N[C@@H](CC(C)C)C(=O)N[C@H](C(=O)N1CCC[C@H]1C(=O)N[C@@H](CCCN=C(N)N)C(=O)N[C@@H](CCCCN)C(=O)N[C@@H](CC(C)C)C(=O)N[C@@H](C)C(=O)N[C@@H](C)C(=O)O)[C@@H](C)O,False
69,BAA-3197,1,408,strain_BAA-3197_MIC_1_length_408_noise.txt,1,bc2710cabc013f6290ef7f72d7e93b3adfd71821f03094f08c11361eeea9d004,LFFRSLkIKTQVKRPANYAMLVKRWKFR,LFFRSLkIKTQVKRPANYAMLVKRWKFR,LFFRSLkIKTQVKRPANYAMLVKRWKFR,,unchanged_generated_output,[N][C@@H1][Branch1][#Branch1][C][C][Branch1][C][C][C][C][=Branch1][C][=O][N][C@@H1][Branch1][#Branch2][C][C][=C][C][=C][C][=C][Ring1][=Branch1][C][=Branch1][C][=O][N][C@@H1][Branch1][#Branch2][C][C][=C][C][=C][C][=C][Ring1][=Branch1][C][=Branch1][C][=O][N][C@@H1][Branch1][#Branch2][C][C][C][N][C][=Branch1][C][=N][N][C][=Branch1][C][=O][N][C@@H1][Branch1][Ring1][C][O][C][=Branch1][C][=O][N][C@@H1][Branch1][#Branch1][C][C][Branch1][C][C][C][C][=Branch1][C][=O][N][C@H1][Branch1][=Branch1][C][C][C][C][N][C][=Branch1][C][=O][N][C@@H1][Branch1][#Branch1][C@H1][Branch1][Ring1][C][C][C][C][=Branch1][C][=O][N][C@@H1][Branch1][=Branch1][C][C][C][C][N][C][=Branch1][C][=O][N][C@@H1][Branch1][=Branch1][C@H1][Branch1][C][O][C][C][=Branch1][C][=O][N][C@@H1][Branch1][Branch2][C][C][C][=Branch1][C][=O][N][C][=Branch1][C][=O][N][C@@H1][Branch1][=Branch1][C][Branch1][C][C][C][C][=Branch1][C][=O][N][C@@H1][Branch1][=Branch1][C][C][C][C][N][C][=Branch1][C][=O][N][C@@H1][Branch1][#Branch2][C][C][C][N][C][=Branch1][C][=N][N][C][=Branch1][C][=O][N][C@@H1][Branch1][=Branch1][C][C][C][Ring1][Branch1][C][=Branch1][C][=O][N][C@@H1][Branch1][C][C][C][=Branch1][C][=O][N][C@@H1][Branch1][#Branch1][C][C][=Branch1][C][=O][N][C][=Branch1][C][=O][N][C@@H1][Branch1][=N][C][C][=C][C][=C][Branch1][C][O][C][=C][Ring1][#Branch1][C][=Branch1][C][=O][N][C@@H1][Branch1][C][C][C][=Branch1][C][=O][N][C@@H1][Branch1][Branch1][C][C][S][C][C][=Branch1][C][=O][N][C@@H1][Branch1][#Branch1][C][C][Branch1][C][C][C][C][=Branch1][C][=O][N][C@@H1][Branch1][=Branch1][C][Branch1][C][C][C][C][=Branch1][C][=O][N][C@@H1][Branch1][=Branch1][C][C][C][C][N][C][=Branch1][C][=O][N][C@@H1][Branch1][#Branch2][C][C][C][N][C][=Branch1][C][=N][N][C][=Branch1][C][=O][N][C@@H1][Branch1][P][C][C][=Branch1][Ring1][=C][N][C][=C][Ring1][Ring1][C][=C][C][=C][Ring1][=Branch1][C][=Branch1][C][=O][N][C@@H1][Branch1][=Branch1][C][C][C][C][N][C][=Branch1][C][=O][N][C@@H1][Branch1][#Branch2][C][C][=C][C][=C][C][=C][Ring1][=Branch1][C][=Branch1][C][=O][N][C@@H1][Branch1][#Branch2][C][C][C][N][C][=Branch1][C][=N][N][C][=Branch1][C][=O][O],[N][C@@H1][Branch1][#Branch1][C][C][Branch1][C][C][C][C][=Branch1][C][=O][N][C@@H1][Branch1][#Branch2][C][C][=C][C][=C][C][=C][Ring1][=Branch1][C][=Branch1][C][=O][N][C@@H1][Branch1][#Branch2][C][C][=C][C][=C][C][=C][Ring1][=Branch1][C][=Branch1][C][=O][N][C@@H1][Branch1][#Branch2][C][C][C][N][C][=Branch1][C][=N][N][C][=Branch1][C][=O][N][C@@H1][Branch1][Ring1][C][O][C][=Branch1][C][=O][N][C@@H1][Branch1][#Branch1][C][C][Branch1][C][C][C][C][=Branch1][C][=O][N][C@H1][Branch1][=Branch1][C][C][C][C][N][C][=Branch1][C][=O][N][C@@H1][Branch1][#Branch1][C@H1][Branch1][Ring1][C][C][C][C][=Branch1][C][=O][N][C@@H1][Branch1][=Branch1][C][C][C][C][N][C][=Branch1][C][=O][N][C@@H1][Branch1][=Branch1][C@H1][Branch1][C][O][C][C][=Branch1][C][=O][N][C@@H1][Branch1][Branch2][C][C][C][=Branch1][C][=O][N][C][=Branch1][C][=O][N][C@@H1][Branch1][=Branch1][C][Branch1][C][C][C][C][=Branch1][C][=O][N][C@@H1][Branch1][=Branch1][C][C][C][C][N][C][=Branch1][C][=O][N][C@@H1][Branch1][#Branch2][C][C][C][N][C][=Branch1][C][=N][N][C][=Branch1][C][=O][N][C@@H1][Branch1][=Branch1][C][C][C][Ring1][Branch1][C][=Branch1][C][=O][N][C@@H1][Branch1][C][C][C][=Branch1][C][=O][N][C@@H1][Branch1][#Branch1][C][C][=Branch1][C][=O][N][C][=Branch1][C][=O][N][C@@H1][Branch1][=N][C][C][=C][C][=C][Branch1][C][O][C][=C][Ring1][#Branch1][C][=Branch1][C][=O][N][C@@H1][Branch1][C][C][C][=Branch1][C][=O][N][C@@H1][Branch1][Branch1][C][C][S][C][C][=Branch1][C][=O][N][C@@H1][Branch1][#Branch1][C][C][Branch1][C][C][C][C][=Branch1][C][=O][N][C@@H1][Branch1][=Branch1][C][Branch1][C][C][C][C][=Branch1][C][=O][N][C@@H1][Branch1][=Branch1][C][C][C][C][N][C][=Branch1][C][=O][N][C@@H1][Branch1][#Branch2][C][C][C][N][C][=Branch1][C][=N][N][C][=Branch1][C][=O][N][C@@H1][Branch1][P][C][C][=Branch1][Ring1][=C][N][C][=C][Ring1][Ring1][C][=C][C][=C][Ring1][=Branch1][C][=Branch1][C][=O][N][C@@H1][Branch1][=Branch1][C][C][C][C][N][C][=Branch1][C][=O][N][C@@H1][Branch1][#Branch2][C][C][=C][C][=C][C][=C][Ring1][=Branch1][C][=Branch1][C][=O][N][C@@H1][Branch1][#Branch2][C][C][C][N][C][=Branch1][C][=N][N][C][=Branch1][C][=O][O],CC[C@H](C)[C@H](NC(=O)[C@@H](CCCCN)NC(=O)[C@H](CC(C)C)NC(=O)[C@H](CO)NC(=O)[C@H](CCCNC(=N)N)NC(=O)[C@H](Cc1ccccc1)NC(=O)[C@H](Cc1ccccc1)NC(=O)[C@@H](N)CC(C)C)C(=O)N[C@@H](CCCCN)C(=O)N[C@H](C(=O)N[C@@H](CCC(N)=O)C(=O)N[C@H](C(=O)N[C@@H](CCCCN)C(=O)N[C@@H](CCCNC(=N)N)C(=O)N1CCC[C@H]1C(=O)N[C@@H](C)C(=O)N[C@@H](CC(N)=O)C(=O)N[C@@H](Cc1ccc(O)cc1)C(=O)N[C@@H](C)C(=O)N[C@@H](CCSC)C(=O)N[C@@H](CC(C)C)C(=O)N[C@H](C(=O)N[C@@H](CCCCN)C(=O)N[C@@H](CCCNC(=N)N)C(=O)N[C@@H](Cc1c[nH]c2ccccc12)C(=O)N[C@@H](CCCCN)C(=O)N[C@@H](Cc1ccccc1)C(=O)N[C@@H](CCCNC(=N)N)C(=O)O)C(C)C)C(C)C)[C@@H](C)O,CC[C@H](C)[C@H](NC(=O)[C@@H](CCCCN)NC(=O)[C@H](CC(C)C)NC(=O)[C@H](CO)NC(=O)[C@H](CCCNC(=N)N)NC(=O)[C@H](Cc1ccccc1)NC(=O)[C@H](Cc1ccccc1)NC(=O)[C@@H](N)CC(C)C)C(=O)N[C@@H](CCCCN)C(=O)N[C@H](C(=O)N[C@@H](CCC(N)=O)C(=O)N[C@H](C(=O)N[C@@H](CCCCN)C(=O)N[C@@H](CCCNC(=N)N)C(=O)N1CCC[C@H]1C(=O)N[C@@H](C)C(=O)N[C@@H](CC(N)=O)C(=O)N[C@@H](Cc1ccc(O)cc1)C(=O)N[C@@H](C)C(=O)N[C@@H](CCSC)C(=O)N[C@@H](CC(C)C)C(=O)N[C@H](C(=O)N[C@@H](CCCCN)C(=O)N[C@@H](CCCNC(=N)N)C(=O)N[C@@H](Cc1c[nH]c2ccccc12)C(=O)N[C@@H](CCCCN)C(=O)N[C@@H](Cc1ccccc1)C(=O)N[C@@H](CCCNC(=N)N)C(=O)O)C(C)C)C(C)C)[C@@H](C)O,False
70,BAA-3197,1,412,strain_BAA-3197_MIC_1_length_412_noise.txt,1,461b23c72d541bb498d4d3da5f64ebb1f1bd880fe7268da0849b43183e00f903,cyclo-HKRMFCAKIKFIHLPKAYTLILAAVwDQY,cyclo-HKRMFCAKIKFIHLPKAYTLILAAVwDQY,cyclo-HKRMFCAKIKFIHLPKAYTLILAAVwDQY,,unchanged_generated_output,[N][C@@H1][Branch1][=Branch2][C][C][=C][N][C][=N][Ring1][Branch1][C][=Branch1][C][=O][N][C@@H1][Branch1][=Branch1][C][C][C][C][N][C][=Branch1][C][=O][N][C@@H1][Branch1][#Branch2][C][C][C][N][C][=Branch1][C][=N][N][C][=Branch1][C][=O][N][C@@H1][Branch1][Branch1][C][C][S][C][C][=Branch1][C][=O][N][C@@H1][Branch1][#Branch2][C][C][=C][C][=C][C][=C][Ring1][=Branch1][C][=Branch1][C][=O][N][C@@H1][Branch1][Ring1][C][S][C][=Branch1][C][=O][N][C@@H1][Branch1][C][C][C][=Branch1][C][=O][N][C@@H1][Branch1][=Branch1][C][C][C][C][N][C][=Branch1][C][=O][N][C@@H1][Branch1][#Branch1][C@H1][Branch1][Ring1][C][C][C][C][=Branch1][C][=O][N][C@@H1][Branch1][=Branch1][C][C][C][C][N][C][=Branch1][C][=O][N][C@@H1][Branch1][#Branch2][C][C][=C][C][=C][C][=C][Ring1][=Branch1][C][=Branch1][C][=O][N][C@@H1][Branch1][#Branch1][C@H1][Branch1][Ring1][C][C][C][C][=Branch1][C][=O][N][C@@H1][Branch1][=Branch2][C][C][=C][N][C][=N][Ring1][Branch1][C][=Branch1][C][=O][N][C@@H1][Branch1][#Branch1][C][C][Branch1][C][C][C][C][=Branch1][C][=O][N][C@@H1][Branch1][=Branch1][C][C][C][Ring1][Branch1][C][=Branch1][C][=O][N][C@@H1][Branch1][=Branch1][C][C][C][C][N][C][=Branch1][C][=O][N][C@@H1][Branch1][C][C][C][=Branch1][C][=O][N][C@@H1][Branch1][=N][C][C][=C][C][=C][Branch1][C][O][C][=C][Ring1][#Branch1][C][=Branch1][C][=O][N][C@@H1][Branch1][=Branch1][C@H1][Branch1][C][O][C][C][=Branch1][C][=O][N][C@@H1][Branch1][#Branch1][C][C][Branch1][C][C][C][C][=Branch1][C][=O][N][C@@H1][Branch1][#Branch1][C@H1][Branch1][Ring1][C][C][C][C][=Branch1][C][=O][N][C@@H1][Branch1][#Branch1][C][C][Branch1][C][C][C][C][=Branch1][C][=O][N][C@@H1][Branch1][C][C][C][=Branch1][C][=O][N][C@@H1][Branch1][C][C][C][=Branch1][C][=O][N][C@@H1][Branch1][=Branch1][C][Branch1][C][C][C][C][=Branch1][C][=O][N][C@H1][Branch1][P][C][C][=Branch1][Ring1][=C][N][C][=C][Ring1][Ring1][C][=C][C][=C][Ring1][=Branch1][C][=Branch1][C][=O][N][C@@H1][Branch1][#Branch1][C][C][=Branch1][C][=O][O][C][=Branch1][C][=O][N][C@@H1][Branch1][Branch2][C][C][C][=Branch1][C][=O][N][C][=Branch1][C][=O][N][C@@H1][Branch1][=N][C][C][=C][C][=C][Branch1][C][O][C][=C][Ring1][#Branch1][C][Ring2][P][=Branch1][=O],[N][C@@H1][Branch1][=Branch2][C][C][=C][N][C][=N][Ring1][Branch1][C][=Branch1][C][=O][N][C@@H1][Branch1][=Branch1][C][C][C][C][N][C][=Branch1][C][=O][N][C@@H1][Branch1][#Branch2][C][C][C][N][C][=Branch1][C][=N][N][C][=Branch1][C][=O][N][C@@H1][Branch1][Branch1][C][C][S][C][C][=Branch1][C][=O][N][C@@H1][Branch1][#Branch2][C][C][=C][C][=C][C][=C][Ring1][=Branch1][C][=Branch1][C][=O][N][C@@H1][Branch1][Ring1][C][S][C][=Branch1][C][=O][N][C@@H1][Branch1][C][C][C][=Branch1][C][=O][N][C@@H1][Branch1][=Branch1][C][C][C][C][N][C][=Branch1][C][=O][N][C@@H1][Branch1][#Branch1][C@H1][Branch1][Ring1][C][C][C][C][=Branch1][C][=O][N][C@@H1][Branch1][=Branch1][C][C][C][C][N][C][=Branch1][C][=O][N][C@@H1][Branch1][#Branch2][C][C][=C][C][=C][C][=C][Ring1][=Branch1][C][=Branch1][C][=O][N][C@@H1][Branch1][#Branch1][C@H1][Branch1][Ring1][C][C][C][C][=Branch1][C][=O][N][C@@H1][Branch1][=Branch2][C][C][=C][N][C][=N][Ring1][Branch1][C][=Branch1][C][=O][N][C@@H1][Branch1][#Branch1][C][C][Branch1][C][C][C][C][=Branch1][C][=O][N][C@@H1][Branch1][=Branch1][C][C][C][Ring1][Branch1][C][=Branch1][C][=O][N][C@@H1][Branch1][=Branch1][C][C][C][C][N][C][=Branch1][C][=O][N][C@@H1][Branch1][C][C][C][=Branch1][C][=O][N][C@@H1][Branch1][=N][C][C][=C][C][=C][Branch1][C][O][C][=C][Ring1][#Branch1][C][=Branch1][C][=O][N][C@@H1][Branch1][=Branch1][C@H1][Branch1][C][O][C][C][=Branch1][C][=O][N][C@@H1][Branch1][#Branch1][C][C][Branch1][C][C][C][C][=Branch1][C][=O][N][C@@H1][Branch1][#Branch1][C@H1][Branch1][Ring1][C][C][C][C][=Branch1][C][=O][N][C@@H1][Branch1][#Branch1][C][C][Branch1][C][C][C][C][=Branch1][C][=O][N][C@@H1][Branch1][C][C][C][=Branch1][C][=O][N][C@@H1][Branch1][C][C][C][=Branch1][C][=O][N][C@@H1][Branch1][=Branch1][C][Branch1][C][C][C][C][=Branch1][C][=O][N][C@H1][Branch1][P][C][C][=Branch1][Ring1][=C][N][C][=C][Ring1][Ring1][C][=C][C][=C][Ring1][=Branch1][C][=Branch1][C][=O][N][C@@H1][Branch1][#Branch1][C][C][=Branch1][C][=O][O][C][=Branch1][C][=O][N][C@@H1][Branch1][Branch2][C][C][C][=Branch1][C][=O][N][C][=Branch1][C][=O][N][C@@H1][Branch1][=N][C][C][=C][C][=C][Branch1][C][O][C][=C][Ring1][#Branch1][C][Ring2][P][=Branch1][=O],CC[C@H](C)[C@@H]1NC(=O)[C@H](CC(C)C)NC(=O)[C@H]([C@@H](C)O)NC(=O)[C@H](Cc2ccc(O)cc2)NC(=O)[C@H](C)NC(=O)[C@H](CCCCN)NC(=O)[C@@H]2CCCN2C(=O)[C@H](CC(C)C)NC(=O)[C@H](Cc2c[nH]cn2)NC(=O)[C@H]([C@@H](C)CC)NC(=O)[C@H](Cc2ccccc2)NC(=O)[C@H](CCCCN)NC(=O)[C@H]([C@@H](C)CC)NC(=O)[C@H](CCCCN)NC(=O)[C@H](C)NC(=O)[C@H](CS)NC(=O)[C@H](Cc2ccccc2)NC(=O)[C@H](CCSC)NC(=O)[C@H](CCCNC(=N)N)NC(=O)[C@H](CCCCN)NC(=O)[C@H](Cc2c[nH]cn2)NC(=O)[C@H](Cc2ccc(O)cc2)NC(=O)[C@H](CCC(N)=O)NC(=O)[C@H](CC(=O)O)NC(=O)[C@@H](Cc2c[nH]c3ccccc23)NC(=O)[C@H](C(C)C)NC(=O)[C@H](C)NC(=O)[C@H](C)NC(=O)[C@H](CC(C)C)NC1=O,CC[C@H](C)[C@@H]1NC(=O)[C@H](CC(C)C)NC(=O)[C@H]([C@@H](C)O)NC(=O)[C@H](Cc2ccc(O)cc2)NC(=O)[C@H](C)NC(=O)[C@H](CCCCN)NC(=O)[C@@H]2CCCN2C(=O)[C@H](CC(C)C)NC(=O)[C@H](Cc2c[nH]cn2)NC(=O)[C@H]([C@@H](C)CC)NC(=O)[C@H](Cc2ccccc2)NC(=O)[C@H](CCCCN)NC(=O)[C@H]([C@@H](C)CC)NC(=O)[C@H](CCCCN)NC(=O)[C@H](C)NC(=O)[C@H](CS)NC(=O)[C@H](Cc2ccccc2)NC(=O)[C@H](CCSC)NC(=O)[C@H](CCCNC(=N)N)NC(=O)[C@H](CCCCN)NC(=O)[C@H](Cc2c[nH]cn2)NC(=O)[C@H](Cc2ccc(O)cc2)NC(=O)[C@H](CCC(N)=O)NC(=O)[C@H](CC(=O)O)NC(=O)[C@@H](Cc2c[nH]c3ccccc23)NC(=O)[C@H](C(C)C)NC(=O)[C@H](C)NC(=O)[C@H](C)NC(=O)[C@H](CC(C)C)NC1=O,False
71,BAA-3197,1,412,strain_BAA-3197_MIC_1_length_412_noise.txt,2,461b23c72d541bb498d4d3da5f64ebb1f1bd880fe7268da0849b43183e00f903,KMLNQNNKEGBLNLBLSILSTLBBGKLLLV,KMLNQNNKEGRLNLRLSILSTLRRGKLLLV,KMLNQNNKEGRLNLRLSILSTLRRGKLLLV,,unchanged_generated_output,[C][C][C@H1][Branch1][C][C][C@H1][Branch2][S][Branch2][N][C][=Branch1][C][=O][C@H1][Branch1][Ring1][C][O][N][C][=Branch1][C][=O][C@H1][Branch1][#Branch1][C][C][Branch1][C][C][C][N][C][=Branch1][C][=O][C@H1][Branch1][#Branch2][C][C][C][N][=C][Branch1][C][N][N][N][C][=Branch1][C][=O][C@H1][Branch1][#Branch1][C][C][Branch1][C][C][C][N][C][=Branch1][C][=O][C@H1][Branch1][#Branch1][C][C][Branch1][C][N][=O][N][C][=Branch1][C][=O][C@H1][Branch1][#Branch1][C][C][Branch1][C][C][C][N][C][=Branch1][C][=O][C@H1][Branch1][#Branch2][C][C][C][N][=C][Branch1][C][N][N][N][C][=Branch1][C][=O][C][N][C][=Branch1][C][=O][C@H1][Branch1][Branch2][C][C][C][=Branch1][C][=O][O][N][C][=Branch1][C][=O][C@H1][Branch1][=Branch1][C][C][C][C][N][N][C][=Branch1][C][=O][C@H1][Branch1][#Branch1][C][C][Branch1][C][N][=O][N][C][=Branch1][C][=O][C@H1][Branch1][#Branch1][C][C][Branch1][C][N][=O][N][C][=Branch1][C][=O][C@H1][Branch1][Branch2][C][C][C][Branch1][C][N][=O][N][C][=Branch1][C][=O][C@H1][Branch1][#Branch1][C][C][Branch1][C][N][=O][N][C][=Branch1][C][=O][C@H1][Branch1][#Branch1][C][C][Branch1][C][C][C][N][C][=Branch1][C][=O][C@H1][Branch1][Branch1][C][C][S][C][N][C][=Branch1][C][=O][C@@H1][Branch1][C][N][C][C][C][C][N][C][=Branch1][C][=O][N][C@@H1][Branch1][#Branch1][C][C][Branch1][C][C][C][C][=Branch1][C][=O][N][C@@H1][Branch1][Ring1][C][O][C][=Branch1][C][=O][N][C@H1][Branch2][=Branch2][S][C][=Branch1][C][=O][N][C@@H1][Branch1][#Branch1][C][C][Branch1][C][C][C][C][=Branch1][C][=O][N][C@@H1][Branch1][#Branch2][C][C][C][N][=C][Branch1][C][N][N][C][=Branch1][C][=O][N][C@@H1][Branch1][#Branch2][C][C][C][N][=C][Branch1][C][N][N][C][=Branch1][C][=O][N][C][C][=Branch1][C][=O][N][C@@H1][Branch1][=Branch1][C][C][C][C][N][C][=Branch1][C][=O][N][C@@H1][Branch1][#Branch1][C][C][Branch1][C][C][C][C][=Branch1][C][=O][N][C@@H1][Branch1][#Branch1][C][C][Branch1][C][C][C][C][=Branch1][C][=O][N][C@@H1][Branch1][#Branch1][C][C][Branch1][C][C][C][C][=Branch1][C][=O][N][C@H1][Branch1][=Branch1][C][=Branch1][C][=O][OH1][C][Branch1][C][C][C][C@@H1][Branch1][C][C][O],[C][C][C@H1][Branch1][C][C][C@H1][Branch2][S][Branch2][N][C][=Branch1][C][=O][C@H1][Branch1][Ring1][C][O][N][C][=Branch1][C][=O][C@H1][Branch1][#Branch1][C][C][Branch1][C][C][C][N][C][=Branch1][C][=O][C@H1][Branch1][#Branch2][C][C][C][N][=C][Branch1][C][N][N][N][C][=Branch1][C][=O][C@H1][Branch1][#Branch1][C][C][Branch1][C][C][C][N][C][=Branch1][C][=O][C@H1][Branch1][#Branch1][C][C][Branch1][C][N][=O][N][C][=Branch1][C][=O][C@H1][Branch1][#Branch1][C][C][Branch1][C][C][C][N][C][=Branch1][C][=O][C@H1][Branch1][#Branch2][C][C][C][N][=C][Branch1][C][N][N][N][C][=Branch1][C][=O][C][N][C][=Branch1][C][=O][C@H1][Branch1][Branch2][C][C][C][=Branch1][C][=O][O][N][C][=Branch1][C][=O][C@H1][Branch1][=Branch1][C][C][C][C][N][N][C][=Branch1][C][=O][C@H1][Branch1][#Branch1][C][C][Branch1][C][N][=O][N][C][=Branch1][C][=O][C@H1][Branch1][#Branch1][C][C][Branch1][C][N][=O][N][C][=Branch1][C][=O][C@H1][Branch1][Branch2][C][C][C][Branch1][C][N][=O][N][C][=Branch1][C][=O][C@H1][Branch1][#Branch1][C][C][Branch1][C][N][=O][N][C][=Branch1][C][=O][C@H1][Branch1][#Branch1][C][C][Branch1][C][C][C][N][C][=Branch1][C][=O][C@H1][Branch1][Branch1][C][C][S][C][N][C][=Branch1][C][=O][C@@H1][Branch1][C][N][C][C][C][C][N][C][=Branch1][C][=O][N][C@@H1][Branch1][#Branch1][C][C][Branch1][C][C][C][C][=Branch1][C][=O][N][C@@H1][Branch1][Ring1][C][O][C][=Branch1][C][=O][N][C@H1][Branch2][=Branch2][S][C][=Branch1][C][=O][N][C@@H1][Branch1][#Branch1][C][C][Branch1][C][C][C][C][=Branch1][C][=O][N][C@@H1][Branch1][#Branch2][C][C][C][N][=C][Branch1][C][N][N][C][=Branch1][C][=O][N][C@@H1][Branch1][#Branch2][C][C][C][N][=C][Branch1][C][N][N][C][=Branch1][C][=O][N][C][C][=Branch1][C][=O][N][C@@H1][Branch1][=Branch1][C][C][C][C][N][C][=Branch1][C][=O][N][C@@H1][Branch1][#Branch1][C][C][Branch1][C][C][C][C][=Branch1][C][=O][N][C@@H1][Branch1][#Branch1][C][C][Branch1][C][C][C][C][=Branch1][C][=O][N][C@@H1][Branch1][#Branch1][C][C][Branch1][C][C][C][C][=Branch1][C][=O][N][C@H1][Branch1][=Branch1][C][=Branch1][C][=O][OH1][C][Branch1][C][C][C][C@@H1][Branch1][C][C][O],CC[C@H](C)[C@H](NC(=O)[C@H](CO)NC(=O)[C@H](CC(C)C)NC(=O)[C@H](CCCN=C(N)N)NC(=O)[C@H](CC(C)C)NC(=O)[C@H](CC(N)=O)NC(=O)[C@H](CC(C)C)NC(=O)[C@H](CCCN=C(N)N)NC(=O)CNC(=O)[C@H](CCC(=O)O)NC(=O)[C@H](CCCCN)NC(=O)[C@H](CC(N)=O)NC(=O)[C@H](CC(N)=O)NC(=O)[C@H](CCC(N)=O)NC(=O)[C@H](CC(N)=O)NC(=O)[C@H](CC(C)C)NC(=O)[C@H](CCSC)NC(=O)[C@@H](N)CCCCN)C(=O)N[C@@H](CC(C)C)C(=O)N[C@@H](CO)C(=O)N[C@H](C(=O)N[C@@H](CC(C)C)C(=O)N[C@@H](CCCN=C(N)N)C(=O)N[C@@H](CCCN=C(N)N)C(=O)NCC(=O)N[C@@H](CCCCN)C(=O)N[C@@H](CC(C)C)C(=O)N[C@@H](CC(C)C)C(=O)N[C@@H](CC(C)C)C(=O)N[C@H](C(=O)O)C(C)C)[C@@H](C)O,CC[C@H](C)[C@H](NC(=O)[C@H](CO)NC(=O)[C@H](CC(C)C)NC(=O)[C@H](CCCN=C(N)N)NC(=O)[C@H](CC(C)C)NC(=O)[C@H](CC(N)=O)NC(=O)[C@H](CC(C)C)NC(=O)[C@H](CCCN=C(N)N)NC(=O)CNC(=O)[C@H](CCC(=O)O)NC(=O)[C@H](CCCCN)NC(=O)[C@H](CC(N)=O)NC(=O)[C@H](CC(N)=O)NC(=O)[C@H](CCC(N)=O)NC(=O)[C@H](CC(N)=O)NC(=O)[C@H](CC(C)C)NC(=O)[C@H](CCSC)NC(=O)[C@@H](N)CCCCN)C(=O)N[C@@H](CC(C)C)C(=O)N[C@@H](CO)C(=O)N[C@H](C(=O)N[C@@H](CC(C)C)C(=O)N[C@@H](CCCN=C(N)N)C(=O)N[C@@H](CCCN=C(N)N)C(=O)NCC(=O)N[C@@H](CCCCN)C(=O)N[C@@H](CC(C)C)C(=O)N[C@@H](CC(C)C)C(=O)N[C@@H](CC(C)C)C(=O)N[C@H](C(=O)O)C(C)C)[C@@H](C)O,False
72,BAA-3197,1,412,strain_BAA-3197_MIC_1_length_412_noise.txt,3,461b23c72d541bb498d4d3da5f64ebb1f1bd880fe7268da0849b43183e00f903,MKLLENVBFSSNSDVGELPVVVGEBLQBFI,MKLLENVRFSSNSDVGELPVVVGERLQRFI,MKLLENVRFSSNSDVGELPVVVGERLQRFI,,unchanged_generated_output,[C][C][C@H1][Branch1][C][C][C@H1][Branch3][Ring1][#Branch2][O][N][C][=Branch1][C][=O][C@H1][Branch1][#Branch2][C][C][=C][C][=C][C][=C][Ring1][=Branch1][N][C][=Branch1][C][=O][C@H1][Branch1][#Branch2][C][C][C][N][=C][Branch1][C][N][N][N][C][=Branch1][C][=O][C@H1][Branch1][Branch2][C][C][C][Branch1][C][N][=O][N][C][=Branch1][C][=O][C@H1][Branch1][#Branch1][C][C][Branch1][C][C][C][N][C][=Branch1][C][=O][C@H1][Branch1][#Branch2][C][C][C][N][=C][Branch1][C][N][N][N][C][=Branch1][C][=O][C@H1][Branch1][Branch2][C][C][C][=Branch1][C][=O][O][N][C][=Branch1][C][=O][C][N][C][=Branch1][C][=O][C@@H1][Branch3][Ring1][Ring1][#Branch1][N][C][=Branch1][C][=O][C@@H1][Branch3][Ring1][C][Branch2][N][C][=Branch1][C][=O][C@@H1][Branch2][P][#Branch2][N][C][=Branch1][C][=O][C@@H1][C][C][C][N][Ring1][Branch1][C][=Branch1][C][=O][C@H1][Branch1][#Branch1][C][C][Branch1][C][C][C][N][C][=Branch1][C][=O][C@H1][Branch1][Branch2][C][C][C][=Branch1][C][=O][O][N][C][=Branch1][C][=O][C][N][C][=Branch1][C][=O][C@@H1][Branch2][=N][=C][N][C][=Branch1][C][=O][C@H1][Branch1][#Branch1][C][C][=Branch1][C][=O][O][N][C][=Branch1][C][=O][C@H1][Branch1][Ring1][C][O][N][C][=Branch1][C][=O][C@H1][Branch1][#Branch1][C][C][Branch1][C][N][=O][N][C][=Branch1][C][=O][C@H1][Branch1][Ring1][C][O][N][C][=Branch1][C][=O][C@H1][Branch1][Ring1][C][O][N][C][=Branch1][C][=O][C@H1][Branch1][#Branch2][C][C][=C][C][=C][C][=C][Ring1][=Branch1][N][C][=Branch1][C][=O][C@H1][Branch1][#Branch2][C][C][C][N][=C][Branch1][C][N][N][N][C][=Branch1][C][=O][C@@H1][Branch2][#Branch1][Ring2][N][C][=Branch1][C][=O][C@H1][Branch1][#Branch1][C][C][Branch1][C][N][=O][N][C][=Branch1][C][=O][C@H1][Branch1][Branch2][C][C][C][=Branch1][C][=O][O][N][C][=Branch1][C][=O][C@H1][Branch1][#Branch1][C][C][Branch1][C][C][C][N][C][=Branch1][C][=O][C@H1][Branch1][#Branch1][C][C][Branch1][C][C][C][N][C][=Branch1][C][=O][C@H1][Branch1][=Branch1][C][C][C][C][N][N][C][=Branch1][C][=O][C@@H1][Branch1][C][N][C][C][S][C][C][Branch1][C][C][C][C][Branch1][C][C][C][C][Branch1][C][C][C][C][Branch1][C][C][C][C][Branch1][C][C][C][C][=Branch1][C][=O][OH1],[C][C][C@H1][Branch1][C][C][C@H1][Branch3][Ring1][#Branch2][O][N][C][=Branch1][C][=O][C@H1][Branch1][#Branch2][C][C][=C][C][=C][C][=C][Ring1][=Branch1][N][C][=Branch1][C][=O][C@H1][Branch1][#Branch2][C][C][C][N][=C][Branch1][C][N][N][N][C][=Branch1][C][=O][C@H1][Branch1][Branch2][C][C][C][Branch1][C][N][=O][N][C][=Branch1][C][=O][C@H1][Branch1][#Branch1][C][C][Branch1][C][C][C][N][C][=Branch1][C][=O][C@H1][Branch1][#Branch2][C][C][C][N][=C][Branch1][C][N][N][N][C][=Branch1][C][=O][C@H1][Branch1][Branch2][C][C][C][=Branch1][C][=O][O][N][C][=Branch1][C][=O][C][N][C][=Branch1][C][=O][C@@H1][Branch3][Ring1][Ring1][#Branch1][N][C][=Branch1][C][=O][C@@H1][Branch3][Ring1][C][Branch2][N][C][=Branch1][C][=O][C@@H1][Branch2][P][#Branch2][N][C][=Branch1][C][=O][C@@H1][C][C][C][N][Ring1][Branch1][C][=Branch1][C][=O][C@H1][Branch1][#Branch1][C][C][Branch1][C][C][C][N][C][=Branch1][C][=O][C@H1][Branch1][Branch2][C][C][C][=Branch1][C][=O][O][N][C][=Branch1][C][=O][C][N][C][=Branch1][C][=O][C@@H1][Branch2][=N][=C][N][C][=Branch1][C][=O][C@H1][Branch1][#Branch1][C][C][=Branch1][C][=O][O][N][C][=Branch1][C][=O][C@H1][Branch1][Ring1][C][O][N][C][=Branch1][C][=O][C@H1][Branch1][#Branch1][C][C][Branch1][C][N][=O][N][C][=Branch1][C][=O][C@H1][Branch1][Ring1][C][O][N][C][=Branch1][C][=O][C@H1][Branch1][Ring1][C][O][N][C][=Branch1][C][=O][C@H1][Branch1][#Branch2][C][C][=C][C][=C][C][=C][Ring1][=Branch1][N][C][=Branch1][C][=O][C@H1][Branch1][#Branch2][C][C][C][N][=C][Branch1][C][N][N][N][C][=Branch1][C][=O][C@@H1][Branch2][#Branch1][Ring2][N][C][=Branch1][C][=O][C@H1][Branch1][#Branch1][C][C][Branch1][C][N][=O][N][C][=Branch1][C][=O][C@H1][Branch1][Branch2][C][C][C][=Branch1][C][=O][O][N][C][=Branch1][C][=O][C@H1][Branch1][#Branch1][C][C][Branch1][C][C][C][N][C][=Branch1][C][=O][C@H1][Branch1][#Branch1][C][C][Branch1][C][C][C][N][C][=Branch1][C][=O][C@H1][Branch1][=Branch1][C][C][C][C][N][N][C][=Branch1][C][=O][C@@H1][Branch1][C][N][C][C][S][C][C][Branch1][C][C][C][C][Branch1][C][C][C][C][Branch1][C][C][C][C][Branch1][C][C][C][C][Branch1][C][C][C][C][=Branch1][C][=O][OH1],CC[C@H](C)[C@H](NC(=O)[C@H](Cc1ccccc1)NC(=O)[C@H](CCCN=C(N)N)NC(=O)[C@H](CCC(N)=O)NC(=O)[C@H](CC(C)C)NC(=O)[C@H](CCCN=C(N)N)NC(=O)[C@H](CCC(=O)O)NC(=O)CNC(=O)[C@@H](NC(=O)[C@@H](NC(=O)[C@@H](NC(=O)[C@@H]1CCCN1C(=O)[C@H](CC(C)C)NC(=O)[C@H](CCC(=O)O)NC(=O)CNC(=O)[C@@H](NC(=O)[C@H](CC(=O)O)NC(=O)[C@H](CO)NC(=O)[C@H](CC(N)=O)NC(=O)[C@H](CO)NC(=O)[C@H](CO)NC(=O)[C@H](Cc1ccccc1)NC(=O)[C@H](CCCN=C(N)N)NC(=O)[C@@H](NC(=O)[C@H](CC(N)=O)NC(=O)[C@H](CCC(=O)O)NC(=O)[C@H](CC(C)C)NC(=O)[C@H](CC(C)C)NC(=O)[C@H](CCCCN)NC(=O)[C@@H](N)CCSC)C(C)C)C(C)C)C(C)C)C(C)C)C(C)C)C(=O)O,CC[C@H](C)[C@H](NC(=O)[C@H](Cc1ccccc1)NC(=O)[C@H](CCCN=C(N)N)NC(=O)[C@H](CCC(N)=O)NC(=O)[C@H](CC(C)C)NC(=O)[C@H](CCCN=C(N)N)NC(=O)[C@H](CCC(=O)O)NC(=O)CNC(=O)[C@@H](NC(=O)[C@@H](NC(=O)[C@@H](NC(=O)[C@@H]1CCCN1C(=O)[C@H](CC(C)C)NC(=O)[C@H](CCC(=O)O)NC(=O)CNC(=O)[C@@H](NC(=O)[C@H](CC(=O)O)NC(=O)[C@H](CO)NC(=O)[C@H](CC(N)=O)NC(=O)[C@H](CO)NC(=O)[C@H](CO)NC(=O)[C@H](Cc1ccccc1)NC(=O)[C@H](CCCN=C(N)N)NC(=O)[C@@H](NC(=O)[C@H](CC(N)=O)NC(=O)[C@H](CCC(=O)O)NC(=O)[C@H](CC(C)C)NC(=O)[C@H](CC(C)C)NC(=O)[C@H](CCCCN)NC(=O)[C@@H](N)CCSC)C(C)C)C(C)C)C(C)C)C(C)C)C(C)C)C(=O)O,False
73,BAA-3197,1,412,strain_BAA-3197_MIC_1_length_412_noise.txt,4,461b23c72d541bb498d4d3da5f64ebb1f1bd880fe7268da0849b43183e00f903,GNLGKKBIEBLIFIIVVLFYVNYWKYE,GNLGKKRIERLIFIIVVLFYVNYWKYE,GNLGKKRIERLIFIIVVLFYVNYWKYE,,unchanged_generated_output,[C][C][C@H1][Branch1][C][C][C@H1][Branch2][=N][C][N][C][=Branch1][C][=O][C@H1][Branch1][#Branch2][C][C][=C][C][=C][C][=C][Ring1][=Branch1][N][C][=Branch1][C][=O][C@@H1][Branch2][O][C][N][C][=Branch1][C][=O][C@H1][Branch1][#Branch1][C][C][Branch1][C][C][C][N][C][=Branch1][C][=O][C@H1][Branch1][#Branch2][C][C][C][N][=C][Branch1][C][N][N][N][C][=Branch1][C][=O][C@H1][Branch1][Branch2][C][C][C][=Branch1][C][=O][O][N][C][=Branch1][C][=O][C@@H1][Branch2][#Branch1][Branch1][N][C][=Branch1][C][=O][C@H1][Branch1][#Branch2][C][C][C][N][=C][Branch1][C][N][N][N][C][=Branch1][C][=O][C@H1][Branch1][=Branch1][C][C][C][C][N][N][C][=Branch1][C][=O][C@H1][Branch1][=Branch1][C][C][C][C][N][N][C][=Branch1][C][=O][C][N][C][=Branch1][C][=O][C@H1][Branch1][#Branch1][C][C][Branch1][C][C][C][N][C][=Branch1][C][=O][C@H1][Branch1][#Branch1][C][C][Branch1][C][N][=O][N][C][=Branch1][C][=O][C][N][C@@H1][Branch1][C][C][C][C][C@@H1][Branch1][C][C][C][C][C][=Branch1][C][=O][N][C@H1][Branch2][=C][O][C][=Branch1][C][=O][N][C@H1][Branch2][=N][=N][C][=Branch1][C][=O][N][C@H1][Branch2][N][#C][C][=Branch1][C][=O][N][C@@H1][Branch1][#Branch1][C][C][Branch1][C][C][C][C][=Branch1][C][=O][N][C@@H1][Branch1][#Branch2][C][C][=C][C][=C][C][=C][Ring1][=Branch1][C][=Branch1][C][=O][N][C@@H1][Branch1][=N][C][C][=C][C][=C][Branch1][C][O][C][=C][Ring1][#Branch1][C][=Branch1][C][=O][N][C@H1][Branch2][Branch2][=C][C][=Branch1][C][=O][N][C@@H1][Branch1][#Branch1][C][C][Branch1][C][N][=O][C][=Branch1][C][=O][N][C@@H1][Branch1][=N][C][C][=C][C][=C][Branch1][C][O][C][=C][Ring1][#Branch1][C][=Branch1][C][=O][N][C@@H1][Branch1][#C][C][C][=C][NH1][C][=C][C][=C][C][=C][Ring1][=Branch2][Ring1][=Branch1][C][=Branch1][C][=O][N][C@@H1][Branch1][=Branch1][C][C][C][C][N][C][=Branch1][C][=O][N][C@@H1][Branch1][=N][C][C][=C][C][=C][Branch1][C][O][C][=C][Ring1][#Branch1][C][=Branch1][C][=O][N][C@@H1][Branch1][Branch2][C][C][C][=Branch1][C][=O][O][C][=Branch1][C][=O][OH1][C][Branch1][C][C][C][C][Branch1][C][C][C][C][Branch1][C][C][C][C@@H1][Branch1][C][C][C][C],[C][C][C@H1][Branch1][C][C][C@H1][Branch2][=N][C][N][C][=Branch1][C][=O][C@H1][Branch1][#Branch2][C][C][=C][C][=C][C][=C][Ring1][=Branch1][N][C][=Branch1][C][=O][C@@H1][Branch2][O][C][N][C][=Branch1][C][=O][C@H1][Branch1][#Branch1][C][C][Branch1][C][C][C][N][C][=Branch1][C][=O][C@H1][Branch1][#Branch2][C][C][C][N][=C][Branch1][C][N][N][N][C][=Branch1][C][=O][C@H1][Branch1][Branch2][C][C][C][=Branch1][C][=O][O][N][C][=Branch1][C][=O][C@@H1][Branch2][#Branch1][Branch1][N][C][=Branch1][C][=O][C@H1][Branch1][#Branch2][C][C][C][N][=C][Branch1][C][N][N][N][C][=Branch1][C][=O][C@H1][Branch1][=Branch1][C][C][C][C][N][N][C][=Branch1][C][=O][C@H1][Branch1][=Branch1][C][C][C][C][N][N][C][=Branch1][C][=O][C][N][C][=Branch1][C][=O][C@H1][Branch1][#Branch1][C][C][Branch1][C][C][C][N][C][=Branch1][C][=O][C@H1][Branch1][#Branch1][C][C][Branch1][C][N][=O][N][C][=Branch1][C][=O][C][N][C@@H1][Branch1][C][C][C][C][C@@H1][Branch1][C][C][C][C][C][=Branch1][C][=O][N][C@H1][Branch2][=C][O][C][=Branch1][C][=O][N][C@H1][Branch2][=N][=N][C][=Branch1][C][=O][N][C@H1][Branch2][N][#C][C][=Branch1][C][=O][N][C@@H1][Branch1][#Branch1][C][C][Branch1][C][C][C][C][=Branch1][C][=O][N][C@@H1][Branch1][#Branch2][C][C][=C][C][=C][C][=C][Ring1][=Branch1][C][=Branch1][C][=O][N][C@@H1][Branch1][=N][C][C][=C][C][=C][Branch1][C][O][C][=C][Ring1][#Branch1][C][=Branch1][C][=O][N][C@H1][Branch2][Branch2][=C][C][=Branch1][C][=O][N][C@@H1][Branch1][#Branch1][C][C][Branch1][C][N][=O][C][=Branch1][C][=O][N][C@@H1][Branch1][=N][C][C][=C][C][=C][Branch1][C][O][C][=C][Ring1][#Branch1][C][=Branch1][C][=O][N][C@@H1][Branch1][#C][C][C][=C][NH1][C][=C][C][=C][C][=C][Ring1][=Branch2][Ring1][=Branch1][C][=Branch1][C][=O][N][C@@H1][Branch1][=Branch1][C][C][C][C][N][C][=Branch1][C][=O][N][C@@H1][Branch1][=N][C][C][=C][C][=C][Branch1][C][O][C][=C][Ring1][#Branch1][C][=Branch1][C][=O][N][C@@H1][Branch1][Branch2][C][C][C][=Branch1][C][=O][O][C][=Branch1][C][=O][OH1][C][Branch1][C][C][C][C][Branch1][C][C][C][C][Branch1][C][C][C][C@@H1][Branch1][C][C][C][C],CC[C@H](C)[C@H](NC(=O)[C@H](CCCN=C(N)N)NC(=O)[C@H](CCCCN)NC(=O)[C@H](CCCCN)NC(=O)CNC(=O)[C@H](CC(C)C)NC(=O)[C@H](CC(N)=O)NC(=O)CN)C(=O)N[C@@H](CCC(=O)O)C(=O)N[C@@H](CCCN=C(N)N)C(=O)N[C@@H](CC(C)C)C(=O)N[C@H](C(=O)N[C@@H](Cc1ccccc1)C(=O)N[C@H](C(=O)N[C@H](C(=O)N[C@H](C(=O)N[C@H](C(=O)N[C@@H](CC(C)C)C(=O)N[C@@H](Cc1ccccc1)C(=O)N[C@@H](Cc1ccc(O)cc1)C(=O)N[C@H](C(=O)N[C@@H](CC(N)=O)C(=O)N[C@@H](Cc1ccc(O)cc1)C(=O)N[C@@H](Cc1c[nH]c2ccccc12)C(=O)N[C@@H](CCCCN)C(=O)N[C@@H](Cc1ccc(O)cc1)C(=O)N[C@@H](CCC(=O)O)C(=O)O)C(C)C)C(C)C)C(C)C)[C@@H](C)CC)[C@@H](C)CC)[C@@H](C)CC,CC[C@H](C)[C@H](NC(=O)[C@H](CCCN=C(N)N)NC(=O)[C@H](CCCCN)NC(=O)[C@H](CCCCN)NC(=O)CNC(=O)[C@H](CC(C)C)NC(=O)[C@H](CC(N)=O)NC(=O)CN)C(=O)N[C@@H](CCC(=O)O)C(=O)N[C@@H](CCCN=C(N)N)C(=O)N[C@@H](CC(C)C)C(=O)N[C@H](C(=O)N[C@@H](Cc1ccccc1)C(=O)N[C@H](C(=O)N[C@H](C(=O)N[C@H](C(=O)N[C@H](C(=O)N[C@@H](CC(C)C)C(=O)N[C@@H](Cc1ccccc1)C(=O)N[C@@H](Cc1ccc(O)cc1)C(=O)N[C@H](C(=O)N[C@@H](CC(N)=O)C(=O)N[C@@H](Cc1ccc(O)cc1)C(=O)N[C@@H](Cc1c[nH]c2ccccc12)C(=O)N[C@@H](CCCCN)C(=O)N[C@@H](Cc1ccc(O)cc1)C(=O)N[C@@H](CCC(=O)O)C(=O)O)C(C)C)C(C)C)C(C)C)[C@@H](C)CC)[C@@H](C)CC)[C@@H](C)CC,False
