pair_id,genome_a,genome_b,species,whole_genome_ani,fragment_a_index,fragment_b_index,fragment_a_contig,fragment_b_contig,local_alignment_identity,query_coverage,target_coverage,global_edit_distance,global_sequence_divergence,cosine_distance,relative_l2_distance,random_donor_fragment_index,random_donor_cosine_distance,sequence_divergence_percent
#003|31616,#003,31616,Escherichia coli,98.71,22,225,0,0,0.995667803484192,0.9862727272727272,0.9862727272727272,348,0.0316363636363636,1.929572585124273e-05,0.0136033192821468,249,0.0049076019846062,3.16363636363636
#003|31616,#003,31616,Escherichia coli,98.71,24,227,0,0,0.996758659010928,0.9815454545454544,0.9816363636363636,440,0.04,3.5412092846964782e-06,0.0026621892850521,432,0.02588660301032,4.0
#003|31616,#003,31616,Escherichia coli,98.71,25,228,0,0,0.992464415294446,0.977,0.9770909090909092,484,0.044,0.0001208477726267,0.0159588803088733,352,0.0389951962894181,4.3999999999999995
#003|31616,#003,31616,Escherichia coli,98.71,468,189,0,0,0.9955991565049968,0.9914545454545456,0.9915454545454544,235,0.0213636363636363,3.896504993994299e-06,0.0062818661701412,194,0.0039419765448994,2.13636363636363
#003|31616,#003,31616,Escherichia coli,98.71,469,190,0,0,0.9942201834862384,0.990909090909091,0.990909090909091,249,0.0226363636363636,0.0001189677532289,0.0318912688367921,45,0.000737169565082,2.26363636363636
#003|31616,#003,31616,Escherichia coli,98.71,470,191,0,0,0.989723827874117,0.8492727272727273,0.8492727272727273,355,0.0322727272727272,6.204226993489215e-06,0.0035595317048824,272,0.0005328674772552,3.2272727272727204
#003|31616,#003,31616,Escherichia coli,98.71,471,192,0,0,0.9897407712741596,0.9920909090909092,0.9924545454545456,160,0.0145454545454545,3.798761612050505e-06,0.0028030774832638,162,0.0013473288068246,1.4545454545454501
#003|31616,#003,31616,Escherichia coli,98.71,472,193,0,0,0.9914358600583092,0.9967272727272728,0.9978181818181818,154,0.014,4.438064429512778e-06,0.0047803640807341,133,0.0239866758805048,1.4000000000000001
#003|31616,#003,31616,Escherichia coli,98.71,473,194,0,0,0.9953407637493148,0.9950909090909092,0.9949090909090909,124,0.0112727272727272,0.0001690978242806,0.0214942270998461,241,0.0025510135212889,1.12727272727272
#003|31616,#003,31616,Escherichia coli,98.71,474,195,0,0,0.9908817361174432,0.997,0.9969090909090907,167,0.0151818181818181,5.854602418420285e-06,0.0037704213706193,170,0.0038570318925259,1.51818181818181
#003|31616,#003,31616,Escherichia coli,98.71,475,196,0,0,0.990517005562141,0.997,0.997,170,0.0154545454545454,4.962735876690161e-06,0.0061890152892964,316,0.0072784654816776,1.5454545454545399
#003|31616,#003,31616,Escherichia coli,98.71,476,197,0,0,0.9837035688273852,0.9963636363636365,0.997,224,0.0203636363636363,2.643230070964453e-05,0.0184539468232446,194,0.0144225860165092,2.03636363636363
#003|BAA-2452,#003,BAA-2452,Escherichia coli,99.09,0,0,0,0,0.9911009174311928,0.990909090909091,0.990909090909091,297,0.027,2.0594005703422624e-05,0.0066168427142898,466,0.0031240062408259,2.7
#003|BAA-2452,#003,BAA-2452,Escherichia coli,99.09,1,1,0,0,0.9954132648380882,0.990909090909091,0.991,249,0.0226363636363636,5.014211110321298e-06,0.0062815731165119,22,0.0041623002752906,2.26363636363636
#003|BAA-2452,#003,BAA-2452,Escherichia coli,99.09,2,2,0,0,0.9962388771672324,0.991,0.990909090909091,240,0.0218181818181818,7.657980460440417e-05,0.0178268939254966,185,0.0128351992593971,2.18181818181818
#003|BAA-2452,#003,BAA-2452,Escherichia coli,99.09,107,104,0,0,0.996975467682312,0.8115454545454546,0.8115454545454546,527,0.0479090909090909,3.185446803377623e-05,0.0084807416305434,284,0.012206515332126,4.79090909090909
#003|BAA-2452,#003,BAA-2452,Escherichia coli,99.09,108,105,0,0,0.994709976798144,0.9795454545454544,0.9795454545454544,506,0.046,1.854692011327153e-05,0.0061577896777869,11,0.0014808650308082,4.6
#003|BAA-2452,#003,BAA-2452,Escherichia coli,99.09,109,106,0,0,0.9938747099767982,0.9795454545454544,0.9795454545454544,516,0.0469090909090909,1.0123608946255302e-05,0.0050832757229137,473,0.0271912541507067,4.69090909090909
10031|12657,10031,12657,Klebsiella pneumoniae,99.14,413,145,0,0,0.9953917050691244,0.9271818181818182,0.9271818181818182,407,0.037,1.484869143886236e-05,0.0099155799001764,142,0.0036853589938391,3.6999999999999997
10031|12657,10031,12657,Klebsiella pneumoniae,99.14,414,146,0,0,0.9955320506975472,0.9969090909090907,0.9969090909090907,117,0.0106363636363636,4.25478304866278e-06,0.0042043896341878,207,0.0004886962659509,1.06363636363636
10031|12657,10031,12657,Klebsiella pneumoniae,99.14,416,149,0,0,0.9918356114117972,0.991,0.991,286,0.026,5.312136373225584e-06,0.0032841148749097,424,0.0056951241993921,2.6
10031|12657,10031,12657,Klebsiella pneumoniae,99.14,417,150,0,0,0.987891019172553,0.991,0.991,330,0.03,5.016628462328754e-05,0.0169048893425125,302,0.0116358033595613,3.0
10031|12657,10031,12657,Klebsiella pneumoniae,99.14,418,151,0,0,0.991376937895606,0.991,0.991,292,0.0265454545454545,5.761516743962858e-05,0.0128341626659278,61,0.0654853554904137,2.65454545454545
10031|12657,10031,12657,Klebsiella pneumoniae,99.14,419,152,0,0,0.9915611814345991,0.9910909090909092,0.991,289,0.0262727272727272,8.153110948594389e-06,0.0059835329039957,283,0.020151455912467,2.6272727272727203
10031|12657,10031,12657,Klebsiella pneumoniae,99.14,420,153,0,0,0.9969730324711062,0.9910909090909092,0.9910909090909092,229,0.0208181818181818,4.772447675494007e-06,0.0032544127693441,467,0.0042538714543649,2.0818181818181802
10031|12657,10031,12657,Klebsiella pneumoniae,99.14,421,154,0,0,0.9968813061823518,0.9910909090909092,0.9910909090909092,230,0.0209090909090909,9.701615395152352e-06,0.0056396836419769,108,0.0003830689113498,2.09090909090909
10031|12657,10031,12657,Klebsiella pneumoniae,99.14,422,155,0,0,0.9959640432948084,0.991,0.9910909090909092,241,0.0219090909090909,6.776007509090576e-06,0.0044544833392305,25,0.0204594350693714,2.19090909090909
10031|12657,10031,12657,Klebsiella pneumoniae,99.14,423,156,0,0,0.9943030414407792,0.9893636363636364,0.9893636363636364,260,0.0236363636363636,7.24276365369203e-05,0.0188845893312849,35,0.0002904991055807,2.36363636363636
10031|12657,10031,12657,Klebsiella pneumoniae,99.14,437,162,0,0,0.9924874791318864,0.9800909090909092,0.9798181818181818,521,0.0473636363636363,9.917622095456656e-06,0.0074211826898679,22,0.0053841684266312,4.73636363636363
10031|12657,10031,12657,Klebsiella pneumoniae,99.14,438,163,0,0,0.9934180031519422,0.9806363636363636,0.9797272727272728,507,0.046090909090909,0.0001087550162373,0.0218636142493711,225,0.0128454012231938,4.6090909090909005
10031|13883,10031,13883,Klebsiella pneumoniae,99.13,62,319,0,0,0.992199391171994,0.9556363636363636,0.9556363636363636,331,0.030090909090909,4.051720625919408e-05,0.0186334525998755,25,0.0014571261027226,3.0090909090909
10031|13883,10031,13883,Klebsiella pneumoniae,99.13,63,320,0,0,0.994792142530836,0.995,0.995,167,0.0151818181818181,5.9498485487363695e-06,0.0046713317283148,97,0.0014340821815054,1.51818181818181
10031|13883,10031,13883,Klebsiella pneumoniae,99.13,64,321,0,0,0.981454412570802,0.995,0.9816363636363636,457,0.0415454545454545,3.13671142598837e-05,0.0106406525136704,435,0.0003670951434928,4.15454545454545
10031|13883,10031,13883,Klebsiella pneumoniae,99.13,65,322,0,0,0.996292176492399,0.9805454545454544,0.9801818181818182,447,0.0406363636363636,2.6722071577278683e-05,0.0076915132842663,278,0.00462081993432,4.06363636363636
10031|13883,10031,13883,Klebsiella pneumoniae,99.13,474,200,0,0,0.9957890882460636,0.993,0.9930909090909092,199,0.018090909090909,7.605429364487826e-05,0.0147103842005665,140,0.0056059111891824,1.8090909090909002
10031|13883,10031,13883,Klebsiella pneumoniae,99.13,475,201,0,0,0.9958802526778358,0.993,0.993,199,0.018090909090909,2.5624088305642445e-06,0.0022920629238651,54,0.0005316134088908,1.8090909090909002
10031|13883,10031,13883,Klebsiella pneumoniae,99.13,476,202,0,0,0.9957887027373432,0.992909090909091,0.993,200,0.0181818181818181,5.07089909587144e-05,0.0119107680379469,188,0.1869628076000631,1.8181818181818101
10031|13883,10031,13883,Klebsiella pneumoniae,99.13,477,203,0,0,0.994168231689236,0.918818181818182,0.9197272727272728,246,0.0223636363636363,4.986537750828468e-06,0.0045573020384484,446,0.0071476796576637,2.23636363636363
10031|13883,10031,13883,Klebsiella pneumoniae,99.13,478,204,0,0,0.9949739389426656,0.9767272727272728,0.9767272727272728,242,0.022,6.851708963562242e-05,0.0178718938330144,170,0.00018249523058,2.1999999999999997
10031|13883,10031,13883,Klebsiella pneumoniae,99.13,479,205,0,0,0.9953262463343108,0.992,0.992,227,0.0206363636363636,2.599199657637996e-05,0.007941764063351,18,0.0363891615893593,2.06363636363636
10031|13883,10031,13883,Klebsiella pneumoniae,99.13,480,206,0,0,0.9947763929618768,0.9910909090909092,0.992,242,0.022,1.8414320539839046e-05,0.0063339952981587,476,0.0042193289083866,2.1999999999999997
10031|13883,10031,13883,Klebsiella pneumoniae,99.13,481,207,0,0,0.9926639156350298,0.9910909090909092,0.9913636363636364,273,0.0248181818181818,3.40363748423389e-05,0.0083217021268081,47,0.0007455344234266,2.4818181818181797
10031|13883,10031,13883,Klebsiella pneumoniae,99.13,482,208,0,0,0.993303980920932,0.9910909090909092,0.9910909090909092,269,0.0244545454545454,2.6202284068022053e-05,0.007450925940289,400,0.0017012509198067,2.44545454545454
10031|13883,10031,13883,Klebsiella pneumoniae,99.13,483,209,0,0,0.989726655659512,0.9910909090909092,0.9910909090909092,308,0.028,6.853171482490428e-05,0.0277262455023576,111,0.0041925668714418,2.8000000000000003
10031|13883,10031,13883,Klebsiella pneumoniae,99.13,484,210,0,0,0.9937626123647038,0.9910909090909092,0.9910909090909092,264,0.024,8.740549274355303e-06,0.0067927584937311,85,0.1146856755185379,2.4
10031|13883,10031,13883,Klebsiella pneumoniae,99.13,485,211,0,0,0.9956892598367422,0.9911818181818182,0.9910909090909092,242,0.022,4.932341180263755e-06,0.0065621602833398,23,0.010149432793308,2.1999999999999997
10031|15380,10031,15380,Klebsiella pneumoniae,99.23,1,1,0,0,0.9924124691470884,0.9943636363636364,0.9944545454545456,206,0.0187272727272727,4.998480244378101e-06,0.0056353950059923,431,0.0308752330662402,1.87272727272727
10031|15380,10031,15380,Klebsiella pneumoniae,99.23,2,2,0,0,0.9907669805283846,0.9944545454545456,0.9944545454545456,223,0.0202727272727272,1.4104421931060427e-05,0.0106732708583097,251,0.0049181090035994,2.02727272727272
10031|15380,10031,15380,Klebsiella pneumoniae,99.23,3,3,0,0,0.9950785340314136,0.8681818181818182,0.8680909090909091,187,0.017,8.572103876391957e-06,0.004196977488703,328,0.0475253828622981,1.7000000000000002
10031|15380,10031,15380,Klebsiella pneumoniae,99.23,15,15,0,0,0.9929662193428967,0.9813636363636364,0.9822727272727272,476,0.0432727272727272,2.4448318012515458e-05,0.0109430397519615,332,0.0066494489113598,4.32727272727272
10031|15380,10031,15380,Klebsiella pneumoniae,99.23,118,159,0,0,0.9953685835584716,0.9421818181818182,0.9421818181818182,487,0.0442727272727272,0.0004246617646304,0.0381144496531002,114,9.173781622440202e-05,4.42727272727272
10031|15380,10031,15380,Klebsiella pneumoniae,99.23,119,160,0,0,0.9942074292019124,0.9885454545454544,0.9887272727272728,312,0.0283636363636363,1.117584921694892e-05,0.00961351087015,141,0.0033239377563316,2.8363636363636298
10031|15380,10031,15380,Klebsiella pneumoniae,99.23,120,161,0,0,0.9989884127276072,0.9885454545454544,0.9885454545454544,263,0.0239090909090909,6.0825450080015386e-05,0.0186729910671087,494,0.0502554534925561,2.39090909090909
10031|15380,10031,15380,Klebsiella pneumoniae,99.23,121,162,0,0,0.9963215008276624,0.9885454545454544,0.9885454545454544,292,0.0265454545454545,5.251086299229435e-06,0.0033007646529523,515,0.0050802354765777,2.65454545454545
10031|15380,10031,15380,Klebsiella pneumoniae,99.23,122,163,0,0,0.998344675372448,0.9885454545454544,0.9885454545454544,270,0.0245454545454545,3.525699282980188e-05,0.013534062858352,344,0.0133147282325679,2.4545454545454497
10031|15380,10031,15380,Klebsiella pneumoniae,99.23,320,363,0,0,0.9949688986461764,0.9938181818181818,0.9938181818181818,191,0.0173636363636363,3.461071926391668e-06,0.0030359622627202,512,0.0015914444411024,1.73636363636363
10031|15380,10031,15380,Klebsiella pneumoniae,99.23,321,364,0,0,0.9940541529454812,0.9938181818181818,0.9938181818181818,201,0.0182727272727272,7.385245337276913e-06,0.0060123425271587,250,0.0159191877551143,1.82727272727272
10031|15380,10031,15380,Klebsiella pneumoniae,99.23,322,365,0,0,0.9959751189169412,0.9938181818181818,0.9938181818181818,180,0.0163636363636363,2.4586062675968637e-05,0.0108347601526441,295,0.0595628780472727,1.6363636363636298
10031|15380,10031,15380,Klebsiella pneumoniae,99.23,323,366,0,0,0.9964321654011526,0.9937272727272728,0.9937272727272728,175,0.0159090909090909,3.101787897863417e-06,0.0029614243646707,87,0.0314806248750798,1.59090909090909
10031|15380,10031,15380,Klebsiella pneumoniae,99.23,324,367,0,0,0.9945940993219716,0.9921818181818182,0.9921818181818182,195,0.0177272727272727,5.257805360425749e-06,0.0038032321767995,431,0.0094565081133748,1.7727272727272698
10031|15380,10031,15380,Klebsiella pneumoniae,99.23,325,368,0,0,0.9964324917672888,0.9938181818181818,0.9938181818181818,175,0.0159090909090909,9.775700840153334e-06,0.0057357845623333,349,0.0006240511961601,1.59090909090909
10031|15380,10031,15380,Klebsiella pneumoniae,99.23,326,369,0,0,0.9958836443468716,0.9938181818181818,0.9938181818181818,181,0.0164545454545454,1.271603635233376e-05,0.0052555654807243,11,0.0104776764693153,1.64545454545454
10031|15380,10031,15380,Klebsiella pneumoniae,99.23,327,370,0,0,0.993139407244786,0.9938181818181818,0.9938181818181818,211,0.0191818181818181,3.3023267509424414e-05,0.0081836275441782,397,0.0040754519696697,1.9181818181818098
10031|15380,10031,15380,Klebsiella pneumoniae,99.23,328,371,0,0,0.9930479326747164,0.9938181818181818,0.9938181818181818,212,0.0192727272727272,3.1077816062818897e-06,0.0026125706872551,46,0.0310963953403972,1.92727272727272
10031|15380,10031,15380,Klebsiella pneumoniae,99.23,329,372,0,0,0.9937763133809262,0.9932727272727272,0.9932727272727272,204,0.0185454545454545,4.221361990963679e-06,0.0038880706754728,132,0.0202566108465498,1.85454545454545
10031|15380,10031,15380,Klebsiella pneumoniae,99.23,331,374,0,0,0.9936958976289048,0.966181818181818,0.966181818181818,534,0.0485454545454545,6.529313155945182e-05,0.0114276398140483,7,0.0028968747283613,4.85454545454545
10031|15380,10031,15380,Klebsiella pneumoniae,99.23,410,458,0,0,0.9943923515352088,0.988909090909091,0.988909090909091,302,0.0274545454545454,2.096002433105149e-05,0.0081914377744273,6,0.0080304532053429,2.7454545454545403
10031|23356,10031,23356,Klebsiella pneumoniae,99.18,1,1,0,0,0.993601462522852,0.9944545454545456,0.9945454545454544,191,0.0173636363636363,5.763474197784113e-06,0.0053265571558484,243,0.0358751908818149,1.73636363636363
10031|23356,10031,23356,Klebsiella pneumoniae,99.18,2,2,0,0,0.9914852338866136,0.8434545454545455,0.8434545454545455,403,0.0366363636363636,2.697240297078185e-05,0.0119182894143553,79,0.0004577212711684,3.66363636363636
10031|23356,10031,23356,Klebsiella pneumoniae,99.18,10,10,0,0,0.995289988917621,0.9843636363636364,0.9843636363636364,395,0.0359090909090909,3.2048197941003664e-06,0.0052864699291333,155,0.006424333493464,3.59090909090909
10031|23356,10031,23356,Klebsiella pneumoniae,99.18,11,11,0,0,0.9953776462974948,0.9833636363636364,0.9833636363636364,394,0.0358181818181818,2.2557967774505805e-05,0.0091303670543469,404,0.0038651718261701,3.58181818181818
10031|23356,10031,23356,Klebsiella pneumoniae,99.18,12,12,0,0,0.99399427145893,0.983909090909091,0.983909090909091,408,0.037090909090909,7.053279685365066e-05,0.0118933047350285,205,0.0687206173069781,3.7090909090909
10031|23356,10031,23356,Klebsiella pneumoniae,99.18,148,183,0,0,0.9949522760646108,0.9904545454545456,0.9905454545454544,264,0.024,5.55453219386326e-06,0.0050236736203918,349,0.0001374554255223,2.4
10031|23356,10031,23356,Klebsiella pneumoniae,99.18,149,184,0,0,0.9954111600587372,0.9905454545454544,0.9904545454545456,259,0.0235454545454545,1.21341178788148e-05,0.0062273890283223,246,0.0131502109385571,2.35454545454545
10031|23356,10031,23356,Klebsiella pneumoniae,99.18,150,185,0,0,0.9960539598054512,0.9905454545454544,0.9905454545454544,251,0.0228181818181818,1.0173300733162804e-05,0.0059232593215632,6,0.009821333128568,2.28181818181818
10031|23356,10031,23356,Klebsiella pneumoniae,99.18,172,208,0,0,0.997676795836818,0.9767272727272728,0.9782727272727272,520,0.0472727272727272,8.752124806699069e-05,0.014942787039673,35,0.0075425657572159,4.72727272727272
10031|23356,10031,23356,Klebsiella pneumoniae,99.18,371,422,0,0,0.9878899082568808,0.9906363636363636,0.990909090909091,302,0.0274545454545454,0.0001651080327398,0.0203915301451489,344,0.0290306629705399,2.7454545454545403
10031|23356,10031,23356,Klebsiella pneumoniae,99.18,372,423,0,0,0.9906482075731182,0.9915454545454544,0.9913636363636364,272,0.0247272727272727,3.784727288747014e-05,0.0107119481338581,52,0.0043057490550921,2.47272727272727
10031|49472,10031,49472,Klebsiella pneumoniae,99.18,0,0,0,0,0.9949090909090909,1.0,1.0,56,0.005090909090909,3.722024450758532e-06,0.0047787697430099,143,0.0013403862120178,0.5090909090909
10031|49472,10031,49472,Klebsiella pneumoniae,99.18,1,1,0,0,0.9932727272727272,0.9999090909090907,1.0,75,0.0068181818181818,1.354602079051137e-05,0.0053013507037534,247,0.0245720511352647,0.68181818181818
10031|49472,10031,49472,Klebsiella pneumoniae,99.18,2,2,0,0,0.9918181818181818,1.0,0.9999090909090907,91,0.0082727272727272,2.9629926096008674e-06,0.0024539509516798,56,0.0073327000309424,0.82727272727272
10031|49472,10031,49472,Klebsiella pneumoniae,99.18,3,3,0,0,0.9941464350830056,0.9473636363636364,0.9473636363636364,351,0.0319090909090909,5.410934871041828e-05,0.0114976477247935,487,0.0135436761770695,3.19090909090909
10031|49472,10031,49472,Klebsiella pneumoniae,99.18,8,8,0,0,0.9937165034189612,0.9838181818181818,0.9837272727272728,424,0.0385454545454545,8.18209741404452e-06,0.0059979093560085,300,0.0020269847944424,3.85454545454545
10031|49472,10031,49472,Klebsiella pneumoniae,99.18,9,9,0,0,0.9808516458466308,0.997,0.9838181818181818,419,0.038090909090909,8.813518715422575e-05,0.0158107761673983,91,0.0041991288539853,3.8090909090909
10031|49472,10031,49472,Klebsiella pneumoniae,99.18,10,10,0,0,0.9968997902799308,0.997,0.997,100,0.009090909090909,4.892922464305727e-06,0.0032560861496465,354,0.0031272735019076,0.9090909090909001
10031|49472,10031,49472,Klebsiella pneumoniae,99.18,11,11,0,0,0.9944393801276208,0.9972727272727272,0.997,124,0.0112727272727272,5.031704328306574e-06,0.0061255269848523,40,0.0014160642941424,1.12727272727272
10031|49472,10031,49472,Klebsiella pneumoniae,99.18,12,12,0,0,0.9952597994530538,0.9972727272727272,0.997,115,0.0104545454545454,6.941154933048921e-06,0.0043741337476831,436,0.0373117720614966,1.04545454545454
10031|49472,10031,49472,Klebsiella pneumoniae,99.18,205,231,0,0,0.9945100192149328,0.9935454545454544,0.9935454545454544,202,0.0183636363636363,4.221129739634399e-06,0.0035027614912159,131,0.0017979523392051,1.83636363636363
10031|49472,10031,49472,Klebsiella pneumoniae,99.18,206,232,0,0,0.9913186511925433,0.9948181818181818,0.9935454545454544,223,0.0202727272727272,7.84404143305828e-06,0.0040352857244055,13,0.0018893712758987,2.02727272727272
10031|49472,10031,49472,Klebsiella pneumoniae,99.18,208,234,0,0,0.9942418426103646,0.9943636363636364,0.9946363636363637,184,0.0167272727272727,2.348707738131228e-05,0.0106474617324069,279,0.0490237590916479,1.6727272727272697
10031|49472,10031,49472,Klebsiella pneumoniae,99.18,218,245,0,0,0.9975039290006472,0.9833636363636364,0.9833636363636364,393,0.0357272727272727,1.7920182905806215e-05,0.0065191601558693,6,0.0052752945705751,3.5727272727272696
10031|49472,10031,49472,Klebsiella pneumoniae,99.18,274,307,0,0,0.9930452522255192,0.9803636363636364,0.98,510,0.0463636363636363,4.6416582527353256e-05,0.0160111602794394,317,0.0019062840431338,4.6363636363636305
10031|49472,10031,49472,Klebsiella pneumoniae,99.18,275,308,0,0,0.9954541237591612,0.979909090909091,0.979909090909091,479,0.0435454545454545,3.789839943701967e-05,0.0091724563285595,342,0.0053344391890486,4.35454545454545
10031|49472,10031,49472,Klebsiella pneumoniae,99.18,276,309,0,0,0.9937772824370764,0.9788181818181818,0.9788181818181818,499,0.0453636363636363,6.426222046274077e-06,0.0057469197475052,221,0.0124982094567049,4.53636363636363
10031|49472,10031,49472,Klebsiella pneumoniae,99.18,277,310,0,0,0.9951789356573336,0.9804545454545456,0.9803636363636364,483,0.0439090909090909,1.9852122323915644e-05,0.0119632893904735,113,0.0056197519927565,4.39090909090909
10031|49472,10031,49472,Klebsiella pneumoniae,99.18,278,311,0,0,0.9959164733178656,0.9795454545454544,0.9795454545454544,474,0.043090909090909,9.951524136742051e-06,0.0047752955530384,39,0.0002113573386958,4.3090909090909
10031|49472,10031,49472,Klebsiella pneumoniae,99.18,279,312,0,0,0.996105702364395,0.979909090909091,0.9804545454545456,478,0.0434545454545454,0.0001980031407728,0.0231718941787862,105,0.0101561120291171,4.3454545454545395
10031|49472,10031,49472,Klebsiella pneumoniae,99.18,280,313,0,0,0.9953613507746544,0.9798181818181818,0.979909090909091,493,0.0448181818181818,1.6283115508275436e-05,0.0065124472744271,52,0.0064153060226296,4.48181818181818
10031|49472,10031,49472,Klebsiella pneumoniae,99.18,281,314,0,0,0.9951758048056406,0.9798181818181818,0.979909090909091,493,0.0448181818181818,0.0002448738366734,0.0313283752326306,237,0.0120604337342637,4.48181818181818
10031|49472,10031,49472,Klebsiella pneumoniae,99.18,311,346,0,0,0.99486931268151,0.9390909090909092,0.9390909090909092,482,0.0438181818181818,3.568767763306724e-06,0.0134435184047899,225,0.0104422727945826,4.38181818181818
10031|49472,10031,49472,Klebsiella pneumoniae,99.18,312,347,0,0,0.9873499538319483,0.9843636363636364,0.9795454545454544,506,0.046,5.466727034608709e-06,0.0035700301185152,163,0.0080241541858622,4.6
10031|49472,10031,49472,Klebsiella pneumoniae,99.18,338,373,0,0,0.9961215255332904,0.9844545454545456,0.9844545454545456,384,0.0349090909090909,0.0001465906232529,0.0197492128726148,440,0.0077782690373198,3.49090909090909
10031|49472,10031,49472,Klebsiella pneumoniae,99.18,520,510,0,0,0.995185766614338,0.8686363636363637,0.8682727272727273,218,0.0198181818181818,2.208363752442821e-05,0.0100628398464479,451,0.0007015075284154,1.9818181818181801
10031|49472,10031,49472,Klebsiella pneumoniae,99.18,521,511,0,0,0.9968944099378882,0.9952727272727272,0.9952727272727272,138,0.0125454545454545,4.824265771974368e-06,0.0034464431364765,215,0.0365116942926114,1.25454545454545
10031|49472,10031,49472,Klebsiella pneumoniae,99.18,523,513,0,0,0.996654586005018,0.9782727272727272,0.9782727272727272,514,0.0467272727272727,3.2580520632485843e-06,0.0066685147842344,364,0.0228147159842866,4.67272727272727
10031|49472,10031,49472,Klebsiella pneumoniae,99.18,524,514,0,0,0.9975838676702908,0.9782727272727272,0.9782727272727272,504,0.0458181818181818,4.7181878595869975e-05,0.0171387128041902,7,0.0034956677631359,4.58181818181818
10031|49472,10031,49472,Klebsiella pneumoniae,99.18,525,515,0,0,0.9964690577959489,0.9782727272727272,0.9782727272727272,516,0.0469090909090909,5.083452487841811e-06,0.004336719024066,58,0.0140219324226854,4.69090909090909
10031|49472,10031,49472,Klebsiella pneumoniae,99.18,526,516,0,0,0.9959111606728,0.9782727272727272,0.9782727272727272,522,0.0474545454545454,5.530751628735064e-05,0.01907363303506,150,0.0096609329802158,4.74545454545454
10031|BAA-2524,10031,BAA-2524,Klebsiella pneumoniae,99.18,1,1,0,0,0.9914990859232176,0.9944545454545456,0.9944545454545456,215,0.0195454545454545,8.888277882368456e-06,0.0072827420630998,287,0.0001363552864879,1.9545454545454501
10031|BAA-2524,10031,BAA-2524,Klebsiella pneumoniae,99.18,2,2,0,0,0.9915897248377366,0.9944545454545456,0.9943636363636364,215,0.0195454545454545,4.600031324519804e-06,0.0031341154495254,432,0.0053408382130899,1.9545454545454501
10031|BAA-2524,10031,BAA-2524,Klebsiella pneumoniae,99.18,3,3,0,0,0.9945130315500684,0.9940909090909092,0.9940909090909092,184,0.0167272727272727,1.1750952452205254e-05,0.0053421159685751,427,0.0003625899744263,1.6727272727272697
10031|BAA-2524,10031,BAA-2524,Klebsiella pneumoniae,99.18,18,18,0,0,0.994664704259038,0.9882727272727272,0.9882727272727272,316,0.0287272727272727,1.3842463193691756e-05,0.0072250441497732,481,0.0012540359453683,2.87272727272727
10031|BAA-2524,10031,BAA-2524,Klebsiella pneumoniae,99.18,212,257,0,0,0.992098493201029,0.9883636363636364,0.9894545454545456,329,0.0299090909090909,1.1864311173837017e-05,0.0095122083399806,170,0.0195323951177857,2.99090909090909
10145|25619,10145,25619,Pseudomonas aeruginosa,97.68,0,0,0,0,0.9725504453735684,0.9998181818181818,1.0,304,0.0276363636363636,9.559661306113298e-06,0.0055524704724667,348,0.0103978102747386,2.76363636363636
10145|25619,10145,25619,Pseudomonas aeruginosa,97.68,2,2,0,0,0.9773182729094552,0.998,0.9976363636363637,281,0.0255454545454545,8.654835258470328e-06,0.0073059672880142,68,0.001634461054047,2.55454545454545
10145|25619,10145,25619,Pseudomonas aeruginosa,97.68,3,3,0,0,0.9799429570337658,0.988,0.987909090909091,252,0.0229090909090909,2.546811452253106e-05,0.007158968907447,357,0.0239151704001461,2.29090909090909
10145|25619,10145,25619,Pseudomonas aeruginosa,97.68,4,4,0,0,0.9709589041095892,0.9842727272727272,0.9895454545454544,420,0.0381818181818181,3.775016561202715e-05,0.00869906568138,491,0.0086214968075539,3.8181818181818103
10145|25619,10145,25619,Pseudomonas aeruginosa,97.68,417,425,0,0,0.9733012250026176,0.8681818181818182,0.8666363636363636,346,0.0314545454545454,6.686150351153941e-06,0.0044601287275024,112,0.011112352774278,3.14545454545454
10145|25619,10145,25619,Pseudomonas aeruginosa,97.68,446,450,0,0,0.9835174953959483,0.9872727272727272,0.9872727272727272,282,0.0256363636363636,1.61219689644998e-05,0.0142747152363106,630,0.0074796900855484,2.56363636363636
10145|25619,10145,25619,Pseudomonas aeruginosa,97.68,453,457,0,0,0.9838178826110806,0.9943636363636364,0.9936363636363637,309,0.028090909090909,1.6626438311018177e-05,0.0067469715707483,79,0.043450450042851,2.8090909090908998
10145|25619,10145,25619,Pseudomonas aeruginosa,97.68,454,458,0,0,0.9800895058909488,0.9952727272727272,0.9936363636363637,338,0.0307272727272727,1.7507520053361425e-05,0.014437724557256,475,0.014485259116715,3.07272727272727
10145|25619,10145,25619,Pseudomonas aeruginosa,97.68,455,459,0,0,0.9823728194355648,0.9951818181818182,0.9952727272727272,298,0.027090909090909,7.380713290094931e-06,0.0086570941508052,191,0.0124620245656611,2.7090909090909
10145|27853,10145,27853,Pseudomonas aeruginosa,99.39,91,86,0,0,0.9962696751887908,0.9984545454545456,0.9991818181818182,50,0.0045454545454545,4.189899400985908e-06,0.0041534465534863,314,0.0133512688083302,0.45454545454545003
10145|27853,10145,27853,Pseudomonas aeruginosa,99.39,92,87,0,0,0.9889050563841396,0.9966363636363637,0.9996363636363635,162,0.0147272727272727,3.338636238803261e-06,0.0028436059497503,351,0.0389850736812866,1.47272727272727
10145|27853,10145,27853,Pseudomonas aeruginosa,99.39,93,88,0,0,0.9915339098771052,0.9985454545454544,0.9966363636363637,145,0.0131818181818181,6.108270329985288e-06,0.0048682042574499,318,0.0490541176018576,1.31818181818181
10145|27853,10145,27853,Pseudomonas aeruginosa,99.39,94,89,0,0,0.9929898033503276,0.9979090909090907,0.9985454545454544,115,0.0104545454545454,3.788640348667549e-06,0.004478385586288,260,0.037097679671058,1.04545454545454
10145|27853,10145,27853,Pseudomonas aeruginosa,99.39,95,90,0,0,0.9976314111323676,0.9979090909090907,0.9979090909090907,72,0.0065454545454545,3.353946970152677e-07,0.0008191651449052,236,0.0011349290675368,0.65454545454545
10145|27853,10145,27853,Pseudomonas aeruginosa,99.39,96,91,0,0,0.9817817453087996,0.9875454545454544,0.9979090909090907,356,0.0323636363636363,1.3814172473591846e-05,0.0052590924854324,360,0.0112150549836926,3.23636363636363
10145|27853,10145,27853,Pseudomonas aeruginosa,99.39,97,92,0,0,0.9956733867255824,0.9875454545454544,0.9875454545454544,321,0.0291818181818181,3.4899679872690825e-06,0.0029820438468719,576,0.0673076930747019,2.91818181818181
10145|27853,10145,27853,Pseudomonas aeruginosa,99.39,98,93,0,0,0.9965018871398325,0.9875454545454544,0.9875454545454544,312,0.0283636363636363,4.4239420676661645e-05,0.009409218067764,139,0.0059980464511671,2.8363636363636298
10145|27853,10145,27853,Pseudomonas aeruginosa,99.39,99,94,0,0,0.9966859983429992,0.9875454545454544,0.9875454545454544,310,0.0281818181818181,3.3978743967377767e-06,0.0072097605164125,616,0.0022603038778272,2.81818181818181
10145|27853,10145,27853,Pseudomonas aeruginosa,99.39,100,95,0,0,0.9968701095461658,0.9875454545454544,0.9875454545454544,307,0.0279090909090909,5.3546153245154215e-05,0.0118725415848063,483,0.0203728881430976,2.79090909090909
10145|27853,10145,27853,Pseudomonas aeruginosa,99.39,101,96,0,0,0.996778350515464,0.9876363636363636,0.9875454545454544,308,0.028,1.3837279886241838e-05,0.0085826967812446,229,0.0010238342381003,2.8000000000000003
10145|27853,10145,27853,Pseudomonas aeruginosa,99.39,102,97,0,0,0.9980670103092784,0.9876363636363636,0.9876363636363636,293,0.0266363636363636,4.092966189750413e-06,0.0031142979857936,492,0.0865884614996357,2.66363636363636
10145|27853,10145,27853,Pseudomonas aeruginosa,99.39,103,98,0,0,0.9962271095978652,0.987909090909091,0.9876363636363636,310,0.0281818181818181,9.510668122048038e-06,0.0091726980289982,408,0.0064237105000345,2.81818181818181
10145|27853,10145,27853,Pseudomonas aeruginosa,99.39,104,99,0,0,0.99613508788074,0.987909090909091,0.987909090909091,308,0.028,1.889746400718373e-05,0.0073951344802336,546,0.0160716565135395,2.8000000000000003
10145|27853,10145,27853,Pseudomonas aeruginosa,99.39,105,100,0,0,0.995318523958142,0.9903636363636364,0.987909090909091,290,0.0263636363636363,2.989557149835065e-06,0.0024796635889091,346,0.0009882179104011,2.63636363636363
10145|27853,10145,27853,Pseudomonas aeruginosa,99.39,106,101,0,0,0.9983477143381678,0.9903636363636364,0.9903636363636364,230,0.0209090909090909,6.745968715415884e-06,0.0047406864356464,648,0.0237328853716555,2.09090909090909
10145|27853,10145,27853,Pseudomonas aeruginosa,99.39,107,102,0,0,0.992381127225996,0.9903636363636364,0.9903636363636364,295,0.0268181818181818,1.1795418948801206e-05,0.0068714972569159,145,0.0004619683276463,2.68181818181818
10145|27853,10145,27853,Pseudomonas aeruginosa,99.39,108,103,0,0,0.9886238532110092,0.987,0.9903636363636364,373,0.0339090909090909,7.38592970681573e-05,0.0121557263913603,456,0.0232437849500831,3.39090909090909
10145|27853,10145,27853,Pseudomonas aeruginosa,99.39,109,104,0,0,0.995855208621166,0.986909090909091,0.987,332,0.0301818181818181,5.420533093958291e-05,0.0136874484229305,542,0.0020207302872854,3.01818181818181
10145|27853,10145,27853,Pseudomonas aeruginosa,99.39,110,105,0,0,0.9945652173913044,0.9841818181818182,0.986909090909091,377,0.0342727272727272,1.037415289906196e-05,0.0062020761161079,139,0.0184744235692561,3.4272727272727197
10145|27853,10145,27853,Pseudomonas aeruginosa,99.39,582,633,0,0,0.9822441881749954,0.9800909090909092,0.9930909090909092,485,0.044090909090909,5.2177368637496e-05,0.0102248690974513,0,0.010255782446209,4.4090909090909
10145|27853,10145,27853,Pseudomonas aeruginosa,99.39,583,634,0,0,0.9971583096525805,0.9917272727272728,0.9917272727272728,183,0.0166363636363636,4.167018652467824e-06,0.0031498093893759,667,0.0075750742291806,1.6636363636363598
10211|51907,10211,51907,Haemophilus influenzae,97.73,40,36,0,0,0.9644124874852098,0.9900909090909092,0.9865454545454544,535,0.0486363636363636,3.03733928179728e-05,0.0121025340928767,56,0.0041742761669985,4.863636363636361
10389|14289,10389,14289,Streptococcus pyogenes,99.73,0,0,0,0,0.9995454545454544,1.0,1.0,5,0.0004545454545454,2.741103729331229e-06,0.0026079693699563,37,0.0524064301109323,0.04545454545454
10389|14289,10389,14289,Streptococcus pyogenes,99.73,1,1,0,0,0.9997272727272728,1.0,0.9999090909090907,4,0.0003636363636363,7.063013919283989e-07,0.001198815175415,166,0.1837284513617842,0.036363636363630006
10389|14289,10389,14289,Streptococcus pyogenes,99.73,157,157,0,0,0.9999082484631616,0.9908181818181818,0.9907272727272728,204,0.0185454545454545,0.0001658298437763,0.028312633487663,89,0.0049792057598958,1.85454545454545
10389|14289,10389,14289,Streptococcus pyogenes,99.73,158,158,0,0,1.0,0.9908181818181818,0.9908181818181818,202,0.0183636363636363,9.66850924521978e-06,0.0049174776467894,40,0.066713778762395,1.83636363636363
10389|14289,10389,14289,Streptococcus pyogenes,99.73,159,159,0,0,0.9998164969263236,0.9908181818181818,0.9908181818181818,204,0.0185454545454545,1.445635550001434e-05,0.0103009249224853,176,0.0009801425894253,1.85454545454545
10389|14289,10389,14289,Streptococcus pyogenes,99.73,160,160,0,0,0.999632993852647,0.9908181818181818,0.9908181818181818,206,0.0187272727272727,2.879675608113974e-05,0.0081144633667848,43,0.0096511472832416,1.87272727272727
10389|14289,10389,14289,Streptococcus pyogenes,99.73,161,161,0,0,0.9999082484631616,0.9908181818181818,0.9908181818181818,203,0.0184545454545454,3.333327696275479e-05,0.0097783630860606,108,0.0007544493455046,1.8454545454545401
10389|14289,10389,14289,Streptococcus pyogenes,99.73,162,162,0,0,1.0,0.9908181818181818,0.9908181818181818,202,0.0183636363636363,5.735708542897733e-06,0.0033951173671046,4,0.0009588301920606,1.83636363636363
10389|14289,10389,14289,Streptococcus pyogenes,99.73,163,163,0,0,0.9999082484631616,0.9908181818181818,0.9908181818181818,203,0.0184545454545454,0.000107253623042,0.0146484267299965,136,0.055852040801868,1.8454545454545401
10389|14289,10389,14289,Streptococcus pyogenes,99.73,164,164,0,0,0.9998164969263236,0.9908181818181818,0.9908181818181818,204,0.0185454545454545,5.03368525905934e-06,0.0043275853690134,102,0.0344592977967055,1.85454545454545
10389|14289,10389,14289,Streptococcus pyogenes,99.73,165,165,0,0,0.9998164969263236,0.9908181818181818,0.9908181818181818,204,0.0185454545454545,8.878379928267677e-05,0.0134016938439556,0,0.0627466876749902,1.85454545454545
10389|14289,10389,14289,Streptococcus pyogenes,99.73,166,166,0,0,0.9988073394495413,0.989909090909091,0.9908181818181818,225,0.0204545454545454,3.3002858327968454e-05,0.0096732940739764,85,0.0438152256987446,2.04545454545454
10389|14289,10389,14289,Streptococcus pyogenes,99.73,167,167,0,0,0.9996326905417816,0.989909090909091,0.989909090909091,226,0.0205454545454545,4.277400113084085e-05,0.0100356348123596,144,0.1630827904877188,2.05454545454545
10389|14289,10389,14289,Streptococcus pyogenes,99.73,168,168,0,0,0.9999081726354454,0.99,0.989909090909091,222,0.0201818181818181,5.880499334143252e-06,0.003487958701281,79,0.0977458173608578,2.01818181818181
10389|14289,10389,14289,Streptococcus pyogenes,99.73,169,169,0,0,0.9999081726354454,0.99,0.99,221,0.020090909090909,1.8056503290453385e-05,0.0081810334286233,40,0.0029826044975029,2.0090909090909
10389|14289,10389,14289,Streptococcus pyogenes,99.73,170,170,0,0,1.0,0.99,0.99,220,0.02,2.790396932594863e-05,0.0076374921018936,118,0.020350948365144,2.0
10389|14289,10389,14289,Streptococcus pyogenes,99.73,171,171,0,0,0.9998163452708908,0.99,0.99,222,0.0201818181818181,3.02024031730852e-05,0.0078489371524316,60,0.0036581915290985,2.01818181818181
10389|14289,10389,14289,Streptococcus pyogenes,99.73,172,172,0,0,0.999816362133872,0.9900909090909092,0.99,221,0.020090909090909,4.781596731673332e-06,0.0034450221130869,24,0.0110858043085775,2.0090909090909
10389|14289,10389,14289,Streptococcus pyogenes,99.73,173,173,0,0,0.999908181066936,0.9900909090909092,0.9900909090909092,219,0.0199090909090909,6.300896314814786e-06,0.0046563935155449,46,0.0027693245913565,1.99090909090909
10389|14289,10389,14289,Streptococcus pyogenes,99.73,174,174,0,0,0.999724543200808,0.9900909090909092,0.9900909090909092,221,0.020090909090909,4.949186219516122e-06,0.0032371034925137,22,0.0120428031285366,2.0090909090909
10389|14289,10389,14289,Streptococcus pyogenes,99.73,175,175,0,0,1.0,0.9893636363636364,0.9893636363636364,218,0.0198181818181818,7.587946356135688e-06,0.0047007781876346,131,0.0010171033809815,1.9818181818181801
10389|14289,10389,14289,Streptococcus pyogenes,99.73,176,176,0,0,0.9995409474843924,0.9901818181818182,0.9900909090909092,222,0.0201818181818181,0.0002540339127607,0.0276588591247095,8,0.0213387103620921,2.01818181818181
10389|14289,10389,14289,Streptococcus pyogenes,99.73,177,177,0,0,0.9998163789937567,0.9901818181818182,0.9901818181818182,218,0.0198181818181818,3.32242691736262e-06,0.0026135456284738,25,0.0341270462544169,1.9818181818181801
10389|14289,10389,14289,Streptococcus pyogenes,99.73,178,178,0,0,0.9998163789937567,0.9901818181818182,0.9901818181818182,218,0.0198181818181818,1.8991916593269487e-05,0.0063967162821623,71,0.0228279316112853,1.9818181818181801
10389|14289,10389,14289,Streptococcus pyogenes,99.73,179,179,0,0,0.9996327579875136,0.9901818181818182,0.9901818181818182,220,0.02,0.0001131727397323,0.0192922930766387,162,0.0005780141449027,2.0
10389|14289,10389,14289,Streptococcus pyogenes,99.73,180,180,0,0,0.9992657182193668,0.9904545454545456,0.9901818181818182,221,0.020090909090909,3.730893399067625e-05,0.0090608968403351,128,0.022165518860305,2.0090909090909
10389|14289,10389,14289,Streptococcus pyogenes,99.73,181,181,0,0,1.0,0.9904545454545456,0.9904545454545456,210,0.019090909090909,2.063406889774022e-05,0.0068229779422812,133,0.0042187888727622,1.9090909090908998
10389|19615,10389,19615,Streptococcus pyogenes,99.02,0,0,0,0,0.9977272727272728,1.0,1.0,25,0.0022727272727272,2.021729999712729e-05,0.0098424909533554,52,0.0258732884344692,0.22727272727272002
10389|19615,10389,19615,Streptococcus pyogenes,99.02,1,1,0,0,0.998091082628852,1.0,1.0,21,0.0019090909090909,7.221750543351391e-06,0.0042588242868975,94,0.0873752203398945,0.19090909090909
10543|12915,10543,12915,Clostridium perfringens,97.15,0,0,0,0,0.993455140441778,1.0,1.0,72,0.0065454545454545,4.3002185745599775e-06,0.0034099927170215,233,0.1864369671740695,0.65454545454545
10543|13124,10543,13124,Clostridium perfringens,98.97,0,0,0,0,0.9968181818181818,0.9999090909090907,1.0,36,0.0032727272727272,4.654999951059224e-06,0.003133568331909,321,0.1180521114997368,0.32727272727272
10543|13124,10543,13124,Clostridium perfringens,98.97,1,1,0,0,0.99972724793163,0.9999090909090907,0.9999090909090907,5,0.0004545454545454,2.130594056182211e-06,0.0021011340515267,32,0.0591228038974764,0.04545454545454
10543|13124,10543,13124,Clostridium perfringens,98.97,2,2,0,0,0.9918751141135658,0.9958181818181818,0.9958181818181818,97,0.0088181818181818,1.784031231721883e-05,0.0067093426550768,159,0.0545909963061314,0.88181818181818
10543|13124,10543,13124,Clostridium perfringens,98.97,45,44,0,0,0.9945227710721168,0.8957272727272727,0.8962727272727272,128,0.0116363636363636,2.401168513532781e-05,0.007035561803163,216,0.0362115038082113,1.16363636363636
10543|13124,10543,13124,Clostridium perfringens,98.97,296,292,0,0,0.9944674965421854,0.985909090909091,0.985909090909091,370,0.0336363636363636,8.214394258110325e-05,0.0128589434962481,315,0.0476319329194936,3.36363636363636
10543|13124,10543,13124,Clostridium perfringens,98.97,297,293,0,0,0.9991703539823008,0.9861818181818182,0.985909090909091,316,0.0287272727272727,6.584648823926287e-05,0.0174418644685825,233,0.0049039086718492,2.87272727272727
10543|13124,10543,13124,Clostridium perfringens,98.97,298,294,0,0,0.9999078171091446,0.9861818181818182,0.9861818181818182,305,0.0277272727272727,0.0001217952338862,0.0175978426089922,196,0.0270317331145403,2.7727272727272703
10543|13124,10543,13124,Clostridium perfringens,98.97,299,295,0,0,1.0,0.9861818181818182,0.9861818181818182,304,0.0276363636363636,0.0001478992036293,0.0202916509783012,305,0.0151927009501153,2.76363636363636
10543|13124,10543,13124,Clostridium perfringens,98.97,300,296,0,0,1.0,0.9861818181818182,0.9861818181818182,304,0.0276363636363636,7.749727709560617e-06,0.0073866430152248,131,0.1421204477445596,2.76363636363636
10543|13124,10543,13124,Clostridium perfringens,98.97,301,297,0,0,1.0,0.9861818181818182,0.9861818181818182,304,0.0276363636363636,8.218480643806814e-06,0.0057844131591952,131,0.1449720974219686,2.76363636363636
10543|13124,10543,13124,Clostridium perfringens,98.97,302,298,0,0,0.9998156342182892,0.9861818181818182,0.9861818181818182,306,0.0278181818181818,4.066867626217885e-06,0.0029728608111371,81,0.0860374092010173,2.78181818181818
10543|13124,10543,13124,Clostridium perfringens,98.97,303,299,0,0,0.9999078256060466,0.9862727272727272,0.9861818181818182,304,0.0276363636363636,1.4836962386244323e-05,0.0083847378514506,29,0.1279802250321158,2.76363636363636
10543|13124,10543,13124,Clostridium perfringens,98.97,304,300,0,0,0.9997235277854576,0.9864545454545456,0.9862727272727272,303,0.0275454545454545,4.583503533928113e-05,0.0121151194321761,255,0.0008292754000949,2.75454545454545
10543|13124,10543,13124,Clostridium perfringens,98.97,305,301,0,0,0.995023500138236,0.9863636363636364,0.9864545454545456,352,0.032,1.3514482679832795e-05,0.0078686046744397,226,0.0349481998737929,3.2
10543|13124,10543,13124,Clostridium perfringens,98.97,306,302,0,0,0.9838561731792332,0.9900909090909092,0.9863636363636364,435,0.0395454545454545,1.6740935632419962e-05,0.0200042711600362,112,0.1092540201781084,3.95454545454545
10543|13124,10543,13124,Clostridium perfringens,98.97,307,303,0,0,0.987649063032368,0.8527272727272728,0.8524545454545455,329,0.0299090909090909,2.751175101511905e-06,0.0026531433771954,60,0.0499810854454955,2.99090909090909
10543|13124,10543,13124,Clostridium perfringens,98.97,308,304,0,0,0.9944928866452502,0.9902727272727272,0.9903636363636364,273,0.0248181818181818,2.3257781581853543e-05,0.0085633045003686,16,0.1534082141616886,2.4818181818181797
10543|13124,10543,13124,Clostridium perfringens,98.97,309,305,0,0,0.9924722298723953,0.9901818181818182,0.9902727272727272,296,0.0269090909090909,4.937844326124985e-05,0.0136743291390633,235,0.0003226548593604,2.69090909090909
10543|13124,10543,13124,Clostridium perfringens,98.97,310,306,0,0,0.9901771780042228,0.989,0.9901818181818182,335,0.0304545454545454,0.0001640184843706,0.0181618498863137,238,0.0080515013237228,3.04545454545454
10543|13124,10543,13124,Clostridium perfringens,98.97,311,307,0,0,0.9954967374322212,0.9890909090909092,0.989,290,0.0263636363636363,5.9660581238074606e-05,0.0118806843961479,158,0.009184255374098,2.63636363636363
10543|13124,10543,13124,Clostridium perfringens,98.97,312,308,0,0,0.9994485294117648,0.9890909090909092,0.9890909090909092,246,0.0223636363636363,4.215565662990528e-06,0.0045286806860525,98,0.0627262856089723,2.23636363636363
10543|13124,10543,13124,Clostridium perfringens,98.97,313,309,0,0,0.9898934215362,0.9894545454545456,0.9890909090909092,345,0.0313636363636363,3.0032821537684384e-05,0.0086414508862102,303,0.0356426633015642,3.13636363636363
10543|13124,10543,13124,Clostridium perfringens,98.97,314,310,0,0,0.991180523656408,0.9890909090909092,0.9894545454545456,331,0.030090909090909,1.0171422157423391e-05,0.0045502628105315,82,0.138465187645266,3.0090909090909
10543|13124,10543,13124,Clostridium perfringens,98.97,315,311,0,0,0.9730909090909092,1.0,0.9817272727272728,495,0.045,1.22469451910856e-05,0.0062288338903566,120,0.0648730642731452,4.5
10543|13124,10543,13124,Clostridium perfringens,98.97,316,312,0,0,0.9929480721677808,0.9926363636363637,0.9925454545454544,240,0.0218181818181818,3.4770029294861615e-05,0.0097229527646883,67,0.03004740071248,2.18181818181818
10543|13124,10543,13124,Clostridium perfringens,98.97,317,313,0,0,0.9939554904295264,0.9925454545454544,0.9925454545454544,230,0.0209090909090909,1.5365024846114572e-05,0.0098167534595988,242,0.0009604073206753,2.09090909090909
10543|13124,10543,13124,Clostridium perfringens,98.97,318,314,0,0,0.9917627677100496,0.9925454545454544,0.9930909090909092,248,0.0225454545454545,1.1006595911133845e-05,0.0060565537611948,27,0.0798350096227706,2.25454545454545
10543|13124,10543,13124,Clostridium perfringens,98.97,320,316,0,0,0.9959658934629138,0.9915454545454544,0.9915454545454544,196,0.0178181818181818,3.690493772023906e-05,0.0098659628387647,42,0.0867549634759941,1.78181818181818
10543|13124,10543,13124,Clostridium perfringens,98.97,321,317,0,0,0.9950567557671184,0.9930909090909092,0.993,207,0.0188181818181818,8.87341686450771e-06,0.0052864176039314,38,0.0621981170532781,1.88181818181818
10543|13124,10543,13124,Clostridium perfringens,98.97,322,318,0,0,0.9999084500595076,0.993,0.993,155,0.014090909090909,7.480178313978847e-06,0.0039564539381739,137,0.0758658658851334,1.4090909090908998
10543|13124,10543,13124,Clostridium perfringens,98.97,323,319,0,0,1.0,0.993,0.993,154,0.014,9.960727552660307e-06,0.0044642730157142,249,0.001321277530677,1.4000000000000001
10543|13124,10543,13124,Clostridium perfringens,98.97,324,320,0,0,0.9985352009521192,0.993,0.993,170,0.0154545454545454,1.3862605825476493e-05,0.0052905348681585,268,0.0174054541062651,1.5454545454545399
10543|13124,10543,13124,Clostridium perfringens,98.97,326,322,0,0,0.9998152254249816,0.984,0.984,354,0.0321818181818181,9.762460230267056e-05,0.0171112926434168,15,0.0571696609169908,3.2181818181818103
10543|13124,10543,13124,Clostridium perfringens,98.97,327,323,0,0,0.9943643754619363,0.984,0.984,413,0.0375454545454545,4.6942277483585926e-05,0.0121969843990704,9,0.0655469302139055,3.75454545454545
10543|13124,10543,13124,Clostridium perfringens,98.97,328,324,0,0,0.9966740576496674,0.984,0.984,388,0.0352727272727272,3.3438111143535565e-05,0.0097984131099814,320,0.0051403694730502,3.52727272727272
10558|35105,10558,35105,Streptococcus gordonii,95.51,0,0,0,0,0.9720709121521244,0.9179090909090908,0.917,358,0.0325454545454545,4.187114083209487e-05,0.0095211549408934,194,0.0288874894061341,3.2545454545454504
10558|35105,10558,35105,Streptococcus gordonii,95.51,1,1,0,0,0.9785432502646012,0.9448181818181818,0.9448181818181818,287,0.026090909090909,5.940518802360906e-05,0.0113134706048114,204,0.0034518154920972,2.6090909090909
10702|13061,10702,13061,Bacillus paranthracis,98.97,0,0,0,0,0.9974545454545456,1.0,0.9999090909090907,29,0.0026363636363636,2.7045952074589152e-06,0.0025524094726107,159,0.0674663687891141,0.26363636363636
10702|13061,10702,13061,Bacillus paranthracis,98.97,1,1,0,0,0.9973633966724248,0.9999090909090907,0.9997272727272728,33,0.003,3.8066014023119274e-06,0.0034987084739725,359,0.0094396777128199,0.3
10702|13061,10702,13061,Bacillus paranthracis,98.97,2,2,0,0,0.994,0.9978181818181818,1.0,90,0.0081818181818181,1.4943762115415817e-05,0.0260159759801855,95,0.0416914595210085,0.8181818181818099
10702|13061,10702,13061,Bacillus paranthracis,98.97,3,3,0,0,0.9919005982512656,0.9876363636363636,0.9876363636363636,144,0.013090909090909,3.5888955607354944e-06,0.0028316449906026,276,0.1135107002071842,1.3090909090909
10702|13061,10702,13061,Bacillus paranthracis,98.97,4,4,0,0,0.9969561688311688,0.896,0.896,123,0.0111818181818181,8.502318048719815e-06,0.0058937247715293,377,0.009880992043996,1.11818181818181
10702|13061,10702,13061,Bacillus paranthracis,98.97,5,5,0,0,0.9937990151376984,0.9968181818181818,0.9969090909090907,108,0.0098181818181818,2.2351715780466463e-06,0.0022996370363146,323,0.0509479180677068,0.98181818181818
10702|13061,10702,13061,Bacillus paranthracis,98.97,6,6,0,0,0.9978118161925602,0.9970909090909092,0.9970909090909092,65,0.0059090909090909,4.608916739146096e-06,0.004852944746636,102,0.0660797120552633,0.59090909090909
10702|13061,10702,13061,Bacillus paranthracis,98.97,7,7,0,0,0.998816029143898,0.9981818181818182,0.9981818181818182,53,0.0048181818181818,2.493869361686052e-06,0.002409851180726,448,0.0445108426960942,0.48181818181818
10702|13061,10702,13061,Bacillus paranthracis,98.97,9,9,0,0,0.999726825714806,0.9983636363636365,0.9983636363636365,39,0.0035454545454545,2.859591686332763e-06,0.0027764656540775,290,0.1167013801578881,0.35454545454545
10702|13061,10702,13061,Bacillus paranthracis,98.97,10,10,0,0,0.9992715352394828,0.9983636363636365,0.9983636363636365,44,0.004,4.500399231166519e-06,0.004053196225222,187,0.0135765959052331,0.4
10702|13061,10702,13061,Bacillus paranthracis,98.97,11,11,0,0,0.9996357676197414,0.9982727272727272,0.9983636363636365,41,0.0037272727272727,2.930626165298378e-06,0.0026721299989654,38,0.1490811045782782,0.37272727272727
10702|13061,10702,13061,Bacillus paranthracis,98.97,12,12,0,0,0.9998178672252072,0.9982727272727272,0.9982727272727272,40,0.0036363636363636,4.285531901571105e-06,0.0034915534559056,144,0.0192330566645868,0.36363636363636
10702|13061,10702,13061,Bacillus paranthracis,98.97,13,13,0,0,0.9999089336126036,0.9982727272727272,0.9982727272727272,39,0.0035454545454545,5.909095901479589e-07,0.0011072607345346,325,0.2494528536323329,0.35454545454545
10702|13061,10702,13061,Bacillus paranthracis,98.97,66,67,0,0,0.9853758077315498,0.8019090909090909,0.8018181818181818,343,0.0311818181818181,0.0001729144717392,0.0273328670621339,217,0.0055861332007138,3.1181818181818097
10702|13061,10702,13061,Bacillus paranthracis,98.97,67,68,0,0,0.9933107303216347,0.992,0.9916363636363636,253,0.023,0.0001478003090409,0.0241699777211451,91,0.0071603067350907,2.3
10702|13061,10702,13061,Bacillus paranthracis,98.97,240,239,0,0,0.9933636363636364,1.0,0.9968181818181818,108,0.0098181818181818,1.6093420677876225e-05,0.0065018670846689,425,0.0461603644899021,0.98181818181818
10702|13061,10702,13061,Bacillus paranthracis,98.97,432,436,0,0,0.9923155263401536,0.9807272727272728,0.9813636363636364,499,0.0453636363636363,1.7675902691305367e-05,0.0101812174747322,35,0.0084292878534887,4.53636363636363
10702|13061,10702,13061,Bacillus paranthracis,98.97,433,437,0,0,0.9940674823878384,0.9807272727272728,0.9807272727272728,487,0.0442727272727272,6.557886517821743e-06,0.0038631857403972,197,0.0153676758039197,4.42727272727272
10702|13061,10702,13061,Bacillus paranthracis,98.97,437,441,0,0,0.985364267129228,0.8286363636363636,0.8385454545454546,532,0.0483636363636363,9.57174354432322e-06,0.0055028772446436,54,0.0258709495908457,4.836363636363631
10702|13061,10702,13061,Bacillus paranthracis,98.97,438,442,0,0,0.9910016360661698,0.9984545454545456,1.0,116,0.0105454545454545,3.828307160169686e-06,0.0031778137219853,308,0.013103848946346,1.05454545454545
10708|13312,10708,13312,Salmonella enterica,100.0,41,41,0,0,0.9999090909090907,1.0,1.0,1,9.09090909090909e-05,5.7687829428942905e-06,0.0050247008335226,353,0.0195553993999693,0.00909090909090909
10708|13312,10708,13312,Salmonella enterica,100.0,42,42,0,0,0.9999090909090907,1.0,1.0,1,9.09090909090909e-05,7.402485331819975e-06,0.0056818199240046,305,0.0044141244528616,0.00909090909090909
10708|13312,10708,13312,Salmonella enterica,100.0,92,92,0,0,0.9999090909090907,1.0,1.0,1,9.09090909090909e-05,5.768174497600143e-06,0.0058723671749162,203,0.0145839224279515,0.00909090909090909
10708|13312,10708,13312,Salmonella enterica,100.0,102,102,0,0,0.9999090909090907,1.0,1.0,1,9.09090909090909e-05,9.114398297205284e-06,0.0072601855473511,42,0.0033156555416801,0.00909090909090909
10708|13312,10708,13312,Salmonella enterica,100.0,116,116,0,0,0.9999090909090907,1.0,1.0,1,9.09090909090909e-05,3.839266227378957e-06,0.0033422186081184,194,0.1339025701523359,0.00909090909090909
10708|13312,10708,13312,Salmonella enterica,100.0,117,117,0,0,0.9999090909090907,1.0,1.0,1,9.09090909090909e-05,4.1793913803100935e-06,0.003962839942125,274,0.0085419207262357,0.00909090909090909
10708|13312,10708,13312,Salmonella enterica,100.0,156,156,0,0,0.9988181818181818,1.0,0.9988181818181818,26,0.0023636363636363,1.6881038692684314e-05,0.0094500485785528,107,0.0287202306902335,0.23636363636363
10708|13312,10708,13312,Salmonella enterica,100.0,157,157,0,0,1.0,0.9988181818181818,0.9988181818181818,26,0.0023636363636363,2.7985605761671195e-06,0.0026209455979841,402,0.0025907224132015,0.23636363636363
10708|13312,10708,13312,Salmonella enterica,100.0,158,158,0,0,1.0,0.9988181818181818,0.9988181818181818,26,0.0023636363636363,3.2488713084255494e-06,0.0028830712277288,103,0.0642587755871234,0.23636363636363
10708|13312,10708,13312,Salmonella enterica,100.0,159,159,0,0,1.0,0.9988181818181818,0.9988181818181818,26,0.0023636363636363,3.639768775931529e-06,0.0034709011416387,290,0.0122433926015825,0.23636363636363
10708|13312,10708,13312,Salmonella enterica,100.0,160,160,0,0,1.0,0.9988181818181818,0.9988181818181818,26,0.0023636363636363,4.2374293095504e-06,0.0029304803638379,316,0.0054151064343677,0.23636363636363
10708|13312,10708,13312,Salmonella enterica,100.0,161,161,0,0,1.0,0.9988181818181818,0.9988181818181818,26,0.0023636363636363,1.231956375025156e-06,0.0016303396499782,357,0.0224735264719213,0.23636363636363
10708|13312,10708,13312,Salmonella enterica,100.0,162,162,0,0,1.0,0.9988181818181818,0.9988181818181818,26,0.0023636363636363,2.020736349916952e-06,0.0021361837136074,390,0.1007873806078716,0.23636363636363
10708|13312,10708,13312,Salmonella enterica,100.0,163,163,0,0,1.0,0.9988181818181818,0.9988181818181818,26,0.0023636363636363,4.045649597328449e-06,0.0038607710670379,402,0.0043030190855719,0.23636363636363
10708|13312,10708,13312,Salmonella enterica,100.0,164,164,0,0,1.0,0.9988181818181818,0.9988181818181818,26,0.0023636363636363,4.901291956849185e-06,0.0031309478338597,275,0.0252332747210968,0.23636363636363
10708|13312,10708,13312,Salmonella enterica,100.0,165,165,0,0,1.0,0.9988181818181818,0.9988181818181818,26,0.0023636363636363,3.8077296959926335e-06,0.0027598237444382,409,0.0040976950510391,0.23636363636363
10708|13312,10708,13312,Salmonella enterica,100.0,166,166,0,0,1.0,0.9988181818181818,0.9988181818181818,26,0.0023636363636363,2.091929324876673e-06,0.0022116136681001,201,0.0008785122733616,0.23636363636363
10708|13312,10708,13312,Salmonella enterica,100.0,167,167,0,0,1.0,0.9988181818181818,0.9988181818181818,26,0.0023636363636363,1.3208587894553148e-06,0.0016264452188032,234,0.0049727118124346,0.23636363636363
10708|13312,10708,13312,Salmonella enterica,100.0,168,168,0,0,1.0,0.9988181818181818,0.9988181818181818,26,0.0023636363636363,1.5450076135126167e-06,0.0018405385254555,391,0.0040274012424867,0.23636363636363
10708|13312,10708,13312,Salmonella enterica,100.0,169,169,0,0,1.0,0.9988181818181818,0.9988181818181818,26,0.0023636363636363,2.972939991630064e-06,0.0026428795461035,47,0.1235709969247719,0.23636363636363
10708|13312,10708,13312,Salmonella enterica,100.0,170,170,0,0,1.0,0.9988181818181818,0.9988181818181818,26,0.0023636363636363,4.973170480204736e-06,0.0045059579752775,26,0.0455227521369739,0.23636363636363
10708|13312,10708,13312,Salmonella enterica,100.0,171,171,0,0,1.0,0.9988181818181818,0.9988181818181818,26,0.0023636363636363,3.021483534704217e-06,0.0025188177110502,408,0.001338804239225,0.23636363636363
10708|13312,10708,13312,Salmonella enterica,100.0,172,172,0,0,1.0,0.9988181818181818,0.9988181818181818,26,0.0023636363636363,2.743708375829712e-06,0.0026030616072403,419,0.0025770358316414,0.23636363636363
10708|13312,10708,13312,Salmonella enterica,100.0,173,173,0,0,1.0,0.9988181818181818,0.9988181818181818,26,0.0023636363636363,4.356314882825174e-06,0.0037229424325969,307,0.0351882568178665,0.23636363636363
10832|6538,10832,6538,Staphylococcus aureus,99.91,0,0,0,0,0.9997272727272728,1.0,1.0,3,0.0002727272727272,6.484222687563879e-06,0.0090476594299686,237,0.0457925556783761,0.02727272727272
10832|6538,10832,6538,Staphylococcus aureus,99.91,1,1,0,0,0.9998181818181818,1.0,1.0,2,0.0001818181818181,2.507691373554444e-06,0.005952355365698,225,0.1891969950957459,0.01818181818181
10876|11778,10876,11778,Bacillus cereus,97.66,361,275,0,0,0.9875571820677036,0.9932727272727272,0.9935454545454544,267,0.0242727272727272,8.159030129961664e-06,0.0081158561435465,13,0.0159944748185434,2.42727272727272
10876|11778,10876,11778,Bacillus cereus,97.66,454,360,0,0,0.988351169618335,0.9599090909090908,0.959,326,0.0296363636363636,3.9436682298665815e-06,0.0028888959966248,424,0.110072831016687,2.96363636363636
10876|11778,10876,11778,Bacillus cereus,97.66,455,361,0,0,0.9867151129783128,0.8006363636363636,0.8006363636363636,407,0.037,2.866084491759402e-05,0.0077077765250529,218,0.0103284047975193,3.6999999999999997
10876|11778,10876,11778,Bacillus cereus,97.66,456,362,0,0,0.9899613188432492,0.986909090909091,0.9863636363636364,294,0.0267272727272727,2.182171479847561e-05,0.0085190141463051,121,0.0176846039019582,2.67272727272727
10876|11778,10876,11778,Bacillus cereus,97.66,457,363,0,0,0.989145471959136,0.8542727272727273,0.8542727272727273,304,0.0276363636363636,8.706231144794963e-06,0.0061485606740769,446,0.0007559046734864,2.76363636363636
10876|11778,10876,11778,Bacillus cereus,97.66,525,428,0,0,0.990710636321412,0.9786363636363636,0.9767272727272728,454,0.0412727272727272,3.611622080779142e-05,0.0134117422458359,416,0.0114045963649025,4.12727272727272
10876|11778,10876,11778,Bacillus cereus,97.66,527,430,0,0,0.9796755911666992,0.9300909090909092,0.9192727272727272,263,0.0239090909090909,3.877804103380456e-06,0.0030365889180303,234,0.1884261261323212,2.39090909090909
10876|11778,10876,11778,Bacillus cereus,97.66,534,437,0,0,0.9875684200760738,0.9798181818181818,0.9798181818181818,510,0.0463636363636363,7.478066484489787e-06,0.0046261540712228,343,0.006155664008439,4.6363636363636305
11060|9290,11060,9290,Shigella sonnei,99.92,444,408,0,0,0.9994478696972484,0.987909090909091,0.9875454545454544,276,0.025090909090909,4.157103137325535e-05,0.0198806600766388,446,0.0184651542405923,2.5090909090909
11060|9290,11060,9290,Shigella sonnei,99.92,486,449,0,0,0.99972191323693,0.9807272727272728,0.9807272727272728,427,0.0388181818181818,1.0888178471724077e-05,0.0105846734892049,310,0.0010041134257388,3.88181818181818
11229|8739,11229,8739,Escherichia coli,98.86,47,14,0,0,0.9931866310652796,0.9872727272727272,0.9873636363636364,353,0.032090909090909,4.663791317138788e-06,0.0046891509167077,450,0.0005313105718323,3.2090909090909
11229|8739,11229,8739,Escherichia coli,98.86,49,16,0,0,0.9952814290529154,0.8091818181818182,0.8091818181818182,519,0.0471818181818181,6.361225745155075e-06,0.003835000382009,303,0.0051299404501843,4.71818181818181
11229|8739,11229,8739,Escherichia coli,98.86,51,18,0,0,0.9783380018674136,0.9588181818181818,0.972909090909091,429,0.039,5.425033060779683e-06,0.0069000760617825,91,0.0901831015774233,3.9
11229|8739,11229,8739,Escherichia coli,98.86,118,83,0,0,0.9947200728265816,0.9986363636363637,0.9980909090909093,94,0.0085454545454545,1.226862120218275e-05,0.0080371857234548,348,0.1006662562290353,0.8545454545454501
11229|8739,11229,8739,Escherichia coli,98.86,119,84,0,0,0.9917167303841252,0.9987272727272728,0.9986363636363637,120,0.0109090909090909,8.45534963765937e-05,0.0274174782409674,277,0.0007075868168245,1.09090909090909
11229|8739,11229,8739,Escherichia coli,98.86,120,85,0,0,0.990714610832954,0.9985454545454544,0.9986363636363637,131,0.0119090909090909,4.910857301909655e-05,0.0127789729215617,463,0.0044284523231865,1.19090909090909
11229|8739,11229,8739,Escherichia coli,98.86,122,87,0,0,0.9935389935389936,0.999,0.999,93,0.0084545454545454,5.738240863251143e-06,0.0044360349461539,443,0.0013653215919884,0.84545454545454
11229|8739,11229,8739,Escherichia coli,98.86,123,88,0,0,0.9887159887159888,0.999,0.999,146,0.0132727272727272,4.196116830446073e-06,0.0035661629184838,52,0.0022370710083322,1.32727272727272
11229|8739,11229,8739,Escherichia coli,98.86,124,89,0,0,0.9747883862746882,0.9824545454545456,0.9988181818181818,477,0.0433636363636363,4.60666788006936e-05,0.0144945232993605,70,0.0329453812708087,4.33636363636363
11229|8739,11229,8739,Escherichia coli,98.86,125,90,0,0,0.993104090951449,0.9755454545454544,0.9755454545454544,455,0.0413636363636363,8.896182741469083e-06,0.0077931435535996,437,0.0015593622783948,4.13636363636363
11229|8739,11229,8739,Escherichia coli,98.86,145,110,0,0,0.997415773353752,0.9498181818181818,0.9498181818181818,449,0.0408181818181818,0.0001297771232622,0.0238275173030131,11,0.0154534987265388,4.08181818181818
11229|8739,11229,8739,Escherichia coli,98.86,146,111,0,0,0.9931872583317988,0.9874545454545456,0.9873636363636364,350,0.0318181818181818,2.0761288870518868e-05,0.0066183008874837,314,0.0023975186933098,3.18181818181818
11229|8739,11229,8739,Escherichia coli,98.86,147,112,0,0,0.996501565089302,0.9874545454545456,0.9874545454545456,314,0.0285454545454545,2.9853019892112087e-05,0.009008165913263,156,0.0010729541559773,2.85454545454545
11229|8739,11229,8739,Escherichia coli,98.86,148,113,0,0,0.9863782788771284,0.9875454545454544,0.9874545454545456,423,0.0384545454545454,0.0001083934897774,0.0196162871285422,173,0.0372884095603737,3.84545454545454
11229|8739,11229,8739,Escherichia coli,98.86,314,271,0,0,0.9981773443907772,0.9975454545454544,0.9972727272727272,76,0.0069090909090909,3.026116376936283e-05,0.0078615547815035,123,0.0007819549584954,0.69090909090909
11229|8739,11229,8739,Escherichia coli,98.86,382,341,0,0,0.9935089020771514,0.9803636363636364,0.9803636363636364,502,0.0456363636363636,3.185529962923539e-05,0.0094616210769687,73,0.0028860200554932,4.56363636363636
11229|8739,11229,8739,Escherichia coli,98.86,383,342,0,0,0.9947055545235,0.9787272727272728,0.9787272727272728,488,0.0443636363636363,8.619230305040304e-06,0.0053662315657239,228,0.0216921775533109,4.43636363636363
11454|19435,11454,19435,Lactococcus lactis,98.42,61,78,0,0,0.9905441735422268,0.9806363636363636,0.9803636363636364,501,0.0455454545454545,0.0004992797563738,0.0406554257359047,111,0.019380178831643,4.55454545454545
11774|21332,11774,21332,Bacillus subtilis,98.73,0,0,0,0,0.9930808448652586,0.9985454545454544,0.9984545454545456,78,0.007090909090909,2.491714823804614e-06,0.002238337564336,269,0.1228739881369551,0.7090909090909
11774|21332,11774,21332,Bacillus subtilis,98.73,1,1,0,0,0.994908628057096,0.9999090909090907,0.9999090909090907,58,0.0052727272727272,4.396494621361491e-06,0.0044649561028025,272,0.0085282376299471,0.52727272727272
11774|21332,11774,21332,Bacillus subtilis,98.73,2,2,0,0,0.9941797017097126,0.9996363636363635,0.9995454545454544,68,0.0061818181818181,7.924166788519926e-06,0.0041627486307596,271,0.0266595189250377,0.61818181818181
11774|21332,11774,21332,Bacillus subtilis,98.73,3,3,0,0,0.98590652845972,0.9998181818181818,0.9927272727272728,235,0.0213636363636363,7.2756667153228705e-06,0.004380038101407,376,0.0617169712842156,2.13636363636363
11774|21332,11774,21332,Bacillus subtilis,98.73,4,4,0,0,0.9914835164835164,0.9927272727272728,0.9927272727272728,253,0.023,5.114395690064555e-06,0.0037403830086587,10,0.0035530975945117,2.3
11774|21332,11774,21332,Bacillus subtilis,98.73,5,5,0,0,0.9925803792250618,0.9924545454545456,0.9923636363636364,242,0.022,1.1982801675247678e-05,0.0089092601858492,369,0.0769123648559793,2.1999999999999997
11774|21332,11774,21332,Bacillus subtilis,98.73,6,6,0,0,0.991929567131328,0.9912727272727272,0.9912727272727272,250,0.0227272727272727,1.886035736342606e-05,0.0062444311322406,167,0.0136374102468495,2.27272727272727
11774|21332,11774,21332,Bacillus subtilis,98.73,69,66,0,0,0.9870153621068032,0.9941818181818182,0.9941818181818182,237,0.0215454545454545,8.001746406804955e-06,0.0048134243987304,17,0.0045720442035936,2.15454545454545
11774|21332,11774,21332,Bacillus subtilis,98.73,70,67,0,0,0.9841110400876631,0.9954545454545456,0.9954545454545456,268,0.0243636363636363,1.1474575967285183e-05,0.0084102037909175,263,0.0001483250547383,2.43636363636363
11774|21332,11774,21332,Bacillus subtilis,98.73,71,68,0,0,0.9872042246369452,0.895090909090909,0.8951818181818182,241,0.0219090909090909,1.309979173369502e-05,0.0057932168534252,316,0.0019346929316514,2.19090909090909
11774|21332,11774,21332,Bacillus subtilis,98.73,95,91,0,0,0.9909174311926604,0.990909090909091,0.9907272727272728,301,0.0273636363636363,1.9463696137478337e-05,0.0077400884401592,11,0.0438044452970225,2.7363636363636297
11774|21332,11774,21332,Bacillus subtilis,98.73,96,92,0,0,0.994128978992753,0.9907272727272728,0.991,265,0.024090909090909,5.149181495522903e-06,0.0042564667908062,91,0.0043732980623795,2.4090909090909
11774|21332,11774,21332,Bacillus subtilis,98.73,97,93,0,0,0.9955049995413264,0.991,0.990909090909091,248,0.0225454545454545,0.0001755636101149,0.0198757353046949,261,0.0182883799810028,2.25454545454545
11774|21332,11774,21332,Bacillus subtilis,98.73,149,143,0,0,0.9915324436263232,0.9874545454545456,0.9871818181818182,355,0.0322727272727272,8.57297634671017e-06,0.0055370931946609,132,0.002015969104389,3.2272727272727204
11774|21332,11774,21332,Bacillus subtilis,98.73,150,144,0,0,0.9910648489314664,0.9868181818181818,0.986909090909091,364,0.033090909090909,8.342232803704164e-05,0.0159042581184924,411,0.0214931838096491,3.3090909090908998
11774|21332,11774,21332,Bacillus subtilis,98.73,151,145,0,0,0.9920861323272292,0.987909090909091,0.987909090909091,351,0.0319090909090909,4.7245474870116766e-05,0.0106420071872923,237,0.0081501154460116,3.19090909090909
11774|21332,11774,21332,Bacillus subtilis,98.73,152,146,0,0,0.9940141817846948,0.986909090909091,0.9870909090909092,329,0.0299090909090909,3.157198094738689e-06,0.0025128500568842,147,0.0039723216686707,2.99090909090909
11774|21332,11774,21332,Bacillus subtilis,98.73,153,147,0,0,0.9920883164673412,0.9880909090909092,0.9880909090909092,348,0.0316363636363636,2.794332046895942e-05,0.0075790849197063,264,0.0070809954655728,3.16363636363636
11774|21332,11774,21332,Bacillus subtilis,98.73,154,148,0,0,0.9933768742525988,0.9880909090909092,0.9882727272727272,332,0.0301818181818181,2.02732339913414e-05,0.0071614060639123,91,0.0203858219940129,3.01818181818181
11775|25922,11775,25922,Escherichia coli,98.86,21,211,0,0,0.9801796795406132,0.980909090909091,0.9814545454545456,452,0.041090909090909,3.413481800995655e-05,0.0092314265379429,409,0.0013977738227303,4.1090909090909
11775|25922,11775,25922,Escherichia coli,98.86,22,212,0,0,0.9847538574577516,0.9893636363636364,0.9898181818181818,395,0.0359090909090909,6.625173353702607e-06,0.0056444510236943,443,0.0056027580456545,3.59090909090909
11775|25922,11775,25922,Escherichia coli,98.86,23,213,0,0,0.9979783128101452,0.9892727272727272,0.9892727272727272,246,0.0223636363636363,4.471476256640017e-05,0.0149929330296669,35,0.0002437636010503,2.23636363636363
11775|25922,11775,25922,Escherichia coli,98.86,25,215,0,0,0.9945105215004576,0.9925454545454544,0.9934545454545456,213,0.0193636363636363,3.4856688999607144e-06,0.0157991649341786,484,0.0006389065527601,1.93636363636363
11775|25922,11775,25922,Escherichia coli,98.86,26,216,0,0,0.993577981651376,0.990909090909091,0.9908181818181818,215,0.0195454545454545,2.269866006265886e-06,0.0021598741511253,465,0.00057181070481,1.9545454545454501
11775|25922,11775,25922,Escherichia coli,98.86,27,217,0,0,0.9924041365425094,0.9933636363636364,0.9933636363636364,229,0.0208181818181818,1.6435251536828233e-05,0.0087434263115291,472,0.0004013727157865,2.0818181818181802
11775|25922,11775,25922,Escherichia coli,98.86,28,218,0,0,0.9896586437265488,0.9933636363636364,0.9933636363636364,259,0.0235454545454545,3.023822806103027e-05,0.0192161014112771,106,0.0010497805952907,2.35454545454545
11775|25922,11775,25922,Escherichia coli,98.86,29,219,0,0,0.9880135419526032,0.9933636363636364,0.987,344,0.0312727272727272,4.302255591892568e-06,0.0035595698738263,41,0.0003959552352345,3.1272727272727203
11775|25922,11775,25922,Escherichia coli,98.86,30,220,0,0,0.9960379618538652,0.9866363636363636,0.9866363636363636,329,0.0299090909090909,7.6130363270143775e-06,0.0044983611630387,0,0.0047273310357373,2.99090909090909
11775|25922,11775,25922,Escherichia coli,98.86,31,221,0,0,0.9946588083617276,0.987,0.9871818181818182,342,0.031090909090909,2.305153568016305e-05,0.0137196953226315,51,0.0001853096435865,3.1090909090909
11775|25922,11775,25922,Escherichia coli,98.86,32,222,0,0,0.9949350768947416,0.9871818181818182,0.9871818181818182,336,0.0305454545454545,1.1901729275010098e-05,0.0101908520087985,175,0.0013426811703125,3.0545454545454502
11775|25922,11775,25922,Escherichia coli,98.86,33,223,0,0,0.9927255985267036,0.9871818181818182,0.9870909090909092,362,0.0329090909090909,8.378284634513733e-06,0.0114451271447654,498,0.0294585792946654,3.29090909090909
11775|25922,11775,25922,Escherichia coli,98.86,34,224,0,0,0.9883035549825012,0.9870909090909092,0.9870909090909092,409,0.0371818181818181,1.19693299389656e-05,0.006425138650605,349,0.0026308235820278,3.7181818181818103
11775|25922,11775,25922,Escherichia coli,98.86,35,225,0,0,0.991804033520582,0.9870909090909092,0.9871818181818182,371,0.0337272727272727,8.617167500590828e-05,0.0162663546644074,380,0.0048901353959438,3.3727272727272704
11775|25922,11775,25922,Escherichia coli,98.86,36,226,0,0,0.9943825398287136,0.9871818181818182,0.9871818181818182,342,0.031090909090909,7.886427070058488e-06,0.0048323982611345,42,0.0084296453694294,3.1090909090909
11775|25922,11775,25922,Escherichia coli,98.86,37,227,0,0,0.9962243300488074,0.9871818181818182,0.9871818181818182,323,0.0293636363636363,8.324748836718854e-06,0.0040855515936139,208,0.1122164309144609,2.93636363636363
11775|25922,11775,25922,Escherichia coli,98.86,38,228,0,0,0.994218575158523,0.974909090909091,0.9748181818181818,355,0.0322727272727272,4.592429322713976e-06,0.0033058930657184,0,0.0010619343720579,3.2272727272727204
11775|25922,11775,25922,Escherichia coli,98.86,105,302,0,0,0.9959880574734092,0.9743636363636364,0.9743636363636364,541,0.0491818181818181,5.1580905522152776e-05,0.017202799237491,510,0.0004260075132227,4.91818181818181
11775|25922,11775,25922,Escherichia coli,98.86,106,303,0,0,0.9975816203143894,0.9773636363636364,0.9773636363636364,524,0.0476363636363636,1.1367725587740908e-05,0.0167693697969625,3,0.0093699647492986,4.76363636363636
11775|25922,11775,25922,Escherichia coli,98.86,109,306,0,0,0.995625058177418,0.9764545454545456,0.9763636363636364,545,0.0495454545454545,9.278285466129964e-05,0.0262391472404806,307,0.0011263559147787,4.95454545454545
11775|25922,11775,25922,Escherichia coli,98.86,132,339,0,0,0.9973055839449968,0.9784545454545456,0.9784545454545456,503,0.0457272727272727,2.1517287326355827e-05,0.0092324526827519,353,0.0052279214585313,4.57272727272727
11775|25922,11775,25922,Escherichia coli,98.86,134,341,0,0,0.9933097937186396,0.9783636363636364,0.9783636363636364,546,0.0496363636363636,8.638280513784125e-06,0.00418621228992,239,0.0036133307942152,4.963636363636359
11775|25922,11775,25922,Escherichia coli,98.86,136,343,0,0,0.993869019972132,0.9786363636363636,0.9786363636363636,536,0.0487272727272727,2.779612022019151e-05,0.008466815027457,120,0.0023715746592231,4.87272727272727
11775|25922,11775,25922,Escherichia coli,98.86,194,407,0,0,0.9868987631699496,0.9922727272727272,0.9922727272727272,313,0.0284545454545454,4.650020934526822e-06,0.0040567872376777,346,0.0034952326404209,2.84545454545454
11775|25922,11775,25922,Escherichia coli,98.86,195,408,0,0,0.9970682546953732,0.9922727272727272,0.9922727272727272,202,0.0183636363636363,5.063098062474403e-06,0.005140569700447,231,0.0122494791525296,1.83636363636363
11775|25922,11775,25922,Escherichia coli,98.86,196,409,0,0,0.995695576517996,0.9922727272727272,0.9925454545454544,214,0.0194545454545454,1.8497914187953768e-05,0.0153041516004272,365,0.0008252309913078,1.9454545454545402
11775|25922,11775,25922,Escherichia coli,98.86,198,411,0,0,0.9951283492598838,0.970181818181818,0.9703636363636364,200,0.0181818181818181,7.225487822282162e-06,0.0075638967975469,225,0.0006337782222254,1.8181818181818101
11775|25922,11775,25922,Escherichia coli,98.86,366,63,0,0,0.9948654983815158,0.8139090909090909,0.8144545454545454,459,0.0417272727272727,7.4341822673407165e-06,0.0044471461892713,322,0.006138946520003,4.17272727272727
11775|25922,11775,25922,Escherichia coli,98.86,367,64,0,0,0.993247618166682,0.9826363636363636,0.9828181818181818,441,0.040090909090909,4.684547471511813e-05,0.019981951824229,106,0.0006761495546955,4.0090909090909
11775|25922,11775,25922,Escherichia coli,98.86,368,65,0,0,0.9896468848215936,0.9833636363636364,0.9834545454545456,477,0.0433636363636363,7.002153682211798e-06,0.0080544156339745,48,0.0009565440615977,4.33636363636363
11775|25922,11775,25922,Escherichia coli,98.86,432,128,0,0,0.9956630063670756,0.9851818181818182,0.985,375,0.034090909090909,7.791083204811144e-06,0.0108287277566762,263,0.0110625314539307,3.4090909090909
11778|13472,11778,13472,Bacillus cereus,98.31,186,248,0,0,0.9824545371470348,0.9946363636363637,0.9942727272727272,265,0.024090909090909,7.225455773918199e-06,0.0043316809631262,469,0.0160279089967246,2.4090909090909
11778|13472,11778,13472,Bacillus cereus,98.31,187,249,0,0,0.9881300219138056,0.9953636363636365,0.9954545454545456,202,0.0183636363636363,3.639014880241209e-05,0.0088297988033752,7,0.0183054866841013,1.83636363636363
11827|29399,11827,29399,Cutibacterium acnes,99.98,0,0,0,0,0.9997272727272728,1.0,1.0,3,0.0002727272727272,1.2367915207533995e-06,0.0016470649548326,133,0.0018784017208552,0.02727272727272
11827|29399,11827,29399,Cutibacterium acnes,99.98,1,1,0,0,0.9999090909090907,1.0,1.0,1,9.09090909090909e-05,1.2382293450574622e-06,0.0015739120545055,249,0.0059255912531989,0.00909090909090909
11827|29399,11827,29399,Cutibacterium acnes,99.98,2,2,0,0,0.9996363636363635,1.0,1.0,4,0.0003636363636363,2.682203861903432e-06,0.0023715576936056,185,0.0133106944313721,0.036363636363630006
11827|29399,11827,29399,Cutibacterium acnes,99.98,3,3,0,0,0.9996363636363635,0.9996363636363635,1.0,8,0.0007272727272727,1.6674072821354358e-06,0.0019293218658912,115,0.001484023030015,0.07272727272727
11827|29399,11827,29399,Cutibacterium acnes,99.98,4,4,0,0,0.9997271735176428,0.9996363636363635,0.9996363636363635,11,0.001,1.14371576644956e-05,0.0048413969284123,225,0.0017275679290886,0.1
11827|29399,11827,29399,Cutibacterium acnes,99.98,5,5,0,0,0.9997271735176428,0.9996363636363635,0.9996363636363635,11,0.001,3.704803189341632e-06,0.0034184588779409,39,0.0009884282649056,0.1
11827|29399,11827,29399,Cutibacterium acnes,99.98,6,6,0,0,0.9999090578392142,0.9996363636363635,0.9996363636363635,9,0.0008181818181818,2.303932744363024e-06,0.0021718348663944,170,0.0054550824906726,0.08181818181818
11827|29399,11827,29399,Cutibacterium acnes,99.98,7,7,0,0,0.9997271735176428,0.9996363636363635,0.9996363636363635,11,0.001,1.0404523265172827e-06,0.0014847331739884,51,0.0007723800522081,0.1
11827|29399,11827,29399,Cutibacterium acnes,99.98,8,8,0,0,0.9997271735176428,0.9996363636363635,0.9996363636363635,11,0.001,2.9590626748898785e-07,0.0007695916889917,77,0.0013163104259403,0.1
11827|29399,11827,29399,Cutibacterium acnes,99.98,9,9,0,0,0.9999090578392142,0.9996363636363635,0.9996363636363635,9,0.0008181818181818,1.1803847596025818e-06,0.001564501140547,100,0.0154026502730862,0.08181818181818
11827|29399,11827,29399,Cutibacterium acnes,99.98,10,10,0,0,0.9994544958632604,0.9999090909090907,0.9996363636363635,11,0.001,3.924342556582694e-06,0.0040868065573115,185,0.0014690628412132,0.1
11827|29399,11827,29399,Cutibacterium acnes,99.98,11,11,0,0,0.9999090826438768,0.9999090909090907,0.9999090909090907,3,0.0002727272727272,2.083006429343115e-06,0.0020474875740879,109,0.0042902614601779,0.02727272727272
11827|29399,11827,29399,Cutibacterium acnes,99.98,12,12,0,0,0.99972724793163,0.9999090909090907,0.9999090909090907,5,0.0004545454545454,2.122049679531557e-06,0.0021557112110896,230,0.0047320950824267,0.04545454545454
11827|29399,11827,29399,Cutibacterium acnes,99.98,13,13,0,0,0.99972724793163,0.9999090909090907,0.9999090909090907,5,0.0004545454545454,1.2651218505022044e-06,0.0015916868637114,20,0.0009626875464481,0.04545454545454
11827|29399,11827,29399,Cutibacterium acnes,99.98,14,14,0,0,0.9999090909090907,1.0,0.9999090909090907,2,0.0001818181818181,6.102215710512837e-07,0.0011217101023095,113,0.000901650112528,0.01818181818181
11827|29399,11827,29399,Cutibacterium acnes,99.98,16,16,0,0,0.9996363636363635,0.9999090909090907,1.0,5,0.0004545454545454,6.946517315142842e-06,0.0038685153767744,90,0.0011502865258228,0.04545454545454
11827|29399,11827,29399,Cutibacterium acnes,99.98,17,17,0,0,0.9999090826438768,0.9999090909090907,0.9999090909090907,3,0.0002727272727272,2.5373920251592352e-06,0.0024038525749805,94,0.0005472376084656,0.02727272727272
11827|29399,11827,29399,Cutibacterium acnes,99.98,18,18,0,0,1.0,0.9999090909090907,0.9999090909090907,2,0.0001818181818181,1.4960342847869512e-06,0.0018163026409439,73,0.0174621136713961,0.01818181818181
11827|29399,11827,29399,Cutibacterium acnes,99.98,19,19,0,0,0.9997272727272728,1.0,0.9999090909090907,4,0.0003636363636363,6.389251223415382e-05,0.0116813185671266,44,0.0041614529480541,0.036363636363630006
11827|29399,11827,29399,Cutibacterium acnes,99.98,20,20,0,0,0.9999090909090907,1.0,1.0,1,9.09090909090909e-05,8.944067102500952e-07,0.0013388095761794,107,0.0008849281927288,0.00909090909090909
11827|29399,11827,29399,Cutibacterium acnes,99.98,21,21,0,0,0.9998181818181818,1.0,1.0,2,0.0001818181818181,2.495583066641771e-06,0.0022697346215899,143,0.0096758119403728,0.01818181818181
11827|29399,11827,29399,Cutibacterium acnes,99.98,22,22,0,0,0.9999090909090907,1.0,1.0,1,9.09090909090909e-05,2.178374920447368e-06,0.0022341209734944,177,0.0173490175451411,0.00909090909090909
11827|29399,11827,29399,Cutibacterium acnes,99.98,23,23,0,0,0.9996363636363635,1.0,1.0,4,0.0003636363636363,1.233944763257e-06,0.0015831049000098,59,0.1522499564041125,0.036363636363630006
11827|29399,11827,29399,Cutibacterium acnes,99.98,24,24,0,0,0.9996363636363635,0.9998181818181818,1.0,6,0.0005454545454545,6.71716549049961e-06,0.0040880971676912,101,0.0312993950157127,0.054545454545450005
11827|29399,11827,29399,Cutibacterium acnes,99.98,25,25,0,0,0.999818148754319,0.9998181818181818,0.9998181818181818,6,0.0005454545454545,1.1738194314325767e-06,0.0015773432397762,70,0.0023069313087209,0.054545454545450005
11827|29399,11827,29399,Cutibacterium acnes,99.98,26,26,0,0,0.9999090743771596,0.9998181818181818,0.9998181818181818,5,0.0004545454545454,1.09518997792879e-06,0.0014879144829991,89,0.0188644233079269,0.04545454545454
11827|29399,11827,29399,Cutibacterium acnes,99.98,27,27,0,0,0.9994544958632604,0.9999090909090907,0.9998181818181818,9,0.0008181818181818,5.905162236974348e-07,0.001091711494992,108,0.0091903772515533,0.08181818181818
11827|29399,11827,29399,Cutibacterium acnes,99.98,28,28,0,0,0.9995454132193836,0.9999090909090907,0.9999090909090907,7,0.0006363636363636,1.7565627127291703e-06,0.0018846666166709,10,0.0017770026730039,0.06363636363636
11827|29399,11827,29399,Cutibacterium acnes,99.98,29,29,0,0,0.99972724793163,0.9999090909090907,0.9999090909090907,5,0.0004545454545454,1.1688997241243726e-06,0.0015919954171724,1,0.0238447252730791,0.04545454545454
11827|29399,11827,29399,Cutibacterium acnes,99.98,30,30,0,0,0.9999090826438768,0.9999090909090907,0.9999090909090907,3,0.0002727272727272,1.041092210773975e-06,0.001447824842444,87,0.0215833187250467,0.02727272727272
11827|29399,11827,29399,Cutibacterium acnes,99.98,31,31,0,0,0.9997272727272728,1.0,0.9999090909090907,4,0.0003636363636363,3.313581268704624e-06,0.0029793255282204,198,0.0114956584110161,0.036363636363630006
11827|29399,11827,29399,Cutibacterium acnes,99.98,32,32,0,0,0.9999090909090907,1.0,1.0,1,9.09090909090909e-05,7.898847139697907e-07,0.0012862529591101,247,0.0015091582563461,0.00909090909090909
11827|29399,11827,29399,Cutibacterium acnes,99.98,33,33,0,0,0.9997272727272728,1.0,1.0,3,0.0002727272727272,1.5810447835384878e-06,0.0018031028899959,99,0.0109791274991846,0.02727272727272
11827|29399,11827,29399,Cutibacterium acnes,99.98,34,34,0,0,0.9997272727272728,1.0,1.0,3,0.0002727272727272,2.493710919759806e-06,0.002475368844374,46,0.0035165551208182,0.02727272727272
11827|29399,11827,29399,Cutibacterium acnes,99.98,35,35,0,0,0.9997272727272728,1.0,1.0,3,0.0002727272727272,5.524399668832558e-07,0.0010525590723497,61,0.0003881373183113,0.02727272727272
11827|29399,11827,29399,Cutibacterium acnes,99.98,36,36,0,0,0.9998181818181818,1.0,1.0,2,0.0001818181818181,9.510646157284696e-07,0.0014245858745754,5,0.0013819948720568,0.01818181818181
11827|29399,11827,29399,Cutibacterium acnes,99.98,37,37,0,0,0.9997272727272728,1.0,1.0,3,0.0002727272727272,2.1758695540885498e-06,0.002283381393618,145,0.0209330372237357,0.02727272727272
11827|29399,11827,29399,Cutibacterium acnes,99.98,40,40,0,0,0.9998181818181818,1.0,1.0,2,0.0001818181818181,1.4899203049090204e-06,0.001792234483365,42,6.456056740034022e-05,0.01818181818181
11827|29399,11827,29399,Cutibacterium acnes,99.98,41,41,0,0,0.9997269997269996,0.999,0.999,4,0.0003636363636363,1.11205192820929e-06,0.0015145171716669,220,0.0042756779633987,0.036363636363630006
11827|29399,11827,29399,Cutibacterium acnes,99.98,42,42,0,0,0.9997272727272728,1.0,1.0,3,0.0002727272727272,2.178830226240436e-06,0.0022935951247588,82,0.0085614260353789,0.02727272727272
11827|29399,11827,29399,Cutibacterium acnes,99.98,43,43,0,0,0.9997272727272728,1.0,1.0,3,0.0002727272727272,8.910730070477157e-07,0.0013431204447124,57,0.0039857549833483,0.02727272727272
11827|29399,11827,29399,Cutibacterium acnes,99.98,44,44,0,0,0.9995454545454544,1.0,1.0,5,0.0004545454545454,3.90836709396325e-06,0.0027962546342302,90,0.0002067894603376,0.04545454545454
11827|29399,11827,29399,Cutibacterium acnes,99.98,46,46,0,0,0.9999090909090907,1.0,1.0,1,9.09090909090909e-05,1.4179918482737364e-06,0.0017624077288395,62,0.0072175650224656,0.00909090909090909
11827|29399,11827,29399,Cutibacterium acnes,99.98,47,47,0,0,0.9999090909090907,1.0,1.0,1,9.09090909090909e-05,7.565624350336364e-07,0.0012539734864641,99,0.0037016324700813,0.00909090909090909
11827|29399,11827,29399,Cutibacterium acnes,99.98,48,48,0,0,0.9998181818181818,1.0,1.0,2,0.0001818181818181,9.000796283853418e-07,0.0013707780143925,156,0.0038711204777861,0.01818181818181
11827|29399,11827,29399,Cutibacterium acnes,99.98,49,49,0,0,0.9995454545454544,0.9999090909090907,1.0,6,0.0005454545454545,3.559467277047812e-05,0.0105339422813487,146,0.009792467120248,0.054545454545450005
11827|29399,11827,29399,Cutibacterium acnes,99.98,50,50,0,0,0.9921811073733976,0.9923636363636364,0.9999090909090907,171,0.0155454545454545,3.992383154893808e-05,0.00899524917366,87,0.00476607417124,1.55454545454545
11827|29399,11827,29399,Cutibacterium acnes,99.98,51,51,0,0,0.9997251740564308,0.9923636363636364,0.9923636363636364,171,0.0155454545454545,1.5021124489589257e-05,0.0054810834548868,191,0.0131931920246824,1.55454545454545
11827|29399,11827,29399,Cutibacterium acnes,99.98,52,52,0,0,0.9998167827042872,0.9922727272727272,0.9923636363636364,171,0.0155454545454545,5.729883690630544e-06,0.0046320608715076,47,0.0003723494897007,1.55454545454545
11827|29399,11827,29399,Cutibacterium acnes,99.98,53,53,0,0,1.0,0.9922727272727272,0.9922727272727272,170,0.0154545454545454,4.356232274793648e-06,0.0030035767840597,242,0.0065432418421813,1.5454545454545399
11827|29399,11827,29399,Cutibacterium acnes,99.98,54,54,0,0,0.9996335318369216,0.9922727272727272,0.9922727272727272,174,0.0158181818181818,6.887915853903692e-06,0.0043578827945268,104,0.0078181235722745,1.58181818181818
11827|29399,11827,29399,Cutibacterium acnes,99.98,55,55,0,0,0.9998167659184608,0.9922727272727272,0.9922727272727272,172,0.0156363636363636,1.2070863686375333e-05,0.0050840210847269,14,0.0014274830884211,1.5636363636363602
11827|29399,11827,29399,Cutibacterium acnes,99.98,56,56,0,0,0.9997251488776911,0.9922727272727272,0.9922727272727272,173,0.0157272727272727,1.0268844980676484e-05,0.0053769996749541,199,0.0503428863236139,1.57272727272727
11827|29399,11827,29399,Cutibacterium acnes,99.98,57,57,0,0,0.999541914796152,0.9922727272727272,0.9922727272727272,175,0.0159090909090909,4.018734670996338e-05,0.0089942368153569,239,0.0051681800507038,1.59090909090909
11827|29399,11827,29399,Cutibacterium acnes,99.98,58,58,0,0,0.9998167659184608,0.9922727272727272,0.9922727272727272,172,0.0156363636363636,7.731047391457135e-05,0.012471216121035,21,0.0005786550377773,1.5636363636363602
11827|29399,11827,29399,Cutibacterium acnes,99.98,59,59,0,0,1.0,0.9922727272727272,0.9922727272727272,170,0.0154545454545454,5.9862558597467697e-05,0.011420806259983,214,0.0454161507565016,1.5454545454545399
11827|29399,11827,29399,Cutibacterium acnes,99.98,60,60,0,0,0.9999083829592303,0.9922727272727272,0.9922727272727272,171,0.0155454545454545,3.367741891868725e-05,0.0095977968900821,214,0.0203753050909059,1.55454545454545
11827|29399,11827,29399,Cutibacterium acnes,99.98,61,61,0,0,1.0,0.9922727272727272,0.9922727272727272,170,0.0154545454545454,1.366354535070613e-05,0.0053215619227522,106,0.0025776048077537,1.5454545454545399
11827|29399,11827,29399,Cutibacterium acnes,99.98,62,62,0,0,0.9999083829592303,0.9922727272727272,0.9922727272727272,171,0.0155454545454545,2.348711017197136e-05,0.006901057945208,126,0.0011191609358629,1.55454545454545
11827|29399,11827,29399,Cutibacterium acnes,99.98,63,63,0,0,0.9996335318369216,0.9922727272727272,0.9922727272727272,174,0.0158181818181818,9.669385092192506e-05,0.0139068639123013,84,0.0009967492535041,1.58181818181818
11827|29399,11827,29399,Cutibacterium acnes,99.98,64,64,0,0,0.9999083829592303,0.9922727272727272,0.9922727272727272,171,0.0155454545454545,3.437188029575822e-05,0.0086010031120998,129,0.0080314822383568,1.55454545454545
11827|29399,11827,29399,Cutibacterium acnes,99.98,65,65,0,0,0.9998167659184608,0.9922727272727272,0.9922727272727272,172,0.0156363636363636,1.106516802185098e-05,0.0050845850456858,105,0.0024755960058753,1.5636363636363602
11827|29399,11827,29399,Cutibacterium acnes,99.98,66,66,0,0,0.9999083829592303,0.9922727272727272,0.9922727272727272,171,0.0155454545454545,2.4689784098308465e-06,0.0022499170558524,172,0.0184859988266773,1.55454545454545
11827|29399,11827,29399,Cutibacterium acnes,99.98,67,67,0,0,0.9997251488776911,0.9921818181818182,0.9922727272727272,174,0.0158181818181818,4.48971039745949e-06,0.0041755189307849,249,0.0019274269553172,1.58181818181818
11827|29399,11827,29399,Cutibacterium acnes,99.98,68,68,0,0,0.9997251236943376,0.9921818181818182,0.9921818181818182,175,0.0159090909090909,5.408769896186882e-06,0.0052691659103301,139,0.0367809469377689,1.59090909090909
11827|29399,11827,29399,Cutibacterium acnes,99.98,69,69,0,0,0.9998167659184608,0.9922727272727272,0.9921818181818182,173,0.0157272727272727,2.716665829805009e-05,0.0073729890767895,195,0.0116070636759975,1.57272727272727
11827|29399,11827,29399,Cutibacterium acnes,99.98,70,70,0,0,0.9999083829592303,0.9922727272727272,0.9922727272727272,171,0.0155454545454545,1.2286052037513429e-05,0.0065791203546887,64,0.0082439868294935,1.55454545454545
11827|29399,11827,29399,Cutibacterium acnes,99.98,71,71,0,0,0.9998167659184608,0.9922727272727272,0.9922727272727272,172,0.0156363636363636,9.126328745612255e-06,0.0045221310829944,27,0.0003308110305939,1.5636363636363602
11827|29399,11827,29399,Cutibacterium acnes,99.98,72,72,0,0,0.9998167659184608,0.9922727272727272,0.9922727272727272,172,0.0156363636363636,1.848632855749877e-05,0.0061726728820726,205,0.0049895299507557,1.5636363636363602
11827|29399,11827,29399,Cutibacterium acnes,99.98,73,73,0,0,0.9997251488776911,0.9922727272727272,0.9922727272727272,173,0.0157272727272727,7.481200176240321e-06,0.0050923419093987,127,0.0037551950927621,1.57272727272727
11827|29399,11827,29399,Cutibacterium acnes,99.98,74,74,0,0,0.9997251488776911,0.9922727272727272,0.9922727272727272,173,0.0157272727272727,1.5604058205553883e-05,0.0062014026865457,104,0.0211277774787936,1.57272727272727
11827|33179,11827,33179,Cutibacterium acnes,99.98,0,0,0,0,0.9998181818181818,1.0,1.0,2,0.0001818181818181,1.1839897012810852e-06,0.001577189633109,62,0.0030611691779781,0.01818181818181
11827|33179,11827,33179,Cutibacterium acnes,99.98,1,1,0,0,0.9998181818181818,1.0,1.0,2,0.0001818181818181,2.3785467659687143e-05,0.0076675246128524,191,0.0077998128396874,0.01818181818181
11827|33179,11827,33179,Cutibacterium acnes,99.98,2,2,0,0,0.9998181818181818,1.0,1.0,2,0.0001818181818181,2.8751533838189403e-06,0.0027628260422908,22,0.0330557675142749,0.01818181818181
11827|33179,11827,33179,Cutibacterium acnes,99.98,3,3,0,0,0.9996363636363635,1.0,0.9997272727272728,7,0.0006363636363636,4.66305592583538e-07,0.0009676264055962,164,0.0230775542268771,0.06363636363636
11827|33179,11827,33179,Cutibacterium acnes,99.98,4,4,0,0,0.999545330544694,0.9997272727272728,0.9997272727272728,11,0.001,2.58784296347514e-06,0.0022784235224027,171,0.0015282977637229,0.1
11827|33179,11827,33179,Cutibacterium acnes,99.98,5,5,0,0,0.9997271983268164,0.9997272727272728,0.9997272727272728,9,0.0008181818181818,3.6239449505703902e-06,0.0030723049196597,72,0.0001017752944653,0.08181818181818
11827|33179,11827,33179,Cutibacterium acnes,99.98,6,6,0,0,0.9999090661089388,0.9997272727272728,0.9997272727272728,7,0.0006363636363636,2.2574545411879754e-06,0.0021883561688763,47,0.0017770856607255,0.06363636363636
11827|33179,11827,33179,Cutibacterium acnes,99.98,7,7,0,0,0.9996362644357552,0.9997272727272728,0.9997272727272728,10,0.0009090909090909,2.382196823469407e-06,0.0024270108778239,139,0.006114939476066,0.09090909090909
11827|33179,11827,33179,Cutibacterium acnes,99.98,8,8,0,0,0.9996362644357552,0.9997272727272728,0.9997272727272728,10,0.0009090909090909,1.693582622364076e-06,0.0019553825250384,53,0.006844933699766,0.09090909090909
11827|33179,11827,33179,Cutibacterium acnes,99.98,9,9,0,0,0.9998181322178776,0.9997272727272728,0.9997272727272728,8,0.0007272727272727,1.3212041345411762e-06,0.0016464081277319,109,0.0125444255463358,0.07272727272727
11827|33179,11827,33179,Cutibacterium acnes,99.98,10,10,0,0,0.9992725288715104,0.9997272727272728,0.9995454545454544,16,0.0014545454545454,2.711016615675188e-05,0.0074514988283123,30,0.0031118660804795,0.14545454545454
11827|33179,11827,33179,Cutibacterium acnes,99.98,11,11,0,0,0.9998180991359708,0.9995454545454544,0.9995454545454544,12,0.001090909090909,3.209359723310712e-06,0.0030007620066183,236,0.0067430521326337,0.10909090909090001
11827|33179,11827,33179,Cutibacterium acnes,99.98,12,12,0,0,0.9998180991359708,0.9995454545454544,0.9995454545454544,12,0.001090909090909,1.4676419278769617e-06,0.0018035912864169,25,0.0004949694839602,0.10909090909090001
11827|33179,11827,33179,Cutibacterium acnes,99.98,13,13,0,0,0.9999090495679854,0.9995454545454544,0.9995454545454544,11,0.001,2.189891743720196e-06,0.0022989960566827,47,0.0016082891575113,0.1
11827|33179,11827,33179,Cutibacterium acnes,99.98,14,14,0,0,0.9999090495679854,0.9995454545454544,0.9995454545454544,11,0.001,1.6976465923024264e-06,0.0018631075550656,78,0.0027788043792391,0.1
11827|33179,11827,33179,Cutibacterium acnes,99.98,15,15,0,0,1.0,0.9995454545454544,0.9995454545454544,10,0.0009090909090909,1.2902899144684454e-06,0.0016220701460145,143,0.0075468320156237,0.09090909090909
11827|33179,11827,33179,Cutibacterium acnes,99.98,16,16,0,0,0.9996361982719418,0.9995454545454544,0.9995454545454544,14,0.0012727272727272,9.709877487051877e-06,0.004419025947433,170,0.0332216027799697,0.12727272727272
11827|33179,11827,33179,Cutibacterium acnes,99.98,17,17,0,0,1.0,0.9995454545454544,0.9995454545454544,10,0.0009090909090909,6.675550997536916e-07,0.0011555697334793,3,0.005971258326717,0.09090909090909
11827|33179,11827,33179,Cutibacterium acnes,99.98,18,18,0,0,1.0,0.9995454545454544,0.9995454545454544,10,0.0009090909090909,3.097688871411819e-06,0.0029340817784544,140,0.0057581896181355,0.09090909090909
11827|33179,11827,33179,Cutibacterium acnes,99.98,19,19,0,0,0.9999090495679854,0.9995454545454544,0.9994545454545456,12,0.001090909090909,6.182658474340741e-05,0.0116957459399446,2,0.0378831364415319,0.10909090909090001
11827|33179,11827,33179,Cutibacterium acnes,99.98,20,20,0,0,0.999727123885756,0.9994545454545456,0.9994545454545456,15,0.0013636363636363,8.53882164753017e-07,0.0013286471419403,200,0.0039361158890839,0.13636363636363
11827|33179,11827,33179,Cutibacterium acnes,99.98,21,21,0,0,0.999727123885756,0.9994545454545456,0.9994545454545456,15,0.0013636363636363,2.3479163233641742e-06,0.0021931050457005,161,0.0011591287887278,0.13636363636363
11827|33179,11827,33179,Cutibacterium acnes,99.98,22,22,0,0,0.999818082590504,0.9994545454545456,0.9994545454545456,14,0.0012727272727272,2.6327252278246505e-06,0.0025379564832591,113,0.0008256013692645,0.12727272727272
11827|33179,11827,33179,Cutibacterium acnes,99.98,23,23,0,0,0.999727123885756,0.9994545454545456,0.9994545454545456,15,0.0013636363636363,8.019031925154962e-07,0.0012853458478731,110,0.0060490212402051,0.13636363636363
11827|33179,11827,33179,Cutibacterium acnes,99.98,24,24,0,0,0.9993634048744998,0.9994545454545456,0.9996363636363635,17,0.0015454545454545,7.97444518640944e-06,0.0040494336762511,39,0.0236830688095122,0.15454545454545002
11827|33179,11827,33179,Cutibacterium acnes,99.98,25,25,0,0,0.9998181156784284,0.9996363636363635,0.9996363636363635,10,0.0009090909090909,2.573944364647751e-06,0.0025196052031035,215,0.0049969011015017,0.09090909090909
11827|33179,11827,33179,Cutibacterium acnes,99.98,26,26,0,0,0.9998181156784284,0.9996363636363635,0.9996363636363635,10,0.0009090909090909,2.297106590498643e-06,0.0021670935896776,209,0.0061763566176292,0.09090909090909
11827|33179,11827,33179,Cutibacterium acnes,99.98,27,27,0,0,0.9997271735176428,0.9996363636363635,0.9996363636363635,11,0.001,8.915514332352714e-07,0.0013466369213553,54,0.0010561129874194,0.1
11827|33179,11827,33179,Cutibacterium acnes,99.98,28,28,0,0,0.9998181156784284,0.9996363636363635,0.9996363636363635,10,0.0009090909090909,2.873758041532781e-06,0.0024483458807443,246,0.003595881902614,0.09090909090909
11827|33179,11827,33179,Cutibacterium acnes,99.98,29,29,0,0,0.9999090578392142,0.9996363636363635,0.9996363636363635,9,0.0008181818181818,2.5909133350987545e-06,0.0024439764333544,101,0.003506558509703,0.08181818181818
11827|33179,11827,33179,Cutibacterium acnes,99.98,30,30,0,0,0.9999090578392142,0.9996363636363635,0.9996363636363635,9,0.0008181818181818,1.9808404982946115e-06,0.0020943578534283,231,0.0065268120082981,0.08181818181818
11827|33179,11827,33179,Cutibacterium acnes,99.98,31,31,0,0,0.9998181156784284,0.9996363636363635,0.9996363636363635,10,0.0009090909090909,1.5598655869197842e-06,0.0018652358120397,94,0.0039793541373479,0.09090909090909
11827|33179,11827,33179,Cutibacterium acnes,99.98,32,32,0,0,1.0,0.9996363636363635,0.9996363636363635,8,0.0007272727272727,8.305766273641879e-07,0.0013134255718964,125,0.0128757778413524,0.07272727272727
11827|33179,11827,33179,Cutibacterium acnes,99.98,33,33,0,0,0.9998181156784284,0.9996363636363635,0.9996363636363635,10,0.0009090909090909,2.4168688212977685e-06,0.0024216230667376,132,0.0308893238648981,0.09090909090909
11827|33179,11827,33179,Cutibacterium acnes,99.98,34,34,0,0,0.9999090578392142,0.9996363636363635,0.9996363636363635,9,0.0008181818181818,2.0168577461454618e-06,0.0021739177911804,131,0.0030238789479857,0.08181818181818
11827|33179,11827,33179,Cutibacterium acnes,99.98,35,35,0,0,0.9999090578392142,0.9996363636363635,0.9996363636363635,9,0.0008181818181818,1.5837357274506305e-06,0.0018764826288144,56,0.0008933287744551,0.08181818181818
11827|33179,11827,33179,Cutibacterium acnes,99.98,36,36,0,0,0.9997271735176428,0.9996363636363635,0.9996363636363635,11,0.001,9.524664417170924e-07,0.0013992488156738,145,0.0040820227169168,0.1
11827|33179,11827,33179,Cutibacterium acnes,99.98,37,37,0,0,0.9998181156784284,0.9996363636363635,0.9996363636363635,10,0.0009090909090909,1.8385700224499144e-06,0.0020497813601025,53,0.0004913600223654,0.09090909090909
11827|33179,11827,33179,Cutibacterium acnes,99.98,38,38,0,0,0.9999090578392142,0.9996363636363635,0.9996363636363635,9,0.0008181818181818,1.5204789094447335e-06,0.0017465869960532,163,0.0017911362259246,0.08181818181818
11827|33179,11827,33179,Cutibacterium acnes,99.98,39,39,0,0,0.9998181156784284,0.9996363636363635,0.9996363636363635,10,0.0009090909090909,1.1882049897327107e-06,0.0015516539248403,140,0.0216391679624143,0.09090909090909
11827|33179,11827,33179,Cutibacterium acnes,99.98,40,40,0,0,0.9999090578392142,0.9996363636363635,0.9996363636363635,9,0.0008181818181818,4.346879853622809e-06,0.002951248563325,36,0.0007138227130966,0.08181818181818
11827|33179,11827,33179,Cutibacterium acnes,99.98,41,41,0,0,0.9998181156784284,0.9996363636363635,0.9996363636363635,10,0.0009090909090909,1.8007467024183654e-06,0.0019054660390008,22,0.0129642094503114,0.09090909090909
11827|33179,11827,33179,Cutibacterium acnes,99.98,42,42,0,0,0.9998181156784284,0.9996363636363635,0.9996363636363635,10,0.0009090909090909,1.2843228072156876e-06,0.001607859915936,70,0.0010792467765614,0.09090909090909
11827|33179,11827,33179,Cutibacterium acnes,99.98,43,43,0,0,0.9997271735176428,0.9996363636363635,0.9996363636363635,11,0.001,9.75310913808869e-07,0.0013971346552894,27,0.0086278427199404,0.1
11827|33179,11827,33179,Cutibacterium acnes,99.98,44,44,0,0,0.9994543470352856,0.9996363636363635,0.9996363636363635,14,0.0012727272727272,3.8014202786706974e-06,0.002840011076832,216,0.0044977328798714,0.12727272727272
11827|33179,11827,33179,Cutibacterium acnes,99.98,45,45,0,0,0.9998181156784284,0.9996363636363635,0.9996363636363635,10,0.0009090909090909,2.9469277100790947e-06,0.0027340174877166,237,0.0106360845967794,0.09090909090909
11827|33179,11827,33179,Cutibacterium acnes,99.98,46,46,0,0,0.9999090578392142,0.9996363636363635,0.9996363636363635,9,0.0008181818181818,1.0638849645694393e-06,0.001500955962944,76,0.0002258756253287,0.08181818181818
11827|33179,11827,33179,Cutibacterium acnes,99.98,47,47,0,0,1.0,0.9996363636363635,0.9996363636363635,8,0.0007272727272727,1.1982635487184368e-06,0.0015672844696047,248,0.0103037629934996,0.07272727272727
11827|33179,11827,33179,Cutibacterium acnes,99.98,48,48,0,0,0.9996362313568572,0.9996363636363635,0.9996363636363635,12,0.001090909090909,3.086255576212338e-06,0.002885071920654,122,0.0026504553156934,0.10909090909090001
11827|33179,11827,33179,Cutibacterium acnes,99.98,49,49,0,0,0.9989996362313568,0.9996363636363635,0.9986363636363637,30,0.0027272727272727,2.888568870096364e-06,0.0024132181742751,184,0.0035407794885862,0.27272727272727004
11827|33179,11827,33179,Cutibacterium acnes,99.98,50,50,0,0,0.991190627554264,0.9934545454545456,1.0,169,0.0153636363636363,1.3445453989291424e-05,0.0053665455748002,199,0.0488212429054719,1.53636363636363
11827|33179,11827,33179,Cutibacterium acnes,99.98,51,51,0,0,0.9999085254299304,0.9938181818181818,0.9938181818181818,137,0.0124545454545454,2.1504412902939585e-05,0.0069307796966998,232,0.0082733176518741,1.24545454545454
11827|33179,11827,33179,Cutibacterium acnes,99.98,52,52,0,0,0.9997255762897914,0.9938181818181818,0.9938181818181818,139,0.0126363636363636,6.315335258078036e-06,0.0040619003295304,190,0.0038821494918008,1.2636363636363601
11827|33179,11827,33179,Cutibacterium acnes,99.98,53,53,0,0,0.9997255762897914,0.9938181818181818,0.9938181818181818,139,0.0126363636363636,5.330717765761328e-06,0.0034153800043533,149,0.0968434800841222,1.2636363636363601
11827|33179,11827,33179,Cutibacterium acnes,99.98,54,54,0,0,0.9995426271496524,0.9938181818181818,0.9938181818181818,141,0.0128181818181818,1.1323868209234256e-05,0.0053639532763685,164,0.005935259282543,1.28181818181818
11827|33179,11827,33179,Cutibacterium acnes,99.98,55,55,0,0,0.999817050859861,0.9938181818181818,0.9938181818181818,138,0.0125454545454545,8.484962512156358e-06,0.0045188709570014,37,0.0137133658716513,1.25454545454545
11827|33179,11827,33179,Cutibacterium acnes,99.98,56,56,0,0,0.999817050859861,0.9938181818181818,0.9938181818181818,138,0.0125454545454545,1.4611709914902349e-05,0.0060654674554186,190,0.0076170849474244,1.25454545454545
11827|33179,11827,33179,Cutibacterium acnes,99.98,57,57,0,0,1.0,0.9938181818181818,0.9938181818181818,136,0.0123636363636363,1.0122112814814344e-05,0.0047711865147152,41,0.0043048003776398,1.2363636363636301
11827|33179,11827,33179,Cutibacterium acnes,99.98,58,58,0,0,0.9999085254299304,0.9938181818181818,0.9938181818181818,137,0.0124545454545454,2.307376226395874e-05,0.0069477379218483,156,0.0014229783569884,1.24545454545454
11827|33179,11827,33179,Cutibacterium acnes,99.98,59,59,0,0,1.0,0.9938181818181818,0.9938181818181818,136,0.0123636363636363,3.058046645110224e-05,0.0086351859247198,136,0.1619715467185688,1.2363636363636301
11827|33179,11827,33179,Cutibacterium acnes,99.98,60,60,0,0,0.999817050859861,0.9938181818181818,0.9938181818181818,138,0.0125454545454545,8.882268729415443e-06,0.0044784551187128,248,0.0831404076918921,1.25454545454545
11827|33179,11827,33179,Cutibacterium acnes,99.98,61,61,0,0,0.999817050859861,0.9938181818181818,0.9938181818181818,138,0.0125454545454545,6.77664913750764e-06,0.0037642348104342,123,0.0127292986386029,1.25454545454545
11827|33179,11827,33179,Cutibacterium acnes,99.98,62,62,0,0,0.9997255762897914,0.9938181818181818,0.9938181818181818,139,0.0126363636363636,3.107489605658209e-05,0.0079490356902222,193,0.0177935263606339,1.2636363636363601
11827|33179,11827,33179,Cutibacterium acnes,99.98,63,63,0,0,0.999634101719722,0.9938181818181818,0.9938181818181818,140,0.0127272727272727,4.500720601974262e-05,0.0095854439905942,71,0.0005498055940875,1.27272727272727
11827|33179,11827,33179,Cutibacterium acnes,99.98,64,64,0,0,0.999817050859861,0.9938181818181818,0.9938181818181818,138,0.0125454545454545,2.366498212846846e-05,0.0075018669719594,69,0.0024353554164167,1.25454545454545
11827|33179,11827,33179,Cutibacterium acnes,99.98,65,65,0,0,0.9999085254299304,0.9938181818181818,0.9938181818181818,137,0.0124545454545454,7.382192731109072e-06,0.0049415474496452,199,0.0415854460653001,1.24545454545454
11827|33179,11827,33179,Cutibacterium acnes,99.98,66,66,0,0,0.9999085254299304,0.9938181818181818,0.9938181818181818,137,0.0124545454545454,2.756938255910057e-06,0.0026193126814661,79,0.0042450157529838,1.24545454545454
11827|33179,11827,33179,Cutibacterium acnes,99.98,67,67,0,0,0.9999085254299304,0.9937272727272728,0.9938181818181818,138,0.0125454545454545,2.563580953407474e-06,0.0023530328268489,143,0.0099599653047441,1.25454545454545
11827|33179,11827,33179,Cutibacterium acnes,99.98,68,68,0,0,0.999725551184704,0.9937272727272728,0.9937272727272728,141,0.0128181818181818,4.745936037164888e-06,0.004475661615383,191,0.005441885279741,1.28181818181818
11827|33179,11827,33179,Cutibacterium acnes,99.98,69,69,0,0,0.999817050859861,0.9938181818181818,0.9937272727272728,139,0.0126363636363636,2.536033712463581e-05,0.0073299570315024,182,0.0082045638452796,1.2636363636363601
11827|33179,11827,33179,Cutibacterium acnes,99.98,70,70,0,0,0.9997256013902864,0.993909090909091,0.9938181818181818,138,0.0125454545454545,5.212197857984435e-06,0.0043781384316518,85,0.0043119491484445,1.25454545454545
11827|33179,11827,33179,Cutibacterium acnes,99.98,71,71,0,0,0.9995426689838104,0.993909090909091,0.993909090909091,139,0.0126363636363636,7.610034330252091e-06,0.003915900178135,216,0.0094864473527034,1.2636363636363601
11827|33179,11827,33179,Cutibacterium acnes,99.98,72,72,0,0,0.999908533796762,0.993909090909091,0.993909090909091,135,0.0122727272727272,1.3424709923159917e-05,0.0052501584751868,106,0.0020206927411177,1.2272727272727202
11827|33179,11827,33179,Cutibacterium acnes,99.98,73,73,0,0,0.9996341351870484,0.993909090909091,0.993909090909091,138,0.0125454545454545,5.707264536192192e-06,0.0038111719906327,28,0.0094655170565211,1.25454545454545
11827|33179,11827,33179,Cutibacterium acnes,99.98,74,74,0,0,0.999908533796762,0.993909090909091,0.993909090909091,135,0.0122727272727272,6.83238242771278e-06,0.0037180789493487,94,0.0057654252444925,1.2272727272727202
11827|51277,11827,51277,Cutibacterium acnes,99.28,93,180,0,0,0.9897096655641308,0.9894545454545456,0.9893636363636364,344,0.0312727272727272,9.222786812146389e-06,0.0044901386156302,7,0.0042558186390099,3.1272727272727203
11827|51277,11827,51277,Cutibacterium acnes,99.28,94,181,0,0,0.9781109169502438,0.9883636363636364,0.9884545454545456,471,0.0428181818181818,7.939813171042864e-06,0.0041157335172858,7,0.0025504243491117,4.2818181818181795
11827|6919,11827,6919,Cutibacterium acnes,99.98,0,0,0,0,0.9998181818181818,1.0,1.0,2,0.0001818181818181,4.3939006877380393e-07,0.0009379188575061,72,0.0007025777210905,0.01818181818181
11827|6919,11827,6919,Cutibacterium acnes,99.98,1,1,0,0,0.9997272727272728,1.0,1.0,3,0.0002727272727272,1.1851823373820736e-06,0.0015878402754988,153,0.0004005156298154,0.02727272727272
11827|6919,11827,6919,Cutibacterium acnes,99.98,2,2,0,0,0.9999090909090907,1.0,1.0,1,9.09090909090909e-05,5.916556609086854e-07,0.0011078626603118,150,0.0733466843666166,0.00909090909090909
11827|6919,11827,6919,Cutibacterium acnes,99.98,3,3,0,0,0.9998181818181818,1.0,0.9998181818181818,4,0.0003636363636363,6.164766246374853e-07,0.0011131602751969,85,0.0008030504844634,0.036363636363630006
11827|6919,11827,6919,Cutibacterium acnes,99.98,4,4,0,0,0.999818148754319,0.9998181818181818,0.9998181818181818,6,0.0005454545454545,8.557567136024957e-07,0.0013489335050219,249,0.0145664181577634,0.054545454545450005
11827|6919,11827,6919,Cutibacterium acnes,99.98,5,5,0,0,0.9997272231314784,0.9998181818181818,0.9998181818181818,7,0.0006363636363636,2.544700861251137e-06,0.002324388694588,15,0.0175644582587239,0.06363636363636
11827|6919,11827,6919,Cutibacterium acnes,99.98,6,6,0,0,1.0,0.9998181818181818,0.9998181818181818,4,0.0003636363636363,2.256435774561361e-06,0.0021245735810311,177,0.001551494766205,0.036363636363630006
11827|6919,11827,6919,Cutibacterium acnes,99.98,7,7,0,0,0.999636297508638,0.9998181818181818,0.9998181818181818,8,0.0007272727272727,2.5032071591102323e-06,0.0025125685014039,247,0.0011497657005248,0.07272727272727
11827|6919,11827,6919,Cutibacterium acnes,99.98,8,8,0,0,0.999636297508638,0.9998181818181818,0.9998181818181818,8,0.0007272727272727,1.5966594919536448e-06,0.0018705283692259,198,0.0035598003871664,0.07272727272727
11827|6919,11827,6919,Cutibacterium acnes,99.98,9,9,0,0,0.9999090743771596,0.9998181818181818,0.9998181818181818,5,0.0004545454545454,2.253177371791537e-06,0.0023025363354425,193,0.0037915293462125,0.04545454545454
11827|6919,11827,6919,Cutibacterium acnes,99.98,10,10,0,0,0.9994544462629568,0.9998181818181818,0.9996363636363635,12,0.001090909090909,3.208389244058196e-05,0.0080170564706974,176,0.0017913824356461,0.10909090909090001
11827|6919,11827,6919,Cutibacterium acnes,99.98,11,11,0,0,0.9999090578392142,0.9996363636363635,0.9996363636363635,9,0.0008181818181818,2.730350012969396e-06,0.0026386410286934,167,0.002621166481747,0.08181818181818
11827|6919,11827,6919,Cutibacterium acnes,99.98,12,12,0,0,0.9999090578392142,0.9996363636363635,0.9996363636363635,9,0.0008181818181818,8.551822846536439e-07,0.0013298697589585,182,0.0098041800857909,0.08181818181818
11827|6919,11827,6919,Cutibacterium acnes,99.98,13,13,0,0,0.9996362313568572,0.9996363636363635,0.9996363636363635,12,0.001090909090909,2.400922968548436e-06,0.0024171742763049,119,0.0018527866196136,0.10909090909090001
11827|6919,11827,6919,Cutibacterium acnes,99.98,14,14,0,0,1.0,0.9996363636363635,0.9996363636363635,8,0.0007272727272727,7.591863109279728e-07,0.0012469887643285,19,0.005859459045582,0.07272727272727
11827|6919,11827,6919,Cutibacterium acnes,99.98,15,15,0,0,0.9999090578392142,0.9996363636363635,0.9996363636363635,9,0.0008181818181818,1.8012943423517669e-06,0.0019227116741423,16,0.0343357718588314,0.08181818181818
11827|6919,11827,6919,Cutibacterium acnes,99.98,16,16,0,0,0.9996362313568572,0.9996363636363635,0.9996363636363635,12,0.001090909090909,1.7865797538374473e-05,0.0060126014393944,158,0.0151725319518973,0.10909090909090001
11827|6919,11827,6919,Cutibacterium acnes,99.98,17,17,0,0,0.9997271735176428,0.9996363636363635,0.9996363636363635,11,0.001,5.801534264882058e-06,0.0034598678165659,89,0.0101778321135027,0.1
11827|6919,11827,6919,Cutibacterium acnes,99.98,18,18,0,0,1.0,0.9996363636363635,0.9996363636363635,8,0.0007272727272727,8.53835780301182e-07,0.0013120961398535,224,0.0279660785302819,0.07272727272727
11827|6919,11827,6919,Cutibacterium acnes,99.98,19,19,0,0,0.9997271735176428,0.9996363636363635,0.9994545454545456,13,0.0011818181818181,7.251331996993571e-05,0.0129263562919283,164,0.0030620845045185,0.11818181818180999
11827|6919,11827,6919,Cutibacterium acnes,99.98,20,20,0,0,0.999909041295252,0.9994545454545456,0.9994545454545456,13,0.0011818181818181,1.497994126298252e-06,0.0017354764981696,168,0.0013042824415323,0.11818181818180999
11827|6919,11827,6919,Cutibacterium acnes,99.98,21,21,0,0,0.999909041295252,0.9994545454545456,0.9994545454545456,13,0.0011818181818181,2.0772531718060705e-06,0.0020958167658716,134,0.0014906076050211,0.11818181818180999
11827|6919,11827,6919,Cutibacterium acnes,99.98,22,22,0,0,0.999909041295252,0.9994545454545456,0.9994545454545456,13,0.0011818181818181,3.71387744457774e-06,0.0033608044000114,93,0.0009977420780332,0.11818181818180999
11827|6919,11827,6919,Cutibacterium acnes,99.98,23,23,0,0,0.9994542477715116,0.9994545454545456,0.9994545454545456,18,0.0016363636363636,3.512019497442509e-06,0.0026816991767457,176,0.0237214962761913,0.16363636363636
11827|6919,11827,6919,Cutibacterium acnes,99.98,24,24,0,0,0.999727123885756,0.9994545454545456,0.9994545454545456,15,0.0013636363636363,9.468175452553852e-07,0.0014010649308846,139,0.0035728095261526,0.13636363636363
11827|6919,11827,6919,Cutibacterium acnes,99.98,25,25,0,0,0.999909041295252,0.9994545454545456,0.9994545454545456,13,0.0011818181818181,3.841015840944095e-06,0.0035793492619229,212,0.0074241476616282,0.11818181818180999
11827|6919,11827,6919,Cutibacterium acnes,99.98,26,26,0,0,0.9995452064762598,0.9994545454545456,0.9994545454545456,17,0.0015454545454545,2.998906324935824e-06,0.0027737666246759,122,0.0066067898234449,0.15454545454545002
11827|6919,11827,6919,Cutibacterium acnes,99.98,27,27,0,0,0.9995452064762598,0.9994545454545456,0.9994545454545456,17,0.0015454545454545,2.0535130804688606e-06,0.0021639880977721,31,0.001493377867662,0.15454545454545002
11827|6919,11827,6919,Cutibacterium acnes,99.98,28,28,0,0,0.999727123885756,0.9994545454545456,0.9994545454545456,15,0.0013636363636363,3.465010758985088e-06,0.0026460348410488,187,0.0245759974151275,0.13636363636363
11827|6919,11827,6919,Cutibacterium acnes,99.98,29,29,0,0,0.999909041295252,0.9994545454545456,0.9994545454545456,13,0.0011818181818181,2.293666040542597e-06,0.0022828415797412,129,0.0001430732921728,0.11818181818180999
11827|6919,11827,6919,Cutibacterium acnes,99.98,30,30,0,0,0.999818082590504,0.9994545454545456,0.9994545454545456,14,0.0012727272727272,1.3146083526205388e-06,0.0016653713335967,125,0.0370433557618283,0.12727272727272
11827|6919,11827,6919,Cutibacterium acnes,99.98,31,31,0,0,0.999818082590504,0.9994545454545456,0.9994545454545456,14,0.0012727272727272,2.944259433590446e-06,0.0027847708601753,73,0.0091555523903307,0.12727272727272
11827|6919,11827,6919,Cutibacterium acnes,99.98,32,32,0,0,1.0,0.9994545454545456,0.9994545454545456,12,0.001090909090909,2.083579060729868e-06,0.0021906630397646,125,0.012857104741316,0.10909090909090001
11827|6919,11827,6919,Cutibacterium acnes,99.98,33,33,0,0,0.999818082590504,0.9994545454545456,0.9994545454545456,14,0.0012727272727272,2.4519686010471275e-06,0.0023769369805795,89,0.0258741858674607,0.12727272727272
11827|6919,11827,6919,Cutibacterium acnes,99.98,34,34,0,0,0.9996361651810078,0.9994545454545456,0.9994545454545456,16,0.0014545454545454,2.1984345759396007e-06,0.0022883777412092,50,0.0006141561851371,0.14545454545454
11827|6919,11827,6919,Cutibacterium acnes,99.98,35,35,0,0,0.999727123885756,0.9994545454545456,0.9994545454545456,15,0.0013636363636363,1.5024572900257382e-06,0.0017482705806023,121,0.0082391255800147,0.13636363636363
11827|6919,11827,6919,Cutibacterium acnes,99.98,36,36,0,0,0.999909041295252,0.9994545454545456,0.9994545454545456,13,0.0011818181818181,2.9482454264595503e-06,0.0024644570212291,158,0.0080861415858346,0.11818181818180999
11827|6919,11827,6919,Cutibacterium acnes,99.98,37,37,0,0,0.999818082590504,0.9994545454545456,0.9994545454545456,14,0.0012727272727272,1.075697159125255e-06,0.0015222734175127,234,0.0061932691591826,0.12727272727272
11827|6919,11827,6919,Cutibacterium acnes,99.98,38,38,0,0,1.0,0.9994545454545456,0.9994545454545456,12,0.001090909090909,1.8562096130159132e-06,0.0019422494249598,9,0.0094015124202134,0.10909090909090001
11827|6919,11827,6919,Cutibacterium acnes,99.98,39,39,0,0,0.999909041295252,0.9994545454545456,0.9994545454545456,13,0.0011818181818181,1.277833405866069e-06,0.0016033769663566,98,0.0008612082368035,0.11818181818180999
11827|6919,11827,6919,Cutibacterium acnes,99.98,40,40,0,0,0.999909041295252,0.9994545454545456,0.9994545454545456,13,0.0011818181818181,3.901239070014384e-06,0.0028191533657752,215,0.0020671600449742,0.11818181818180999
11827|6919,11827,6919,Cutibacterium acnes,99.98,41,41,0,0,0.999727123885756,0.9994545454545456,0.9994545454545456,15,0.0013636363636363,1.930635544322712e-06,0.0020525801477619,159,0.0043859359770955,0.13636363636363
11827|6919,11827,6919,Cutibacterium acnes,99.98,42,42,0,0,0.999909041295252,0.9994545454545456,0.9994545454545456,13,0.0011818181818181,2.152219258366728e-06,0.0021841743314901,44,0.0008618298217042,0.11818181818180999
11827|6919,11827,6919,Cutibacterium acnes,99.98,43,43,0,0,0.9995452064762598,0.9994545454545456,0.9994545454545456,17,0.0015454545454545,3.094673456827124e-06,0.0025840139311462,44,0.0019620650479517,0.15454545454545002
11827|6919,11827,6919,Cutibacterium acnes,99.98,44,44,0,0,0.9994542974079128,0.9994545454545456,0.9995454545454544,17,0.0015454545454545,2.3400116606620003e-06,0.0021638255428618,53,0.0082142220431846,0.15454545454545002
11827|6919,11827,6919,Cutibacterium acnes,99.98,45,45,0,0,0.9998180991359708,0.9994545454545456,0.9995454545454544,13,0.0011818181818181,1.1997374222860737e-05,0.006174540605193,12,0.0104105992553805,0.11818181818180999
11827|6919,11827,6919,Cutibacterium acnes,99.98,46,46,0,0,0.9999090495679854,0.9995454545454544,0.9995454545454544,11,0.001,2.2845668293802746e-06,0.0023251971444908,12,0.0007321382640574,0.1
11827|6919,11827,6919,Cutibacterium acnes,99.98,47,47,0,0,1.0,0.9995454545454544,0.9995454545454544,10,0.0009090909090909,2.468815173850558e-06,0.0023051421161962,207,0.0107296915130038,0.09090909090909
11827|6919,11827,6919,Cutibacterium acnes,99.98,48,48,0,0,0.9997271487039564,0.9995454545454544,0.9995454545454544,13,0.0011818181818181,2.612376621802248e-06,0.0025471484437408,237,0.0093201322559028,0.11818181818180999
11827|6919,11827,6919,Cutibacterium acnes,99.98,49,49,0,0,0.9999090495679854,0.9995454545454544,0.9995454545454544,11,0.001,1.6675774182628444e-06,0.0018715263584657,71,0.0129950608973438,0.1
11827|6919,11827,6919,Cutibacterium acnes,99.98,50,50,0,0,0.9921818181818182,0.9924545454545456,1.0,169,0.0153636363636363,1.5883633963542643e-05,0.0063076279331505,185,0.0033903451653838,1.53636363636363
11827|6919,11827,6919,Cutibacterium acnes,99.98,51,51,0,0,0.9999084416773484,0.992909090909091,0.992909090909091,157,0.0142727272727272,1.965403819159661e-05,0.0063193806567472,241,0.0024815390831182,1.42727272727272
11827|6919,11827,6919,Cutibacterium acnes,99.98,52,52,0,0,0.9999084416773484,0.992909090909091,0.992909090909091,157,0.0142727272727272,5.173204930652986e-06,0.0044675769581771,209,0.0061087616663085,1.42727272727272
11827|6919,11827,6919,Cutibacterium acnes,99.98,53,53,0,0,0.999816883354697,0.992909090909091,0.992909090909091,158,0.0143636363636363,4.746035693559136e-06,0.0034437544982784,239,0.0195683926320962,1.43636363636363
11827|6919,11827,6919,Cutibacterium acnes,99.98,54,54,0,0,0.999816883354697,0.992909090909091,0.992909090909091,158,0.0143636363636363,5.187231466363684e-06,0.0038054935806044,202,0.0089202857047429,1.43636363636363
11827|6919,11827,6919,Cutibacterium acnes,99.98,55,55,0,0,0.9997253250320454,0.992909090909091,0.992909090909091,159,0.0144545454545454,2.1865782060759287e-05,0.0070745042219645,10,0.0054714290893996,1.44545454545454
11827|6919,11827,6919,Cutibacterium acnes,99.98,56,56,0,0,1.0,0.992909090909091,0.992909090909091,156,0.0141818181818181,2.1061015733847555e-05,0.0069624883327187,109,0.0007295677873007,1.41818181818181
11827|6919,11827,6919,Cutibacterium acnes,99.98,57,57,0,0,1.0,0.992909090909091,0.992909090909091,156,0.0141818181818181,1.650109199613503e-05,0.0063385780354312,98,0.0009979983784933,1.41818181818181
11827|6919,11827,6919,Cutibacterium acnes,99.98,58,58,0,0,0.999816883354697,0.992909090909091,0.992909090909091,158,0.0143636363636363,3.482213675143342e-05,0.0083474409695067,177,0.0060234829157379,1.43636363636363
11827|6919,11827,6919,Cutibacterium acnes,99.98,59,59,0,0,1.0,0.992909090909091,0.992909090909091,156,0.0141818181818181,4.282018519352615e-05,0.0098327007073181,158,0.0948649546094504,1.41818181818181
11827|6919,11827,6919,Cutibacterium acnes,99.98,60,60,0,0,0.999816883354697,0.992909090909091,0.992909090909091,158,0.0143636363636363,3.5656048383847505e-05,0.0092892751324573,148,0.0183710409819795,1.43636363636363
11827|6919,11827,6919,Cutibacterium acnes,99.98,61,61,0,0,0.9997253250320454,0.992909090909091,0.992909090909091,159,0.0144545454545454,4.047977029464356e-06,0.0029325042295015,231,0.0014892825611739,1.44545454545454
11827|6919,11827,6919,Cutibacterium acnes,99.98,62,62,0,0,0.9999084416773484,0.992909090909091,0.992909090909091,157,0.0142727272727272,1.494687534353556e-05,0.005671734691567,88,0.0026167279215865,1.42727272727272
11827|6919,11827,6919,Cutibacterium acnes,99.98,63,63,0,0,0.9995422083867423,0.992909090909091,0.992909090909091,161,0.0146363636363636,7.656954426837892e-05,0.0124205269466718,205,0.0057573629405595,1.46363636363636
11827|6919,11827,6919,Cutibacterium acnes,99.98,64,64,0,0,0.9997253250320454,0.992909090909091,0.992909090909091,159,0.0144545454545454,6.640770044685773e-05,0.0125039110168076,101,0.0012517793681425,1.44545454545454
11827|6919,11827,6919,Cutibacterium acnes,99.98,65,65,0,0,0.999816883354697,0.992909090909091,0.992909090909091,158,0.0143636363636363,1.4021273201048068e-05,0.0055713060911874,31,0.0069004298950222,1.43636363636363
11827|6919,11827,6919,Cutibacterium acnes,99.98,66,66,0,0,0.9995422083867423,0.992909090909091,0.992909090909091,161,0.0146363636363636,4.494055239057104e-06,0.0030446497155807,216,0.0419296225919288,1.46363636363636
11827|6919,11827,6919,Cutibacterium acnes,99.98,67,67,0,0,0.999816883354697,0.9928181818181818,0.992909090909091,159,0.0144545454545454,4.121183295624498e-06,0.0034439014992823,246,0.0010662834215751,1.44545454545454
11827|6919,11827,6919,Cutibacterium acnes,99.98,68,68,0,0,0.9997252998809631,0.9928181818181818,0.9928181818181818,161,0.0146363636363636,4.871162977426735e-06,0.0049392125126131,105,0.0008504567451521,1.46363636363636
11827|6919,11827,6919,Cutibacterium acnes,99.98,69,69,0,0,0.9999084416773484,0.992909090909091,0.9928181818181818,158,0.0143636363636363,2.5693710620222632e-05,0.0072989089792565,20,0.0014430998536206,1.43636363636363
11827|6919,11827,6919,Cutibacterium acnes,99.98,70,70,0,0,0.9999084416773484,0.992909090909091,0.992909090909091,157,0.0142727272727272,5.648485728593222e-06,0.0054270744655145,105,0.0131112726001973,1.42727272727272
11827|6919,11827,6919,Cutibacterium acnes,99.98,71,71,0,0,0.999816883354697,0.992909090909091,0.992909090909091,158,0.0143636363636363,9.175241925563071e-06,0.0049216332439627,8,0.0014520404658251,1.43636363636363
11827|6919,11827,6919,Cutibacterium acnes,99.98,72,72,0,0,0.9999084416773484,0.992909090909091,0.992909090909091,157,0.0142727272727272,1.3063847823180376e-05,0.0052384555556895,83,0.0035219305846531,1.42727272727272
11827|6919,11827,6919,Cutibacterium acnes,99.98,73,73,0,0,0.9997253250320454,0.992909090909091,0.992909090909091,159,0.0144545454545454,6.579478941448613e-06,0.0047586069363015,168,0.001917472978633,1.44545454545454
11827|6919,11827,6919,Cutibacterium acnes,99.98,74,74,0,0,1.0,0.992909090909091,0.992909090909091,156,0.0141818181818181,1.3238662538883617e-05,0.0052131946194711,2,0.0027928844984992,1.41818181818181
12014|51659,12014,51659,Escherichia coli,99.45,184,284,0,0,0.9988821611551,0.9757272727272728,0.975909090909091,544,0.0494545454545454,2.0033560948595763e-05,0.0193073743697412,170,0.0011911698004298,4.94545454545454
12014|51659,12014,51659,Escherichia coli,99.45,185,285,0,0,0.9997204882139196,0.9757272727272728,0.9757272727272728,537,0.0488181818181818,0.0001296229043318,0.0258823541117362,372,0.0063303274347896,4.88181818181818
12014|51659,12014,51659,Escherichia coli,99.45,186,286,0,0,0.9993478058324792,0.9757272727272728,0.9757272727272728,541,0.0491818181818181,4.0930334732625084e-06,0.0034124550646592,96,0.0029460150863989,4.91818181818181
12014|51659,12014,51659,Escherichia coli,99.45,187,287,0,0,0.9996273176185596,0.9757272727272728,0.9757272727272728,538,0.0489090909090909,2.0507873645048136e-05,0.0087767821395392,284,3.892785858750081e-05,4.890909090909091
12014|51659,12014,51659,Escherichia coli,99.45,188,288,0,0,0.9993478058324792,0.9757272727272728,0.9757272727272728,541,0.0491818181818181,2.667699813918567e-05,0.0107575252201162,334,0.0001585197381104,4.91818181818181
12014|51659,12014,51659,Escherichia coli,99.45,189,289,0,0,0.9996273176185596,0.9757272727272728,0.9757272727272728,538,0.0489090909090909,3.570175265177333e-05,0.0113059924941565,12,0.0010608519174351,4.890909090909091
12014|51659,12014,51659,Escherichia coli,99.45,190,290,0,0,0.9986024410695984,0.9757272727272728,0.9757272727272728,549,0.0499090909090909,7.099217670503144e-06,0.0077180382945814,40,0.0015376587785466,4.99090909090909
12014|51659,12014,51659,Escherichia coli,99.45,191,291,0,0,0.9992546352371192,0.9757272727272728,0.9757272727272728,542,0.0492727272727272,2.026649011499515e-05,0.0065366646002524,370,0.0664732869536659,4.92727272727272
12014|51659,12014,51659,Escherichia coli,99.45,192,292,0,0,0.9993474410366364,0.975181818181818,0.975181818181818,541,0.0491818181818181,4.551534381680433e-05,0.0210211951528858,108,0.0008675048651534,4.91818181818181
12022|25929,12022,25929,Shigella flexneri,99.93,1,1,0,0,0.9981818181818182,1.0,0.9983636363636365,38,0.0034545454545454,2.6565236128650582e-06,0.0024386291009661,223,0.0057419447573605,0.34545454545453996
12022|25929,12022,25929,Shigella flexneri,99.93,2,2,0,0,0.9999089419049354,0.9983636363636365,0.9983636363636365,37,0.0033636363636363,1.7224957385986173e-05,0.0070728149519239,366,0.0187365196552143,0.33636363636363
12022|25929,12022,25929,Shigella flexneri,99.93,3,3,0,0,0.9999089419049354,0.9983636363636365,0.9983636363636365,37,0.0033636363636363,2.826721050119829e-06,0.002626399559374,152,0.0015111679959827,0.33636363636363
12022|25929,12022,25929,Shigella flexneri,99.93,4,4,0,0,0.999726825714806,0.9983636363636365,0.9983636363636365,39,0.0035454545454545,6.554095458577436e-07,0.0011449237042639,296,0.0211114449711828,0.35454545454545
12022|25929,12022,25929,Shigella flexneri,99.93,5,5,0,0,0.9998178838098708,0.9983636363636365,0.9983636363636365,38,0.0034545454545454,4.753957369652007e-06,0.0037413295368112,396,0.0001574102726571,0.34545454545453996
12022|25929,12022,25929,Shigella flexneri,99.93,6,6,0,0,0.9943636363636364,0.9952727272727272,1.0,112,0.0101818181818181,5.667940208287092e-06,0.0035455766300222,298,0.0328205629746002,1.0181818181818099
12022|25929,12022,25929,Shigella flexneri,99.93,7,7,0,0,0.9999088090461428,0.9969090909090907,0.9969090909090907,69,0.0062727272727272,7.663554011161366e-06,0.0069217023676985,290,0.0038040122720843,0.62727272727272
12022|25929,12022,25929,Shigella flexneri,99.93,8,8,0,0,1.0,0.9969090909090907,0.9969090909090907,68,0.0061818181818181,1.0969900653634568e-05,0.0063259744317789,397,0.0001671689927743,0.61818181818181
12022|25929,12022,25929,Shigella flexneri,99.93,9,9,0,0,0.9998176347223487,0.997,0.9969090909090907,69,0.0062727272727272,5.846933642184027e-05,0.0232619795149528,102,0.0022712859062649,0.62727272727272
12022|25929,12022,25929,Shigella flexneri,99.93,10,10,0,0,0.9998176347223487,0.997,0.997,68,0.0061818181818181,3.6627410824330298e-06,0.0029212373979648,290,0.0383534769984156,0.61818181818181
12022|25929,12022,25929,Shigella flexneri,99.93,11,11,0,0,0.9937083979210358,0.9908181818181818,0.997,203,0.0184545454545454,5.479551149289996e-05,0.0160143477227721,17,0.000175677199212,1.8454545454545401
12022|25929,12022,25929,Shigella flexneri,99.93,12,12,0,0,0.9999082484631616,0.9908181818181818,0.9908181818181818,203,0.0184545454545454,2.6385283691254813e-06,0.0024796177349746,224,0.0133958255787073,1.8454545454545401
12022|25929,12022,25929,Shigella flexneri,99.93,13,13,0,0,0.9999082484631616,0.9908181818181818,0.9908181818181818,203,0.0184545454545454,3.4914242752037694e-05,0.0104438003164148,69,0.0029682994447861,1.8454545454545401
12022|25929,12022,25929,Shigella flexneri,99.93,14,14,0,0,0.9997247453894852,0.9908181818181818,0.9908181818181818,205,0.0186363636363636,1.282447500272621e-05,0.0050746354017783,1,0.0008586709374953,1.86363636363636
12022|25929,12022,25929,Shigella flexneri,99.93,15,15,0,0,0.9994494907789704,0.9908181818181818,0.9908181818181818,208,0.0189090909090909,2.4260718809010484e-05,0.0141814355103557,297,0.005548547218855,1.89090909090909
12022|25929,12022,25929,Shigella flexneri,99.93,16,16,0,0,0.9997247453894852,0.9907272727272728,0.9908181818181818,206,0.0187272727272727,7.990209017472161e-05,0.0286295685895462,164,0.0025586150630761,1.87272727272727
12022|25929,12022,25929,Shigella flexneri,99.93,17,17,0,0,0.9997247201321344,0.9907272727272728,0.9907272727272728,207,0.0188181818181818,5.460432460124842e-05,0.0215955688778082,70,0.0032820907630418,1.88181818181818
12022|25929,12022,25929,Shigella flexneri,99.93,18,18,0,0,0.9997247201321344,0.9907272727272728,0.9907272727272728,207,0.0188181818181818,0.0002529822171599,0.0319812333235654,441,0.0056215448310982,1.88181818181818
12121|19660,12121,19660,Pseudomonas aeruginosa,99.03,0,0,0,0,0.9903636363636364,0.9974545454545456,1.0,134,0.0121818181818181,9.332338978707e-06,0.0045468487170261,531,0.0120668103981522,1.2181818181818098
12121|19660,12121,19660,Pseudomonas aeruginosa,99.03,1,1,0,0,0.991615020051039,0.9953636363636365,0.9974545454545456,171,0.0155454545454545,6.761928253995464e-06,0.0036902138156064,124,0.0389661877496542,1.55454545454545
12121|19660,12121,19660,Pseudomonas aeruginosa,99.03,2,2,0,0,0.9952507078271988,0.9953636363636365,0.9953636363636365,154,0.014,1.1128606179133804e-05,0.0063050864360433,204,0.0002024404112823,1.4000000000000001
12121|19660,12121,19660,Pseudomonas aeruginosa,99.03,3,3,0,0,0.992693396657229,0.9953636363636365,0.9953636363636365,181,0.0164545454545454,2.1589922848397336e-05,0.0067087576526991,584,0.0107057133583599,1.64545454545454
12121|19660,12121,19660,Pseudomonas aeruginosa,99.03,4,4,0,0,0.99369805461686,0.9953636363636365,0.9953636363636365,171,0.0155454545454545,8.529848727567568e-06,0.0041761313664633,245,0.0156768524385986,1.55454545454545
12121|19660,12121,19660,Pseudomonas aeruginosa,99.03,27,28,0,0,0.9923677993821552,1.0,0.9995454545454544,89,0.008090909090909,4.045098780047773e-06,0.0039662808213337,239,0.0310527518333916,0.8090909090909
12121|19660,12121,19660,Pseudomonas aeruginosa,99.03,28,29,0,0,0.9946388005452068,0.9998181818181818,0.9993636363636365,67,0.006090909090909,4.2438622979146245e-06,0.0029364826788201,359,0.0669151236316305,0.6090909090909
12121|19660,12121,19660,Pseudomonas aeruginosa,99.03,206,211,0,0,0.9955513487931852,0.9604545454545454,0.9604545454545454,421,0.0382727272727272,2.46384576254588e-05,0.0102958847556022,277,0.0089224833549166,3.82727272727272
12121|19660,12121,19660,Pseudomonas aeruginosa,99.03,207,212,0,0,0.9943695772567842,0.984909090909091,0.984909090909091,392,0.0356363636363636,9.440270220473224e-05,0.0158128227267813,426,0.0038681841510721,3.56363636363636
12121|19660,12121,19660,Pseudomonas aeruginosa,99.03,208,213,0,0,0.9928004430496584,0.984909090909091,0.984909090909091,409,0.0371818181818181,6.0883483406382055e-05,0.0133771312563501,593,0.0059055571253845,3.7181818181818103
12121|19660,12121,19660,Pseudomonas aeruginosa,99.03,209,214,0,0,0.9906137848532254,0.987909090909091,0.9843636363636364,391,0.0355454545454545,4.106744558862729e-06,0.0034776971246905,3,0.0091099753073654,3.55454545454545
12121|19660,12121,19660,Pseudomonas aeruginosa,99.03,210,215,0,0,0.9930501064903038,0.811,0.8101818181818182,348,0.0316363636363636,3.3484293064045545e-05,0.0082339943055762,597,0.0274332544844246,3.16363636363636
12121|19660,12121,19660,Pseudomonas aeruginosa,99.03,211,216,0,0,0.9934748644426064,0.9891818181818182,0.9890909090909092,306,0.0278181818181818,4.223903228406378e-06,0.0048610493132846,370,0.0590126900376912,2.78181818181818
12121|19660,12121,19660,Pseudomonas aeruginosa,99.03,212,217,0,0,0.9958651107231462,0.9893636363636364,0.9893636363636364,279,0.0253636363636363,3.925484329148077e-06,0.0038155574015936,310,0.0173561802224254,2.53636363636363
12121|19660,12121,19660,Pseudomonas aeruginosa,99.03,566,583,0,0,0.9924504275059124,0.9994545454545456,0.9994545454545456,95,0.0086363636363636,4.038517371007799e-05,0.0092286713560786,434,0.0066764566691663,0.86363636363636
12121|19660,12121,19660,Pseudomonas aeruginosa,99.03,567,584,0,0,0.9940623001735636,0.9950909090909092,0.9951818181818182,81,0.0073636363636363,3.804839153520589e-06,0.0053464466571224,251,0.1238775346106266,0.73636363636363
12121|19660,12121,19660,Pseudomonas aeruginosa,99.03,568,585,0,0,0.9943569673250204,0.9988181818181818,0.9988181818181818,76,0.0069090909090909,6.190594987187659e-06,0.0047894549888492,503,0.0112060218193617,0.69090909090909
12121|19660,12121,19660,Pseudomonas aeruginosa,99.03,569,586,0,0,0.9957987030779066,0.9953636363636365,0.9953636363636365,63,0.0057272727272727,2.32554367562976e-06,0.0022175846151706,279,0.0601818932140973,0.57272727272727
12121|19660,12121,19660,Pseudomonas aeruginosa,99.03,570,587,0,0,0.9950873362445416,0.9992727272727272,0.9992727272727272,69,0.0062727272727272,4.078049279376828e-06,0.0036512204189285,642,0.0026966207835767,0.62727272727272
12121|19660,12121,19660,Pseudomonas aeruginosa,99.03,571,588,0,0,0.9950882299436056,0.9994545454545456,0.9989090909090907,63,0.0057272727272727,3.6809580725716273e-06,0.0058871058630866,556,0.0041815485121358,0.57272727272727
12121|19660,12121,19660,Pseudomonas aeruginosa,99.03,572,589,0,0,0.9940903718519866,0.9999090909090907,0.9999090909090907,67,0.006090909090909,5.002663650222061e-06,0.0074439909443233,39,0.0068259694432601,0.6090909090909
12121|19660,12121,19660,Pseudomonas aeruginosa,99.03,573,590,0,0,0.9941812892081098,0.9999090909090907,0.9999090909090907,66,0.006,4.25108470558655e-06,0.0042979697314769,615,0.0094128867970135,0.6
12121|19660,12121,19660,Pseudomonas aeruginosa,99.03,574,591,0,0,0.993906321055025,0.9992727272727272,0.9990909090909093,70,0.0063636363636363,4.929782828289042e-06,0.0041227792391556,456,0.0045796973304288,0.6363636363636299
12121|19660,12121,19660,Pseudomonas aeruginosa,99.03,575,592,0,0,0.9938176197836168,0.9999090909090907,0.9999090909090907,70,0.0063636363636363,5.791414592892785e-06,0.0043378297570855,212,0.0064140293782926,0.6363636363636299
12121|19660,12121,19660,Pseudomonas aeruginosa,99.03,576,593,0,0,0.993909090909091,0.9997272727272728,1.0,70,0.0063636363636363,5.072305950593048e-06,0.0037146100493592,348,0.0169396934051226,0.6363636363636299
12121|19660,12121,19660,Pseudomonas aeruginosa,99.03,577,594,0,0,0.994544462629569,0.9997272727272728,0.9998181818181818,65,0.0059090909090909,5.507035259211257e-05,0.0141684583883558,153,0.003874907419225,0.59090909090909
12121|19660,12121,19660,Pseudomonas aeruginosa,99.03,578,595,0,0,0.9939983631899608,0.9997272727272728,0.9997272727272728,72,0.0065454545454545,7.3121220967031775e-06,0.0070992183913508,476,0.0324171733850826,0.65454545454545
12121|19660,12121,19660,Pseudomonas aeruginosa,99.03,579,596,0,0,0.9923615531508592,0.9997272727272728,0.9997272727272728,90,0.0081818181818181,2.9544094186650938e-06,0.0027876755176307,471,0.0669454212163549,0.8181818181818099
12121|19660,12121,19660,Pseudomonas aeruginosa,99.03,580,597,0,0,0.9962717104664908,0.9997272727272728,0.9997272727272728,47,0.0042727272727272,1.2480359020239362e-05,0.004996462219084,64,0.031867006909082,0.42727272727272
12121|19660,12121,19660,Pseudomonas aeruginosa,99.03,581,598,0,0,0.99672131147541,0.9981818181818182,0.9981818181818182,43,0.0039090909090909,2.26217065328882e-05,0.0078685533278161,63,0.0038424939051181,0.39090909090909004
12121|19660,12121,19660,Pseudomonas aeruginosa,99.03,582,599,0,0,0.9943497676114098,0.9975454545454544,0.9975454545454544,70,0.0063636363636363,3.854732879116085e-06,0.0037379755703816,507,0.0047866341909285,0.6363636363636299
12121|19660,12121,19660,Pseudomonas aeruginosa,99.03,583,600,0,0,0.9953623715558788,0.9997272727272728,0.9997272727272728,57,0.0051818181818181,3.7376888172291353e-06,0.0027436206887126,431,0.0217197647197266,0.51818181818181
12121|19660,12121,19660,Pseudomonas aeruginosa,99.03,584,601,0,0,0.9950895698826951,0.9997272727272728,0.9997272727272728,60,0.0054545454545454,3.912921012982906e-06,0.0036988694576746,313,0.0446599689835991,0.5454545454545401
12121|19660,12121,19660,Pseudomonas aeruginosa,99.03,585,602,0,0,0.9910884786760026,0.9997272727272728,0.9997272727272728,104,0.0094545454545454,4.580118346697581e-06,0.0037174545430238,560,0.0107083630978693,0.94545454545454
12121|19660,12121,19660,Pseudomonas aeruginosa,99.03,586,603,0,0,0.9955442393380012,0.9997272727272728,0.9997272727272728,55,0.005,6.49699179833263e-06,0.0040631763877467,301,0.0021115864126819,0.5
12121|19660,12121,19660,Pseudomonas aeruginosa,99.03,587,604,0,0,0.9953581505415492,0.9988181818181818,0.9988181818181818,58,0.0052727272727272,1.4653112123674816e-06,0.0017121216900725,405,0.0341888691064211,0.52727272727272
12121|19660,12121,19660,Pseudomonas aeruginosa,99.03,589,606,0,0,0.9951805037737564,0.9997272727272728,0.9997272727272728,59,0.0053636363636363,5.817052453060967e-06,0.0034513942365545,180,0.0418105278795596,0.5363636363636299
12121|19660,12121,19660,Pseudomonas aeruginosa,99.03,590,607,0,0,0.996817313812858,0.9997272727272728,0.9997272727272728,41,0.0037272727272727,1.4429568266471904e-05,0.0088340239526438,397,0.0543291196170764,0.37272727272727
12121|19660,12121,19660,Pseudomonas aeruginosa,99.03,591,608,0,0,0.9955442393380012,0.9997272727272728,0.9997272727272728,55,0.005,9.311290257607574e-06,0.0048287050427073,285,0.0242161092464766,0.5
12121|19660,12121,19660,Pseudomonas aeruginosa,99.03,592,609,0,0,0.9840014544132352,1.0,0.9893636363636364,293,0.0266363636363636,1.3605136793826134e-05,0.0055080933747364,625,0.0477397319788588,2.66363636363636
12121|19660,12121,19660,Pseudomonas aeruginosa,99.03,593,610,0,0,0.9940415231356484,0.9758181818181818,0.9764545454545456,294,0.0267272727272727,1.696989089416956e-05,0.0058740480240669,2,0.0209498488029249,2.67272727272727
12121|19660,12121,19660,Pseudomonas aeruginosa,99.03,594,611,0,0,0.9956853024878364,0.9902727272727272,0.9902727272727272,261,0.0237272727272727,9.034014443631833e-06,0.0042551262477308,405,0.0148646916103101,2.37272727272727
12121|19660,12121,19660,Pseudomonas aeruginosa,99.03,595,612,0,0,0.9957771045625632,0.9902727272727272,0.9902727272727272,260,0.0236363636363636,2.061558034072153e-05,0.0066462175012765,526,0.008842367316419,2.36363636363636
12121|19660,12121,19660,Pseudomonas aeruginosa,99.03,596,613,0,0,0.9941246672174792,0.9902727272727272,0.9902727272727272,278,0.0252727272727272,1.4336983991558585e-05,0.0065288834150816,395,0.0021344281884738,2.5272727272727202
12121|19660,12121,19660,Pseudomonas aeruginosa,99.03,597,614,0,0,0.9944918755163866,0.9902727272727272,0.9902727272727272,274,0.0249090909090909,7.188216967879413e-06,0.0039209911721909,74,0.0392918355762048,2.4909090909090903
12121|19660,12121,19660,Pseudomonas aeruginosa,99.03,598,615,0,0,0.9962156175004616,0.984909090909091,0.984909090909091,258,0.0234545454545454,4.725110907233265e-05,0.0103027972020571,208,0.0126821156892411,2.3454545454545404
12121|19660,12121,19660,Pseudomonas aeruginosa,99.03,600,617,0,0,0.9931167400881056,0.9905454545454544,0.9904545454545456,283,0.0257272727272727,4.275040699552868e-06,0.0070421022968922,43,0.0192381364087823,2.57272727272727
12121|19660,12121,19660,Pseudomonas aeruginosa,99.03,601,618,0,0,0.9948604992657856,0.9905454545454544,0.9904545454545456,265,0.024090909090909,4.07124130230585e-06,0.0031832388174291,506,0.0094700382325498,2.4090909090909
12121|19660,12121,19660,Pseudomonas aeruginosa,99.03,602,619,0,0,0.9922928709055876,0.9902727272727272,0.99,296,0.0269090909090909,2.096268540707769e-05,0.0076370248643319,293,0.0145401052980385,2.69090909090909
12121|19660,12121,19660,Pseudomonas aeruginosa,99.03,603,620,0,0,0.996052148365773,0.9901818181818182,0.9901818181818182,259,0.0235454545454545,5.537270965305652e-06,0.0117391834640552,294,0.0169154682411325,2.35454545454545
12121|19660,12121,19660,Pseudomonas aeruginosa,99.03,604,621,0,0,0.9937603229950448,0.9891818181818182,0.989909090909091,265,0.024090909090909,3.5323804492559674e-06,0.0027087718304338,613,0.0002914693518951,2.4090909090909
12121|19660,12121,19660,Pseudomonas aeruginosa,99.03,605,622,0,0,0.9944036697247708,0.990909090909091,0.990909090909091,261,0.0237272727272727,4.721584653144539e-06,0.0043775629874828,227,0.0170459099778548,2.37272727272727
12121|19660,12121,19660,Pseudomonas aeruginosa,99.03,606,623,0,0,0.9944954128440368,0.990909090909091,0.990909090909091,260,0.0236363636363636,3.68448431076196e-06,0.0031136864318231,431,0.0234425802777701,2.36363636363636
12121|25668,12121,25668,Pseudomonas aeruginosa,99.09,322,649,0,0,0.992684042066758,0.9940909090909092,0.9940909090909092,210,0.019090909090909,7.678729781801508e-06,0.0059328604073226,445,0.0049685746248503,1.9090909090908998
12121|25668,12121,25668,Pseudomonas aeruginosa,99.09,323,650,0,0,0.9932228226028024,0.9926363636363637,0.9926363636363637,204,0.0185454545454545,1.176231629207436e-05,0.0052905120312724,405,0.0116059813457334,1.85454545454545
12228|35983,12228,35983,Staphylococcus epidermidis,99.57,1,1,0,0,0.9971802801528106,0.9992727272727272,0.9994545454545456,45,0.004090909090909,4.67667959092033e-06,0.003371314036295,73,0.01131539275915,0.4090909090909
12228|35983,12228,35983,Staphylococcus epidermidis,99.57,2,2,0,0,0.9883551673944688,0.999,0.9992727272727272,147,0.0133636363636363,9.957267253390968e-06,0.0044752518928644,173,0.0266612461563,1.33636363636363
12344|14289,12344,14289,Streptococcus pyogenes,98.92,0,0,0,0,0.9943636363636364,1.0,0.9999090909090907,63,0.0057272727272727,8.921968499220334e-06,0.007049425392895,176,0.0076311115206918,0.57272727272727
12344|14289,12344,14289,Streptococcus pyogenes,98.92,1,1,0,0,0.9968181818181818,0.9999090909090907,0.9999090909090907,37,0.0033636363636363,4.318295062089028e-06,0.0029478848132028,48,0.054485435718378,0.33636363636363
12344|14289,12344,14289,Streptococcus pyogenes,98.92,2,2,0,0,0.9948191237956736,0.9975454545454544,1.0,84,0.0076363636363636,2.643581256456251e-06,0.0023945503430552,139,0.0924203160773333,0.76363636363636
12344|14289,12344,14289,Streptococcus pyogenes,98.92,3,3,0,0,0.987639902676399,0.934,0.9340909090909092,392,0.0356363636363636,0.000104126289,0.0144637260431366,53,0.0403735709609813,3.56363636363636
12344|14289,12344,14289,Streptococcus pyogenes,98.92,6,6,0,0,0.9957572403615568,0.9855454545454544,0.9851818181818182,320,0.029090909090909,1.272152194975451e-05,0.0087394592551526,86,0.0526850439114626,2.9090909090909003
12344|14289,12344,14289,Streptococcus pyogenes,98.92,7,7,0,0,0.9976074353547436,0.9875454545454544,0.9877272727272728,298,0.027090909090909,6.709779034830277e-06,0.009947026932864,143,0.0244768174135184,2.7090909090909
12344|14289,12344,14289,Streptococcus pyogenes,98.92,8,8,0,0,0.9955016624291024,0.929,0.9296363636363636,350,0.0318181818181818,5.668035380823611e-06,0.0063123092502141,181,0.0217919337028891,3.18181818181818
12344|14289,12344,14289,Streptococcus pyogenes,98.92,9,9,0,0,0.994525719679094,0.963181818181818,0.963181818181818,366,0.0332727272727272,3.599215471317141e-05,0.010404593327055,161,0.0957863063007169,3.3272727272727196
12344|14289,12344,14289,Streptococcus pyogenes,98.92,10,10,0,0,0.9904367816091952,0.9886363636363636,0.986909090909091,370,0.0336363636363636,3.75920541255681e-05,0.0104616146517461,14,0.0010487714399474,3.36363636363636
12344|14289,12344,14289,Streptococcus pyogenes,98.92,11,11,0,0,0.9926477345832184,0.988909090909091,0.9886363636363636,327,0.0297272727272727,3.722255999405455e-05,0.0086797062016009,132,0.1419083149792914,2.97272727272727
12344|14289,12344,14289,Streptococcus pyogenes,98.92,12,12,0,0,0.9878572080708482,0.9951818181818182,0.9871818181818182,280,0.0254545454545454,2.251532712937987e-05,0.0069817713114823,3,0.0866090538741966,2.54545454545454
12344|14289,12344,14289,Streptococcus pyogenes,98.92,13,13,0,0,0.9956232333363728,0.9969090909090907,0.9969090909090907,116,0.0105454545454545,1.0945184037547406e-05,0.0091244023917942,32,0.0019669472019682,1.05454545454545
12344|14289,12344,14289,Streptococcus pyogenes,98.92,14,14,0,0,0.9902381169601314,0.9964545454545456,0.9963636363636365,174,0.0158181818181818,1.9584981890696795e-05,0.0062813659260611,48,0.0029908578512916,1.58181818181818
12344|14289,12344,14289,Streptococcus pyogenes,98.92,20,19,0,0,0.99387288523091,0.994,0.994,199,0.018090909090909,3.5278648645609145e-05,0.0118615882211173,117,0.0129702562353242,1.8090909090909002
12344|14289,12344,14289,Streptococcus pyogenes,98.92,21,20,0,0,0.9952061361457336,0.8533636363636363,0.852909090909091,231,0.021,2.49203430795486e-05,0.0078222843285244,143,0.0304298491209639,2.1
12344|14289,12344,14289,Streptococcus pyogenes,98.92,23,22,0,0,0.98119378577269,0.989909090909091,1.0,315,0.0286363636363636,2.7601431025203738e-06,0.0024017843825262,58,0.0146479237180031,2.8636363636363598
12344|14289,12344,14289,Streptococcus pyogenes,98.92,24,23,0,0,0.9931550606917952,0.9936363636363637,0.9960909090909092,188,0.017090909090909,2.413958060931698e-05,0.0129332086439794,72,0.0181454731963257,1.7090909090909001
12344|14289,12344,14289,Streptococcus pyogenes,98.92,25,24,0,0,0.994327538883806,0.9936363636363637,0.9936363636363637,202,0.0183636363636363,5.653368389646474e-06,0.0050587248590657,87,0.0045130319423665,1.83636363636363
12344|14289,12344,14289,Streptococcus pyogenes,98.92,26,25,0,0,0.9947859495060372,0.993,0.9936363636363637,204,0.0185454545454545,1.943939931758898e-05,0.0067983573943548,169,0.0509062783226724,1.85454545454545
12344|14289,12344,14289,Streptococcus pyogenes,98.92,27,26,0,0,0.990598758671048,0.995,0.9925454545454544,230,0.0209090909090909,1.3696929511031186e-05,0.0106729729496873,52,0.0230196015130075,2.09090909090909
12344|14289,12344,14289,Streptococcus pyogenes,98.92,28,27,0,0,0.9932376861920864,0.9948181818181818,0.9941818181818182,177,0.016090909090909,3.194444086163095e-05,0.010527497793493,16,0.0012069947580644,1.6090909090909
12386|27956,12386,27956,Streptococcus agalactiae,99.92,1,1,0,0,0.9996363636363635,0.9998181818181818,1.0,6,0.0005454545454545,7.072978727151735e-07,0.001189794464996,188,0.0465514987320754,0.054545454545450005
12386|27956,12386,27956,Streptococcus agalactiae,99.92,166,179,0,0,0.9998173349164308,0.9953636363636365,0.9953636363636365,104,0.0094545454545454,4.263719058772431e-05,0.010413637963048,7,0.0213595170496623,0.94545454545454
12386|27956,12386,27956,Streptococcus agalactiae,99.92,167,180,0,0,0.9985404123335158,0.9953636363636365,0.9964545454545456,106,0.0096363636363636,5.69598816941852e-05,0.0142954066191951,153,0.0089647566547121,0.96363636363636
12386|27956,12386,27956,Streptococcus agalactiae,99.92,168,181,0,0,0.9997263273125342,0.9964545454545456,0.9965454545454544,80,0.0072727272727272,6.276204376209904e-06,0.003648925018286,173,0.0053703467199155,0.72727272727272
12386|27956,12386,27956,Streptococcus agalactiae,99.92,206,219,0,0,0.9999038369073948,0.9453636363636364,0.9453636363636364,398,0.0361818181818181,0.0007406997439221,0.0561166786944696,138,0.000905554310149,3.61818181818181
12388|43078,12388,43078,Streptococcus dysgalactiae,95.95,2,2,0,0,0.9960144591713782,0.9806363636363636,0.9806363636363636,469,0.0426363636363636,4.434337192660287e-06,0.0070304507968727,194,0.1607849125101814,4.26363636363636
12453|29906,12453,29906,Proteus mirabilis,99.13,7,7,0,0,0.9928631013068866,0.9807272727272728,0.9807272727272728,501,0.0455454545454545,5.431840554126488e-06,0.0041786349597431,326,0.0146221476340387,4.55454545454545
12453|29906,12453,29906,Proteus mirabilis,99.13,8,8,0,0,0.9938820912124584,0.9796363636363636,0.9807272727272728,499,0.0453636363636363,3.8807673485963257e-05,0.0134342739973193,331,0.0135341649204736,4.53636363636363
12453|29906,12453,29906,Proteus mirabilis,99.13,9,9,0,0,0.9939680772086116,0.9795454545454544,0.9796363636363636,514,0.0467272727272727,3.501689124918439e-05,0.0084062756133957,299,0.0016127081510253,4.67272727272727
12453|29906,12453,29906,Proteus mirabilis,99.13,10,10,0,0,0.9956384558277654,0.9796363636363636,0.9795454545454544,496,0.045090909090909,3.651119115832824e-05,0.0121294601321836,201,0.0559641247497453,4.5090909090909
12453|29906,12453,29906,Proteus mirabilis,99.13,11,11,0,0,0.9949902588366268,0.979909090909091,0.9796363636363636,498,0.0452727272727272,8.09823664127407e-06,0.0052384295860694,273,0.0020556216553178,4.52727272727272
12453|29906,12453,29906,Proteus mirabilis,99.13,31,31,0,0,0.9930114942528736,0.9886363636363636,0.9885454545454544,305,0.0277272727272727,5.752511541001759e-05,0.0185305884577386,146,0.0748956492895098,2.7727272727272703
12453|29906,12453,29906,Proteus mirabilis,99.13,32,32,0,0,0.9951313613815912,0.9896363636363636,0.9896363636363636,281,0.0255454545454545,0.0001109132261396,0.015419987520026,314,0.0024281929640699,2.55454545454545
12453|29906,12453,29906,Proteus mirabilis,99.13,33,33,0,0,0.9943861586600404,0.9878181818181818,0.9878181818181818,289,0.0262727272727272,1.2338858778160322e-05,0.0051765760179034,319,0.0144059265467332,2.6272727272727203
12453|29906,12453,29906,Proteus mirabilis,99.13,34,34,0,0,0.9937238493723848,0.9559090909090908,0.9552727272727272,381,0.0346363636363636,5.054257922365579e-05,0.0105740340450595,247,0.0376621358684384,3.46363636363636
12453|29906,12453,29906,Proteus mirabilis,99.13,283,286,0,0,0.995360684071682,0.9993636363636365,0.9993636363636365,65,0.0059090909090909,7.0200382964458186e-06,0.0047843717945082,245,0.0254930207383439,0.59090909090909
12453|29906,12453,29906,Proteus mirabilis,99.13,284,287,0,0,0.9947239152187756,0.9993636363636365,0.9993636363636365,72,0.0065454545454545,7.231576537480855e-06,0.0042076245597791,321,0.0032993324826363,0.65454545454545
12453|29906,12453,29906,Proteus mirabilis,99.13,285,288,0,0,0.997089056672428,0.9992727272727272,0.9993636363636365,47,0.0042727272727272,7.75657733698143e-06,0.0067788053647397,362,0.0016212851140657,0.42727272727272
12453|29906,12453,29906,Proteus mirabilis,99.13,286,289,0,0,0.9988173216885008,0.9990909090909093,0.9992727272727272,31,0.0028181818181818,9.614870010610232e-06,0.0044333526349091,115,0.1293799091219898,0.28181818181818
12453|29906,12453,29906,Proteus mirabilis,99.13,287,290,0,0,0.9976342129208372,0.9990909090909093,0.9990909090909093,46,0.0041818181818181,1.704220200549056e-05,0.0092272410749758,301,0.0045686737006434,0.41818181818181
12453|29906,12453,29906,Proteus mirabilis,99.13,288,291,0,0,0.9952684258416744,0.9989090909090907,0.9990909090909093,74,0.0067272727272727,1.922231470885549e-06,0.0019789466522271,203,0.0625498565258061,0.67272727272727
12453|29906,12453,29906,Proteus mirabilis,99.13,289,292,0,0,0.9916234180096511,0.9982727272727272,0.9983636363636365,113,0.0102727272727272,2.876428406040077e-05,0.0115242004569337,329,0.0183197880398149,1.02727272727272
12453|29906,12453,29906,Proteus mirabilis,99.13,290,293,0,0,0.9967239967239968,0.999,0.999,57,0.0051818181818181,8.253056313800577e-06,0.0054777888344033,182,0.0751045680347066,0.51818181818181
12453|29906,12453,29906,Proteus mirabilis,99.13,291,294,0,0,0.9947219947219949,0.999,0.999,80,0.0072727272727272,4.238996594296829e-06,0.0032364512223619,214,0.0205282315580831,0.72727272727272
12453|29906,12453,29906,Proteus mirabilis,99.13,292,295,0,0,0.9951769951769952,0.999,0.999,75,0.0068181818181818,6.143020970128532e-06,0.0035734999455232,17,0.0114212532088058,0.68181818181818
12453|29906,12453,29906,Proteus mirabilis,99.13,293,296,0,0,0.9947229551451188,0.9991818181818182,0.999,78,0.007090909090909,4.035270922075895e-06,0.0033189373145608,33,0.0053731322175376,0.7090909090909
12453|29906,12453,29906,Proteus mirabilis,99.13,390,400,0,0,0.9937755481233742,0.9784545454545456,0.9784545454545456,516,0.0469090909090909,1.3808547338678425e-05,0.005589919195896,198,0.0226360716820166,4.69090909090909
12453|29906,12453,29906,Proteus mirabilis,99.13,391,401,0,0,0.9910904872389792,0.9795454545454544,0.9795454545454544,544,0.0494545454545454,3.4604412108674154e-05,0.0112681548348081,20,0.0474079428003304,4.94545454545454
12453|29906,12453,29906,Proteus mirabilis,99.13,392,402,0,0,0.9947104677060132,0.9795454545454544,0.9796363636363636,506,0.046,6.770031427349998e-05,0.023404501345451,75,0.0034221695209604,4.6
12453|35659,12453,35659,Proteus mirabilis,99.23,9,9,0,0,0.9956437111873204,0.9808181818181818,0.9808181818181818,469,0.0426363636363636,2.5424543693475243e-05,0.0081419605866787,213,0.0050238438591043,4.26363636363636
12453|35659,12453,35659,Proteus mirabilis,99.23,10,10,0,0,0.9949022152192049,0.9808181818181818,0.9807272727272728,478,0.0434545454545454,5.713091718084762e-05,0.0111884932686367,2,0.0259575944069871,4.3454545454545395
12453|35659,12453,35659,Proteus mirabilis,99.23,11,11,0,0,0.9953635014836796,0.9803636363636364,0.9796363636363636,482,0.0438181818181818,4.875624841260695e-05,0.0174161974883743,269,0.0304960588349675,4.38181818181818
12453|35659,12453,35659,Proteus mirabilis,99.23,12,12,0,0,0.996938775510204,0.98,0.9798181818181818,474,0.043090909090909,3.459296102681364e-06,0.0078865966069485,227,0.0572972703381914,4.3090909090909
12453|35659,12453,35659,Proteus mirabilis,99.23,13,13,0,0,0.9986082761180182,0.9798181818181818,0.9798181818181818,459,0.0417272727272727,1.272974741817201e-05,0.0054079856186424,160,0.0661262308005063,4.17272727272727
12453|35659,12453,35659,Proteus mirabilis,99.23,14,14,0,0,0.998792831274956,0.979,0.979,456,0.0414545454545454,2.0198212897559745e-05,0.0093585290265735,336,0.0824533463001144,4.145454545454539
12453|35659,12453,35659,Proteus mirabilis,99.23,15,15,0,0,0.9972137085539148,0.9788181818181818,0.9788181818181818,474,0.043090909090909,3.906296787237196e-05,0.0173993663241759,82,0.0095184916147957,4.3090909090909
12453|35659,12453,35659,Proteus mirabilis,99.23,16,16,0,0,0.9964746265887372,0.9798181818181818,0.979909090909091,481,0.0437272727272727,2.9476855527788004e-05,0.0209251747478163,209,0.0257427751047816,4.3727272727272695
12453|35659,12453,35659,Proteus mirabilis,99.23,17,17,0,0,0.9956396697281752,0.979909090909091,0.9798181818181818,490,0.0445454545454545,6.198323811879014e-06,0.0035866378789408,40,0.0087270526960426,4.45454545454545
12453|35659,12453,35659,Proteus mirabilis,99.23,18,18,0,0,0.996756556389584,0.9798181818181818,0.981,466,0.0423636363636363,3.346719021068978e-05,0.0153293360716288,102,0.1787109709148597,4.23636363636363
12453|35659,12453,35659,Proteus mirabilis,99.23,19,19,0,0,0.9946256486286138,0.981,0.98,487,0.0442727272727272,1.8953870586368996e-05,0.0076108059937627,269,0.0236906788917976,4.42727272727272
12453|35659,12453,35659,Proteus mirabilis,99.23,20,20,0,0,0.9956400742115028,0.98,0.98,487,0.0442727272727272,0.0003111786736702,0.0279058859043733,131,0.002142919401685,4.42727272727272
12453|35659,12453,35659,Proteus mirabilis,99.23,21,21,0,0,0.9945269016697588,0.98,0.98,498,0.0452727272727272,4.728633979023122e-05,0.0109249217445795,169,0.0681534919076193,4.52727272727272
12453|35659,12453,35659,Proteus mirabilis,99.23,22,22,0,0,0.9961966604823748,0.979909090909091,0.979909090909091,481,0.0437272727272727,0.0001373174053415,0.0165722328253625,108,0.0360511375707166,4.3727272727272695
12453|35659,12453,35659,Proteus mirabilis,99.23,23,23,0,0,0.9944341372912802,0.98,0.9795454545454544,504,0.0458181818181818,0.0001407350681787,0.0193859830554403,138,0.0008330992463604,4.58181818181818
12453|35659,12453,35659,Proteus mirabilis,99.23,24,24,0,0,0.9974013921113688,0.9795454545454544,0.9795454545454544,478,0.0434545454545454,5.627597387958261e-05,0.0114252757663533,123,0.0011116360716831,4.3454545454545395
12453|35659,12453,35659,Proteus mirabilis,99.23,69,67,0,0,0.9957673905042326,0.9878181818181818,0.988,311,0.0282727272727272,9.011180598528234e-05,0.0174000802067893,11,0.0003600408736696,2.82727272727272
12453|35659,12453,35659,Proteus mirabilis,99.23,70,68,0,0,0.994945782025363,0.988,0.9891818181818182,306,0.0278181818181818,5.254187948944278e-06,0.0063929326628278,72,0.0220752322393473,2.78181818181818
12453|35659,12453,35659,Proteus mirabilis,99.23,72,70,0,0,0.9946445060018468,0.9844545454545456,0.9844545454545456,399,0.0362727272727272,9.439755267348636e-06,0.0044424928595177,118,0.0060938533939978,3.62727272727272
12453|35659,12453,35659,Proteus mirabilis,99.23,73,71,0,0,0.9953827684920122,0.9844545454545456,0.9844545454545456,392,0.0356363636363636,3.769110054419045e-05,0.0109169150567663,174,0.0012345489230577,3.56363636363636
12453|35659,12453,35659,Proteus mirabilis,99.23,74,72,0,0,0.9919719479560763,0.9844545454545456,0.984,432,0.0392727272727272,2.265841173931804e-05,0.0084348183806092,118,0.0108789253045337,3.92727272727272
12453|35659,12453,35659,Proteus mirabilis,99.23,75,73,0,0,0.996581986143187,0.984,0.9840909090909092,387,0.0351818181818181,8.469119198606379e-06,0.006295976260551,111,0.0103811920943071,3.51818181818181
12453|35659,12453,35659,Proteus mirabilis,99.23,76,74,0,0,0.9950115473441108,0.9840909090909092,0.983909090909091,406,0.0369090909090909,5.737496151603239e-05,0.0109938841199171,104,0.1609747233812302,3.69090909090909
12453|35659,12453,35659,Proteus mirabilis,99.23,77,75,0,0,0.9954726046382704,0.983909090909091,0.983909090909091,402,0.0365454545454545,1.7564218213639293e-05,0.0064480099046513,157,0.0052189824449739,3.65454545454545
12453|35659,12453,35659,Proteus mirabilis,99.23,78,76,0,0,0.9951030213434352,0.983909090909091,0.983909090909091,407,0.037,2.1218889302954125e-05,0.0065162751507878,261,0.0144163649014835,3.6999999999999997
12453|35659,12453,35659,Proteus mirabilis,99.23,79,77,0,0,0.9956577974870656,0.983909090909091,0.984,398,0.0361818181818181,3.7755652433357767e-06,0.0027974187099084,148,0.0012098828624359,3.61818181818181
12453|35659,12453,35659,Proteus mirabilis,99.23,80,78,0,0,0.9908545034642032,0.984,0.9788181818181818,508,0.0461818181818181,0.0002892751647651,0.0240556444933338,320,0.0586099939122036,4.61818181818181
12453|35659,12453,35659,Proteus mirabilis,99.23,81,79,0,0,0.9936849925705796,0.9788181818181818,0.978909090909091,533,0.0484545454545454,4.8298595545448464e-05,0.0108438899854501,44,0.0011606836808131,4.84545454545454
12453|35659,12453,35659,Proteus mirabilis,99.23,82,80,0,0,0.9966567607726596,0.978909090909091,0.978909090909091,500,0.0454545454545454,7.052836841792143e-05,0.0123004880496026,202,0.0089266074705596,4.54545454545454
12598|9144,12598,9144,Staphylococcus aureus,99.92,0,0,0,0,0.9989090909090907,1.0,1.0,12,0.001090909090909,1.3802423045827794e-05,0.0155638287791213,277,0.0372519569787237,0.10909090909090001
12598|9144,12598,9144,Staphylococcus aureus,99.92,2,2,0,0,0.9966363636363637,1.0,0.9968181818181818,72,0.0065454545454545,8.061058349606576e-06,0.0040160260855024,115,0.0195071213975607,0.65454545454545
12598|9144,12598,9144,Staphylococcus aureus,99.92,3,3,0,0,0.9997264021887824,0.9968181818181818,0.9968181818181818,73,0.0066363636363636,1.5837439884314186e-05,0.0076863672819492,21,0.02161104303854,0.66363636363636
12598|9144,12598,9144,Staphylococcus aureus,99.92,4,4,0,0,0.9997264021887824,0.9968181818181818,0.9968181818181818,73,0.0066363636363636,4.58350442622546e-06,0.0044503566000918,104,0.0194033050689841,0.66363636363636
12598|9144,12598,9144,Staphylococcus aureus,99.92,5,5,0,0,0.9999088007295942,0.9968181818181818,0.9968181818181818,71,0.0064545454545454,1.2293978822297548e-05,0.0080138319707881,181,0.0095997238212863,0.6454545454545401
12598|9144,12598,9144,Staphylococcus aureus,99.92,6,6,0,0,0.9999088007295942,0.9968181818181818,0.9968181818181818,71,0.0064545454545454,7.412085829217041e-06,0.0039327497550298,166,0.0352620216073475,0.6454545454545401
12598|9144,12598,9144,Staphylococcus aureus,99.92,7,7,0,0,0.9997264021887824,0.9968181818181818,0.9968181818181818,73,0.0066363636363636,4.755949783885605e-06,0.0037442535309154,280,0.0057228902500335,0.66363636363636
12598|9144,12598,9144,Staphylococcus aureus,99.92,8,8,0,0,0.9995440452307132,0.9968181818181818,0.9969090909090907,74,0.0067272727272727,1.6484993609289234e-05,0.0057875925668536,117,0.0615638339151597,0.67272727272727
12598|9144,12598,9144,Staphylococcus aureus,99.92,9,9,0,0,0.99917943107221,0.9969090909090907,0.9968181818181818,77,0.007,1.0713487554214751e-05,0.0063768346176055,134,0.0840721701098303,0.7000000000000001
12598|9144,12598,9144,Staphylococcus aureus,99.92,10,10,0,0,0.999452804377565,0.9968181818181818,0.9968181818181818,76,0.0069090909090909,1.0576585144916884e-05,0.0061980314404108,18,0.0995841028700826,0.69090909090909
12598|9144,12598,9144,Staphylococcus aureus,99.92,11,11,0,0,0.9895464048722844,0.99,1.0,225,0.0204545454545454,1.9829235822221847e-05,0.0069601826495726,225,0.0323227528031165,2.04545454545454
12598|9144,12598,9144,Staphylococcus aureus,99.92,112,111,0,0,0.9996320147194112,0.9881818181818182,0.9880909090909092,265,0.024090909090909,0.0002736075802949,0.023405668938682,150,0.0106907764166973,2.4090909090909
12598|9144,12598,9144,Staphylococcus aureus,99.92,113,112,0,0,0.9997239856472536,0.9880909090909092,0.9880909090909092,265,0.024090909090909,2.1625031438210485e-05,0.0065769398609207,271,0.1173395589569542,2.4090909090909
12600|13565,12600,13565,Staphylococcus aureus,99.94,145,59,0,0,0.9996352361845704,0.9969090909090907,0.9969090909090907,72,0.0065454545454545,3.774417660307172e-06,0.0027952534606397,242,0.1531326628853128,0.65454545454545
12600|13565,12600,13565,Staphylococcus aureus,99.94,146,60,0,0,0.9998176180922852,0.9969090909090907,0.9969090909090907,70,0.0063636363636363,7.862919950585301e-06,0.0040754495074566,250,0.1294879149431911,0.6363636363636299
12600|13565,12600,13565,Staphylococcus aureus,99.94,147,61,0,0,0.9999088090461428,0.9969090909090907,0.9969090909090907,69,0.0062727272727272,8.248162778334844e-06,0.0040695894030399,25,0.0200046463824919,0.62727272727272
12600|13565,12600,13565,Staphylococcus aureus,99.94,148,62,0,0,0.9998176180922852,0.9969090909090907,0.9969090909090907,70,0.0063636363636363,1.0279103290100622e-05,0.0055904960511764,67,0.004307830902375,0.6363636363636299
12600|13565,12600,13565,Staphylococcus aureus,99.94,149,63,0,0,0.9998176180922852,0.9969090909090907,0.9969090909090907,70,0.0063636363636363,0.0001064786089787,0.0161389179199943,224,0.1204808933795673,0.6363636363636299
12600|13565,12600,13565,Staphylococcus aureus,99.94,150,64,0,0,0.999726427138428,0.9969090909090907,0.9969090909090907,71,0.0064545454545454,3.2526912672192765e-06,0.0029324178370168,154,0.0041392366027428,0.6454545454545401
12600|13565,12600,13565,Staphylococcus aureus,99.94,151,65,0,0,0.9998176180922852,0.9969090909090907,0.9969090909090907,70,0.0063636363636363,1.3118770970099725e-05,0.0051222607099851,6,0.018859447884491,0.6363636363636299
12600|13565,12600,13565,Staphylococcus aureus,99.94,152,66,0,0,0.998724722171616,0.998,0.9969090909090907,70,0.0063636363636363,8.774040382797388e-06,0.0047818390909456,30,0.0485195581483551,0.6363636363636299
12600|13565,12600,13565,Staphylococcus aureus,99.94,153,67,0,0,0.999635634906176,0.998,0.998,48,0.0043636363636363,3.4018083386877507e-06,0.0026370272443499,110,0.024475168118919,0.43636363636362996
12600|13565,12600,13565,Staphylococcus aureus,99.94,154,68,0,0,0.999817817453088,0.998,0.998,46,0.0041818181818181,5.00318294838209e-06,0.0046408848950586,2,0.01936815352454,0.41818181818181
12600|13565,12600,13565,Staphylococcus aureus,99.94,155,69,0,0,0.999817817453088,0.998,0.998,46,0.0041818181818181,3.5448835910001364e-06,0.003046813541055,153,0.0025105753761085,0.41818181818181
12600|13565,12600,13565,Staphylococcus aureus,99.94,156,70,0,0,0.999908908726544,0.998,0.998,45,0.004090909090909,4.837683019731642e-06,0.0042718121357702,143,0.0606586319014086,0.4090909090909
12600|13565,12600,13565,Staphylococcus aureus,99.94,157,71,0,0,0.999908908726544,0.998,0.998,45,0.004090909090909,1.7846071306615308e-05,0.0069401458892525,151,0.0163620891492193,0.4090909090909
12600|13565,12600,13565,Staphylococcus aureus,99.94,158,72,0,0,0.999817817453088,0.998,0.998,46,0.0041818181818181,6.986597432701025e-06,0.00381931038677,12,0.0110885635996369,0.41818181818181
12600|13565,12600,13565,Staphylococcus aureus,99.94,159,73,0,0,0.999908908726544,0.998,0.998,45,0.004090909090909,9.995424347319926e-06,0.0052905149351413,154,0.0354713968483806,0.4090909090909
12600|13565,12600,13565,Staphylococcus aureus,99.94,160,74,0,0,0.999635634906176,0.998,0.998,48,0.0043636363636363,4.558886601335743e-06,0.003037902234244,238,0.0160227302769497,0.43636363636362996
12600|13565,12600,13565,Staphylococcus aureus,99.94,161,75,0,0,1.0,0.9961818181818182,0.9961818181818182,45,0.004090909090909,6.323773014127454e-06,0.0042500136510875,64,0.0269574094033147,0.4090909090909
12600|13565,12600,13565,Staphylococcus aureus,99.94,162,76,0,0,0.999726726179632,0.998,0.998,47,0.0042727272727272,4.114721799508558e-06,0.0028697900150258,93,0.0076915893853568,0.42727272727272
12600|13565,12600,13565,Staphylococcus aureus,99.94,163,77,0,0,0.999908908726544,0.998,0.998,45,0.004090909090909,8.67458583964087e-06,0.0047326825323627,151,0.0110021602377115,0.4090909090909
12600|13565,12600,13565,Staphylococcus aureus,99.94,164,78,0,0,0.999908908726544,0.998,0.998,45,0.004090909090909,6.967532083845818e-06,0.0046077227550092,147,0.0889406702579616,0.4090909090909
12600|13565,12600,13565,Staphylococcus aureus,99.94,165,79,0,0,0.999635634906176,0.998,0.998,48,0.0043636363636363,1.3711537635074931e-05,0.0052598952990393,82,0.0060199520862802,0.43636363636362996
12600|13565,12600,13565,Staphylococcus aureus,99.94,166,80,0,0,0.999817817453088,0.998,0.998,46,0.0041818181818181,8.64785789977951e-06,0.0125896942232846,259,0.0097280421898313,0.41818181818181
12600|13565,12600,13565,Staphylococcus aureus,99.94,167,81,0,0,0.999908908726544,0.998,0.998,45,0.004090909090909,3.758049779367667e-06,0.0036291795800678,163,0.1342519062239484,0.4090909090909
12600|13565,12600,13565,Staphylococcus aureus,99.94,168,82,0,0,0.999908908726544,0.998,0.998,45,0.004090909090909,5.5701619869896746e-06,0.0038952833132032,235,0.0801090189968418,0.4090909090909
12600|13565,12600,13565,Staphylococcus aureus,99.94,169,83,0,0,0.999726726179632,0.998,0.998,47,0.0042727272727272,9.497110345035864e-06,0.006539747123404,193,0.014611214682235,0.42727272727272
12600|13565,12600,13565,Staphylococcus aureus,99.94,170,84,0,0,0.999908908726544,0.998,0.998,45,0.004090909090909,5.568492679075554e-06,0.0043796100141007,235,0.1423522601194273,0.4090909090909
12600|13565,12600,13565,Staphylococcus aureus,99.94,171,85,0,0,0.999908908726544,0.998,0.998,45,0.004090909090909,6.1654703087388185e-06,0.0038311235712716,191,0.0235438620104607,0.4090909090909
12600|13565,12600,13565,Staphylococcus aureus,99.94,172,86,0,0,0.999817817453088,0.998,0.998,46,0.0041818181818181,3.5673902498700727e-06,0.0026711998171879,258,0.0394025247105398,0.41818181818181
12600|13565,12600,13565,Staphylococcus aureus,99.94,173,87,0,0,0.999635634906176,0.998,0.998,48,0.0043636363636363,9.485598202796376e-06,0.0057478032988481,195,0.0092091704152572,0.43636363636362996
12600|13565,12600,13565,Staphylococcus aureus,99.94,174,88,0,0,0.9922572417562396,0.9903636363636364,0.998,213,0.0193636363636363,0.0001002806904693,0.0196822752873373,0,0.0569525095880909,1.93636363636363
12600|13565,12600,13565,Staphylococcus aureus,99.94,175,89,0,0,0.9998164127042408,0.9903636363636364,0.9903636363636364,214,0.0194545454545454,1.4849306095854333e-05,0.006009434876624,105,0.0157457777267995,1.9454545454545402
12600|13565,12600,13565,Staphylococcus aureus,99.94,176,90,0,0,0.9994492381127226,0.9902727272727272,0.9903636363636364,219,0.0199090909090909,0.0002145371424819,0.0256961335949183,252,0.0058247107737293,1.99090909090909
12600|13565,12600,13565,Staphylococcus aureus,99.94,192,106,0,0,0.9995349702380952,0.9773636363636364,0.9774545454545456,502,0.0456363636363636,4.061358607421184e-06,0.0130577327228911,258,0.05847452123682,4.56363636363636
12600|13565,12600,13565,Staphylococcus aureus,99.94,193,107,0,0,1.0,0.9773636363636364,0.9773636363636364,498,0.0452727272727272,0.000144000239443,0.0172023860109303,111,0.0109606152994863,4.52727272727272
12600|13565,12600,13565,Staphylococcus aureus,99.94,194,108,0,0,0.9999069853967072,0.9773636363636364,0.9773636363636364,499,0.0453636363636363,9.82461937237833e-06,0.0046857275298386,239,0.0416186131557214,4.53636363636363
12600|35556,12600,35556,Staphylococcus aureus,99.88,58,249,0,0,0.9998166315210416,0.9915454545454544,0.9915454545454544,188,0.017090909090909,1.1382121314129634e-05,0.0062726181572314,106,0.0536694027485932,1.7090909090909001
12600|35556,12600,35556,Staphylococcus aureus,99.88,59,250,0,0,1.0,0.9915454545454544,0.9915454545454544,186,0.0169090909090909,8.072895558819404e-06,0.004089115760346,48,0.1207741767102738,1.69090909090909
12600|35556,12600,35556,Staphylococcus aureus,99.88,60,251,0,0,0.9997249724972496,0.9916363636363636,0.9915454545454544,188,0.017090909090909,4.735454089077607e-06,0.0031034282109488,8,0.1173532518576117,1.7090909090909001
12600|35556,12600,35556,Staphylococcus aureus,99.88,61,252,0,0,0.99990832416575,0.9916363636363636,0.9915454545454544,186,0.0169090909090909,1.9663782947709763e-05,0.0121850205968159,172,0.0074725610874291,1.69090909090909
12600|35556,12600,35556,Staphylococcus aureus,99.88,62,253,0,0,1.0,0.9916363636363636,0.9916363636363636,184,0.0167272727272727,5.198197085221068e-06,0.0046086825508316,200,0.0128493154461207,1.6727272727272697
12600|35556,12600,35556,Staphylococcus aureus,99.88,63,254,0,0,0.99990832416575,0.9916363636363636,0.9916363636363636,185,0.0168181818181818,1.7732136852743885e-05,0.0103685661894715,219,0.0827273605700732,1.68181818181818
12600|35556,12600,35556,Staphylococcus aureus,99.88,77,268,0,0,0.9948811700182816,0.9895454545454544,0.9945454545454544,231,0.021,2.411192545592744e-05,0.0182798075870138,225,0.0267979655946147,2.1
12600|35556,12600,35556,Staphylococcus aureus,99.88,78,269,0,0,0.9844545454545456,0.9846363636363636,1.0,340,0.0309090909090909,3.466829006870675e-05,0.0085699921997435,61,0.0135595279772061,3.09090909090909
12600|35556,12600,35556,Staphylococcus aureus,99.88,79,270,0,0,0.9999086424264572,0.9950909090909092,0.9950909090909092,109,0.0099090909090909,1.889370734320384e-05,0.0093752359217887,264,0.0012608066929657,0.9909090909090901
12600|35556,12600,35556,Staphylococcus aureus,99.88,80,271,0,0,0.9999086424264572,0.9950909090909092,0.9950909090909092,109,0.0099090909090909,1.5157404241961103e-05,0.0104510873383395,63,0.018287931678673,0.9909090909090901
12600|35556,12600,35556,Staphylococcus aureus,99.88,81,272,0,0,0.991426486683692,0.9901818181818182,0.9950909090909092,248,0.0225454545454545,6.047493498084755e-06,0.0034925998500322,176,0.0399494504473576,2.25454545454545
12600|35556,12600,35556,Staphylococcus aureus,99.88,82,273,0,0,1.0,0.9901818181818182,0.9901818181818182,216,0.0196363636363636,4.205060174067299e-05,0.0097300659346515,33,0.0491393074371035,1.96363636363636
12600|35556,12600,35556,Staphylococcus aureus,99.88,83,274,0,0,0.9999059089198344,0.966181818181818,0.966181818181818,298,0.027090909090909,0.0001798284790981,0.0235678061399492,271,0.0104678482807407,2.7090909090909
13048|49701,13048,49701,Klebsiella aerogenes,98.81,0,0,0,0,0.9887272727272728,1.0,0.9995454545454544,128,0.0116363636363636,6.205475241216618e-06,0.0042626217985929,296,0.013340081055413,1.16363636363636
13048|49701,13048,49701,Klebsiella aerogenes,98.81,2,2,0,0,0.9824561403508772,0.9994545454545456,0.9964545454545456,224,0.0203636363636363,6.310425745059689e-06,0.0050086608628464,200,0.0034066842180696,2.03636363636363
13048|49701,13048,49701,Klebsiella aerogenes,98.81,3,3,0,0,0.98,0.9957272727272728,1.0,267,0.0242727272727272,7.043256207839299e-05,0.016021528412603,115,0.0001983242935984,2.42727272727272
13048|49701,13048,49701,Klebsiella aerogenes,98.81,215,213,0,0,0.9886375591793792,0.8640909090909091,0.8640909090909091,269,0.0244545454545454,4.867613701664553e-06,0.0085815098372216,504,0.0014285995786421,2.44545454545454
13048|49701,13048,49701,Klebsiella aerogenes,98.81,216,214,0,0,0.9895785720815432,0.9942727272727272,0.9944545454545456,238,0.0216363636363636,9.819458211213217e-06,0.0099850914326761,329,0.0312348521392031,2.16363636363636
13048|49701,13048,49701,Klebsiella aerogenes,98.81,217,215,0,0,0.9919539178933894,0.9942727272727272,0.9942727272727272,214,0.0194545454545454,2.4253691024433977e-06,0.0022402722531917,2,0.0002440887645124,1.9454545454545402
13048|49701,13048,49701,Klebsiella aerogenes,98.81,218,216,0,0,0.9934168419127732,0.9942727272727272,0.9942727272727272,198,0.018,6.53547846107827e-06,0.0036170276756819,44,0.0005809145708324,1.7999999999999998
13048|49701,13048,49701,Klebsiella aerogenes,98.81,302,295,0,0,0.9855878865274104,0.9966363636363637,0.9966363636363637,232,0.021090909090909,7.38631479368923e-06,0.005544250215726,60,0.0559075194181717,2.1090909090909
13048|49701,13048,49701,Klebsiella aerogenes,98.81,303,296,0,0,0.9913344887348352,0.9966363636363637,0.9966363636363637,169,0.0153636363636363,1.153285557231598e-05,0.0051893910472164,397,0.0440912094088428,1.53636363636363
13048|49701,13048,49701,Klebsiella aerogenes,98.81,304,297,0,0,0.989155693261038,0.8214545454545454,0.8214545454545454,214,0.0194545454545454,9.96011314358114e-06,0.0044682097373908,39,0.0103055068833983,1.9454545454545402
13048|49701,13048,49701,Klebsiella aerogenes,98.81,305,298,0,0,0.9920598704024824,0.9960909090909092,0.9960909090909092,163,0.0148181818181818,3.8498138066334064e-06,0.003228404044309,448,0.1162444739472812,1.48181818181818
13048|49701,13048,49701,Klebsiella aerogenes,98.81,367,358,0,0,0.9903118656578704,0.9851818181818182,0.9851818181818182,396,0.036,3.712425432578215e-05,0.009110753587486,284,0.0065086261899582,3.5999999999999996
13048|49701,13048,49701,Klebsiella aerogenes,98.81,368,359,0,0,0.9974203058780172,0.9867272727272728,0.9867272727272728,320,0.029090909090909,1.683545377173523e-05,0.005935421672137,369,0.0125325130255675,2.9090909090909003
13048|49701,13048,49701,Klebsiella aerogenes,98.81,369,360,0,0,0.9940844810056382,0.9835454545454544,0.9835454545454544,356,0.0323636363636363,9.305440243911889e-06,0.0050020104018269,60,0.0051749533858831,3.23636363636363
13048|49701,13048,49701,Klebsiella aerogenes,98.81,370,361,0,0,0.9901409748456648,0.9866363636363636,0.9862727272727272,402,0.0365454545454545,5.879054806756656e-06,0.0053182565838329,125,0.1008422640282654,3.65454545454545
13048|49701,13048,49701,Klebsiella aerogenes,98.81,371,362,0,0,0.990967741935484,0.9863636363636364,0.9863636363636364,398,0.0361818181818181,1.0418484125640504e-05,0.0076401515313276,387,0.003123732266089,3.61818181818181
13048|49701,13048,49701,Klebsiella aerogenes,98.81,373,364,0,0,0.995299539170507,0.9863636363636364,0.9862727272727272,352,0.032,1.592435156216876e-05,0.0072697200894906,87,0.02365911448025,3.2
13048|49701,13048,49701,Klebsiella aerogenes,98.81,374,365,0,0,0.9894087308896666,0.9862727272727272,0.9862727272727272,407,0.037,6.978423044534665e-06,0.0073293618854506,51,0.0017959537556525,3.6999999999999997
13048|49701,13048,49701,Klebsiella aerogenes,98.81,376,367,0,0,0.989179525780956,0.966181818181818,0.966181818181818,445,0.0404545454545454,0.0001084089452905,0.016596186325174,322,0.0002931399746147,4.0454545454545405
13048|51697,13048,51697,Klebsiella aerogenes,99.02,0,0,0,0,0.9985454545454544,1.0,1.0,16,0.0014545454545454,6.336952654839578e-07,0.0011371857198265,161,0.0102955334174643,0.14545454545454
13048|51697,13048,51697,Klebsiella aerogenes,99.02,1,1,0,0,0.9995454545454544,1.0,1.0,5,0.0004545454545454,4.241415892503042e-06,0.0036274588735879,353,0.0040262254335157,0.04545454545454
13048|51697,13048,51697,Klebsiella aerogenes,99.02,2,2,0,0,0.9996363636363635,1.0,1.0,4,0.0003636363636363,4.820671393290787e-06,0.0033582064597585,218,0.0151641227214543,0.036363636363630006
13048|51697,13048,51697,Klebsiella aerogenes,99.02,3,3,0,0,0.984,0.9956363636363637,1.0,224,0.0203636363636363,3.69884889461769e-06,0.002722292321471,224,0.0024696284218231,2.03636363636363
13048|51697,13048,51697,Klebsiella aerogenes,99.02,4,4,0,0,0.9906934306569344,0.9961818181818182,0.9957272727272728,191,0.0173636363636363,4.073339957166855e-05,0.0099487150227896,46,0.0086302443337048,1.73636363636363
13048|51697,13048,51697,Klebsiella aerogenes,99.02,28,27,0,0,0.997492803417216,0.979,0.979,489,0.0444545454545454,2.6325520742886965e-05,0.0099611455382508,392,0.0002467658171997,4.44545454545454
13048|51697,13048,51697,Klebsiella aerogenes,99.02,29,28,0,0,0.998050863189159,0.9794545454545456,0.9783636363636364,471,0.0428181818181818,1.6653693544643744e-05,0.0061176183476965,151,0.0015080990330433,4.2818181818181795
13048|51697,13048,51697,Klebsiella aerogenes,99.02,31,30,0,0,0.9835341734890994,0.9882727272727272,0.9800909090909092,525,0.0477272727272727,1.4808874985394738e-05,0.00556517688834,343,0.0317073439681456,4.77272727272727
13048|51697,13048,51697,Klebsiella aerogenes,99.02,152,144,0,0,0.9980452387601229,0.9766363636363636,0.9766363636363636,535,0.0486363636363636,1.5514696071639023e-05,0.0078772008663982,18,0.0018834141803727,4.863636363636361
13048|51697,13048,51697,Klebsiella aerogenes,99.02,153,145,0,0,0.9994414967886064,0.9766363636363636,0.9765454545454544,521,0.0473636363636363,2.448239506569472e-05,0.0083623978779215,506,0.0039267685940409,4.73636363636363
13048|51697,13048,51697,Klebsiella aerogenes,99.02,154,146,0,0,0.9975795941165518,0.9765454545454544,0.9765454545454544,542,0.0492727272727272,1.696910395343476e-05,0.0178116545979954,32,0.0145886434959441,4.92727272727272
13048|51697,13048,51697,Klebsiella aerogenes,99.02,155,147,0,0,0.9998138149320424,0.9765454545454544,0.9765454545454544,518,0.047090909090909,2.843950297581888e-05,0.007632467079999,197,0.007664624627117,4.7090909090909
13048|51697,13048,51697,Klebsiella aerogenes,99.02,156,148,0,0,0.9998138149320424,0.9765454545454544,0.9765454545454544,518,0.047090909090909,2.6327265082226603e-05,0.0086963098952619,389,0.0011777772392751,4.7090909090909
13048|51697,13048,51697,Klebsiella aerogenes,99.02,157,149,0,0,0.9978588717184882,0.9765454545454544,0.9765454545454544,539,0.049,3.32093180447357e-05,0.0179117234001606,490,0.0594477044577005,4.9
13048|51697,13048,51697,Klebsiella aerogenes,99.02,160,152,0,0,0.9999069594343134,0.9770909090909092,0.9770909090909092,505,0.0459090909090909,2.5080330473215007e-05,0.010137108250622,86,0.0003954849933922,4.59090909090909
13048|51697,13048,51697,Klebsiella aerogenes,99.02,161,153,0,0,0.99972087830294,0.9770909090909092,0.9770909090909092,507,0.046090909090909,1.619132085095565e-05,0.0066800180270336,184,0.0764508943627756,4.6090909090909005
13048|51697,13048,51697,Klebsiella aerogenes,99.02,162,154,0,0,0.9996278377372534,0.9770909090909092,0.9770909090909092,508,0.0461818181818181,6.140272856169915e-06,0.0063698502766843,110,0.0026526702963713,4.61818181818181
13048|51697,13048,51697,Klebsiella aerogenes,99.02,163,155,0,0,0.99972087830294,0.9770909090909092,0.9770909090909092,507,0.046090909090909,2.794189444499384e-05,0.0110441629004429,12,0.0002651079003586,4.6090909090909005
13048|51697,13048,51697,Klebsiella aerogenes,99.02,164,156,0,0,0.9986974320803872,0.9770909090909092,0.977,519,0.0471818181818181,3.151302311010795e-05,0.0089045460055463,166,0.0238258380894359,4.71818181818181
13048|51697,13048,51697,Klebsiella aerogenes,99.02,176,168,0,0,0.9965804066543438,0.9836363636363636,0.9836363636363636,397,0.036090909090909,2.4157096820465185e-05,0.0106745023051391,8,0.000461344502907,3.6090909090909
13048|51697,13048,51697,Klebsiella aerogenes,99.02,177,169,0,0,0.9983364140480592,0.9836363636363636,0.9836363636363636,378,0.0343636363636363,5.858983479423152e-05,0.0124536565745333,282,0.0335575183345479,3.43636363636363
13048|51697,13048,51697,Klebsiella aerogenes,99.02,178,170,0,0,0.9995378927911276,0.9836363636363636,0.9835454545454544,366,0.0332727272727272,0.0001328651008259,0.0202289177339088,326,0.0029769916064165,3.3272727272727196
13048|51697,13048,51697,Klebsiella aerogenes,99.02,179,171,0,0,0.9999075700157132,0.9835454545454544,0.9835454545454544,363,0.033,9.66809531743884e-06,0.0080690760428231,250,0.0006910446072265,3.3000000000000003
13048|51697,13048,51697,Klebsiella aerogenes,99.02,186,196,0,0,0.9927509634795376,0.9907272727272728,0.9907272727272728,283,0.0257272727272727,2.623770776999379e-05,0.0072468499404646,237,0.0041760805246071,2.57272727272727
13048|51697,13048,51697,Klebsiella aerogenes,99.02,187,197,0,0,0.98963112497706,0.9907272727272728,0.9907272727272728,317,0.0288181818181818,2.1578108974962262e-05,0.0133979714579953,199,0.0002029258975342,2.88181818181818
13048|51697,13048,51697,Klebsiella aerogenes,99.02,188,198,0,0,0.994537037037037,0.9818181818181818,0.9818181818181818,267,0.0242727272727272,1.109556002254486e-05,0.0056303339324352,364,0.0064332153394505,2.42727272727272
13048|51697,13048,51697,Klebsiella aerogenes,99.02,189,199,0,0,0.9954979786843072,0.9894545454545456,0.9893636363636364,252,0.0229090909090909,4.681490570312974e-06,0.0033239557723659,384,0.0088791426302438,2.29090909090909
13048|51697,13048,51697,Klebsiella aerogenes,99.02,190,200,0,0,0.9940361501055144,0.9907272727272728,0.9908181818181818,268,0.0243636363636363,4.577557517149167e-06,0.005390049515708,107,0.0510990484752753,2.43636363636363
13048|51697,13048,51697,Klebsiella aerogenes,99.02,191,201,0,0,0.9922935779816514,0.9905454545454544,0.9908181818181818,288,0.0261818181818181,6.431967306463893e-05,0.0130613694620313,10,0.0051776418653274,2.61818181818181
13048|51697,13048,51697,Klebsiella aerogenes,99.02,192,202,0,0,0.9971549192364172,0.9905454545454544,0.9905454545454544,239,0.0217272727272727,2.4221839081794982e-05,0.0073530354084204,523,0.0102932360414818,2.1727272727272697
13048|51697,13048,51697,Klebsiella aerogenes,99.02,193,203,0,0,0.9968795888399412,0.9905454545454544,0.9905454545454544,242,0.022,3.237176735360059e-05,0.0089425010786621,435,0.0004820948936478,2.1999999999999997
13048|51697,13048,51697,Klebsiella aerogenes,99.02,194,204,0,0,0.9961453744493391,0.9905454545454544,0.9905454545454544,250,0.0227272727272727,8.158150989090451e-06,0.0048996020142523,523,0.0025600761159578,2.27272727272727
13048|51697,13048,51697,Klebsiella aerogenes,99.02,201,211,0,0,0.9919347362566052,0.9806363636363636,0.9805454545454544,514,0.0467272727272727,1.925897931565057e-05,0.0100813628029789,161,9.0336365717536e-05,4.67272727272727
13048|51697,13048,51697,Klebsiella aerogenes,99.02,202,212,0,0,0.992862439747868,0.9807272727272728,0.9806363636363636,501,0.0455454545454545,0.0001109468490234,0.0181402321372963,496,0.0063157110815276,4.55454545454545
13076|9120,13076,9120,Salmonella enterica,99.7,65,361,0,0,0.9966188524590164,0.886090909090909,0.8868181818181818,549,0.0499090909090909,5.704902069614271e-05,0.0339319298251948,137,0.0082858182971401,4.99090909090909
13076|9120,13076,9120,Salmonella enterica,99.7,66,362,0,0,0.9987074139045332,0.9846363636363636,0.9846363636363636,352,0.032,1.2103788575634766e-05,0.0053558096592607,225,0.1152599727619353,3.2
13076|9120,13076,9120,Salmonella enterica,99.7,67,363,0,0,0.9997230172652573,0.9846363636363636,0.9846363636363636,341,0.031,6.618531728264099e-05,0.0132491071787205,296,0.000647494896194,3.1
13076|9120,13076,9120,Salmonella enterica,99.7,68,364,0,0,0.999353527890654,0.9841818181818182,0.9843636363636364,343,0.0311818181818181,3.67075526463978e-05,0.0098285705347219,432,0.1242934819852211,3.1181818181818097
13076|9120,13076,9120,Salmonella enterica,99.7,221,47,0,0,0.999630416705165,0.983909090909091,0.983909090909091,358,0.0325454545454545,3.388509125168415e-05,0.0136211776587205,18,0.0124380284792064,3.2545454545454504
13076|9120,13076,9120,Salmonella enterica,99.7,222,48,0,0,0.9985218033998522,0.984,0.983909090909091,369,0.0335454545454545,2.084237606636563e-05,0.0089827211892688,142,0.0444288260644324,3.3545454545454505
13076|9120,13076,9120,Salmonella enterica,99.7,223,49,0,0,0.9978760735063256,0.984,0.984,370,0.0336363636363636,0.0003613485604405,0.0437372120818319,458,0.009465050119501,3.36363636363636
13076|9120,13076,9120,Salmonella enterica,99.7,224,50,0,0,0.999260901699926,0.984,0.984,360,0.0327272727272727,1.0479701891608071e-05,0.0113413836119147,173,0.0085757887133181,3.2727272727272703
13076|9120,13076,9120,Salmonella enterica,99.7,225,51,0,0,0.9993532889874354,0.984,0.984,359,0.0326363636363636,1.712628597605459e-06,0.0018940145283466,429,0.0024442280374903,3.26363636363636
13076|9120,13076,9120,Salmonella enterica,99.7,226,52,0,0,0.9990761271249076,0.984,0.984,362,0.0329090909090909,6.0321290537013184e-05,0.0193406941469609,36,0.0066663195164897,3.29090909090909
13076|9120,13076,9120,Salmonella enterica,99.7,227,53,0,0,0.999260901699926,0.984,0.984,360,0.0327272727272727,5.383093212729673e-05,0.0103874805515867,323,0.1149086096716541,3.2727272727272703
13076|9120,13076,9120,Salmonella enterica,99.7,228,54,0,0,0.9964918759231906,0.984,0.984,381,0.0346363636363636,2.2186519645028824e-05,0.0067159602770638,413,0.1198646624605984,3.46363636363636
13076|9120,13076,9120,Salmonella enterica,99.7,229,55,0,0,0.9995381062355658,0.9840909090909092,0.984,356,0.0323636363636363,0.0001119468647481,0.0162567479509211,465,0.0505619064175313,3.23636363636363
13076|9120,13076,9120,Salmonella enterica,99.7,230,56,0,0,0.9987990762124712,0.9840909090909092,0.9840909090909092,363,0.033,1.3834896760323012e-05,0.0080395336842539,344,0.0006815325179854,3.3000000000000003
13076|9120,13076,9120,Salmonella enterica,99.7,231,57,0,0,0.9987066974595844,0.984,0.9840909090909092,365,0.0331818181818181,4.397092916552658e-06,0.0070102835256113,332,0.0080677959544852,3.31818181818181
13076|9120,13076,9120,Salmonella enterica,99.7,232,58,0,0,0.9997228381374724,0.984,0.984,355,0.0322727272727272,2.936410206566542e-05,0.0082719247223293,23,0.0038995915205415,3.2272727272727204
13076|9120,13076,9120,Salmonella enterica,99.7,233,59,0,0,0.9943918359841868,0.9888181818181818,0.984,360,0.0327272727272727,1.7628978972950016e-05,0.0179012634762212,316,0.0004255879454261,3.2727272727272703
13076|9120,13076,9120,Salmonella enterica,99.7,234,60,0,0,0.9840909090909092,1.0,0.9850909090909092,339,0.0308181818181818,2.452383290751925e-05,0.0134558986212333,154,0.0355922346854932,3.0818181818181802
13076|9120,13076,9120,Salmonella enterica,99.7,235,61,0,0,0.99826673964605,0.9965454545454544,0.9958181818181818,103,0.0093636363636363,9.609302745849924e-06,0.0066988858436817,21,0.0051200327769392,0.93636363636363
13076|9120,13076,9120,Salmonella enterica,99.7,236,62,0,0,0.9991783823260908,0.9958181818181818,0.9956363636363637,103,0.0093636363636363,0.0002571731151116,0.0318240356430917,110,0.0429484112244917,0.93636363636363
13076|9120,13076,9120,Salmonella enterica,99.7,237,63,0,0,0.998082717063818,0.9957272727272728,0.9956363636363637,116,0.0105454545454545,3.703294385670741e-05,0.0156953565882851,130,0.0012909821655215,1.05454545454545
13076|9120,13076,9120,Salmonella enterica,99.7,238,64,0,0,0.9992695398100804,0.9956363636363637,0.9956363636363637,104,0.0094545454545454,0.0001346227305186,0.0279387324258579,341,0.0083628435764364,0.94545454545454
13076|9120,13076,9120,Salmonella enterica,99.7,239,65,0,0,0.99990869247626,0.9956363636363637,0.9956363636363637,97,0.0088181818181818,4.535224191304366e-06,0.0040669523930265,275,0.1533888034374034,0.88181818181818
13076|9120,13076,9120,Salmonella enterica,99.7,240,66,0,0,0.9990869247626004,0.9956363636363637,0.9954545454545456,108,0.0098181818181818,0.0002353219692403,0.0233641248888964,16,0.0004074906668156,0.98181818181818
13076|9120,13076,9120,Salmonella enterica,99.7,241,67,0,0,0.9986301369863012,0.9954545454545456,0.9950909090909092,119,0.0108181818181818,0.0005520082273955,0.0633559184658786,463,0.0020283965047549,1.08181818181818
13076|9120,13076,9120,Salmonella enterica,99.7,242,68,0,0,0.9989037091174858,0.9950909090909092,0.9950909090909092,120,0.0109090909090909,1.9849675710226226e-05,0.0063311708751426,4,0.0105694761575358,1.09090909090909
13076|9120,13076,9120,Salmonella enterica,99.7,243,69,0,0,0.999634603087604,0.9950909090909092,0.9951818181818182,111,0.010090909090909,5.620806995731975e-06,0.0047000221454842,5,0.0053038108549048,1.0090909090909
13076|9120,13076,9120,Salmonella enterica,99.7,244,70,0,0,0.9995432538595048,0.9951818181818182,0.9951818181818182,111,0.010090909090909,3.318186269973822e-06,0.0025766271070796,460,0.000424517043809,1.0090909090909
13076|9120,13076,9120,Salmonella enterica,99.7,245,71,0,0,0.999269206175208,0.9951818181818182,0.9951818181818182,114,0.0103636363636363,9.685740176790247e-06,0.0066176545999696,412,0.0004166703081509,1.0363636363636302
13076|9120,13076,9120,Salmonella enterica,99.7,246,72,0,0,0.9986297615785148,0.9951818181818182,0.9948181818181818,125,0.0113636363636363,4.53596362066655e-05,0.0168965882215477,463,0.0024476426917319,1.13636363636363
13076|9120,13076,9120,Salmonella enterica,99.7,247,73,0,0,0.998720643333638,0.9948181818181818,0.9945454545454544,131,0.0119090909090909,0.0001299805314209,0.0227329578795779,324,0.0144328419286,1.19090909090909
13076|9120,13076,9120,Salmonella enterica,99.7,248,74,0,0,0.9984460694698356,0.9945454545454544,0.9944545454545456,138,0.0125454545454545,7.736981630257489e-05,0.0152311085151198,226,0.0644249790690296,1.25454545454545
13182|700324,13182,700324,Klebsiella oxytoca,99.39,0,0,0,0,0.9948181818181818,1.0,1.0,57,0.0051818181818181,3.2109846976879908e-06,0.0028903553883589,1,0.0070926621450039,0.51818181818181
13182|700324,13182,700324,Klebsiella oxytoca,99.39,1,1,0,0,0.9938181818181818,1.0,1.0,68,0.0061818181818181,2.581662717604516e-06,0.002501413383074,315,0.0127424793359719,0.61818181818181
13182|700324,13182,700324,Klebsiella oxytoca,99.39,2,2,0,0,0.9969719214534776,0.9907272727272728,0.9907272727272728,47,0.0042727272727272,7.709893569463055e-06,0.004116376307813,84,0.0037311965309378,0.42727272727272
13182|700324,13182,700324,Klebsiella oxytoca,99.39,3,3,0,0,0.9963639669120988,1.0,0.9999090909090907,41,0.0037272727272727,3.5570494371084398e-06,0.0030456804453065,47,0.0080427708069459,0.37272727272727
13182|700324,13182,700324,Klebsiella oxytoca,99.39,5,5,0,0,0.9955427892234548,0.917818181818182,0.917818181818182,217,0.0197272727272727,2.3260728256757623e-05,0.0079644597964929,406,0.003022010223622,1.97272727272727
13182|700324,13182,700324,Klebsiella oxytoca,99.39,6,6,0,0,0.9957054093567252,0.9949090909090909,0.9949090909090909,159,0.0144545454545454,2.3956451555173786e-05,0.0071372977677341,113,0.0131715386500336,1.44545454545454
13182|700324,13182,700324,Klebsiella oxytoca,99.39,7,7,0,0,0.9954312865497076,0.9948181818181818,0.9949090909090909,163,0.0148181818181818,4.544224787794704e-06,0.0030686271152473,395,0.0013977907077009,1.48181818181818
13182|700324,13182,700324,Klebsiella oxytoca,99.39,85,86,0,0,0.9966884284227456,0.9608181818181818,0.9608181818181818,296,0.0269090909090909,5.331406927433502e-05,0.0140464660841863,114,0.0380397911451102,2.69090909090909
13182|700324,13182,700324,Klebsiella oxytoca,99.39,247,240,0,0,0.9909435357175862,0.9837272727272728,0.9807272727272728,478,0.0434545454545454,2.182448690746241e-05,0.0081476186820111,527,0.0046588845305983,4.3454545454545395
13182|700324,13182,700324,Klebsiella oxytoca,99.39,248,241,0,0,0.9968501019084676,0.9810909090909092,0.9812727272727272,447,0.0406363636363636,7.521052490799818e-06,0.0063009663433801,495,0.0048529162223608,4.06363636363636
13182|700324,13182,700324,Klebsiella oxytoca,99.39,249,242,0,0,0.9954553886106474,0.9801818181818182,0.9801818181818182,461,0.0419090909090909,5.867529191849741e-06,0.0089205728412675,359,0.0083560100410868,4.1909090909090905
13182|700324,13182,700324,Klebsiella oxytoca,99.39,250,243,0,0,0.9944418712366836,0.9812727272727272,0.9813636363636364,469,0.0426363636363636,0.0001772274437429,0.0204776336900106,328,0.0060382306347712,4.26363636363636
13182|700324,13182,700324,Klebsiella oxytoca,99.39,251,244,0,0,0.9953682260305696,0.9813636363636364,0.9813636363636364,460,0.0418181818181818,1.4264373715544563e-05,0.0070523350289888,52,0.0005364655753903,4.18181818181818
13182|700324,13182,700324,Klebsiella oxytoca,99.39,252,245,0,0,0.9949976841130151,0.9813636363636364,0.9813636363636364,464,0.0421818181818181,1.7842414173685484e-05,0.0073371732598722,318,0.0095291999484996,4.21818181818181
13182|700324,13182,700324,Klebsiella oxytoca,99.39,253,246,0,0,0.9948042308406012,0.9798181818181818,0.9798181818181818,465,0.0422727272727272,0.0003193619232102,0.0263834513348332,119,0.022392736802278,4.2272727272727195
13182|700324,13182,700324,Klebsiella oxytoca,99.39,254,247,0,0,0.9963768115942028,0.9785454545454544,0.9784545454545456,450,0.0409090909090909,3.32917727112747e-05,0.0098189919192879,14,0.0064626771445144,4.09090909090909
13182|700324,13182,700324,Klebsiella oxytoca,99.39,255,248,0,0,0.9966573816155988,0.979,0.979,448,0.0407272727272727,1.861544997550091e-05,0.0076124703501112,179,0.0009451532899618,4.0727272727272705
13182|700324,13182,700324,Klebsiella oxytoca,99.39,256,249,0,0,0.992677048572488,0.9807272727272728,0.9806363636363636,490,0.0445454545454545,2.17392010506412e-05,0.0077093084044513,248,0.0002935500179703,4.45454545454545
13182|700324,13182,700324,Klebsiella oxytoca,99.39,257,250,0,0,0.9961089494163424,0.9812727272727272,0.9812727272727272,454,0.0412727272727272,2.562094024693984e-05,0.0104174449264203,480,0.0011526941828248,4.12727272727272
13182|700324,13182,700324,Klebsiella oxytoca,99.39,258,251,0,0,0.9955477228457472,0.9800909090909092,0.9800909090909092,460,0.0418181818181818,3.854472988096269e-05,0.013258460834295,273,0.0674736034754879,4.18181818181818
13182|700324,13182,700324,Klebsiella oxytoca,99.39,259,252,0,0,0.9953677969242172,0.9812727272727272,0.9812727272727272,462,0.042,6.678989278685599e-05,0.0159995065338356,511,0.002238336372429,4.2
13182|700324,13182,700324,Klebsiella oxytoca,99.39,260,253,0,0,0.9965721697239208,0.9812727272727272,0.9811818181818182,450,0.0409090909090909,3.78054669880612e-06,0.0055206584576063,391,0.0194639218618369,4.09090909090909
13182|700324,13182,700324,Klebsiella oxytoca,99.39,261,254,0,0,0.9965718521263782,0.9811818181818182,0.9811818181818182,451,0.041,1.0107778378842802e-05,0.0086333002814164,479,0.0018071130565777,4.1000000000000005
13182|700324,13182,700324,Klebsiella oxytoca,99.39,262,255,0,0,0.9936022253129346,0.9804545454545456,0.9804545454545456,483,0.0439090909090909,2.241159549298821e-05,0.0097676311451668,62,0.0010093681299205,4.39090909090909
13182|700324,13182,700324,Klebsiella oxytoca,99.39,263,256,0,0,0.9949041045121838,0.9811818181818182,0.9811818181818182,466,0.0423636363636363,5.584819498416493e-06,0.00441553778762,248,9.314885808930916e-05,4.23636363636363
13182|700324,13182,700324,Klebsiella oxytoca,99.39,264,257,0,0,0.99601593625498,0.9811818181818182,0.9811818181818182,456,0.0414545454545454,4.254894694644129e-05,0.0095007813951197,460,0.0107648652539065,4.145454545454539
13311|14028,13311,14028,Salmonella enterica,99.93,0,0,0,0,0.9998181818181818,1.0,1.0,2,0.0001818181818181,4.380592200314837e-06,0.0031209711223933,394,0.0007511922851234,0.01818181818181
13311|14028,13311,14028,Salmonella enterica,99.93,2,2,0,0,0.9998181818181818,1.0,1.0,2,0.0001818181818181,2.0954256533256554e-06,0.0021119972383777,93,0.0172836227196457,0.01818181818181
13311|14028,13311,14028,Salmonella enterica,99.93,3,3,0,0,0.9991818181818182,1.0,1.0,9,0.0008181818181818,3.2494487234302483e-06,0.0027921085112512,457,0.0261520595824624,0.08181818181818
13311|14028,13311,14028,Salmonella enterica,99.93,4,4,0,0,0.9998181818181818,1.0,1.0,2,0.0001818181818181,2.8768074595841853e-06,0.0025683837522703,80,0.0041581718449588,0.01818181818181
13311|14028,13311,14028,Salmonella enterica,99.93,5,5,0,0,0.9999090909090907,1.0,1.0,1,9.09090909090909e-05,9.336440000007328e-07,0.0013889449738551,391,0.0067240484261945,0.00909090909090909
13311|14028,13311,14028,Salmonella enterica,99.93,6,6,0,0,0.9996363636363635,1.0,1.0,4,0.0003636363636363,1.119282141126554e-05,0.0055921923760834,71,0.0185125075753831,0.036363636363630006
13311|14028,13311,14028,Salmonella enterica,99.93,7,7,0,0,0.9998181818181818,1.0,1.0,2,0.0001818181818181,2.0860697378388693e-06,0.0020543048176656,313,0.0023441187940085,0.01818181818181
13311|14028,13311,14028,Salmonella enterica,99.93,9,9,0,0,0.9997272727272728,1.0,1.0,3,0.0002727272727272,3.2566012038159897e-06,0.0029441445656188,348,0.0279409246227184,0.02727272727272
13311|14028,13311,14028,Salmonella enterica,99.93,10,10,0,0,0.9998181818181818,1.0,1.0,2,0.0001818181818181,5.056172824424721e-06,0.0034117323944034,2,0.0124841367206158,0.01818181818181
13311|14028,13311,14028,Salmonella enterica,99.93,12,12,0,0,0.9999090909090907,1.0,1.0,1,9.09090909090909e-05,1.592947872941508e-06,0.0019044371415273,208,0.0228377266044229,0.00909090909090909
13311|14028,13311,14028,Salmonella enterica,99.93,13,13,0,0,0.9998181818181818,1.0,1.0,2,0.0001818181818181,1.20558974370244e-06,0.0015532296546614,413,0.0011358785267587,0.01818181818181
13311|14028,13311,14028,Salmonella enterica,99.93,16,16,0,0,0.9996363636363635,0.9999090909090907,1.0,5,0.0004545454545454,9.156504985341484e-07,0.0013603048233814,201,0.0083635674037889,0.04545454545454
13311|14028,13311,14028,Salmonella enterica,99.93,17,17,0,0,0.9998181652877536,0.9999090909090907,0.9999090909090907,4,0.0003636363636363,2.4253362411741364e-06,0.0022617592337402,426,0.0020505930327474,0.036363636363630006
13311|14028,13311,14028,Salmonella enterica,99.93,18,18,0,0,0.9999090826438768,0.9999090909090907,0.9999090909090907,3,0.0002727272727272,1.1265364249890553e-05,0.0058487482806107,204,0.001983164216275,0.02727272727272
13311|14028,13311,14028,Salmonella enterica,99.93,19,19,0,0,0.9998181652877536,0.9999090909090907,0.9999090909090907,4,0.0003636363636363,5.202397837633654e-06,0.0040875237905038,271,0.1209550325702413,0.036363636363630006
13311|14028,13311,14028,Salmonella enterica,99.93,20,20,0,0,0.9998181652877536,0.9999090909090907,0.9999090909090907,4,0.0003636363636363,4.291199641182075e-06,0.0033775130108736,481,0.0377259837308909,0.036363636363630006
13311|14028,13311,14028,Salmonella enterica,99.93,21,21,0,0,0.9998181652877536,0.9999090909090907,0.9999090909090907,4,0.0003636363636363,2.326899982141306e-06,0.0023412342953719,250,0.0131088058205257,0.036363636363630006
13311|14028,13311,14028,Salmonella enterica,99.93,22,22,0,0,0.9989091900736295,1.0,0.9991818181818182,21,0.0019090909090909,1.4646258535089274e-05,0.0054885616821207,86,0.0260393798611835,0.19090909090909
13311|14028,13311,14028,Salmonella enterica,99.93,23,23,0,0,0.9999090247452692,0.9991818181818182,0.9992727272727272,18,0.0016363636363636,4.782998420660434e-07,0.0009810355890817,317,0.0018575753709408,0.16363636363636
13311|14028,13311,14028,Salmonella enterica,99.93,24,24,0,0,0.9999090247452692,0.9992727272727272,0.9992727272727272,17,0.0015454545454545,6.043071794747945e-06,0.003489176808433,342,0.047486668717334,0.15454545454545002
13311|14028,13311,14028,Salmonella enterica,99.93,25,25,0,0,0.9998180494905384,0.9992727272727272,0.9992727272727272,18,0.0016363636363636,8.066842151377429e-06,0.0051301608572426,322,0.0121039128230874,0.16363636363636
13311|14028,13311,14028,Salmonella enterica,99.93,26,26,0,0,0.9999090247452692,0.9992727272727272,0.9992727272727272,17,0.0015454545454545,3.7643006348675456e-06,0.0028569190918896,93,0.0456884962933301,0.15454545454545002
13311|14028,13311,14028,Salmonella enterica,99.93,27,27,0,0,0.9999090247452692,0.9992727272727272,0.9992727272727272,17,0.0015454545454545,3.924438357061355e-06,0.0029672781364908,429,0.0012949938917576,0.15454545454545002
13311|14028,13311,14028,Salmonella enterica,99.93,28,28,0,0,0.9996360989810772,0.9992727272727272,0.9992727272727272,20,0.0018181818181818,1.0595006449953814e-05,0.0054845690445408,485,0.0012044845397145,0.18181818181818
13311|14028,13311,14028,Salmonella enterica,99.93,29,29,0,0,1.0,0.9992727272727272,0.9992727272727272,16,0.0014545454545454,5.756193965922307e-06,0.0035278930040802,162,0.0004720871822796,0.14545454545454
13311|14028,13311,14028,Salmonella enterica,99.93,30,30,0,0,0.9999090247452692,0.9992727272727272,0.9992727272727272,17,0.0015454545454545,2.453638432431404e-06,0.0022157805129081,153,0.0082946930071283,0.15454545454545002
13311|14028,13311,14028,Salmonella enterica,99.93,31,31,0,0,1.0,0.9992727272727272,0.9992727272727272,16,0.0014545454545454,1.1620482363028373e-06,0.0015829370303587,238,0.0029249579429503,0.14545454545454
13311|14028,13311,14028,Salmonella enterica,99.93,32,32,0,0,0.999727074235808,0.9992727272727272,0.9992727272727272,19,0.0017272727272727,4.93819779656679e-06,0.0045045964487229,417,0.0012813849398639,0.17272727272726998
13311|14028,13311,14028,Salmonella enterica,99.93,33,33,0,0,1.0,0.9992727272727272,0.9992727272727272,16,0.0014545454545454,4.231125831921645e-07,0.0009235353651164,29,0.0046129777178227,0.14545454545454
13311|14028,13311,14028,Salmonella enterica,99.93,34,34,0,0,0.9999090247452692,0.9992727272727272,0.9992727272727272,17,0.0015454545454545,1.7398993067407886e-06,0.0019533987959132,443,0.0951757300038071,0.15454545454545002
13311|14028,13311,14028,Salmonella enterica,99.93,35,35,0,0,1.0,0.9992727272727272,0.9992727272727272,16,0.0014545454545454,2.188566740390918e-06,0.0022403457098123,463,0.0012049896077428,0.14545454545454
13311|14028,13311,14028,Salmonella enterica,99.93,36,36,0,0,0.9817139737991266,0.9992727272727272,0.9810909090909092,417,0.0379090909090909,1.0773055348689551e-05,0.0079654542671419,460,0.0036170379413941,3.79090909090909
13311|14028,13311,14028,Salmonella enterica,99.93,37,37,0,0,0.9999073387694588,0.9810909090909092,0.9810909090909092,417,0.0379090909090909,2.0900871586015946e-05,0.0065877279396172,269,0.0634989922350413,3.79090909090909
13311|14028,13311,14028,Salmonella enterica,99.93,38,38,0,0,0.9999073387694588,0.9810909090909092,0.9810909090909092,417,0.0379090909090909,6.027201992120368e-05,0.0176944886443261,270,0.0643534753793881,3.79090909090909
13311|14028,13311,14028,Salmonella enterica,99.93,39,39,0,0,1.0,0.9810909090909092,0.9810909090909092,416,0.0378181818181818,3.35517785481354e-05,0.0098041254074199,221,0.0122651785628467,3.78181818181818
13311|14028,13311,14028,Salmonella enterica,99.93,40,40,0,0,0.9997220163083764,0.9810909090909092,0.9810909090909092,419,0.038090909090909,5.772057635833328e-05,0.0128448366202302,454,0.032681961858444,3.8090909090909
13311|14028,13311,14028,Salmonella enterica,99.93,41,41,0,0,0.9850241987033148,0.9810909090909092,0.9955454545454544,418,0.038,3.256763901671178e-06,0.0055020521330631,380,0.0433132468325512,3.8
13311|14028,13311,14028,Salmonella enterica,99.93,42,42,0,0,0.9994521048306092,0.9955454545454544,0.9955454545454544,104,0.0094545454545454,6.828698759342444e-06,0.0051854365993454,448,0.0573846938403974,0.94545454545454
13311|14028,13311,14028,Salmonella enterica,99.93,43,43,0,0,0.9996347365537394,0.9955454545454544,0.9955454545454544,102,0.0092727272727272,3.622303811745553e-05,0.0121797919347093,65,0.0050072327418086,0.92727272727272
13311|14028,13311,14028,Salmonella enterica,99.93,44,44,0,0,0.9999086841384348,0.9955454545454544,0.9955454545454544,99,0.009,9.517271823522576e-06,0.0061815870316257,477,0.0152097927247762,0.8999999999999999
13311|14028,13311,14028,Salmonella enterica,99.93,45,45,0,0,0.9997260524153044,0.9955454545454544,0.9955454545454544,101,0.0091818181818181,6.471415201492192e-06,0.0077917010039681,476,0.0777449064227553,0.91818181818181
13311|14028,13311,14028,Salmonella enterica,99.93,46,46,0,0,0.99990869247626,0.9955454545454544,0.9956363636363637,98,0.0089090909090909,2.274718116201946e-06,0.0021891726448215,125,0.0042414692437255,0.89090909090909
13311|14028,13311,14028,Salmonella enterica,99.93,48,48,0,0,0.9998156172213516,0.9860909090909092,0.9860909090909092,308,0.028,1.4002039658178587e-05,0.0059054900013212,439,0.0045323618658743,2.8000000000000003
13311|14028,13311,14028,Salmonella enterica,99.93,49,49,0,0,0.9999078086106756,0.9860909090909092,0.9860909090909092,307,0.0279090909090909,0.000177557424271,0.0240963091732587,6,0.0313396383654249,2.79090909090909
13311|14028,13311,14028,Salmonella enterica,99.93,50,50,0,0,0.9998156172213516,0.9860909090909092,0.9860909090909092,308,0.028,5.372859511854067e-06,0.0033136388076291,457,0.0010026300069527,2.8000000000000003
13311|14028,13311,14028,Salmonella enterica,99.93,51,51,0,0,0.9999078086106756,0.9860909090909092,0.9860909090909092,307,0.0279090909090909,2.0306520007284945e-05,0.0088507333933456,440,0.0060522565851552,2.79090909090909
13311|14028,13311,14028,Salmonella enterica,99.93,52,52,0,0,0.9986190388510404,0.9860909090909092,0.9874545454545456,306,0.0278181818181818,1.7654641218722844e-05,0.0101705615311353,300,0.0018727380693804,2.78181818181818
13311|14028,13311,14028,Salmonella enterica,99.93,53,53,0,0,1.0,0.9874545454545456,0.9874545454545456,276,0.025090909090909,3.236754906033035e-05,0.0080525367886033,289,0.0024622482290661,2.5090909090909
13311|14028,13311,14028,Salmonella enterica,99.93,54,54,0,0,1.0,0.9874545454545456,0.9874545454545456,276,0.025090909090909,7.299391310722214e-06,0.0038352779973989,261,0.0133247699612139,2.5090909090909
13311|14028,13311,14028,Salmonella enterica,99.93,55,55,0,0,0.9996317436936109,0.9874545454545456,0.9874545454545456,280,0.0254545454545454,1.115491469649843e-05,0.0064027597391895,341,0.019842503376388,2.54545454545454
13311|14028,13311,14028,Salmonella enterica,99.93,56,56,0,0,1.0,0.9874545454545456,0.9874545454545456,276,0.025090909090909,2.966356056610664e-05,0.012048213155113,335,0.0014280724132293,2.5090909090909
13311|51741,13311,51741,Salmonella enterica,98.86,0,0,0,0,0.9884854675457332,0.979,0.978909090909091,246,0.0223636363636363,3.432531388680715e-06,0.0026217398395228,385,0.0006841788100037,2.23636363636363
13311|51741,13311,51741,Salmonella enterica,98.86,203,195,0,0,0.992805091781201,0.984909090909091,0.9855454545454544,402,0.0365454545454545,4.7712511536124325e-06,0.0048047074666632,172,0.0015337834872169,3.65454545454545
13311|51741,13311,51741,Salmonella enterica,98.86,204,196,0,0,0.990572141602736,0.9835454545454544,0.9835454545454544,434,0.0394545454545454,4.1491073851540605e-05,0.0115413358973996,399,0.0506147032601493,3.94545454545454
13311|51741,13311,51741,Salmonella enterica,98.86,320,312,0,0,0.9899603942157134,0.987,0.986909090909091,395,0.0359090909090909,6.123634525012633e-06,0.0051556915112161,384,0.0016008605204811,3.59090909090909
13311|51741,13311,51741,Salmonella enterica,98.86,469,459,0,0,0.9919839679358716,0.998,0.998,132,0.012,2.0603718661971197e-05,0.0081860815517785,247,0.0134559544133121,1.2
13388|15692,13388,15692,Pseudomonas aeruginosa,99.36,62,298,0,0,0.9959270572988984,0.9820909090909092,0.982,403,0.0366363636363636,2.5816793121191672e-05,0.0115245184754069,7,0.0202595573440935,3.66363636363636
13388|15692,13388,15692,Pseudomonas aeruginosa,99.36,65,301,0,0,0.9945521698984304,0.9843636363636364,0.9845454545454544,401,0.0364545454545454,1.4157059460395692e-05,0.0063276783865293,229,0.0223977229585463,3.6454545454545397
13388|15692,13388,15692,Pseudomonas aeruginosa,99.36,66,302,0,0,0.9880688124306326,0.9828181818181818,0.982909090909091,473,0.043,4.382499533717166e-06,0.0029745986217746,83,0.0253240821929945,4.3
13388|15692,13388,15692,Pseudomonas aeruginosa,99.36,67,303,0,0,0.9926103824127102,0.9841818181818182,0.983909090909091,421,0.0382727272727272,6.25993122124191e-05,0.0124134736589711,105,0.061428036594042,3.82727272727272
13388|15692,13388,15692,Pseudomonas aeruginosa,99.36,68,304,0,0,0.9904893813481072,0.9844545454545456,0.9845454545454544,443,0.0402727272727272,7.656037910974689e-06,0.0041982457727039,98,0.007344296480866,4.02727272727272
13388|15692,13388,15692,Pseudomonas aeruginosa,99.36,69,305,0,0,0.9953827684920122,0.9844545454545456,0.9844545454545456,392,0.0356363636363636,1.096772850039951e-05,0.0055285186169452,260,9.708021853493952e-05,3.56363636363636
13388|15692,13388,15692,Pseudomonas aeruginosa,99.36,70,306,0,0,0.9944593221904148,0.9844545454545456,0.9844545454545456,400,0.0363636363636363,7.493723725771062e-05,0.0160552032125106,37,0.0347939757586908,3.63636363636363
13388|15692,13388,15692,Pseudomonas aeruginosa,99.36,71,307,0,0,0.9959368362729708,0.9843636363636364,0.9844545454545456,387,0.0351818181818181,1.6096983097457773e-05,0.0057432366878876,96,0.2231074226520082,3.51818181818181
13388|15692,13388,15692,Pseudomonas aeruginosa,99.36,72,308,0,0,0.9974141115626154,0.9843636363636364,0.9843636363636364,371,0.0337272727272727,6.095164350572446e-06,0.0065366858294446,87,0.2284838840818941,3.3727272727272704
13388|15692,13388,15692,Pseudomonas aeruginosa,99.36,73,309,0,0,0.9983376431473956,0.9843636363636364,0.9843636363636364,362,0.0329090909090909,4.931875046909617e-06,0.0032474044811388,142,0.2806475786474345,3.29090909090909
13388|15692,13388,15692,Pseudomonas aeruginosa,99.36,74,310,0,0,0.9975965982621556,0.9833636363636364,0.9834545454545456,371,0.0337272727272727,5.360167969703511e-06,0.0037884268530879,40,0.0452656644980142,3.3727272727272704
13388|15692,13388,15692,Pseudomonas aeruginosa,99.36,75,311,0,0,0.9942778034148592,0.984909090909091,0.9843636363636364,399,0.0362727272727272,1.0475836699663787e-05,0.0049552365288264,203,0.059551842634229,3.62727272727272
13388|15692,13388,15692,Pseudomonas aeruginosa,99.36,76,312,0,0,0.9935388591471294,0.984909090909091,0.984909090909091,401,0.0364545454545454,2.9339347636936357e-06,0.0024371492814044,267,0.0392402038858499,3.6454545454545397
13388|15692,13388,15692,Pseudomonas aeruginosa,99.36,77,313,0,0,0.9868870625173146,0.9790909090909092,0.9844545454545456,532,0.0483636363636363,5.8390492570725705e-05,0.0108187543754454,58,0.1087635275711573,4.836363636363631
13419|25975,13419,25975,Streptococcus salivarius,97.67,0,0,0,0,0.9933636363636364,1.0,1.0,73,0.0066363636363636,4.195248208382907e-06,0.0035227319674393,219,0.0016482740554147,0.66363636363636
13419|25975,13419,25975,Streptococcus salivarius,97.67,1,1,0,0,0.9945459503681484,1.0,0.9996363636363635,64,0.0058181818181818,3.4722294378619623e-06,0.0027760391943171,190,0.0598219720605214,0.58181818181818
13419|25975,13419,25975,Streptococcus salivarius,97.67,31,31,0,0,0.9774042435932764,0.984,0.9884545454545456,290,0.0263636363636363,8.218841066276461e-06,0.0069884454573709,71,0.1681181050356393,2.63636363636363
13419|25975,13419,25975,Streptococcus salivarius,97.67,92,95,0,0,0.9885959310281908,0.9958181818181818,0.9958181818181818,209,0.019,4.3686025644751325e-06,0.0047719877995768,175,0.0029621897120791,1.9
13419|7073,13419,7073,Streptococcus salivarius,95.6,0,0,0,0,0.9805454545454544,1.0,1.0,214,0.0194545454545454,3.165683823092014e-05,0.0169222230828969,69,0.0075220341935914,1.9454545454545402
13419|7073,13419,7073,Streptococcus salivarius,95.6,1,1,0,0,0.9944261695906432,0.9947272727272728,0.9945454545454544,67,0.006090909090909,5.628707932192612e-06,0.007638335227638,32,0.0641452686412547,0.6090909090909
13419|7073,13419,7073,Streptococcus salivarius,95.6,2,2,0,0,0.981005180405344,0.9928181818181818,1.0,288,0.0261818181818181,2.5036581961512816e-05,0.0083964103044369,100,0.0030023589640413,2.61818181818181
13419|7073,13419,7073,Streptococcus salivarius,95.6,189,193,0,0,0.9755806481226476,0.9891818181818182,0.9898181818181818,427,0.0388181818181818,1.2597670841163476e-05,0.0071294091901386,209,0.0020678977355279,3.88181818181818
13472|14579,13472,14579,Bacillus cereus,98.74,0,0,0,0,0.9964545454545456,1.0,1.0,39,0.0035454545454545,1.2514352651926686e-06,0.0015823365030455,78,0.0187571827994814,0.35454545454545
13472|14579,13472,14579,Bacillus cereus,98.74,1,1,0,0,0.9978181818181818,1.0,1.0,24,0.0021818181818181,2.0310467256923204e-06,0.0020548784658512,430,0.019403377791908,0.21818181818180998
13472|14579,13472,14579,Bacillus cereus,98.74,2,2,0,0,0.9979016513091872,0.9964545454545456,0.9964545454545456,27,0.0024545454545454,3.67329570361008e-06,0.0047422052283757,26,3.874830504868587e-05,0.24545454545453999
13472|14579,13472,14579,Bacillus cereus,98.74,3,3,0,0,0.9979969043066558,0.9983636363636365,0.9984545454545456,24,0.0021818181818181,4.5899042664387935e-06,0.0043233330517995,52,0.0105099254056073,0.21818181818180998
13472|14579,13472,14579,Bacillus cereus,98.74,4,4,0,0,0.9983634875897808,0.9998181818181818,0.9999090909090907,21,0.0019090909090909,3.562263948486688e-06,0.0029154534369244,481,0.0129254069342299,0.19090909090909
13472|14579,13472,14579,Bacillus cereus,98.74,5,5,0,0,0.9986362396581508,0.9998181818181818,0.9999090909090907,18,0.0016363636363636,1.206926256713814e-06,0.0015985203505683,80,0.0241483818743801,0.16363636363636
13472|14579,13472,14579,Bacillus cereus,98.74,6,6,0,0,0.9986361156573924,0.9998181818181818,0.9998181818181818,19,0.0017272727272727,5.253077107081339e-06,0.0042695951518594,303,0.0318465897148734,0.17272727272726998
13472|14579,13472,14579,Bacillus cereus,98.74,7,7,0,0,0.9979996362975088,0.9998181818181818,0.9998181818181818,26,0.0023636363636363,3.675247324808062e-06,0.002794914414599,241,0.0309585838420269,0.23636363636363
13472|14579,13472,14579,Bacillus cereus,98.74,8,8,0,0,0.9985451900345518,0.9997272727272728,0.9998181818181818,21,0.0019090909090909,4.342519510647236e-06,0.0159851976999251,339,0.0974148693773384,0.19090909090909
13472|14579,13472,14579,Bacillus cereus,98.74,9,9,0,0,0.9987270412802328,0.9998181818181818,0.9997272727272728,19,0.0017272727272727,4.239880776246707e-06,0.0043206637174501,89,0.0211694867903673,0.17272727272726998
13472|14579,13472,14579,Bacillus cereus,98.74,10,10,0,0,0.997363156937625,0.9997272727272728,0.9998181818181818,34,0.003090909090909,5.1968430188065184e-06,0.0036096810939758,45,0.0089708658255234,0.30909090909090003
13472|14579,13472,14579,Bacillus cereus,98.74,11,11,0,0,0.997454314028548,0.9998181818181818,0.9998181818181818,32,0.0029090909090909,6.1426467057312806e-06,0.0042523281936092,525,0.018249721176582,0.29090909090909
13472|14579,13472,14579,Bacillus cereus,98.74,12,12,0,0,0.9997272231314784,0.9998181818181818,0.9998181818181818,7,0.0006363636363636,1.5412771356970725e-06,0.0018359418836408,508,0.0322928565402518,0.06363636363636
13472|14579,13472,14579,Bacillus cereus,98.74,13,13,0,0,0.9999090743771596,0.9998181818181818,0.9998181818181818,5,0.0004545454545454,1.2600921752703442e-06,0.0016519374218186,148,0.0188437373189256,0.04545454545454
13472|14579,13472,14579,Bacillus cereus,98.74,14,14,0,0,0.9984542644117111,0.9997272727272728,0.9998181818181818,22,0.002,5.664089793855354e-06,0.0048435585628528,333,0.0217024230770076,0.2
13472|14579,13472,14579,Bacillus cereus,98.74,15,15,0,0,0.9987259987259988,0.999,0.999,21,0.0019090909090909,4.543905194442921e-06,0.0047449836526921,494,0.0200565328310294,0.19090909090909
13472|14579,13472,14579,Bacillus cereus,98.74,16,16,0,0,0.9925049309664694,0.9201818181818182,0.9217272727272728,511,0.0464545454545454,7.925215069148894e-05,0.0126053883008881,474,0.0651840598768174,4.64545454545454
13472|14579,13472,14579,Bacillus cereus,98.74,155,163,0,0,0.9851468808449776,0.8254545454545454,0.8262727272727273,321,0.0291818181818181,6.191955138645788e-05,0.0184323545732267,114,0.0060507071584892,2.91818181818181
13472|14579,13472,14579,Bacillus cereus,98.74,374,378,0,0,0.9989788340141108,0.9792727272727272,0.9792727272727272,467,0.0424545454545454,3.7958377397950822e-06,0.00591866072419,179,0.0225198466196648,4.24545454545454
13472|14579,13472,14579,Bacillus cereus,98.74,375,379,0,0,0.9984218343854436,0.9792727272727272,0.9792727272727272,473,0.043,7.909642472947453e-05,0.0231955134764661,148,0.0151804777221469,4.3
13472|14579,13472,14579,Bacillus cereus,98.74,376,380,0,0,0.9989788340141108,0.9792727272727272,0.9792727272727272,467,0.0424545454545454,1.478802732801654e-05,0.0090268182940476,170,0.0803081497412607,4.24545454545454
13472|14579,13472,14579,Bacillus cereus,98.74,377,381,0,0,0.998792831274956,0.979,0.979,469,0.0426363636363636,1.4160973944910005e-05,0.0068093747007556,65,0.0138266255203981,4.26363636363636
13472|14579,13472,14579,Bacillus cereus,98.74,378,382,0,0,0.9986075009283328,0.9792727272727272,0.9792727272727272,471,0.0428181818181818,5.216393172080558e-06,0.0063417472260089,302,0.004939597505137,4.2818181818181795
13472|14579,13472,14579,Bacillus cereus,98.74,379,383,0,0,0.9974013921113688,0.9795454545454544,0.9792727272727272,481,0.0437272727272727,5.309604233727505e-06,0.0060093452997672,499,0.2787276429250924,4.3727272727272695
13472|14579,13472,14579,Bacillus cereus,98.74,380,384,0,0,0.997122969837587,0.9795454545454544,0.9795454545454544,481,0.0437272727272727,3.184152748203495e-05,0.0116397799589437,422,0.0069695887197228,4.3727272727272695
13472|14579,13472,14579,Bacillus cereus,98.74,437,444,0,0,0.9966079941327466,0.9916363636363636,0.9916363636363636,221,0.020090909090909,2.1199009537675728e-05,0.008360559125335,418,0.0007579405275971,2.0090909090909
13472|14579,13472,14579,Bacillus cereus,98.74,438,445,0,0,0.9968830216354968,0.9916363636363636,0.9915454545454544,219,0.0199090909090909,3.5433984817312414e-05,0.0096715532303213,131,0.0126066427066771,1.99090909090909
13472|14579,13472,14579,Bacillus cereus,98.74,439,446,0,0,0.9974321349963317,0.9912727272727272,0.9911818181818182,213,0.0193636363636363,1.4227598024163512e-06,0.0016894074696177,322,0.0590776234216272,1.93636363636363
13472|14579,13472,14579,Bacillus cereus,98.74,527,536,0,0,0.9970485150341264,0.9856363636363636,0.9846363636363636,359,0.0326363636363636,1.5252865840698073e-05,0.0055238474539675,420,0.0012278833470609,3.26363636363636
13472|14579,13472,14579,Bacillus cereus,98.74,528,537,0,0,0.9971381093057607,0.9846363636363636,0.9846363636363636,369,0.0335454545454545,5.869325328644592e-06,0.0034279891114279,56,0.0149727841575395,3.3545454545454505
13472|14579,13472,14579,Bacillus cereus,98.74,529,538,0,0,0.9951989659311236,0.9846363636363636,0.9846363636363636,389,0.0353636363636363,1.2784063943227508e-05,0.0064014088710657,359,0.0015572196564876,3.53636363636363
13472|14579,13472,14579,Bacillus cereus,98.74,530,539,0,0,0.9985230314778916,0.9846363636363636,0.9848181818181818,352,0.032,1.0366289977636887e-05,0.0053799497694719,386,0.000176427191185,3.2
13472|14579,13472,14579,Bacillus cereus,98.74,531,540,0,0,0.9989845841410504,0.9848181818181818,0.9848181818181818,345,0.0313636363636363,7.254325211425439e-06,0.0042763184700646,258,0.0582906084138648,3.13636363636363
13636|13637,13636,13637,Stenotrophomonas maltophilia,98.22,65,320,0,0,0.988255803284705,0.9907272727272728,0.9908181818181818,331,0.030090909090909,9.401380070328536e-06,0.0062063374626105,174,5.078211922260323e-05,3.0090909090909
13636|13637,13636,13637,Stenotrophomonas maltophilia,98.22,66,321,0,0,0.988547869903802,0.9922727272727272,0.9907272727272728,310,0.0281818181818181,5.121093989779446e-05,0.0146032922381852,63,0.0197422784076624,2.81818181818181
13636|13637,13636,13637,Stenotrophomonas maltophilia,98.22,67,322,0,0,0.9912963811268896,0.9922727272727272,0.9922727272727272,265,0.024090909090909,2.1081278362977685e-06,0.0021946878341019,359,0.0123645908916869,2.4090909090909
13636|13637,13636,13637,Stenotrophomonas maltophilia,98.22,68,323,0,0,0.9937706119457675,0.9923636363636364,0.9922727272727272,237,0.0215454545454545,4.362300708549149e-06,0.0030847341503404,270,0.0244667789745878,2.15454545454545
13636|13637,13636,13637,Stenotrophomonas maltophilia,98.22,69,324,0,0,0.9904735733260052,0.9924545454545456,0.9923636363636364,270,0.0245454545454545,7.352632658275127e-06,0.0047913916691047,417,5.831723470861583e-05,2.4545454545454497
13636|13637,13636,13637,Stenotrophomonas maltophilia,98.22,70,325,0,0,0.9883667674269488,0.9896363636363636,0.9924545454545456,323,0.0293636363636363,3.790068511699829e-06,0.0076383648399068,139,0.2209202450895506,2.93636363636363
13880|274,13880,274,Serratia marcescens,99.27,0,0,0,0,0.9977272727272728,1.0,1.0,25,0.0022727272727272,3.885459711527872e-06,0.0034661517148977,57,0.00595700437465,0.22727272727272002
13880|274,13880,274,Serratia marcescens,99.27,1,1,0,0,0.9944545454545456,1.0,1.0,61,0.0055454545454545,3.1588920125225077e-06,0.0029026602507147,374,0.0032035447025872,0.55454545454545
13880|274,13880,274,Serratia marcescens,99.27,2,2,0,0,0.9974545454545456,1.0,1.0,28,0.0025454545454545,2.536095959682072e-06,0.0024622314706374,347,0.0059063374491591,0.25454545454545
13880|274,13880,274,Serratia marcescens,99.27,3,3,0,0,0.9902806794440911,1.0,0.9988181818181818,120,0.0109090909090909,6.734147112608113e-06,0.00410023200216,15,0.0072038613034667,1.09090909090909
13880|274,13880,274,Serratia marcescens,99.27,4,4,0,0,0.9965413670701738,0.9988181818181818,0.9988181818181818,64,0.0058181818181818,2.9707606389317576e-06,0.0027294016482118,239,0.0062672950998668,0.58181818181818
13880|274,13880,274,Serratia marcescens,99.27,5,5,0,0,0.996996996996997,0.9988181818181818,0.999,57,0.0051818181818181,1.911030724421892e-05,0.0074624484552206,50,0.0238919621138002,0.51818181818181
13880|274,13880,274,Serratia marcescens,99.27,158,154,0,0,0.9918420320756466,0.979909090909091,0.979909090909091,386,0.035090909090909,6.515625085912191e-06,0.005318203717955,411,0.0384257541999705,3.5090909090909
13880|274,13880,274,Serratia marcescens,99.27,159,155,0,0,0.984884792626728,0.9856363636363636,0.9856363636363636,461,0.0419090909090909,4.5750010433387445e-05,0.0113606824096371,459,0.0023052809831489,4.1909090909090905
13880|274,13880,274,Serratia marcescens,99.27,160,156,0,0,0.9954826219231124,0.9860909090909092,0.9860909090909092,355,0.0322727272727272,2.3222594133232025e-05,0.0097148045254568,151,0.0068743593332479,3.2272727272727204
13880|274,13880,274,Serratia marcescens,99.27,161,157,0,0,0.9963123444270304,0.9860909090909092,0.9860909090909092,346,0.0314545454545454,5.138064288923161e-06,0.0035462043238818,420,0.0032696868621446,3.14545454545454
13880|274,13880,274,Serratia marcescens,99.27,162,158,0,0,0.9943747694577648,0.9858181818181818,0.9856363636363636,365,0.0331818181818181,5.11561049176823e-06,0.003351144781523,435,0.0128974917628361,3.31818181818181
13880|274,13880,274,Serratia marcescens,99.27,187,183,0,0,0.9944307495663288,0.9954545454545456,0.9954545454545456,161,0.0146363636363636,2.3185270725534224e-06,0.0023298876254491,277,0.0110118702498603,1.46363636363636
13880|274,13880,274,Serratia marcescens,99.27,188,184,0,0,0.9944292237442922,0.9954545454545456,0.9954545454545456,161,0.0146363636363636,4.573718551226236e-06,0.003288783769066,396,0.0028195341972271,1.46363636363636
13880|274,13880,274,Serratia marcescens,99.27,189,185,0,0,0.9941552511415526,0.9954545454545456,0.9953636363636365,165,0.015,9.709024575976777e-06,0.0063480762646145,168,0.0005038889081592,1.5
13880|274,13880,274,Serratia marcescens,99.27,190,186,0,0,0.9961367587405834,0.9412727272727271,0.9411818181818182,419,0.038090909090909,0.000659543066438,0.0375897265855291,296,0.0096661020388921,3.8090909090909
13880|274,13880,274,Serratia marcescens,99.27,494,497,0,0,0.9972512369433756,0.9920909090909092,0.9920909090909092,203,0.0184545454545454,6.120674179488361e-06,0.0055077079189134,465,0.027881686488736,1.8454545454545401
13880|274,13880,274,Serratia marcescens,99.27,495,498,0,0,0.9971575279662572,0.9914545454545456,0.9914545454545456,205,0.0186363636363636,5.8185432462165565e-06,0.004991333367245,466,0.0160029203378362,1.86363636363636
13880|274,13880,274,Serratia marcescens,99.27,496,499,0,0,0.9956932099331072,0.9920909090909092,0.9920909090909092,221,0.020090909090909,6.528950587503246e-06,0.0048408112877828,19,0.008371357574416,2.0090909090909
13880|274,13880,274,Serratia marcescens,99.27,497,500,0,0,0.9964266080263882,0.9920909090909092,0.9916363636363636,218,0.0198181818181818,2.584307946995601e-05,0.0115583229467427,497,0.0007283562663864,1.9818181818181801
13880|274,13880,274,Serratia marcescens,99.27,498,501,0,0,0.996974697469747,0.9916363636363636,0.9916363636363636,217,0.0197272727272727,5.577762723918411e-06,0.0036433214203898,96,0.0409467370986232,1.97272727272727
13880|274,13880,274,Serratia marcescens,99.27,499,502,0,0,0.9946828016134946,0.9916363636363636,0.9916363636363636,242,0.022,6.034748177841109e-06,0.0051237648101765,186,0.0303026759601996,2.1999999999999997
13880|274,13880,274,Serratia marcescens,99.27,501,504,0,0,0.9974333119442662,0.9916363636363636,0.9917272727272728,211,0.0191818181818181,0.0003152238541292,0.0352203906258534,8,0.0053925810046885,1.9181818181818098
13880|8100,13880,8100,Serratia marcescens,99.32,0,0,0,0,0.9968181818181818,0.9999090909090907,1.0,36,0.0032727272727272,4.212165551020775e-06,0.0031351781648835,82,0.0020374532892878,0.32727272727272
13880|8100,13880,8100,Serratia marcescens,99.32,1,1,0,0,0.9947272727272728,1.0,0.9999090909090907,59,0.0053636363636363,1.1982785625752612e-05,0.0096272733773757,124,0.0022861319964834,0.5363636363636299
13880|8100,13880,8100,Serratia marcescens,99.32,2,2,0,0,0.9970909090909092,1.0,1.0,32,0.0029090909090909,3.6952848566640384e-06,0.0028478069085015,220,0.000922364803361,0.29090909090909
13880|8100,13880,8100,Serratia marcescens,99.32,3,3,0,0,0.9882202807499756,0.9216363636363636,0.9260909090909092,436,0.0396363636363636,1.86460023374746e-05,0.0064426939107347,44,0.0099857243876723,3.9636363636363603
13880|8100,13880,8100,Serratia marcescens,99.32,4,4,0,0,0.9963242224316682,0.9645454545454546,0.9645454545454546,396,0.036,2.0237275692780443e-05,0.0066005742879069,457,0.010473355055302,3.5999999999999996
13880|8100,13880,8100,Serratia marcescens,99.32,5,5,0,0,0.9962124711316396,0.983909090909091,0.9840909090909092,393,0.0357272727272727,7.372050245146866e-06,0.0046198931652128,133,0.0134127071375671,3.5727272727272696
13880|8100,13880,8100,Serratia marcescens,99.32,6,6,0,0,0.9937170839878038,0.9838181818181818,0.983909090909091,421,0.0382727272727272,5.162324083274328e-05,0.0102682730620842,148,0.0013681843458495,3.82727272727272
13880|8100,13880,8100,Serratia marcescens,99.32,7,7,0,0,0.9984291258547404,0.9824545454545456,0.9838181818181818,388,0.0352727272727272,9.2122957542351e-06,0.0050197772333685,58,0.0822327890257457,3.52727272727272
13880|8100,13880,8100,Serratia marcescens,99.32,8,8,0,0,0.9997224021467568,0.9824545454545456,0.9824545454545456,389,0.0353636363636363,6.37142016435277e-06,0.0069196863179297,246,0.0187603398625997,3.53636363636363
13880|8100,13880,8100,Serratia marcescens,99.32,9,9,0,0,0.995004625346901,0.9826363636363636,0.9824545454545456,438,0.0398181818181818,3.0255003596879604e-05,0.0080019890574568,126,0.2184153831896793,3.98181818181818
13880|8100,13880,8100,Serratia marcescens,99.32,10,10,0,0,0.9961143491534832,0.9826363636363636,0.9826363636363636,423,0.0384545454545454,2.7360886163951825e-05,0.0085616132929365,433,0.0290620617179691,3.84545454545454
13880|8100,13880,8100,Serratia marcescens,99.32,11,11,0,0,0.9947339246119734,0.983909090909091,0.9826363636363636,425,0.0386363636363636,1.5672943466049638e-05,0.0105648535087096,506,0.0063961556490642,3.86363636363636
13880|8100,13880,8100,Serratia marcescens,99.32,29,27,0,0,0.9955128205128204,0.9927272727272728,0.9927272727272728,209,0.019,3.802888153836559e-05,0.0090050286399861,84,0.005475615856179,1.9
13880|8100,13880,8100,Serratia marcescens,99.32,30,28,0,0,0.9975276989286695,0.9927272727272728,0.9927272727272728,187,0.017,9.268446458321478e-06,0.0059343830826942,13,0.0056665348778208,1.7000000000000002
13880|8100,13880,8100,Serratia marcescens,99.32,32,30,0,0,0.9914811761472933,0.9920909090909092,0.9915454545454544,273,0.0248181818181818,1.717932530453936e-05,0.0077194050667717,268,0.0770678255677008,2.4818181818181797
13880|8100,13880,8100,Serratia marcescens,99.32,33,31,0,0,0.9960835509138382,0.8356363636363636,0.8356363636363636,305,0.0277272727272727,2.107370328352509e-05,0.0078320685886814,428,0.0093194517603433,2.7727272727272703
13880|8100,13880,8100,Serratia marcescens,99.32,34,32,0,0,0.9961534939096988,0.9926363636363637,0.9914545454545456,217,0.0197272727272727,4.7881609302358186e-05,0.0104779760725303,101,0.0707303915847253,1.97272727272727
13880|8100,13880,8100,Serratia marcescens,99.32,173,167,0,0,0.9922303018228908,0.9126363636363636,0.9126363636363636,411,0.0373636363636363,1.865821640412157e-05,0.0061416630334168,95,0.0302140475504208,3.73636363636363
13880|8100,13880,8100,Serratia marcescens,99.32,245,244,0,0,0.9957110609480812,0.8054545454545454,0.8053636363636364,195,0.0177272727272727,4.724732248995167e-06,0.003079173179786,43,0.0555510647175401,1.7727272727272698
13880|8100,13880,8100,Serratia marcescens,99.32,246,245,0,0,0.9922246615440908,0.9938181818181818,0.9938181818181818,215,0.0195454545454545,7.14519429290128e-06,0.0038646059235525,246,0.0002999680098847,1.9545454545454501
13880|8100,13880,8100,Serratia marcescens,99.32,247,246,0,0,0.9935985368084134,0.9938181818181818,0.9940909090909092,203,0.0184545454545454,4.403390164942067e-06,0.0032469235143743,386,0.0013939149789944,1.8454545454545401
13882|35657,13882,35657,Klebsiella pneumoniae,100.0,43,43,0,0,0.9999090909090907,1.0,1.0,1,9.09090909090909e-05,8.815266290262969e-07,0.0013687450552564,502,0.0130694215154911,0.00909090909090909
13882|35657,13882,35657,Klebsiella pneumoniae,100.0,44,44,0,0,0.9999090909090907,1.0,1.0,1,9.09090909090909e-05,7.092655032181483e-07,0.0012054797053541,313,0.0091814770777566,0.00909090909090909
13882|35657,13882,35657,Klebsiella pneumoniae,100.0,46,46,0,0,0.9999090909090907,1.0,1.0,1,9.09090909090909e-05,4.53457691396153e-07,0.0009544997426807,382,0.0108366686101466,0.00909090909090909
13882|35657,13882,35657,Klebsiella pneumoniae,100.0,47,47,0,0,0.9997272727272728,1.0,1.0,3,0.0002727272727272,8.886106777072911e-07,0.0013734984896505,319,0.0201921032996452,0.02727272727272
13882|35657,13882,35657,Klebsiella pneumoniae,100.0,50,50,0,0,0.9998181818181818,1.0,1.0,2,0.0001818181818181,9.715292945688958e-06,0.0058605793426894,455,0.0011652327002898,0.01818181818181
13882|35657,13882,35657,Klebsiella pneumoniae,100.0,84,84,0,0,0.9999090909090907,1.0,1.0,1,9.09090909090909e-05,3.780316349155655e-05,0.0123562481713173,157,0.0019351172145352,0.00909090909090909
13882|35657,13882,35657,Klebsiella pneumoniae,100.0,102,102,0,0,0.9999090909090907,1.0,1.0,1,9.09090909090909e-05,8.47235478262931e-06,0.0070563782689442,196,0.0007871903312475,0.00909090909090909
13882|35657,13882,35657,Klebsiella pneumoniae,100.0,115,115,0,0,0.9999090909090907,1.0,1.0,1,9.09090909090909e-05,4.066189926765773e-06,0.0033100757939905,472,0.0021531340146538,0.00909090909090909
13882|35657,13882,35657,Klebsiella pneumoniae,100.0,120,120,0,0,0.9998181818181818,1.0,1.0,2,0.0001818181818181,1.7576498607674296e-06,0.0019738868089528,304,0.0501301520656589,0.01818181818181
13882|35657,13882,35657,Klebsiella pneumoniae,100.0,127,127,0,0,0.9998181818181818,1.0,1.0,2,0.0001818181818181,2.1358871817867e-06,0.0022283607263166,511,0.0114429668934947,0.01818181818181
13882|35657,13882,35657,Klebsiella pneumoniae,100.0,166,166,0,0,0.9999090909090907,1.0,1.0,1,9.09090909090909e-05,7.693326045110638e-06,0.0053332811481203,468,0.0163781699732483,0.00909090909090909
13882|35657,13882,35657,Klebsiella pneumoniae,100.0,189,189,0,0,0.9999090909090907,1.0,1.0,1,9.09090909090909e-05,2.532602521032601e-06,0.0024163182636325,344,0.0038895385505348,0.00909090909090909
13882|35657,13882,35657,Klebsiella pneumoniae,100.0,210,210,0,0,0.9999090909090907,1.0,1.0,1,9.09090909090909e-05,1.0908865469838602e-06,0.0015314261621963,5,0.0058146925647234,0.00909090909090909
13882|35657,13882,35657,Klebsiella pneumoniae,100.0,351,351,0,0,0.9999090909090907,1.0,1.0,1,9.09090909090909e-05,3.4434883069422995e-06,0.0030710509501606,205,0.0012554366339754,0.00909090909090909
13882|35657,13882,35657,Klebsiella pneumoniae,100.0,385,385,0,0,0.9999090909090907,1.0,1.0,1,9.09090909090909e-05,8.95046581073089e-07,0.0013382905878599,414,0.0325053937130144,0.00909090909090909
13882|35657,13882,35657,Klebsiella pneumoniae,100.0,386,386,0,0,0.9999090909090907,1.0,1.0,1,9.09090909090909e-05,3.528794465523788e-07,0.0008516072461431,420,0.0179511695077156,0.00909090909090909
13882|35657,13882,35657,Klebsiella pneumoniae,100.0,417,417,0,0,0.9998181818181818,1.0,1.0,2,0.0001818181818181,2.089824528983541e-06,0.0021334784097962,433,0.004405503091746,0.01818181818181
13882|35657,13882,35657,Klebsiella pneumoniae,100.0,418,418,0,0,0.9999090909090907,1.0,1.0,1,9.09090909090909e-05,2.206487623723774e-07,0.0006645830648301,305,0.0435598373173674,0.00909090909090909
13882|35657,13882,35657,Klebsiella pneumoniae,100.0,441,441,0,0,0.9999090909090907,1.0,1.0,1,9.09090909090909e-05,7.902835666984132e-07,0.0012669082450353,64,0.0071627022883784,0.00909090909090909
13882|35657,13882,35657,Klebsiella pneumoniae,100.0,452,452,0,0,0.9999090909090907,1.0,1.0,1,9.09090909090909e-05,6.369292700370011e-06,0.0060512822070613,221,0.0046967941560475,0.00909090909090909
13882|35657,13882,35657,Klebsiella pneumoniae,100.0,453,453,0,0,0.9999090909090907,1.0,1.0,1,9.09090909090909e-05,6.090572320927023e-07,0.0011135433943565,495,0.0308988749963943,0.00909090909090909
13882|35657,13882,35657,Klebsiella pneumoniae,100.0,454,454,0,0,0.9998181818181818,1.0,1.0,2,0.0001818181818181,1.1831139545837033e-06,0.0015809807670931,26,0.025560654824413,0.01818181818181
13882|35657,13882,35657,Klebsiella pneumoniae,100.0,492,492,0,0,0.9998181818181818,1.0,1.0,2,0.0001818181818181,1.2283905058696476e-06,0.0016232189906891,310,0.115620307185699,0.01818181818181
13882|35657,13882,35657,Klebsiella pneumoniae,100.0,494,494,0,0,0.9998181818181818,1.0,1.0,2,0.0001818181818181,1.7569913857262698e-05,0.0106269780329632,61,0.0011386322876184,0.01818181818181
13882|35657,13882,35657,Klebsiella pneumoniae,100.0,496,496,0,0,0.9999090909090907,1.0,1.0,1,9.09090909090909e-05,7.60244613484673e-07,0.0012617739154595,406,0.0288787952484451,0.00909090909090909
13882|35657,13882,35657,Klebsiella pneumoniae,100.0,497,497,0,0,0.9998181818181818,1.0,1.0,2,0.0001818181818181,1.1654312981335124e-06,0.0015778334656305,140,0.0399394481855197,0.01818181818181
13882|35657,13882,35657,Klebsiella pneumoniae,100.0,499,499,0,0,0.9999090909090907,1.0,1.0,1,9.09090909090909e-05,2.2780151437418183e-06,0.0021800893018716,359,0.01140707080739,0.00909090909090909
13882|35657,13882,35657,Klebsiella pneumoniae,100.0,506,506,0,0,0.9999090909090907,1.0,1.0,1,9.09090909090909e-05,2.533136482796295e-07,0.0007148859853467,399,0.000674044326442,0.00909090909090909
13882|35657,13882,35657,Klebsiella pneumoniae,100.0,507,507,0,0,0.9998181818181818,1.0,1.0,2,0.0001818181818181,2.768535006469897e-06,0.0025613694775859,114,0.0998893890573819,0.01818181818181
13882|35657,13882,35657,Klebsiella pneumoniae,100.0,511,511,0,0,0.9999090909090907,1.0,1.0,1,9.09090909090909e-05,3.2168428001355664e-06,0.0029146030459754,377,0.02203962010127,0.00909090909090909
13882|35657,13882,35657,Klebsiella pneumoniae,100.0,517,517,0,0,0.9998181818181818,1.0,1.0,2,0.0001818181818181,2.938794239737419e-06,0.0027969541618724,266,0.0266154860167144,0.01818181818181
13932|19115,13932,19115,Listeria monocytogenes,100.0,18,18,0,0,0.9999090909090907,1.0,0.9999090909090907,2,0.0001818181818181,8.846893992164873e-06,0.0043196263683491,101,0.0116725403318621,0.01818181818181
13932|19115,13932,19115,Listeria monocytogenes,100.0,19,19,0,0,1.0,0.9999090909090907,0.9999090909090907,2,0.0001818181818181,2.834004635410281e-06,0.0024368579901337,216,0.027468120818537,0.01818181818181
13932|19115,13932,19115,Listeria monocytogenes,100.0,20,20,0,0,1.0,0.9999090909090907,0.9999090909090907,2,0.0001818181818181,1.63076855264066e-06,0.0018550359844941,136,0.0246364999458099,0.01818181818181
13932|19115,13932,19115,Listeria monocytogenes,100.0,21,21,0,0,1.0,0.9999090909090907,0.9999090909090907,2,0.0001818181818181,1.5403080932951951e-06,0.0018560776304924,142,0.1038205960014022,0.01818181818181
13932|19115,13932,19115,Listeria monocytogenes,100.0,22,22,0,0,1.0,0.9999090909090907,0.9999090909090907,2,0.0001818181818181,2.6413795732871392e-06,0.0022993684915011,12,0.0046825987410858,0.01818181818181
13932|19115,13932,19115,Listeria monocytogenes,100.0,23,23,0,0,1.0,0.9999090909090907,0.9999090909090907,2,0.0001818181818181,2.900998402388666e-06,0.0026549843650572,44,0.0678956535243965,0.01818181818181
13932|19115,13932,19115,Listeria monocytogenes,100.0,24,24,0,0,0.9998181818181818,0.9999090909090907,1.0,3,0.0002727272727272,2.649953659616955e-06,0.0025790315204297,54,0.2045285647763497,0.02727272727272
13932|19115,13932,19115,Listeria monocytogenes,100.0,111,111,0,0,0.9999090909090907,1.0,1.0,1,9.09090909090909e-05,8.133189093317839e-07,0.0013029648566513,290,0.0067983887545441,0.00909090909090909
13932|19115,13932,19115,Listeria monocytogenes,100.0,112,112,0,0,0.9999090909090907,1.0,1.0,1,9.09090909090909e-05,1.2082825765924454e-05,0.0053049076038998,116,0.0007964248561644,0.00909090909090909
13932|19115,13932,19115,Listeria monocytogenes,100.0,169,169,0,0,0.9999090909090907,1.0,1.0,1,9.09090909090909e-05,4.400930573300599e-06,0.0031494355279488,28,0.0828820847290039,0.00909090909090909
13932|19115,13932,19115,Listeria monocytogenes,100.0,170,170,0,0,0.9999090909090907,1.0,1.0,1,9.09090909090909e-05,2.193819579299205e-05,0.0115188876359193,145,0.002725286945178,0.00909090909090909
13932|19115,13932,19115,Listeria monocytogenes,100.0,213,213,0,0,0.9999090909090907,1.0,1.0,1,9.09090909090909e-05,3.983149205799563e-06,0.0028301030819933,23,0.0449305938581353,0.00909090909090909
13932|19115,13932,19115,Listeria monocytogenes,100.0,254,254,0,0,0.9999090909090907,1.0,1.0,1,9.09090909090909e-05,4.235888565684576e-06,0.0034508958806383,284,0.0090080674861507,0.00909090909090909
13932|19115,13932,19115,Listeria monocytogenes,100.0,256,256,0,0,0.9999090909090907,1.0,1.0,1,9.09090909090909e-05,3.75737610691651e-07,0.0008695498040748,285,0.0064879942514091,0.00909090909090909
13932|19118,13932,19118,Listeria monocytogenes,99.59,0,0,0,0,0.9987272727272728,1.0,1.0,14,0.0012727272727272,4.547111294050943e-06,0.0036867666068858,293,0.0264822472726182,0.12727272727272
13932|19118,13932,19118,Listeria monocytogenes,99.59,1,1,0,0,0.9965454545454544,1.0,1.0,38,0.0034545454545454,1.820489203230302e-05,0.0061756775531571,277,0.0101612375597377,0.34545454545453996
13932|19118,13932,19118,Listeria monocytogenes,99.59,2,2,0,0,0.9978181818181818,1.0,1.0,24,0.0021818181818181,2.4734215056110287e-06,0.0024220669810221,199,0.0054179181689117,0.21818181818180998
13932|19118,13932,19118,Listeria monocytogenes,99.59,3,3,0,0,0.9979094710052716,1.0,1.0,23,0.002090909090909,1.1493942171592051e-05,0.0048077051189974,233,0.0166425038570967,0.2090909090909
13932|19118,13932,19118,Listeria monocytogenes,99.59,4,4,0,0,0.9977272727272728,1.0,0.9997272727272728,28,0.0025454545454545,3.205439747744343e-06,0.0026625167832257,39,0.011081565660747,0.25454545454545
13932|19118,13932,19118,Listeria monocytogenes,99.59,5,5,0,0,0.9994543966536328,0.9997272727272728,0.9997272727272728,12,0.001090909090909,2.8534207627828323e-06,0.002389333357957,208,0.0088933958725063,0.10909090909090001
13932|19118,13932,19118,Listeria monocytogenes,99.59,6,6,0,0,0.9987269255251432,0.9997272727272728,0.9997272727272728,20,0.0018181818181818,1.7859657914232052e-05,0.009508603129788,89,0.0018676531097092,0.18181818181818
13932|19118,13932,19118,Listeria monocytogenes,99.59,116,115,0,0,0.9951918631530282,0.9831818181818182,0.979909090909091,458,0.0416363636363636,0.0002164874772732,0.0208081279892591,133,0.0873382425668064,4.1636363636363605
13932|19118,13932,19118,Listeria monocytogenes,99.59,117,116,0,0,0.9964863615349052,0.9831818181818182,0.9831818181818182,408,0.037090909090909,0.0001481971977589,0.0176850095798955,62,0.0147477988534152,3.7090909090909
13932|19118,13932,19118,Listeria monocytogenes,99.59,118,117,0,0,0.9946370781322238,0.9830909090909092,0.9831818181818182,425,0.0386363636363636,7.583365058305702e-05,0.0163041077853727,21,0.0380324693795907,3.86363636363636
13932|19118,13932,19118,Listeria monocytogenes,99.59,119,118,0,0,0.9989828000739782,0.9830909090909092,0.9830909090909092,383,0.0348181818181818,8.816268700417851e-05,0.0142104713470185,54,0.0530070860150075,3.4818181818181797
13932|19118,13932,19118,Listeria monocytogenes,99.59,120,119,0,0,0.996208618457555,0.9830909090909092,0.9830909090909092,413,0.0375454545454545,6.511310298140671e-05,0.011510969510061,233,0.0399109967104157,3.75454545454545
13932|19118,13932,19118,Listeria monocytogenes,99.59,121,120,0,0,0.99786918658514,0.9812727272727272,0.9812727272727272,395,0.0359090909090909,2.2750333311671863e-05,0.0082222046072753,218,0.0068871964212642,3.59090909090909
13932|19118,13932,19118,Listeria monocytogenes,99.59,122,121,0,0,0.9981505455890513,0.983,0.9830909090909092,393,0.0357272727272727,1.978202177310706e-05,0.0064219130068282,120,0.0011925509572905,3.5727272727272696
13932|19118,13932,19118,Listeria monocytogenes,99.59,123,122,0,0,0.9976879681864422,0.983,0.983,399,0.0362727272727272,3.404196242851043e-05,0.0083634878204623,207,0.0225618271068193,3.62727272727272
13932|19118,13932,19118,Listeria monocytogenes,99.59,124,123,0,0,0.9972255618237308,0.983,0.983,404,0.0367272727272727,9.445349022252358e-05,0.0147400614315163,243,0.021436320949045,3.6727272727272697
13932|19118,13932,19118,Listeria monocytogenes,99.59,125,124,0,0,0.9960233052806806,0.983,0.983,417,0.0379090909090909,5.5421161793023366e-05,0.0105378845514076,231,0.0225666171343931,3.79090909090909
13932|19118,13932,19118,Listeria monocytogenes,99.59,126,125,0,0,0.9952838912520806,0.9830909090909092,0.983,424,0.0385454545454545,2.3133651127160704e-05,0.0099247959018004,238,0.0190013425549657,3.85454545454545
13932|19118,13932,19118,Listeria monocytogenes,99.59,128,127,0,0,0.999167745515073,0.9830909090909092,0.9830909090909092,381,0.0346363636363636,1.5825297846494557e-05,0.0066984027905199,94,0.0011149721506429,3.46363636363636
13932|19118,13932,19118,Listeria monocytogenes,99.59,129,128,0,0,0.9986129091917884,0.9830909090909092,0.9830909090909092,386,0.035090909090909,1.5172233597482432e-05,0.0059868198116828,133,0.0016326980315817,3.5090909090909
13932|19118,13932,19118,Listeria monocytogenes,99.59,130,129,0,0,0.9944521497919556,0.9826363636363636,0.9830909090909092,437,0.0397272727272727,0.0001054498071728,0.0151829673844455,260,0.0121384851749878,3.97272727272727
13932|19118,13932,19118,Listeria monocytogenes,99.59,131,130,0,0,0.9981496900730872,0.9826363636363636,0.9826363636363636,402,0.0365454545454545,1.6042423736095657e-05,0.0056734621721803,243,0.0137305159402087,3.65454545454545
13932|19118,13932,19118,Listeria monocytogenes,99.59,132,131,0,0,0.9987972985475068,0.9826363636363636,0.9826363636363636,395,0.0359090909090909,2.5566827110967694e-05,0.0071516840082969,36,0.1160632882152659,3.59090909090909
13932|19118,13932,19118,Listeria monocytogenes,99.59,133,132,0,0,0.9973170506059764,0.9826363636363636,0.9826363636363636,411,0.0373636363636363,0.0002511387253498,0.0289186350797269,208,0.0389000462136794,3.73636363636363
13932|19118,13932,19118,Listeria monocytogenes,99.59,134,133,0,0,0.9973170506059764,0.9826363636363636,0.9826363636363636,410,0.0372727272727272,2.762350446616768e-05,0.0085442408282589,292,0.027098221099965,3.72727272727272
13932|19118,13932,19118,Listeria monocytogenes,99.59,135,134,0,0,0.9966694421315572,0.9820909090909092,0.9826363636363636,424,0.0385454545454545,0.0001288068921314,0.0160674529718764,159,0.0094749362802106,3.85454545454545
13932|19118,13932,19118,Listeria monocytogenes,99.59,136,135,0,0,0.998333950388745,0.9821818181818182,0.9820909090909092,411,0.0373636363636363,0.0001714428096495,0.0197533471034192,150,0.0156026420841655,3.73636363636363
13932|19118,13932,19118,Listeria monocytogenes,99.59,137,136,0,0,0.9982413920770083,0.9821818181818182,0.9821818181818182,411,0.0373636363636363,1.9603962615910572e-05,0.0072406353309998,25,0.02641007215304,3.73636363636363
13932|19118,13932,19118,Listeria monocytogenes,99.59,138,137,0,0,0.9982529360380472,0.9366363636363636,0.9365454545454546,441,0.040090909090909,7.570360970587942e-05,0.0128755415302685,83,0.0026933977688965,4.0090909090909
13932|19118,13932,19118,Listeria monocytogenes,99.59,139,138,0,0,0.9991253644314868,0.9354545454545454,0.9354545454545454,432,0.0392727272727272,1.774294923184705e-05,0.0079723265658949,167,0.0222541993739646,3.92727272727272
13932|19118,13932,19118,Listeria monocytogenes,99.59,140,139,0,0,0.9990745881917452,0.9823636363636364,0.9823636363636364,398,0.0361818181818181,2.779118621809573e-05,0.0074900231694588,113,0.1321891191771947,3.61818181818181
13932|19118,13932,19118,Listeria monocytogenes,99.59,141,140,0,0,0.9979640940218396,0.9823636363636364,0.9823636363636364,408,0.037090909090909,1.0127580857055564e-05,0.0045764897548972,245,0.0470922314475693,3.7090909090909
13932|19118,13932,19118,Listeria monocytogenes,99.59,142,141,0,0,0.9972240214675672,0.9824545454545456,0.9823636363636364,416,0.0378181818181818,4.54407823798908e-05,0.0123578133039045,290,0.0276631845067443,3.78181818181818
13932|19118,13932,19118,Listeria monocytogenes,99.59,143,142,0,0,0.9960210974368464,0.9813636363636364,0.9824545454545456,441,0.040090909090909,5.650891843267392e-05,0.0106335644465614,39,0.0032050420875586,4.0090909090909
13932|19118,13932,19118,Listeria monocytogenes,99.59,144,143,0,0,0.9983325613710052,0.9813636363636364,0.9813636363636364,428,0.0389090909090909,3.0170668414930543e-05,0.0078181335866029,79,0.0477625215233693,3.89090909090909
13932|19118,13932,19118,Listeria monocytogenes,99.59,145,144,0,0,0.9950825756169976,0.9798181818181818,0.9798181818181818,463,0.042090909090909,6.55136355587338e-06,0.0036241913423188,199,0.0050876244446522,4.2090909090909
13932|19118,13932,19118,Listeria monocytogenes,99.59,146,145,0,0,0.998610467809171,0.9813636363636364,0.9813636363636364,425,0.0386363636363636,4.4329203701565234e-05,0.0094560916206692,43,0.0594007951776159,3.86363636363636
13932|19118,13932,19118,Listeria monocytogenes,99.59,147,146,0,0,0.997869383974062,0.9813636363636364,0.9813636363636364,433,0.0393636363636363,1.4432448893098028e-05,0.0055758733715699,192,0.0150940389319896,3.9363636363636303
13932|19118,13932,19118,Listeria monocytogenes,99.59,148,147,0,0,0.9971285661356056,0.9813636363636364,0.9813636363636364,441,0.040090909090909,3.143382361536773e-05,0.0080282410122798,152,0.0031688128608629,4.0090909090909
13932|19118,13932,19118,Listeria monocytogenes,99.59,149,148,0,0,0.9984251968503935,0.9813636363636364,0.9813636363636364,427,0.0388181818181818,5.116599290144741e-05,0.0101435524917936,194,0.0217685157890219,3.88181818181818
13932|19118,13932,19118,Listeria monocytogenes,99.59,150,149,0,0,0.998795738767948,0.9813636363636364,0.9813636363636364,423,0.0384545454545454,4.507533441622247e-05,0.0098752327519231,138,0.0086026452743831,3.84545454545454
13932|19118,13932,19118,Listeria monocytogenes,99.59,151,150,0,0,0.9989810097267252,0.9813636363636364,0.9813636363636364,420,0.0381818181818181,5.7590276726138256e-05,0.0108872603925832,175,0.0034426563309184,3.8181818181818103
13932|19118,13932,19118,Listeria monocytogenes,99.59,152,151,0,0,0.9966654316413488,0.9814545454545456,0.9813636363636364,445,0.0404545454545454,9.22956643791828e-05,0.0139087753110689,179,0.0200768526405362,4.0454545454545405
13932|19118,13932,19118,Listeria monocytogenes,99.59,153,152,0,0,0.9972116367692164,0.9780909090909092,0.9780909090909092,437,0.0397272727272727,9.292876067212852e-06,0.0043330989650871,153,0.0009704063368967,3.97272727272727
13932|19118,13932,19118,Listeria monocytogenes,99.59,154,153,0,0,0.99805483512412,0.9814545454545456,0.9814545454545456,429,0.039,8.096050663364274e-05,0.013551269190777,286,0.0029485663026258,3.9
13932|19118,13932,19118,Listeria monocytogenes,99.59,155,154,0,0,0.9988884772137828,0.9814545454545456,0.9814545454545456,420,0.0381818181818181,6.5124371746438925e-06,0.0039415094668567,1,0.0067335220132103,3.8181818181818103
13932|19118,13932,19118,Listeria monocytogenes,99.59,156,155,0,0,0.9992589848091886,0.9814545454545456,0.9814545454545456,416,0.0378181818181818,0.0003321456972092,0.0286080971346314,230,0.0194500720812678,3.78181818181818
13932|19118,13932,19118,Listeria monocytogenes,99.59,157,156,0,0,0.99935161170804,0.9814545454545456,0.9814545454545456,415,0.0377272727272727,1.0256511051909278e-05,0.005911715363576,44,0.034664899546378,3.77272727272727
13932|19118,13932,19118,Listeria monocytogenes,99.59,159,158,0,0,0.99851618288046,0.9802727272727272,0.9802727272727272,423,0.0384545454545454,1.4039181924663248e-05,0.0055070794369552,293,0.0073820386469191,3.84545454545454
13932|19118,13932,19118,Listeria monocytogenes,99.59,160,159,0,0,0.99740644683216,0.9814545454545456,0.9814545454545456,436,0.0396363636363636,2.196776295360081e-05,0.0066354110727856,46,0.0334722453673576,3.9636363636363603
13932|19118,13932,19118,Listeria monocytogenes,99.59,161,160,0,0,0.9971285661356056,0.9814545454545456,0.9814545454545456,439,0.0399090909090909,5.269586743406052e-05,0.0113675899335976,180,0.0139019072280126,3.9909090909090903
13932|19118,13932,19118,Listeria monocytogenes,99.59,162,161,0,0,0.9977771603223118,0.9815454545454544,0.9814545454545456,431,0.0391818181818181,1.3405832678725638e-05,0.0052498738820854,268,0.0793927075710638,3.9181818181818104
13932|19118,13932,19118,Listeria monocytogenes,99.59,163,162,0,0,0.9980550152820228,0.9815454545454544,0.9815454545454544,427,0.0388181818181818,0.0001891037615953,0.0202449021997398,236,0.0305901108238235,3.88181818181818
13932|19118,13932,19118,Listeria monocytogenes,99.59,164,163,0,0,0.9972214504028896,0.9814545454545456,0.9815454545454544,435,0.0395454545454545,5.55181466505017e-05,0.0128492343414877,192,0.0046185649040155,3.95454545454545
13932|19118,13932,19118,Listeria monocytogenes,99.59,165,164,0,0,0.9971285661356056,0.9814545454545456,0.9814545454545456,438,0.0398181818181818,4.128076595910635e-05,0.0111804106242796,225,0.0455713139186346,3.98181818181818
13932|19118,13932,19118,Listeria monocytogenes,99.59,166,165,0,0,0.994434653557184,0.9800909090909092,0.979909090909091,466,0.0423636363636363,1.8860628765215992e-05,0.0061831172813972,249,0.0461081657093144,4.23636363636363
13932|19118,13932,19118,Listeria monocytogenes,99.59,167,166,0,0,0.9992591220596406,0.9816363636363636,0.9816363636363636,412,0.0374545454545454,0.0001477751761868,0.0173728846371549,40,0.0163799076099084,3.74545454545454
13932|19118,13932,19118,Listeria monocytogenes,99.59,168,167,0,0,0.9975921466938322,0.9816363636363636,0.9816363636363636,430,0.039090909090909,6.417183438367502e-05,0.0125843274258442,275,0.0154327360476415,3.9090909090909003
13932|19118,13932,19118,Listeria monocytogenes,99.59,169,168,0,0,0.99601925569339,0.982,0.9816363636363636,443,0.0402727272727272,1.5654220434369037e-05,0.0056387501823573,275,0.0075460197809289,4.02727272727272
13932|19118,13932,19118,Listeria monocytogenes,99.59,170,169,0,0,0.994731977818854,0.9836363636363636,0.982,435,0.0395454545454545,9.416224266867168e-06,0.0045410618524429,140,0.0220617889277326,3.95454545454545
13932|19118,13932,19118,Listeria monocytogenes,99.59,171,170,0,0,0.997782090379817,0.9837272727272728,0.9836363636363636,382,0.0347272727272727,0.0001044240039259,0.0144875565501804,84,0.0218663737355949,3.4727272727272696
13932|19118,13932,19118,Listeria monocytogenes,99.59,172,171,0,0,0.9981517419831808,0.9837272727272728,0.9837272727272728,378,0.0343636363636363,1.1387450016164811e-05,0.0055710768210993,121,0.0212416301511393,3.43636363636363
13932|19118,13932,19118,Listeria monocytogenes,99.59,173,172,0,0,0.9986141906873616,0.9837272727272728,0.9837272727272728,373,0.0339090909090909,1.955946320153501e-05,0.0068889361371731,23,0.0363966801955197,3.39090909090909
13932|19118,13932,19118,Listeria monocytogenes,99.59,174,173,0,0,0.9963958968672026,0.9837272727272728,0.9837272727272728,396,0.036,5.570987916625469e-05,0.0120105343314948,268,0.0309808813872841,3.5999999999999996
13932|19118,13932,19118,Listeria monocytogenes,99.59,175,174,0,0,0.9975972645781352,0.9837272727272728,0.9837272727272728,384,0.0349090909090909,5.642483263956777e-06,0.0081554123288902,147,0.0060717972005668,3.49090909090909
13932|19118,13932,19118,Listeria monocytogenes,99.59,176,175,0,0,0.995749006561316,0.9837272727272728,0.9837272727272728,404,0.0367272727272727,2.0828369058478732e-05,0.0086776758895117,289,0.0028233464533531,3.6727272727272697
13932|19118,13932,19118,Listeria monocytogenes,99.59,177,176,0,0,0.9960580912863072,0.8763636363636363,0.8763636363636363,422,0.0383636363636363,5.107405782167618e-05,0.0102639599429508,292,0.0034388042011338,3.83636363636363
13932|19118,13932,19118,Listeria monocytogenes,99.59,178,177,0,0,0.9945476388503836,0.9837272727272728,0.9837272727272728,417,0.0379090909090909,2.487980109067145e-05,0.0073012552660909,40,0.0132559218344744,3.79090909090909
13932|19118,13932,19118,Listeria monocytogenes,99.59,179,178,0,0,0.997782090379817,0.9837272727272728,0.9837272727272728,382,0.0347272727272727,9.42135082415696e-06,0.0050629996953965,49,0.0625863376534602,3.4727272727272696
13932|19118,13932,19118,Listeria monocytogenes,99.59,180,179,0,0,0.9987986322890676,0.9837272727272728,0.9837272727272728,371,0.0337272727272727,2.9279969651629933e-05,0.0076664468264839,38,0.0249150731116603,3.3727272727272704
13932|19118,13932,19118,Listeria monocytogenes,99.59,181,180,0,0,0.9951021162554292,0.9837272727272728,0.9837272727272728,411,0.0373636363636363,8.385678600120183e-05,0.0132376073000485,19,0.0511668568863543,3.73636363636363
13932|19118,13932,19118,Listeria monocytogenes,99.59,182,181,0,0,0.9970427871730894,0.9837272727272728,0.9837272727272728,390,0.0354545454545454,1.5502889118779173e-05,0.0094283241219445,266,0.0024610851578583,3.5454545454545396
13932|19118,13932,19118,Listeria monocytogenes,99.59,183,182,0,0,0.9970427871730894,0.9837272727272728,0.9837272727272728,390,0.0354545454545454,1.7995051931674055e-05,0.0109608960728755,3,0.1164333447152341,3.5454545454545396
13932|19118,13932,19118,Listeria monocytogenes,99.59,184,183,0,0,0.998612524280825,0.9827272727272728,0.9828181818181818,374,0.034,4.3057535541901615e-05,0.0179314127205428,196,0.1205022615700164,3.4000000000000004
13932|19118,13932,19118,Listeria monocytogenes,99.59,186,185,0,0,0.9974336085695156,0.8140909090909091,0.8147272727272727,547,0.0497272727272727,8.645663396122938e-05,0.0163917500918328,217,0.0135891948429884,4.97272727272727
13932|19118,13932,19118,Listeria monocytogenes,99.59,187,186,0,0,0.9969666329625884,0.989,0.989,275,0.025,6.167480296581651e-06,0.0049124844815111,161,0.0241707120626866,2.5
13932|19118,13932,19118,Listeria monocytogenes,99.59,188,187,0,0,0.998253515948157,0.989,0.989,261,0.0237272727272727,1.058558159883205e-05,0.0055486475322379,191,0.0096494861247262,2.37272727272727
13932|19118,13932,19118,Listeria monocytogenes,99.59,189,188,0,0,0.997518154242118,0.989,0.989,269,0.0244545454545454,3.0317455318451536e-05,0.010161315634625,111,0.0288905917688478,2.44545454545454
13932|19118,13932,19118,Listeria monocytogenes,99.59,190,189,0,0,0.9981617647058824,0.9890909090909092,0.989,261,0.0237272727272727,1.4882172217234311e-05,0.0069256568000074,146,0.0031023270574068,2.37272727272727
13932|19118,13932,19118,Listeria monocytogenes,99.59,191,190,0,0,0.9977941176470588,0.9890909090909092,0.9890909090909092,264,0.024,2.8594793453295964e-05,0.0098848571918404,18,0.010416774736673,2.4
13932|19118,13932,19118,Listeria monocytogenes,99.59,192,191,0,0,0.9982539974269437,0.9892727272727272,0.9890909090909092,257,0.0233636363636363,2.3030496437481677e-05,0.0076462915978639,267,0.0032945528338507,2.3363636363636298
13932|19118,13932,19118,Listeria monocytogenes,99.59,193,192,0,0,0.997059364087484,0.9892727272727272,0.9892727272727272,268,0.0243636363636363,2.1864138240235143e-05,0.0066904000724376,208,0.0002569620114389,2.43636363636363
13932|19118,13932,19118,Listeria monocytogenes,99.59,194,193,0,0,0.9959566256202904,0.9892727272727272,0.9892727272727272,280,0.0254545454545454,7.152243310937223e-06,0.0038915729814164,292,0.0019119061587274,2.54545454545454
13932|19118,13932,19118,Listeria monocytogenes,99.59,195,194,0,0,0.9983458922992096,0.9892727272727272,0.9892727272727272,254,0.023090909090909,4.164410899420989e-05,0.00981711292348,97,0.0168311170753491,2.3090909090908998
13932|19118,13932,19118,Listeria monocytogenes,99.59,196,195,0,0,0.997886417937879,0.9892727272727272,0.9892727272727272,259,0.0235454545454545,1.909249464382423e-05,0.0061840245278967,170,0.013850196967446,2.35454545454545
13932|19118,13932,19118,Listeria monocytogenes,99.59,197,196,0,0,0.9962323102370888,0.9892727272727272,0.9892727272727272,277,0.0251818181818181,3.2412203848863896e-05,0.0087752847971684,240,0.0029885767189421,2.51818181818181
13932|19118,13932,19118,Listeria monocytogenes,99.59,198,197,0,0,0.9987134717882742,0.9892727272727272,0.9892727272727272,250,0.0227272727272727,3.744284410800436e-05,0.0101622620493957,97,0.0069044996391615,2.27272727272727
13932|19118,13932,19118,Listeria monocytogenes,99.59,199,198,0,0,0.9983458922992096,0.9892727272727272,0.9892727272727272,254,0.023090909090909,1.6584546916220688e-05,0.0080288857144442,255,0.0055596888736221,2.3090909090908998
13932|19118,13932,19118,Listeria monocytogenes,99.59,200,199,0,0,0.997886417937879,0.987909090909091,0.9892727272727272,274,0.0249090909090909,6.286055758852882e-05,0.0113105533106243,259,0.0040655740169595,2.4909090909090903
13932|19118,13932,19118,Listeria monocytogenes,99.59,201,200,0,0,0.9987116959602468,0.987909090909091,0.987909090909091,280,0.0254545454545454,2.8175227001714376e-05,0.0076650965952171,107,0.0500498267233916,2.54545454545454
13932|19118,13932,19118,Listeria monocytogenes,99.59,202,201,0,0,0.9977914787889942,0.9878181818181818,0.987909090909091,291,0.0264545454545454,4.94772323018644e-05,0.0120989809962376,105,0.0143500683156099,2.64545454545454
13932|19118,13932,19118,Listeria monocytogenes,99.59,203,202,0,0,0.9974231547947728,0.9878181818181818,0.9878181818181818,296,0.0269090909090909,6.632859319011253e-06,0.0043291609638661,83,0.0180812840096838,2.69090909090909
13932|19118,13932,19118,Listeria monocytogenes,99.59,204,203,0,0,0.9980673660960796,0.9878181818181818,0.9878181818181818,288,0.0261818181818181,5.651476847057246e-05,0.0111671082255801,43,0.0451587500586705,2.61818181818181
13932|19118,13932,19118,Listeria monocytogenes,99.59,205,204,0,0,0.9963174369361076,0.9874545454545456,0.9873636363636364,307,0.0279090909090909,6.396641609973663e-05,0.0139772954091119,156,0.0152507209202237,2.79090909090909
13932|19118,13932,19118,Listeria monocytogenes,99.59,206,205,0,0,0.9963191313149904,0.987909090909091,0.987909090909091,306,0.0278181818181818,7.284338262447676e-05,0.0122374643637132,140,0.0369014060008818,2.78181818181818
13932|19118,13932,19118,Listeria monocytogenes,99.59,207,206,0,0,0.9947537965945698,0.9877272727272728,0.9877272727272728,323,0.0293636363636363,7.886774734178204e-06,0.0039804814336249,224,0.002270639221574,2.93636363636363
13932|19118,13932,19118,Listeria monocytogenes,99.59,208,207,0,0,0.9965031747492408,0.987909090909091,0.987909090909091,304,0.0276363636363636,6.472664477663592e-05,0.0114176409757552,208,0.0060214195314685,2.76363636363636
13932|19118,13932,19118,Listeria monocytogenes,99.59,209,208,0,0,0.9913523459061636,0.9878181818181818,0.987909090909091,360,0.0327272727272727,9.59029336633499e-06,0.0044814185506737,127,0.0133522101676668,3.2727272727272703
13932|19118,13932,19118,Listeria monocytogenes,99.59,211,210,0,0,0.998451871414261,0.9981818181818182,0.9982727272727272,56,0.005090909090909,3.798684615974324e-06,0.0027778422558429,141,0.0198714924383369,0.5090909090909
13932|19118,13932,19118,Listeria monocytogenes,99.59,212,211,0,0,0.9965404224326292,0.9982727272727272,0.9985454545454544,73,0.0066363636363636,5.9770821466687e-06,0.0036707489400196,285,0.0092528293292013,0.66363636363636
13932|19118,13932,19118,Listeria monocytogenes,99.59,213,212,0,0,0.9969956300072832,0.9985454545454544,0.9985454545454544,65,0.0059090909090909,9.048612346407303e-06,0.0042687033971689,182,0.0796691001904501,0.59090909090909
13932|19118,13932,19118,Listeria monocytogenes,99.59,214,213,0,0,0.9939912600145666,0.9985454545454544,0.9985454545454544,98,0.0089090909090909,1.4549339937275365e-05,0.0062999008724007,182,0.0789636186344144,0.89090909090909
13932|19118,13932,19118,Listeria monocytogenes,99.59,215,214,0,0,0.9982698961937716,0.9983636363636365,0.9983636363636365,51,0.0046363636363636,7.517792039335447e-06,0.0057244118071215,199,0.0122584274442543,0.46363636363636
13932|19118,13932,19118,Listeria monocytogenes,99.59,216,215,0,0,0.9965404224326292,0.9985454545454544,0.9984545454545456,71,0.0064545454545454,9.957743220434525e-06,0.0060347164711285,16,0.0114074323824265,0.6454545454545401
13932|19118,13932,19118,Listeria monocytogenes,99.59,217,216,0,0,0.9982700537193844,0.9984545454545456,0.9984545454545456,53,0.0048181818181818,4.3438772495685285e-06,0.0036792376364257,55,0.0238676505673651,0.48181818181818
13932|19118,13932,19118,Listeria monocytogenes,99.59,218,217,0,0,0.9975418790968682,0.9984545454545456,0.9985454545454544,60,0.0054545454545454,5.387772818110648e-06,0.0032987664534965,76,0.0397295946264955,0.5454545454545401
13932|19118,13932,19118,Listeria monocytogenes,99.59,219,218,0,0,0.9973597960670064,0.9985454545454544,0.9985454545454544,61,0.0055454545454545,1.3685123750106776e-05,0.0052764863642376,121,0.0111864813406848,0.55454545454545
13932|19118,13932,19118,Listeria monocytogenes,99.59,221,220,0,0,0.999089667728721,0.9985454545454544,0.9986363636363637,41,0.0037272727272727,4.472554967605014e-06,0.0035500055026227,264,0.0023749140969542,0.37272727272727
13932|19118,13932,19118,Listeria monocytogenes,99.59,222,221,0,0,0.9981766797337952,0.9971818181818182,0.9971818181818182,52,0.0047272727272727,5.895694383140082e-06,0.0035624644487503,9,0.0300353197644736,0.47272727272727
13932|19118,13932,19118,Listeria monocytogenes,99.59,223,222,0,0,0.9990555147444644,0.8662727272727273,0.8662727272727273,69,0.0062727272727272,6.009165210096867e-06,0.0034716882106434,54,0.038853626447564,0.62727272727272
13932|19118,13932,19118,Listeria monocytogenes,99.59,224,223,0,0,0.9984524351388256,0.9986363636363637,0.9986363636363637,47,0.0042727272727272,2.5378997512426338e-06,0.0022538133065741,97,0.0135142059038628,0.42727272727272
13932|19118,13932,19118,Listeria monocytogenes,99.59,225,224,0,0,0.9975421028675466,0.9986363636363637,0.9986363636363637,57,0.0051818181818181,3.886168238542709e-06,0.0037374012089677,225,0.0396633367048977,0.51818181818181
13932|19118,13932,19118,Listeria monocytogenes,99.59,226,225,0,0,0.9984524351388256,0.9986363636363637,0.9986363636363637,47,0.0042727272727272,2.646445151688326e-06,0.0023310425564479,65,0.0667225497325575,0.42727272727272
13932|19118,13932,19118,Listeria monocytogenes,99.59,227,226,0,0,0.9975421028675466,0.9986363636363637,0.9986363636363637,57,0.0051818181818181,2.9482841761296896e-06,0.0026280457617007,172,0.2299901896030285,0.51818181818181
13932|19118,13932,19118,Listeria monocytogenes,99.59,228,227,0,0,0.99827036868457,0.9986363636363637,0.9986363636363637,49,0.0044545454545454,2.7774718420747746e-06,0.0025827700836153,72,0.041039185789099,0.44545454545454005
13932|19118,13932,19118,Listeria monocytogenes,99.59,229,228,0,0,0.9990897505916622,0.9986363636363637,0.9987272727272728,39,0.0035454545454545,4.812284809974088e-06,0.0039259722741703,83,0.0066759113069938,0.35454545454545
13932|19118,13932,19118,Listeria monocytogenes,99.59,230,229,0,0,0.9990891702340832,0.9980909090909093,0.9980909090909093,38,0.0034545454545454,7.218272417564009e-07,0.0012029279284822,285,0.048801635839446,0.34545454545453996
13932|19118,13932,19118,Listeria monocytogenes,99.59,231,230,0,0,0.9989987256508284,0.9987272727272728,0.9987272727272728,39,0.0035454545454545,6.766091950272113e-06,0.0036786754194071,173,0.0359102503684084,0.35454545454545
13932|19118,13932,19118,Listeria monocytogenes,99.59,232,231,0,0,0.9990897505916622,0.9987272727272728,0.9987272727272728,38,0.0034545454545454,4.430666889487789e-06,0.0033067651303859,288,0.0513926860285988,0.34545454545453996
13932|19118,13932,19118,Listeria monocytogenes,99.59,233,232,0,0,0.9993628254141634,0.9987272727272728,0.9987272727272728,35,0.0031818181818181,5.718226906425983e-06,0.0035680539768196,187,0.0114640533624678,0.31818181818181
13932|19118,13932,19118,Listeria monocytogenes,99.59,234,233,0,0,0.9997269251774986,0.9987272727272728,0.9987272727272728,31,0.0028181818181818,3.755844525277219e-06,0.0027657634558593,193,0.0857799554178264,0.28181818181818
13932|19118,13932,19118,Listeria monocytogenes,99.59,235,234,0,0,0.9989077007099946,0.9987272727272728,0.9987272727272728,40,0.0036363636363636,9.752925680728277e-06,0.0051651414175323,113,0.0439964989952987,0.36363636363636
13932|19118,13932,19118,Listeria monocytogenes,99.59,236,235,0,0,0.9994538503549972,0.9987272727272728,0.9987272727272728,34,0.003090909090909,5.4289793803841135e-06,0.0033316462749987,20,0.0055710930819655,0.30909090909090003
13932|19118,13932,19118,Listeria monocytogenes,99.59,237,236,0,0,0.9989077007099946,0.9987272727272728,0.9987272727272728,40,0.0036363636363636,3.819921007841565e-06,0.002821183931974,279,0.011113169551699,0.36363636363636
13932|19118,13932,19118,Listeria monocytogenes,99.59,238,237,0,0,0.9959038776624796,0.9987272727272728,0.9987272727272728,73,0.0066363636363636,6.143323383556165e-06,0.0044233843078414,211,0.0231102186699849,0.66363636363636
13932|19118,13932,19118,Listeria monocytogenes,99.59,239,238,0,0,0.9972692517749864,0.9987272727272728,0.9987272727272728,58,0.0052727272727272,9.003779312677374e-06,0.0060860087369637,43,0.0286581134664114,0.52727272727272
13932|19118,13932,19118,Listeria monocytogenes,99.59,240,239,0,0,0.998725650828327,0.9987272727272728,0.9987272727272728,42,0.0038181818181818,5.774677924952343e-06,0.003596377379633,254,0.0007569645586635,0.38181818181818
13932|19118,13932,19118,Listeria monocytogenes,99.59,241,240,0,0,0.9961769524849808,0.9987272727272728,0.9987272727272728,70,0.0063636363636363,5.331367198491144e-06,0.0032654404502789,226,0.0239299165080859,0.6363636363636299
13932|19118,13932,19118,Listeria monocytogenes,99.59,242,241,0,0,0.9946295284908064,0.9987272727272728,0.9987272727272728,87,0.0079090909090909,5.887267187976164e-06,0.0035300836090294,174,0.0198973829704984,0.79090909090909
13932|19118,13932,19118,Listeria monocytogenes,99.59,243,242,0,0,0.9970872018933188,0.9987272727272728,0.9986363636363637,61,0.0055454545454545,5.522937353008572e-06,0.0041897689258695,41,0.0169557485256379,0.55454545454545
13932|19118,13932,19118,Listeria monocytogenes,99.59,244,243,0,0,0.9932635411925352,0.9986363636363637,0.9986363636363637,104,0.0094545454545454,4.658578956928672e-06,0.0033666962386046,259,0.0135114907547126,0.94545454545454
14018|49145,14018,49145,Gardnerella vaginalis,98.65,0,0,0,0,0.989407257155736,0.8067272727272727,0.8067272727272727,136,0.0123636363636363,5.853799142530036e-06,0.0051318145953718,53,0.0745882961481813,1.2363636363636301
14018|49145,14018,49145,Gardnerella vaginalis,98.65,1,1,0,0,0.9953632148377124,0.9996363636363635,0.9999090909090907,54,0.0049090909090909,1.954771732770588e-05,0.0063405676109353,140,0.0077777621971384,0.49090909090909
14018|49145,14018,49145,Gardnerella vaginalis,98.65,2,2,0,0,0.989900827950141,0.9989090909090907,0.998,120,0.0109090909090909,1.3180088436648418e-05,0.0060707996504697,15,0.0219247351022701,1.09090909090909
14018|49145,14018,49145,Gardnerella vaginalis,98.65,4,4,0,0,0.9909181636726548,0.9107272727272728,0.910818181818182,146,0.0132727272727272,0.0001435711824048,0.019723608302144,66,0.0020456939332486,1.32727272727272
14018|49145,14018,49145,Gardnerella vaginalis,98.65,27,27,0,0,0.993985379846396,0.9824545454545456,0.982,456,0.0414545454545454,4.183407949409634e-05,0.012670609656776,28,0.002266104580721,4.145454545454539
14018|49145,14018,49145,Gardnerella vaginalis,98.65,31,31,0,0,0.9949814126394052,0.9780909090909092,0.9780909090909092,496,0.045090909090909,6.19622246839091e-05,0.0112638520770354,91,0.0346073475010209,4.5090909090909
14018|49145,14018,49145,Gardnerella vaginalis,98.65,33,33,0,0,0.9947142987332545,0.9961818181818182,0.997,133,0.012090909090909,3.179443216771993e-05,0.0084206372308528,25,0.0188882964226353,1.2090909090909
14018|49145,14018,49145,Gardnerella vaginalis,98.65,34,34,0,0,0.9906004745391496,0.9951818181818182,0.9961818181818182,197,0.0179090909090909,3.952791306649495e-05,0.0089667304162221,121,0.0121093533169392,1.79090909090909
14018|49145,14018,49145,Gardnerella vaginalis,98.65,35,35,0,0,0.9927906552290564,0.9951818181818182,0.9961818181818182,173,0.0157272727272727,2.6613827626920102e-05,0.007563898291048,50,0.0603726831848296,1.57272727272727
14018|49145,14018,49145,Gardnerella vaginalis,98.65,85,89,0,0,0.9967511371020142,0.9793636363636364,0.9793636363636364,488,0.0443636363636363,1.8088396131821227e-05,0.0089580006369939,136,0.1596177895818459,4.43636363636363
14018|49145,14018,49145,Gardnerella vaginalis,98.65,86,90,0,0,0.9946887812150578,0.9756363636363636,0.9745454545454544,497,0.0451818181818181,3.432159122285228e-05,0.0084030860683437,129,0.0160816911200771,4.5181818181818105
14018|49145,14018,49145,Gardnerella vaginalis,98.65,87,91,0,0,0.9921186833565137,0.9804545454545456,0.9804545454545456,515,0.0468181818181818,6.450560132043037e-06,0.0037598266411026,120,0.030455894076306,4.68181818181818
14018|49145,14018,49145,Gardnerella vaginalis,98.65,88,92,0,0,0.9986091794158554,0.9804545454545456,0.9804545454545456,444,0.0403636363636363,2.4387054204044745e-05,0.0082146080623264,28,0.010997393580187,4.03636363636363
14018|49145,14018,49145,Gardnerella vaginalis,98.65,89,93,0,0,0.9959202596198424,0.9802727272727272,0.9804545454545456,476,0.0432727272727272,6.85620071532167e-05,0.0185552346341799,159,0.0105710058917425,4.32727272727272
14018|49145,14018,49145,Gardnerella vaginalis,98.65,90,94,0,0,0.998145228600575,0.9802727272727272,0.9802727272727272,454,0.0412727272727272,2.431373976075069e-05,0.0099389441789379,125,0.0462614887697568,4.12727272727272
14018|49145,14018,49145,Gardnerella vaginalis,98.65,92,96,0,0,0.9921172215524436,0.9798181818181818,0.9802727272727272,523,0.0475454545454545,0.0001291637147041,0.0170726368718052,123,0.0081094115508393,4.75454545454545
14018|49145,14018,49145,Gardnerella vaginalis,98.65,93,97,0,0,0.9935034802784224,0.9795454545454544,0.9795454545454544,513,0.0466363636363636,0.0002294452786824,0.0234293081569549,169,0.0018370132095698,4.6636363636363605
14018|49145,14018,49145,Gardnerella vaginalis,98.65,96,100,0,0,0.9946947133283692,0.9767272727272728,0.9767272727272728,547,0.0497272727272727,6.661163423404837e-06,0.0061892272701906,167,0.0121967679691609,4.97272727272727
14018|49145,14018,49145,Gardnerella vaginalis,98.65,100,104,0,0,0.9974492119887036,0.9979090909090907,0.9979090909090907,74,0.0067272727272727,6.911719301005981e-06,0.0040148394593377,83,0.0166570314077058,0.67272727272727
14041|14756,14041,14756,Serratia marcescens,100.0,23,23,0,0,0.9999090909090907,1.0,1.0,1,9.09090909090909e-05,1.9323736570875383e-06,0.002108389159571,41,0.0008897291935396,0.00909090909090909
14041|14756,14041,14756,Serratia marcescens,100.0,27,27,0,0,0.9999090909090907,1.0,1.0,1,9.09090909090909e-05,1.1371017706318651e-06,0.0015406992196411,222,0.0909149015098114,0.00909090909090909
14041|14756,14041,14756,Serratia marcescens,100.0,86,86,0,0,0.9999090909090907,1.0,1.0,1,9.09090909090909e-05,5.670816656255795e-07,0.0010721751629699,388,0.0226717138381933,0.00909090909090909
14041|14756,14041,14756,Serratia marcescens,100.0,115,115,0,0,0.9992727272727272,1.0,1.0,8,0.0007272727272727,7.692696640204666e-05,0.0162391585683619,15,0.0190766685674199,0.07272727272727
14041|14756,14041,14756,Serratia marcescens,100.0,151,151,0,0,0.9999090909090907,1.0,1.0,1,9.09090909090909e-05,1.8489687085843087e-06,0.0019520773404187,337,0.0151815026948023,0.00909090909090909
14041|14756,14041,14756,Serratia marcescens,100.0,184,184,0,0,0.9999090909090907,1.0,1.0,1,9.09090909090909e-05,4.685161995587883e-06,0.0040061257022907,245,0.0030628404510444,0.00909090909090909
14041|14756,14041,14756,Serratia marcescens,100.0,297,297,0,0,0.9915454545454544,1.0,0.9915454545454544,186,0.0169090909090909,9.64552122506568e-06,0.0050352288325651,12,0.0051433525478341,1.69090909090909
14041|14756,14041,14756,Serratia marcescens,100.0,298,298,0,0,1.0,0.9915454545454544,0.9915454545454544,186,0.0169090909090909,3.3795007431280943e-05,0.0090557955613312,142,0.0281946611089189,1.69090909090909
14041|14756,14041,14756,Serratia marcescens,100.0,299,299,0,0,0.9999083157605207,0.9915454545454544,0.9915454545454544,187,0.017,2.795434419189391e-05,0.0123329702071943,487,0.0117255628059993,1.7000000000000002
14041|14756,14041,14756,Serratia marcescens,100.0,300,300,0,0,1.0,0.9915454545454544,0.9915454545454544,186,0.0169090909090909,4.1926759289823146e-05,0.0101895939144601,143,0.0192921420950725,1.69090909090909
14041|14756,14041,14756,Serratia marcescens,100.0,301,301,0,0,1.0,0.9915454545454544,0.9915454545454544,186,0.0169090909090909,4.0167995546402935e-06,0.0041206163650896,234,0.0141195326149929,1.69090909090909
14041|14756,14041,14756,Serratia marcescens,100.0,302,302,0,0,1.0,0.9915454545454544,0.9915454545454544,186,0.0169090909090909,6.876064488348099e-06,0.0048275474584186,87,0.0153614961343895,1.69090909090909
14041|14756,14041,14756,Serratia marcescens,100.0,303,303,0,0,1.0,0.9915454545454544,0.9915454545454544,186,0.0169090909090909,9.53002280890125e-06,0.0046537381601534,79,0.1184213039349848,1.69090909090909
14041|14756,14041,14756,Serratia marcescens,100.0,304,304,0,0,1.0,0.9915454545454544,0.9915454545454544,186,0.0169090909090909,1.196324264784998e-05,0.0057523938614653,25,0.0385543399417321,1.69090909090909
14041|14756,14041,14756,Serratia marcescens,100.0,305,305,0,0,1.0,0.9915454545454544,0.9915454545454544,186,0.0169090909090909,8.305057345614486e-06,0.0043364333759777,294,0.0058703448588158,1.69090909090909
14041|14756,14041,14756,Serratia marcescens,100.0,306,306,0,0,1.0,0.9915454545454544,0.9915454545454544,186,0.0169090909090909,1.2957699361604291e-05,0.0057523150789195,28,0.0144840282215998,1.69090909090909
14041|14756,14041,14756,Serratia marcescens,100.0,307,307,0,0,0.9999083157605207,0.9915454545454544,0.9915454545454544,187,0.017,3.7163406060303217e-06,0.0028823308891998,341,0.0144136085237346,1.7000000000000002
14041|14756,14041,14756,Serratia marcescens,100.0,308,308,0,0,1.0,0.9915454545454544,0.9915454545454544,186,0.0169090909090909,0.0001022623521214,0.0145468143443897,263,0.0532903156104689,1.69090909090909
14041|14756,14041,14756,Serratia marcescens,100.0,309,309,0,0,0.9999083157605207,0.9915454545454544,0.9915454545454544,187,0.017,4.417554596325424e-05,0.0098471912666043,303,0.0187722191529206,1.7000000000000002
14041|14756,14041,14756,Serratia marcescens,100.0,310,310,0,0,1.0,0.9915454545454544,0.9915454545454544,186,0.0169090909090909,8.988471695614564e-06,0.0047935177986704,228,0.0026173396502477,1.69090909090909
14041|14756,14041,14756,Serratia marcescens,100.0,311,311,0,0,1.0,0.9915454545454544,0.9915454545454544,186,0.0169090909090909,9.817717448568075e-06,0.0045581091904516,390,0.0029173388012064,1.69090909090909
14041|14756,14041,14756,Serratia marcescens,100.0,312,312,0,0,1.0,0.9915454545454544,0.9915454545454544,186,0.0169090909090909,2.202203240453393e-05,0.0069580493883326,460,0.0253093337894585,1.69090909090909
14041|14756,14041,14756,Serratia marcescens,100.0,313,313,0,0,1.0,0.9915454545454544,0.9915454545454544,186,0.0169090909090909,1.4915155391648229e-05,0.0058987519565688,484,0.0055967792585573,1.69090909090909
14041|14756,14041,14756,Serratia marcescens,100.0,314,314,0,0,1.0,0.9915454545454544,0.9915454545454544,186,0.0169090909090909,2.521858450665881e-05,0.0072710817391033,185,0.0026619543833723,1.69090909090909
14041|14756,14041,14756,Serratia marcescens,100.0,315,315,0,0,1.0,0.9915454545454544,0.9915454545454544,186,0.0169090909090909,2.967813316878676e-06,0.0027137544973685,155,0.0302397863130601,1.69090909090909
14041|14756,14041,14756,Serratia marcescens,100.0,316,316,0,0,1.0,0.9915454545454544,0.9915454545454544,186,0.0169090909090909,1.4964759353697232e-05,0.0056744504548197,160,0.005494135069386,1.69090909090909
14041|14756,14041,14756,Serratia marcescens,100.0,317,317,0,0,1.0,0.9915454545454544,0.9915454545454544,186,0.0169090909090909,4.811264706638951e-06,0.0040407114234132,108,0.1647532343499125,1.69090909090909
14041|14756,14041,14756,Serratia marcescens,100.0,318,318,0,0,1.0,0.9915454545454544,0.9915454545454544,186,0.0169090909090909,5.91079140099815e-06,0.0050013088906545,366,0.1493007154718106,1.69090909090909
14041|14756,14041,14756,Serratia marcescens,100.0,319,319,0,0,1.0,0.9915454545454544,0.9915454545454544,186,0.0169090909090909,5.192955583432912e-06,0.0038868385336463,184,0.0856038206139231,1.69090909090909
14041|14756,14041,14756,Serratia marcescens,100.0,320,320,0,0,1.0,0.9915454545454544,0.9915454545454544,186,0.0169090909090909,1.1011239620772884e-05,0.004963849790551,125,0.1112076161706877,1.69090909090909
14041|14756,14041,14756,Serratia marcescens,100.0,321,321,0,0,1.0,0.9915454545454544,0.9915454545454544,186,0.0169090909090909,1.3845507621623732e-05,0.005270341076166,378,0.0067158520265683,1.69090909090909
14041|14756,14041,14756,Serratia marcescens,100.0,322,322,0,0,1.0,0.9915454545454544,0.9915454545454544,186,0.0169090909090909,4.377033444136202e-05,0.0096233164467867,251,0.0001186911910828,1.69090909090909
14041|14756,14041,14756,Serratia marcescens,100.0,323,323,0,0,1.0,0.9915454545454544,0.9915454545454544,186,0.0169090909090909,7.03844404146281e-05,0.0118655176291011,419,0.0387248294426303,1.69090909090909
14041|14756,14041,14756,Serratia marcescens,100.0,324,324,0,0,1.0,0.9915454545454544,0.9915454545454544,186,0.0169090909090909,2.139312083770939e-05,0.0105196082065293,153,0.0843775445278407,1.69090909090909
14041|14756,14041,14756,Serratia marcescens,100.0,325,325,0,0,1.0,0.9915454545454544,0.9915454545454544,186,0.0169090909090909,1.042085649449742e-05,0.0046351608248116,114,0.0011369680935187,1.69090909090909
14041|14756,14041,14756,Serratia marcescens,100.0,326,326,0,0,1.0,0.9915454545454544,0.9915454545454544,186,0.0169090909090909,1.618565293592944e-05,0.0057127203566027,386,0.0098284116831257,1.69090909090909
14041|14756,14041,14756,Serratia marcescens,100.0,327,327,0,0,1.0,0.9915454545454544,0.9915454545454544,186,0.0169090909090909,4.434091701588372e-06,0.0041844258035492,453,0.064473543104809,1.69090909090909
14041|14756,14041,14756,Serratia marcescens,100.0,328,328,0,0,1.0,0.9915454545454544,0.9915454545454544,186,0.0169090909090909,6.342016471982959e-06,0.0069716238067387,137,0.0271205607496476,1.69090909090909
14041|14756,14041,14756,Serratia marcescens,100.0,329,329,0,0,0.9999083157605207,0.9915454545454544,0.9915454545454544,187,0.017,4.129706555477952e-05,0.0090885860651635,275,0.0665889730711486,1.7000000000000002
14041|14756,14041,14756,Serratia marcescens,100.0,330,330,0,0,1.0,0.9915454545454544,0.9915454545454544,186,0.0169090909090909,6.617002127562444e-06,0.0036424970789565,5,0.0063945755298623,1.69090909090909
14041|14756,14041,14756,Serratia marcescens,100.0,331,331,0,0,1.0,0.9915454545454544,0.9915454545454544,186,0.0169090909090909,7.560322404120967e-06,0.0042619846817382,132,0.0013437115968313,1.69090909090909
14041|14756,14041,14756,Serratia marcescens,100.0,332,332,0,0,1.0,0.9915454545454544,0.9915454545454544,186,0.0169090909090909,2.36515086176059e-05,0.0069936667458281,502,0.0427843726754286,1.69090909090909
14041|14756,14041,14756,Serratia marcescens,100.0,333,333,0,0,1.0,0.9915454545454544,0.9915454545454544,186,0.0169090909090909,4.511097779102968e-06,0.0045811349182486,135,0.0453283862497512,1.69090909090909
14041|14756,14041,14756,Serratia marcescens,100.0,334,334,0,0,1.0,0.9915454545454544,0.9915454545454544,186,0.0169090909090909,7.609855670054344e-06,0.00396770956129,257,0.0019666043244777,1.69090909090909
14041|14756,14041,14756,Serratia marcescens,100.0,335,335,0,0,1.0,0.9915454545454544,0.9915454545454544,186,0.0169090909090909,1.9826270930223263e-05,0.0094456841645372,235,0.0280062279136787,1.69090909090909
14041|14756,14041,14756,Serratia marcescens,100.0,336,336,0,0,1.0,0.9915454545454544,0.9915454545454544,186,0.0169090909090909,4.208676777306408e-06,0.0040857755192475,145,0.0039735583554529,1.69090909090909
14041|14756,14041,14756,Serratia marcescens,100.0,337,337,0,0,0.9998166315210416,0.9915454545454544,0.9915454545454544,188,0.017090909090909,7.783922233994822e-05,0.0130610413239509,479,0.0002772981783645,1.7090909090909001
14041|14756,14041,14756,Serratia marcescens,100.0,338,338,0,0,1.0,0.9915454545454544,0.9915454545454544,186,0.0169090909090909,3.344522391479643e-06,0.0027357216116029,98,0.0159807266225158,1.69090909090909
14041|14756,14041,14756,Serratia marcescens,100.0,339,339,0,0,1.0,0.9915454545454544,0.9915454545454544,186,0.0169090909090909,1.5224770804067587e-05,0.0055223746808886,56,0.0193059723842686,1.69090909090909
14041|14756,14041,14756,Serratia marcescens,100.0,340,340,0,0,0.9997249472815622,0.9915454545454544,0.9915454545454544,189,0.0171818181818181,3.023384960554321e-05,0.0078041249109303,219,0.0002047073324022,1.71818181818181
14041|14756,14041,14756,Serratia marcescens,100.0,341,341,0,0,1.0,0.9915454545454544,0.9915454545454544,186,0.0169090909090909,2.8819184504813578e-05,0.010048495052031,264,0.0053202195904658,1.69090909090909
14041|14756,14041,14756,Serratia marcescens,100.0,342,342,0,0,1.0,0.9915454545454544,0.9915454545454544,186,0.0169090909090909,1.2053182750548784e-05,0.0054315096319452,28,0.0323845508712445,1.69090909090909
14041|14756,14041,14756,Serratia marcescens,100.0,343,343,0,0,1.0,0.9915454545454544,0.9915454545454544,186,0.0169090909090909,4.286342648707198e-06,0.0039039591185731,228,0.0065868764420797,1.69090909090909
14041|14756,14041,14756,Serratia marcescens,100.0,344,344,0,0,1.0,0.9915454545454544,0.9915454545454544,186,0.0169090909090909,1.0672699108593696e-05,0.0047617286368863,434,0.0106293515778533,1.69090909090909
14041|14756,14041,14756,Serratia marcescens,100.0,345,345,0,0,1.0,0.9915454545454544,0.9915454545454544,186,0.0169090909090909,3.5926581356537923e-06,0.0052387493768787,195,0.1304780214873118,1.69090909090909
14041|14756,14041,14756,Serratia marcescens,100.0,346,346,0,0,1.0,0.9915454545454544,0.9915454545454544,186,0.0169090909090909,1.4505440050882612e-05,0.0064544871193338,460,0.0301389021964311,1.69090909090909
14041|14756,14041,14756,Serratia marcescens,100.0,347,347,0,0,1.0,0.9915454545454544,0.9915454545454544,186,0.0169090909090909,4.934665717570841e-05,0.0099356275312028,441,0.05087794357739,1.69090909090909
14041|14756,14041,14756,Serratia marcescens,100.0,348,348,0,0,1.0,0.9915454545454544,0.9915454545454544,186,0.0169090909090909,1.717878760687519e-05,0.0070660462608523,155,0.0093393072538423,1.69090909090909
14041|14756,14041,14756,Serratia marcescens,100.0,349,349,0,0,1.0,0.9915454545454544,0.9915454545454544,186,0.0169090909090909,8.148857405188004e-06,0.0055074078945058,208,0.0265292561090705,1.69090909090909
14041|14756,14041,14756,Serratia marcescens,100.0,350,350,0,0,1.0,0.9915454545454544,0.9915454545454544,186,0.0169090909090909,9.811490984112936e-06,0.0052168531500676,13,0.0023068715098728,1.69090909090909
14041|14756,14041,14756,Serratia marcescens,100.0,351,351,0,0,1.0,0.9915454545454544,0.9915454545454544,186,0.0169090909090909,8.201539248409162e-06,0.0041701159895833,412,0.0215293976454045,1.69090909090909
14041|14756,14041,14756,Serratia marcescens,100.0,352,352,0,0,1.0,0.9915454545454544,0.9915454545454544,186,0.0169090909090909,1.2724125584284709e-06,0.0015967554257268,193,0.0094757495521285,1.69090909090909
14041|14756,14041,14756,Serratia marcescens,100.0,353,353,0,0,1.0,0.9915454545454544,0.9915454545454544,186,0.0169090909090909,4.093138063820945e-06,0.0038638037939256,419,0.0029477879760473,1.69090909090909
14041|14756,14041,14756,Serratia marcescens,100.0,354,354,0,0,1.0,0.9915454545454544,0.9915454545454544,186,0.0169090909090909,1.2446442418712069e-05,0.0051387119748816,273,0.0016071164387878,1.69090909090909
14041|14756,14041,14756,Serratia marcescens,100.0,355,355,0,0,1.0,0.9915454545454544,0.9915454545454544,186,0.0169090909090909,4.593214552039981e-06,0.0033739036752944,259,0.0090140310727295,1.69090909090909
14041|14756,14041,14756,Serratia marcescens,100.0,356,356,0,0,1.0,0.9915454545454544,0.9915454545454544,186,0.0169090909090909,5.441658980309683e-06,0.0077415276801461,92,0.1333195123270092,1.69090909090909
14041|14756,14041,14756,Serratia marcescens,100.0,357,357,0,0,1.0,0.9915454545454544,0.9915454545454544,186,0.0169090909090909,5.445632640521669e-05,0.0123092305323631,60,0.0100973988974247,1.69090909090909
14041|14756,14041,14756,Serratia marcescens,100.0,358,358,0,0,1.0,0.9915454545454544,0.9915454545454544,186,0.0169090909090909,4.889500814120318e-06,0.003129985539707,333,0.0002820467765348,1.69090909090909
14041|14756,14041,14756,Serratia marcescens,100.0,359,359,0,0,1.0,0.9915454545454544,0.9915454545454544,186,0.0169090909090909,1.3991093855025838e-05,0.0078180987857149,166,0.0474075953660324,1.69090909090909
14041|14756,14041,14756,Serratia marcescens,100.0,360,360,0,0,1.0,0.9915454545454544,0.9915454545454544,186,0.0169090909090909,4.033659221858166e-06,0.0034705506877026,165,0.0225453158463269,1.69090909090909
14041|14756,14041,14756,Serratia marcescens,100.0,361,361,0,0,1.0,0.9915454545454544,0.9915454545454544,186,0.0169090909090909,1.1697693236722984e-05,0.0057452062722446,246,0.0443837140633753,1.69090909090909
14041|14756,14041,14756,Serratia marcescens,100.0,362,362,0,0,1.0,0.9915454545454544,0.9915454545454544,186,0.0169090909090909,1.560571140002409e-05,0.0058273076503686,62,0.003580434026547,1.69090909090909
14041|14756,14041,14756,Serratia marcescens,100.0,363,363,0,0,1.0,0.9915454545454544,0.9915454545454544,186,0.0169090909090909,7.713319720714651e-06,0.0045264780052869,323,0.0302827704024042,1.69090909090909
14041|14756,14041,14756,Serratia marcescens,100.0,364,364,0,0,1.0,0.9915454545454544,0.9915454545454544,186,0.0169090909090909,4.638864647743546e-06,0.0052337832870992,246,0.0877063898649541,1.69090909090909
14041|14756,14041,14756,Serratia marcescens,100.0,365,365,0,0,1.0,0.9915454545454544,0.9915454545454544,186,0.0169090909090909,2.4771520795052737e-05,0.0081001156245959,400,0.0017366062933508,1.69090909090909
14041|14756,14041,14756,Serratia marcescens,100.0,366,366,0,0,1.0,0.9915454545454544,0.9915454545454544,186,0.0169090909090909,6.627222778998743e-06,0.0043216651790905,381,0.016390461859653,1.69090909090909
14041|14756,14041,14756,Serratia marcescens,100.0,367,367,0,0,1.0,0.9915454545454544,0.9915454545454544,186,0.0169090909090909,6.755929479262957e-05,0.0124789412807462,41,0.0526286318269307,1.69090909090909
14041|14756,14041,14756,Serratia marcescens,100.0,368,368,0,0,1.0,0.9915454545454544,0.9915454545454544,186,0.0169090909090909,3.662664395331916e-06,0.0062470132611296,82,0.0039540451666515,1.69090909090909
14041|14756,14041,14756,Serratia marcescens,100.0,369,369,0,0,1.0,0.9915454545454544,0.9915454545454544,186,0.0169090909090909,1.4940886066794334e-05,0.005488639844371,115,0.0052629925736363,1.69090909090909
14041|14756,14041,14756,Serratia marcescens,100.0,370,370,0,0,1.0,0.9915454545454544,0.9915454545454544,186,0.0169090909090909,3.6839261002841184e-06,0.0033833298648171,148,0.0009499953155572,1.69090909090909
14041|14756,14041,14756,Serratia marcescens,100.0,371,371,0,0,1.0,0.9915454545454544,0.9915454545454544,186,0.0169090909090909,1.5295970650530677e-05,0.0088593140054713,117,0.0203701443728097,1.69090909090909
14041|14756,14041,14756,Serratia marcescens,100.0,372,372,0,0,1.0,0.9915454545454544,0.9915454545454544,186,0.0169090909090909,1.1767209874058436e-05,0.0062386612119804,467,0.0017763165843167,1.69090909090909
14041|14756,14041,14756,Serratia marcescens,100.0,373,373,0,0,0.9999083157605207,0.9915454545454544,0.9915454545454544,187,0.017,1.1504045132282316e-05,0.0072728764782427,221,0.0127045608512592,1.7000000000000002
14041|14756,14041,14756,Serratia marcescens,100.0,374,374,0,0,1.0,0.9915454545454544,0.9915454545454544,186,0.0169090909090909,6.160216982409317e-06,0.0035942661835452,464,0.0011999525058574,1.69090909090909
14041|14756,14041,14756,Serratia marcescens,100.0,375,375,0,0,1.0,0.9915454545454544,0.9915454545454544,186,0.0169090909090909,1.1220814461920804e-05,0.0047386669367561,131,0.0067186030592221,1.69090909090909
14041|14756,14041,14756,Serratia marcescens,100.0,376,376,0,0,1.0,0.9915454545454544,0.9915454545454544,186,0.0169090909090909,1.033768453262418e-05,0.0050114721932445,381,0.0082872884942143,1.69090909090909
14041|14756,14041,14756,Serratia marcescens,100.0,377,377,0,0,1.0,0.9915454545454544,0.9915454545454544,186,0.0169090909090909,4.813817126469999e-06,0.0036190112633395,295,0.0404677226192429,1.69090909090909
14041|14756,14041,14756,Serratia marcescens,100.0,378,378,0,0,1.0,0.9915454545454544,0.9915454545454544,186,0.0169090909090909,1.0777061649980268e-05,0.0046540810979454,174,0.0291604825792552,1.69090909090909
14041|14756,14041,14756,Serratia marcescens,100.0,379,379,0,0,1.0,0.9915454545454544,0.9915454545454544,186,0.0169090909090909,2.7904602905359788e-05,0.0083131684115152,61,0.0029559997908636,1.69090909090909
14041|14756,14041,14756,Serratia marcescens,100.0,380,380,0,0,1.0,0.9915454545454544,0.9915454545454544,186,0.0169090909090909,4.219633491509001e-06,0.0038616503030475,144,0.0091828102362737,1.69090909090909
14041|14756,14041,14756,Serratia marcescens,100.0,381,381,0,0,1.0,0.9915454545454544,0.9915454545454544,186,0.0169090909090909,1.286198839356434e-05,0.0075165627448642,300,0.0019524533268546,1.69090909090909
14041|14756,14041,14756,Serratia marcescens,100.0,382,382,0,0,1.0,0.9915454545454544,0.9915454545454544,186,0.0169090909090909,2.2462459167593707e-05,0.006876876221156,65,0.0051940055613901,1.69090909090909
14041|14756,14041,14756,Serratia marcescens,100.0,383,383,0,0,1.0,0.9915454545454544,0.9915454545454544,186,0.0169090909090909,9.468576262938733e-06,0.0048955927606426,227,0.0043235705669001,1.69090909090909
14041|14756,14041,14756,Serratia marcescens,100.0,384,384,0,0,1.0,0.9915454545454544,0.9915454545454544,186,0.0169090909090909,5.379817082151739e-06,0.0033255793691094,320,0.0852060656722252,1.69090909090909
14041|14756,14041,14756,Serratia marcescens,100.0,385,385,0,0,1.0,0.9915454545454544,0.9915454545454544,186,0.0169090909090909,6.726854674843352e-06,0.0038255706096614,94,0.1482022473009436,1.69090909090909
14041|14756,14041,14756,Serratia marcescens,100.0,386,386,0,0,1.0,0.9915454545454544,0.9915454545454544,186,0.0169090909090909,1.8572631208635396e-05,0.0063480274844267,295,0.0006216026457739,1.69090909090909
14041|14756,14041,14756,Serratia marcescens,100.0,387,387,0,0,1.0,0.9915454545454544,0.9915454545454544,186,0.0169090909090909,0.0001112798367062,0.017480780006651,478,0.0279295997813081,1.69090909090909
14041|14756,14041,14756,Serratia marcescens,100.0,388,388,0,0,1.0,0.9915454545454544,0.9915454545454544,186,0.0169090909090909,3.0930295661812934e-05,0.0113697710082913,360,0.0007146659253658,1.69090909090909
14041|14756,14041,14756,Serratia marcescens,100.0,389,389,0,0,1.0,0.9915454545454544,0.9915454545454544,186,0.0169090909090909,6.199319530164615e-06,0.0043212377908086,10,0.0573432076280044,1.69090909090909
14041|14756,14041,14756,Serratia marcescens,100.0,390,390,0,0,1.0,0.9915454545454544,0.9915454545454544,186,0.0169090909090909,6.384761583322352e-06,0.0048055791030588,145,0.0360989270422476,1.69090909090909
14041|14756,14041,14756,Serratia marcescens,100.0,391,391,0,0,1.0,0.9915454545454544,0.9915454545454544,186,0.0169090909090909,2.9433636608566797e-05,0.0077245579419959,377,0.0173007713025158,1.69090909090909
14041|14756,14041,14756,Serratia marcescens,100.0,392,392,0,0,1.0,0.9915454545454544,0.9915454545454544,186,0.0169090909090909,1.003347272376942e-05,0.0049480334283246,380,0.0059878008671767,1.69090909090909
14041|14756,14041,14756,Serratia marcescens,100.0,393,393,0,0,1.0,0.9915454545454544,0.9915454545454544,186,0.0169090909090909,5.11031613070756e-06,0.003804552951979,166,0.0001744828213836,1.69090909090909
14041|14756,14041,14756,Serratia marcescens,100.0,394,394,0,0,1.0,0.9915454545454544,0.9915454545454544,186,0.0169090909090909,1.451348487613302e-05,0.0060899379869893,104,0.0013830946458412,1.69090909090909
14041|14756,14041,14756,Serratia marcescens,100.0,395,395,0,0,1.0,0.9915454545454544,0.9915454545454544,186,0.0169090909090909,9.14781578253976e-06,0.0091008939561832,175,0.0038257882112826,1.69090909090909
14041|14756,14041,14756,Serratia marcescens,100.0,396,396,0,0,1.0,0.9915454545454544,0.9915454545454544,186,0.0169090909090909,2.171880952694938e-05,0.0070993338463539,311,0.0278322310581423,1.69090909090909
14041|14756,14041,14756,Serratia marcescens,100.0,397,397,0,0,1.0,0.9915454545454544,0.9915454545454544,186,0.0169090909090909,5.766262649142817e-06,0.0044340809741603,468,0.0151869790836869,1.69090909090909
14041|14756,14041,14756,Serratia marcescens,100.0,398,398,0,0,1.0,0.9915454545454544,0.9915454545454544,186,0.0169090909090909,2.516602422342196e-06,0.0058751721563244,312,0.0168861333861896,1.69090909090909
14041|14756,14041,14756,Serratia marcescens,100.0,399,399,0,0,1.0,0.9915454545454544,0.9915454545454544,186,0.0169090909090909,1.06743191483627e-05,0.0072814559231387,244,0.1319175310586647,1.69090909090909
14041|14756,14041,14756,Serratia marcescens,100.0,400,400,0,0,1.0,0.9915454545454544,0.9915454545454544,186,0.0169090909090909,5.818419328496027e-05,0.0109805706237001,328,0.0445660886450696,1.69090909090909
14041|14756,14041,14756,Serratia marcescens,100.0,401,401,0,0,1.0,0.9915454545454544,0.9915454545454544,186,0.0169090909090909,1.1616828435090376e-05,0.0051550836487266,4,0.001267872252098,1.69090909090909
14041|14756,14041,14756,Serratia marcescens,100.0,402,402,0,0,1.0,0.9915454545454544,0.9915454545454544,186,0.0169090909090909,6.988123338214081e-06,0.0040320776927067,280,0.0024945162678821,1.69090909090909
14041|14756,14041,14756,Serratia marcescens,100.0,403,403,0,0,1.0,0.9915454545454544,0.9915454545454544,186,0.0169090909090909,4.699876024139016e-06,0.0032418063041158,109,0.0014010382144441,1.69090909090909
14041|14756,14041,14756,Serratia marcescens,100.0,404,404,0,0,1.0,0.9915454545454544,0.9915454545454544,186,0.0169090909090909,8.887719458172683e-06,0.0060670693077513,80,0.0013476397171292,1.69090909090909
14041|14756,14041,14756,Serratia marcescens,100.0,405,405,0,0,1.0,0.9915454545454544,0.9915454545454544,186,0.0169090909090909,1.1981055135557028e-05,0.0055195771568002,443,0.0004232457057985,1.69090909090909
14041|14756,14041,14756,Serratia marcescens,100.0,406,406,0,0,1.0,0.9915454545454544,0.9915454545454544,186,0.0169090909090909,7.141943144106655e-06,0.0047480748238948,331,0.0040826894640468,1.69090909090909
14041|14756,14041,14756,Serratia marcescens,100.0,407,407,0,0,1.0,0.9915454545454544,0.9915454545454544,186,0.0169090909090909,9.63436920076166e-06,0.0078781948774217,477,0.0271343005289895,1.69090909090909
14041|14756,14041,14756,Serratia marcescens,100.0,408,408,0,0,1.0,0.9915454545454544,0.9915454545454544,186,0.0169090909090909,5.956697016418211e-06,0.0034568104265314,117,0.071090069922645,1.69090909090909
14041|14756,14041,14756,Serratia marcescens,100.0,409,409,0,0,1.0,0.9915454545454544,0.9915454545454544,186,0.0169090909090909,8.21636306114204e-06,0.0057155837665924,152,0.0230702290226981,1.69090909090909
14041|14756,14041,14756,Serratia marcescens,100.0,410,410,0,0,1.0,0.9915454545454544,0.9915454545454544,186,0.0169090909090909,3.100101393782584e-05,0.0086849563454142,147,0.0030946168427861,1.69090909090909
14041|14756,14041,14756,Serratia marcescens,100.0,411,411,0,0,1.0,0.9915454545454544,0.9915454545454544,186,0.0169090909090909,2.853258545276738e-05,0.0103664261611034,38,0.0010995155701096,1.69090909090909
14041|14756,14041,14756,Serratia marcescens,100.0,412,412,0,0,1.0,0.9915454545454544,0.9915454545454544,186,0.0169090909090909,1.4724191890969074e-05,0.0062548393439168,208,0.002551611993435,1.69090909090909
14041|14756,14041,14756,Serratia marcescens,100.0,413,413,0,0,1.0,0.9915454545454544,0.9915454545454544,186,0.0169090909090909,6.954449654816841e-06,0.004177061726644,438,0.0019017519347096,1.69090909090909
14041|14756,14041,14756,Serratia marcescens,100.0,414,414,0,0,1.0,0.9915454545454544,0.9915454545454544,186,0.0169090909090909,1.4901071181627756e-05,0.0065206965024159,359,0.0434672419244451,1.69090909090909
14041|14756,14041,14756,Serratia marcescens,100.0,415,415,0,0,1.0,0.9915454545454544,0.9915454545454544,186,0.0169090909090909,1.1034125778963675e-05,0.0048718908559044,436,0.0042097315027395,1.69090909090909
14041|14756,14041,14756,Serratia marcescens,100.0,416,416,0,0,1.0,0.9915454545454544,0.9915454545454544,186,0.0169090909090909,5.860436932958457e-06,0.0041832902478669,254,0.0306296996721519,1.69090909090909
14041|14756,14041,14756,Serratia marcescens,100.0,417,417,0,0,1.0,0.9915454545454544,0.9915454545454544,186,0.0169090909090909,7.678114792075696e-06,0.0056876433929841,50,0.0444876471760913,1.69090909090909
14041|14756,14041,14756,Serratia marcescens,100.0,418,418,0,0,1.0,0.9915454545454544,0.9915454545454544,186,0.0169090909090909,8.145281566118712e-06,0.0040410863404977,328,0.0504312077705479,1.69090909090909
14041|14756,14041,14756,Serratia marcescens,100.0,419,419,0,0,1.0,0.9915454545454544,0.9915454545454544,186,0.0169090909090909,1.0384883910141696e-05,0.0045593614316553,173,0.0026939810848578,1.69090909090909
14041|14756,14041,14756,Serratia marcescens,100.0,420,420,0,0,1.0,0.9915454545454544,0.9915454545454544,186,0.0169090909090909,2.370240891336195e-06,0.0021930860161076,488,0.0054302525710292,1.69090909090909
14041|14756,14041,14756,Serratia marcescens,100.0,421,421,0,0,1.0,0.9915454545454544,0.9915454545454544,186,0.0169090909090909,6.008479448427195e-06,0.0035263382339524,464,0.0028047236581434,1.69090909090909
14041|14756,14041,14756,Serratia marcescens,100.0,422,422,0,0,1.0,0.9915454545454544,0.9915454545454544,186,0.0169090909090909,3.3163286321524765e-06,0.002693614366134,167,0.0032259919165134,1.69090909090909
14041|14756,14041,14756,Serratia marcescens,100.0,423,423,0,0,1.0,0.9915454545454544,0.9915454545454544,186,0.0169090909090909,1.4908271999791722e-05,0.0074697022754175,326,0.0103706063139629,1.69090909090909
14041|14756,14041,14756,Serratia marcescens,100.0,424,424,0,0,1.0,0.9915454545454544,0.9915454545454544,186,0.0169090909090909,3.862991052372422e-06,0.0030429965946952,133,0.012475030948148,1.69090909090909
14041|14756,14041,14756,Serratia marcescens,100.0,425,425,0,0,1.0,0.9915454545454544,0.9915454545454544,186,0.0169090909090909,1.2440587374040746e-05,0.0075272824533813,390,0.1003073840804401,1.69090909090909
14041|14756,14041,14756,Serratia marcescens,100.0,426,426,0,0,1.0,0.9915454545454544,0.9915454545454544,186,0.0169090909090909,4.275517655105698e-05,0.0102030171220436,81,0.0014114310041779,1.69090909090909
14041|14756,14041,14756,Serratia marcescens,100.0,427,427,0,0,1.0,0.9915454545454544,0.9915454545454544,186,0.0169090909090909,7.864955630099146e-06,0.0044297111663431,114,0.0205672661745001,1.69090909090909
14041|14756,14041,14756,Serratia marcescens,100.0,428,428,0,0,1.0,0.9915454545454544,0.9915454545454544,186,0.0169090909090909,4.960397704700803e-05,0.0109028098528464,314,0.0027414438459356,1.69090909090909
14041|14756,14041,14756,Serratia marcescens,100.0,429,429,0,0,1.0,0.9915454545454544,0.9915454545454544,186,0.0169090909090909,3.120623698771308e-05,0.0082969238999071,366,0.0180534695394931,1.69090909090909
14041|14756,14041,14756,Serratia marcescens,100.0,430,430,0,0,1.0,0.9915454545454544,0.9915454545454544,186,0.0169090909090909,2.7648393886581246e-06,0.0024600464409115,377,0.0216052355955944,1.69090909090909
14041|14756,14041,14756,Serratia marcescens,100.0,431,431,0,0,1.0,0.9915454545454544,0.9915454545454544,186,0.0169090909090909,2.822548641057132e-05,0.0076270565298781,378,0.0073277921734723,1.69090909090909
14041|14756,14041,14756,Serratia marcescens,100.0,432,432,0,0,1.0,0.9915454545454544,0.9915454545454544,186,0.0169090909090909,2.5164091953966405e-05,0.0079508156041469,102,0.0150641584642958,1.69090909090909
14041|14756,14041,14756,Serratia marcescens,100.0,433,433,0,0,1.0,0.9915454545454544,0.9915454545454544,186,0.0169090909090909,1.6154402542212232e-05,0.009439999689967,106,0.0051747146236753,1.69090909090909
14041|14756,14041,14756,Serratia marcescens,100.0,434,434,0,0,1.0,0.9915454545454544,0.9915454545454544,186,0.0169090909090909,3.2594853623946207e-06,0.0027289930425871,428,0.0186170014338076,1.69090909090909
14041|14756,14041,14756,Serratia marcescens,100.0,435,435,0,0,1.0,0.9915454545454544,0.9915454545454544,186,0.0169090909090909,2.3149368192920683e-05,0.0070339832675186,23,0.0240400573742923,1.69090909090909
14041|14756,14041,14756,Serratia marcescens,100.0,436,436,0,0,1.0,0.9915454545454544,0.9915454545454544,186,0.0169090909090909,3.168742651604717e-06,0.0028805691514539,219,0.0005587730699607,1.69090909090909
14041|14756,14041,14756,Serratia marcescens,100.0,437,437,0,0,1.0,0.9915454545454544,0.9915454545454544,186,0.0169090909090909,8.431180253287707e-06,0.0052738981582893,235,0.0509281403695903,1.69090909090909
14041|14756,14041,14756,Serratia marcescens,100.0,438,438,0,0,1.0,0.9915454545454544,0.9915454545454544,186,0.0169090909090909,6.409554756725555e-06,0.0040196079031177,371,0.0006471483968042,1.69090909090909
14041|14756,14041,14756,Serratia marcescens,100.0,439,439,0,0,1.0,0.9915454545454544,0.9915454545454544,186,0.0169090909090909,6.486011772555145e-06,0.0037960966325698,420,0.0079763190123313,1.69090909090909
14041|14756,14041,14756,Serratia marcescens,100.0,440,440,0,0,1.0,0.9915454545454544,0.9915454545454544,186,0.0169090909090909,6.903815397696356e-06,0.0042061300826359,47,0.0014977823022734,1.69090909090909
14041|14756,14041,14756,Serratia marcescens,100.0,441,441,0,0,1.0,0.9915454545454544,0.9915454545454544,186,0.0169090909090909,1.039744182262936e-05,0.0062840727218333,10,0.0018034450513744,1.69090909090909
14041|14756,14041,14756,Serratia marcescens,100.0,442,442,0,0,1.0,0.9915454545454544,0.9915454545454544,186,0.0169090909090909,6.018348732039769e-06,0.0043582109124088,416,0.0054287969417886,1.69090909090909
14041|14756,14041,14756,Serratia marcescens,100.0,443,443,0,0,1.0,0.9915454545454544,0.9915454545454544,186,0.0169090909090909,5.15884476541828e-05,0.0127621912453253,12,0.0018178159277359,1.69090909090909
14041|14756,14041,14756,Serratia marcescens,100.0,444,444,0,0,1.0,0.9915454545454544,0.9915454545454544,186,0.0169090909090909,9.768395533793496e-06,0.0061090305861432,124,0.0016846514760565,1.69090909090909
14041|14756,14041,14756,Serratia marcescens,100.0,445,445,0,0,1.0,0.9915454545454544,0.9915454545454544,186,0.0169090909090909,6.327514802340062e-06,0.0042480307750835,196,0.0013428164947886,1.69090909090909
14041|14756,14041,14756,Serratia marcescens,100.0,446,446,0,0,1.0,0.9915454545454544,0.9915454545454544,186,0.0169090909090909,1.864720395339248e-05,0.0061366348777043,296,0.0519103168346853,1.69090909090909
14041|14756,14041,14756,Serratia marcescens,100.0,447,447,0,0,1.0,0.9915454545454544,0.9915454545454544,186,0.0169090909090909,3.989716778163288e-05,0.0090050465704532,142,0.0041595585332836,1.69090909090909
14041|14756,14041,14756,Serratia marcescens,100.0,448,448,0,0,1.0,0.9915454545454544,0.9915454545454544,186,0.0169090909090909,3.897556331899921e-06,0.0036942357094927,38,0.0001290334737136,1.69090909090909
14041|14756,14041,14756,Serratia marcescens,100.0,449,449,0,0,1.0,0.9915454545454544,0.9915454545454544,186,0.0169090909090909,3.839034651398343e-05,0.0101092141252099,133,0.003886002972711,1.69090909090909
14041|14756,14041,14756,Serratia marcescens,100.0,450,450,0,0,1.0,0.9915454545454544,0.9915454545454544,186,0.0169090909090909,1.4901420803292709e-05,0.0083699784943291,88,0.0325598530665927,1.69090909090909
14041|14756,14041,14756,Serratia marcescens,100.0,451,451,0,0,1.0,0.9915454545454544,0.9915454545454544,186,0.0169090909090909,2.8618482940001577e-05,0.0078219946856934,28,0.0648624114293716,1.69090909090909
14041|14756,14041,14756,Serratia marcescens,100.0,452,452,0,0,1.0,0.9915454545454544,0.9915454545454544,186,0.0169090909090909,2.5358968581912222e-05,0.0073500816705989,182,0.0429156239029344,1.69090909090909
14041|14756,14041,14756,Serratia marcescens,100.0,453,453,0,0,1.0,0.9915454545454544,0.9915454545454544,186,0.0169090909090909,1.0442634178708944e-05,0.0059634767596805,150,0.0001305572890686,1.69090909090909
14041|14756,14041,14756,Serratia marcescens,100.0,454,454,0,0,1.0,0.9915454545454544,0.9915454545454544,186,0.0169090909090909,4.9884422628210245e-06,0.0033687132657167,256,0.0058079104042272,1.69090909090909
14041|14756,14041,14756,Serratia marcescens,100.0,455,455,0,0,1.0,0.9915454545454544,0.9915454545454544,186,0.0169090909090909,3.479300616926473e-05,0.0103791408709365,322,0.0031886715317797,1.69090909090909
14041|14756,14041,14756,Serratia marcescens,100.0,456,456,0,0,1.0,0.9915454545454544,0.9915454545454544,186,0.0169090909090909,3.90315305121014e-06,0.0030735385162288,439,0.002675062244001,1.69090909090909
14041|14756,14041,14756,Serratia marcescens,100.0,457,457,0,0,1.0,0.9915454545454544,0.9915454545454544,186,0.0169090909090909,4.405304015553391e-05,0.0096578797320462,201,0.025999302673711,1.69090909090909
14041|14756,14041,14756,Serratia marcescens,100.0,458,458,0,0,1.0,0.9915454545454544,0.9915454545454544,186,0.0169090909090909,1.4215038168785554e-05,0.0054617949724888,376,0.0020962493340035,1.69090909090909
14041|14756,14041,14756,Serratia marcescens,100.0,459,459,0,0,1.0,0.9915454545454544,0.9915454545454544,186,0.0169090909090909,1.457619482780892e-06,0.0017296538355874,358,0.0761226623045192,1.69090909090909
14041|14756,14041,14756,Serratia marcescens,100.0,460,460,0,0,1.0,0.9915454545454544,0.9915454545454544,186,0.0169090909090909,8.36413041049866e-06,0.0056395619571249,176,0.0182705477607769,1.69090909090909
14041|14756,14041,14756,Serratia marcescens,100.0,461,461,0,0,1.0,0.9915454545454544,0.9915454545454544,186,0.0169090909090909,3.405116739052527e-05,0.0105023710732662,290,0.0060540170762628,1.69090909090909
14041|14756,14041,14756,Serratia marcescens,100.0,462,462,0,0,1.0,0.9915454545454544,0.9915454545454544,186,0.0169090909090909,7.5004335866601934e-06,0.0039610325225871,148,0.0598634137993167,1.69090909090909
14041|14756,14041,14756,Serratia marcescens,100.0,463,463,0,0,0.9997249472815622,0.9915454545454544,0.9915454545454544,189,0.0171818181818181,4.022689492955145e-06,0.0068084583547415,266,0.0238074510146901,1.71818181818181
14041|14756,14041,14756,Serratia marcescens,100.0,464,464,0,0,1.0,0.9915454545454544,0.9915454545454544,186,0.0169090909090909,8.895334447034386e-06,0.0078439250238647,217,0.0021796705755048,1.69090909090909
14041|14756,14041,14756,Serratia marcescens,100.0,465,465,0,0,1.0,0.9915454545454544,0.9915454545454544,186,0.0169090909090909,1.591360882879922e-05,0.0063024157236359,161,0.0071241428112371,1.69090909090909
14041|14756,14041,14756,Serratia marcescens,100.0,466,466,0,0,1.0,0.9915454545454544,0.9915454545454544,186,0.0169090909090909,3.598269592441916e-05,0.0104727188551982,48,0.0018708750896616,1.69090909090909
14041|14756,14041,14756,Serratia marcescens,100.0,467,467,0,0,1.0,0.9915454545454544,0.9915454545454544,186,0.0169090909090909,2.7350048248275804e-05,0.0089543173326823,241,0.0189794717306748,1.69090909090909
14041|14756,14041,14756,Serratia marcescens,100.0,468,468,0,0,1.0,0.9915454545454544,0.9915454545454544,186,0.0169090909090909,1.158034766701732e-05,0.0049236881544634,273,0.0073760265783944,1.69090909090909
14041|14756,14041,14756,Serratia marcescens,100.0,469,469,0,0,1.0,0.9915454545454544,0.9915454545454544,186,0.0169090909090909,2.2077416949928264e-05,0.006678383190121,289,0.0028389962523638,1.69090909090909
14041|14756,14041,14756,Serratia marcescens,100.0,470,470,0,0,1.0,0.9915454545454544,0.9915454545454544,186,0.0169090909090909,8.930642781956877e-06,0.0046206820309109,294,0.0387951318140633,1.69090909090909
14041|14756,14041,14756,Serratia marcescens,100.0,471,471,0,0,1.0,0.9915454545454544,0.9915454545454544,186,0.0169090909090909,2.7882539928025807e-06,0.002522608926995,9,0.0019155528949328,1.69090909090909
14041|14756,14041,14756,Serratia marcescens,100.0,472,472,0,0,1.0,0.9915454545454544,0.9915454545454544,186,0.0169090909090909,4.181945794656805e-06,0.0039674756314489,334,0.0059623467289238,1.69090909090909
14041|14756,14041,14756,Serratia marcescens,100.0,473,473,0,0,0.9999083157605207,0.9915454545454544,0.9915454545454544,187,0.017,7.280563284250974e-06,0.0066409499888059,497,0.0062347380025982,1.7000000000000002
14041|14756,14041,14756,Serratia marcescens,100.0,474,474,0,0,1.0,0.9915454545454544,0.9915454545454544,186,0.0169090909090909,2.8642116822741315e-06,0.0025227228390291,123,0.0030164887460484,1.69090909090909
14041|14756,14041,14756,Serratia marcescens,100.0,475,475,0,0,1.0,0.9915454545454544,0.9915454545454544,186,0.0169090909090909,7.7491816515729e-05,0.0136069412488301,318,0.1484991590889819,1.69090909090909
14041|14756,14041,14756,Serratia marcescens,100.0,476,476,0,0,1.0,0.9915454545454544,0.9915454545454544,186,0.0169090909090909,2.036023339324622e-05,0.0063865924300672,293,0.0003590105954409,1.69090909090909
14041|14756,14041,14756,Serratia marcescens,100.0,477,477,0,0,1.0,0.9915454545454544,0.9915454545454544,186,0.0169090909090909,1.0177663134047776e-05,0.0050461387247889,446,0.0072030507349389,1.69090909090909
14041|14756,14041,14756,Serratia marcescens,100.0,478,478,0,0,1.0,0.9915454545454544,0.9915454545454544,186,0.0169090909090909,4.691068791906616e-05,0.0100633013975269,394,0.0558702314977075,1.69090909090909
14041|14756,14041,14756,Serratia marcescens,100.0,479,479,0,0,1.0,0.9915454545454544,0.9915454545454544,186,0.0169090909090909,8.26482670046591e-06,0.0066029943737796,99,0.0250051618848643,1.69090909090909
14041|14756,14041,14756,Serratia marcescens,100.0,480,480,0,0,1.0,0.9915454545454544,0.9915454545454544,186,0.0169090909090909,2.3376995239132725e-05,0.0081814518828834,82,0.0006738275770228,1.69090909090909
14041|14756,14041,14756,Serratia marcescens,100.0,481,481,0,0,1.0,0.9915454545454544,0.9915454545454544,186,0.0169090909090909,7.65930404744708e-06,0.0040566225830389,262,0.0146108941248366,1.69090909090909
14041|14756,14041,14756,Serratia marcescens,100.0,482,482,0,0,1.0,0.9915454545454544,0.9915454545454544,186,0.0169090909090909,1.982689514945513e-05,0.0064577718736702,162,0.0027291718478016,1.69090909090909
14041|14756,14041,14756,Serratia marcescens,100.0,483,483,0,0,1.0,0.9915454545454544,0.9915454545454544,186,0.0169090909090909,9.184391300598447e-06,0.00451811730703,286,0.0009888521746357,1.69090909090909
14041|14756,14041,14756,Serratia marcescens,100.0,484,484,0,0,1.0,0.9915454545454544,0.9915454545454544,186,0.0169090909090909,1.1947272527734754e-05,0.0063416133114162,459,4.225281857561658e-05,1.69090909090909
14041|14756,14041,14756,Serratia marcescens,100.0,485,485,0,0,1.0,0.9915454545454544,0.9915454545454544,186,0.0169090909090909,1.6194331051710975e-05,0.0064244003717899,476,0.1023815427403884,1.69090909090909
14041|14756,14041,14756,Serratia marcescens,100.0,486,486,0,0,1.0,0.9915454545454544,0.9915454545454544,186,0.0169090909090909,4.558036263091481e-06,0.0031296735706533,328,0.1085236087600153,1.69090909090909
14041|14756,14041,14756,Serratia marcescens,100.0,487,487,0,0,1.0,0.9915454545454544,0.9915454545454544,186,0.0169090909090909,1.2970407066492662e-05,0.0062736565703121,268,0.0159414371540254,1.69090909090909
14041|14756,14041,14756,Serratia marcescens,100.0,488,488,0,0,1.0,0.9915454545454544,0.9915454545454544,186,0.0169090909090909,8.903785193359326e-06,0.0048930577006316,20,0.0044448664944966,1.69090909090909
14041|14756,14041,14756,Serratia marcescens,100.0,489,489,0,0,1.0,0.9915454545454544,0.9915454545454544,186,0.0169090909090909,4.173247033500971e-06,0.0029882959949424,0,0.0035503622409664,1.69090909090909
14041|14756,14041,14756,Serratia marcescens,100.0,490,490,0,0,1.0,0.9915454545454544,0.9915454545454544,186,0.0169090909090909,7.478350660583555e-05,0.0141838362264405,228,0.0118831726926662,1.69090909090909
14041|14756,14041,14756,Serratia marcescens,100.0,491,491,0,0,1.0,0.9915454545454544,0.9915454545454544,186,0.0169090909090909,3.700926403116256e-06,0.0033984624697159,372,0.0055630999499036,1.69090909090909
14041|14756,14041,14756,Serratia marcescens,100.0,492,492,0,0,1.0,0.9915454545454544,0.9915454545454544,186,0.0169090909090909,1.695778344379395e-05,0.0074733114521577,487,0.0148661053962289,1.69090909090909
14041|14756,14041,14756,Serratia marcescens,100.0,493,493,0,0,1.0,0.9915454545454544,0.9915454545454544,186,0.0169090909090909,9.780082901755804e-06,0.0049989260084424,7,0.0727397598404067,1.69090909090909
14041|14756,14041,14756,Serratia marcescens,100.0,494,494,0,0,1.0,0.9915454545454544,0.9915454545454544,186,0.0169090909090909,6.159453243226309e-06,0.0039174988096917,214,0.0228922263925709,1.69090909090909
14041|14756,14041,14756,Serratia marcescens,100.0,495,495,0,0,1.0,0.9915454545454544,0.9915454545454544,186,0.0169090909090909,7.202977710285552e-06,0.0043291049928605,364,0.1322298733740243,1.69090909090909
14041|14756,14041,14756,Serratia marcescens,100.0,496,496,0,0,1.0,0.9915454545454544,0.9915454545454544,186,0.0169090909090909,1.532922488667321e-05,0.00553842662803,85,0.1360347322035904,1.69090909090909
14041|14756,14041,14756,Serratia marcescens,100.0,497,497,0,0,1.0,0.9915454545454544,0.9915454545454544,186,0.0169090909090909,9.891284025509428e-06,0.0052500501353027,91,0.0362155368499339,1.69090909090909
14041|14756,14041,14756,Serratia marcescens,100.0,498,498,0,0,1.0,0.9915454545454544,0.9915454545454544,186,0.0169090909090909,8.218684753313887e-06,0.0065535215484573,308,0.1372751114703644,1.69090909090909
14041|14756,14041,14756,Serratia marcescens,100.0,499,499,0,0,1.0,0.9915454545454544,0.9915454545454544,186,0.0169090909090909,7.65450245021615e-06,0.0050494936754909,308,0.1138489680552297,1.69090909090909
14041|14756,14041,14756,Serratia marcescens,100.0,500,500,0,0,1.0,0.9915454545454544,0.9915454545454544,186,0.0169090909090909,2.365468962928219e-06,0.0023025348624023,490,0.005112807226578,1.69090909090909
14041|14756,14041,14756,Serratia marcescens,100.0,501,501,0,0,1.0,0.9915454545454544,0.9915454545454544,186,0.0169090909090909,2.2102147099190006e-06,0.0021330771288113,354,0.0494482703640533,1.69090909090909
14041|14756,14041,14756,Serratia marcescens,100.0,502,502,0,0,1.0,0.9915454545454544,0.9915454545454544,186,0.0169090909090909,3.443600886698928e-05,0.0100671726554484,287,0.0165038680886323,1.69090909090909
14041|14756,14041,14756,Serratia marcescens,100.0,503,503,0,0,1.0,0.9915454545454544,0.9915454545454544,186,0.0169090909090909,2.304662364904786e-05,0.0104066326268304,41,0.0013490750655433,1.69090909090909
14041|14756,14041,14756,Serratia marcescens,100.0,504,504,0,0,1.0,0.9915454545454544,0.9915454545454544,186,0.0169090909090909,2.932601561145276e-06,0.0026933083029925,229,0.0181836982161558,1.69090909090909
14458|27698,14458,27698,Staphylococcus aureus,99.94,0,0,0,0,0.9995454545454544,1.0,1.0,5,0.0004545454545454,2.6925866236648943e-06,0.0080980925208404,183,0.1822947307104838,0.04545454545454
14468|19420,14468,19420,Mycobacterium smegmatis,99.99,6,6,0,0,0.9999090909090907,1.0,1.0,1,9.09090909090909e-05,4.830278839129676e-07,0.0009829944415251,337,0.0399101960098977,0.00909090909090909
14468|19420,14468,19420,Mycobacterium smegmatis,99.99,9,9,0,0,0.9995454545454544,1.0,1.0,5,0.0004545454545454,1.178333774221052e-06,0.0015847787272727,564,0.0444217507787082,0.04545454545454
14468|19420,14468,19420,Mycobacterium smegmatis,99.99,10,10,0,0,0.9998181818181818,1.0,1.0,2,0.0001818181818181,1.04888567631356e-06,0.0014528475240747,648,0.0190534003152892,0.01818181818181
14468|19420,14468,19420,Mycobacterium smegmatis,99.99,28,28,0,0,1.0,0.9942727272727272,0.9942727272727272,126,0.0114545454545454,9.644398935915175e-06,0.0051026214235919,409,0.0410915725564883,1.14545454545454
14468|19420,14468,19420,Mycobacterium smegmatis,99.99,29,29,0,0,1.0,0.9942727272727272,0.9942727272727272,126,0.0114545454545454,1.8029899741422994e-05,0.006999511220029,678,0.0073730840435652,1.14545454545454
14468|19420,14468,19420,Mycobacterium smegmatis,99.99,30,30,0,0,1.0,0.9942727272727272,0.9942727272727272,126,0.0114545454545454,4.482917270953735e-06,0.0037588968237841,210,0.0014950194186743,1.14545454545454
14468|19420,14468,19420,Mycobacterium smegmatis,99.99,31,31,0,0,1.0,0.9942727272727272,0.9942727272727272,126,0.0114545454545454,1.2089477471888266e-05,0.0050789462037592,256,0.0100847212604405,1.14545454545454
14468|19420,14468,19420,Mycobacterium smegmatis,99.99,32,32,0,0,1.0,0.9942727272727272,0.9942727272727272,126,0.0114545454545454,3.341418606583879e-06,0.0026091252494882,70,0.0387051193913288,1.14545454545454
14468|19420,14468,19420,Mycobacterium smegmatis,99.99,33,33,0,0,1.0,0.9942727272727272,0.9942727272727272,126,0.0114545454545454,6.795550994143085e-06,0.0042581740548103,106,0.0027703626285076,1.14545454545454
14468|19420,14468,19420,Mycobacterium smegmatis,99.99,34,34,0,0,1.0,0.9942727272727272,0.9942727272727272,126,0.0114545454545454,2.86187723264053e-06,0.0024025196516022,198,0.0001844776552897,1.14545454545454
14468|19420,14468,19420,Mycobacterium smegmatis,99.99,35,35,0,0,1.0,0.9942727272727272,0.9942727272727272,126,0.0114545454545454,2.3467578418312485e-06,0.0023466079958029,150,0.0010100626874085,1.14545454545454
14468|19420,14468,19420,Mycobacterium smegmatis,99.99,36,36,0,0,1.0,0.9942727272727272,0.9942727272727272,126,0.0114545454545454,4.852789241449607e-06,0.0032383365813219,323,0.028927573412812,1.14545454545454
14468|19420,14468,19420,Mycobacterium smegmatis,99.99,37,37,0,0,1.0,0.9942727272727272,0.9942727272727272,126,0.0114545454545454,6.30025038761417e-06,0.0035505888747989,229,0.0285350884762229,1.14545454545454
14468|19420,14468,19420,Mycobacterium smegmatis,99.99,38,38,0,0,1.0,0.9942727272727272,0.9942727272727272,126,0.0114545454545454,4.298711859584969e-06,0.0032224483316216,307,0.0065537925745233,1.14545454545454
14468|19420,14468,19420,Mycobacterium smegmatis,99.99,39,39,0,0,0.9999085672487884,0.9942727272727272,0.9942727272727272,127,0.0115454545454545,1.5922735786322306e-05,0.0076367104598467,159,0.0027646940841967,1.1545454545454499
14468|19420,14468,19420,Mycobacterium smegmatis,99.99,40,40,0,0,0.9999085756079722,0.9942727272727272,0.9943636363636364,126,0.0114545454545454,1.2974984532454492e-05,0.005465890475651,310,0.0127100263565902,1.14545454545454
14468|19420,14468,19420,Mycobacterium smegmatis,99.99,41,41,0,0,1.0,0.9943636363636364,0.9943636363636364,124,0.0112727272727272,6.964496410466481e-06,0.0052870064882394,125,0.0007240760365954,1.12727272727272
14468|19420,14468,19420,Mycobacterium smegmatis,99.99,42,42,0,0,1.0,0.9943636363636364,0.9943636363636364,124,0.0112727272727272,5.3525599191806e-06,0.003390910889852,272,0.0091875741230691,1.12727272727272
14468|19420,14468,19420,Mycobacterium smegmatis,99.99,43,43,0,0,1.0,0.9943636363636364,0.9943636363636364,124,0.0112727272727272,6.65850993430972e-06,0.0043590804099376,360,0.0039571718312461,1.12727272727272
14468|19420,14468,19420,Mycobacterium smegmatis,99.99,44,44,0,0,1.0,0.9943636363636364,0.9943636363636364,124,0.0112727272727272,4.126163499207358e-06,0.0029588562030626,628,9.657094687653968e-05,1.12727272727272
14468|19420,14468,19420,Mycobacterium smegmatis,99.99,45,45,0,0,1.0,0.9943636363636364,0.9943636363636364,124,0.0112727272727272,1.67764579894758e-06,0.0019351555608028,402,0.0006750600932106,1.12727272727272
14468|19420,14468,19420,Mycobacterium smegmatis,99.99,46,46,0,0,0.9998171512159444,0.9943636363636364,0.9943636363636364,126,0.0114545454545454,5.617130866442111e-06,0.0033934702545343,57,0.0006264012997978,1.14545454545454
14468|19420,14468,19420,Mycobacterium smegmatis,99.99,47,47,0,0,0.9997257268239166,0.9943636363636364,0.9943636363636364,127,0.0115454545454545,1.5123891679902355e-05,0.0055064511005163,687,0.0514658112747283,1.1545454545454499
14468|19420,14468,19420,Mycobacterium smegmatis,99.99,48,48,0,0,1.0,0.9943636363636364,0.9943636363636364,124,0.0112727272727272,1.5769217502792365e-05,0.0077586252718611,396,0.000190802604278,1.12727272727272
14468|19420,14468,19420,Mycobacterium smegmatis,99.99,49,49,0,0,1.0,0.9943636363636364,0.9943636363636364,124,0.0112727272727272,1.770312273885466e-05,0.0065410092655756,631,0.001515651149589,1.12727272727272
14468|19420,14468,19420,Mycobacterium smegmatis,99.99,50,50,0,0,1.0,0.9943636363636364,0.9943636363636364,124,0.0112727272727272,3.871440906744184e-06,0.0034778159879144,479,0.0006210475413863,1.12727272727272
14468|19420,14468,19420,Mycobacterium smegmatis,99.99,51,51,0,0,1.0,0.9943636363636364,0.9943636363636364,124,0.0112727272727272,7.2471764864801e-06,0.0038356258597549,21,0.0186088446187567,1.12727272727272
14468|19420,14468,19420,Mycobacterium smegmatis,99.99,52,52,0,0,1.0,0.9943636363636364,0.9943636363636364,124,0.0112727272727272,3.53930720555784e-05,0.0094614324553493,323,0.0877966406001941,1.12727272727272
14468|19420,14468,19420,Mycobacterium smegmatis,99.99,53,53,0,0,1.0,0.9943636363636364,0.9943636363636364,124,0.0112727272727272,2.376278727145298e-05,0.0068980407692322,446,0.0193943065542765,1.12727272727272
14468|19420,14468,19420,Mycobacterium smegmatis,99.99,54,54,0,0,0.995990888382688,0.9943636363636364,0.9972727272727272,127,0.0115454545454545,4.512848684967707e-06,0.0030060220556947,269,0.0154828471321026,1.1545454545454499
14468|19420,14468,19420,Mycobacterium smegmatis,99.99,55,55,0,0,0.995990888382688,0.9943636363636364,0.9972727272727272,127,0.0115454545454545,3.336577264700935e-06,0.005899088133561,238,0.0273890375180648,1.1545454545454499
14468|19420,14468,19420,Mycobacterium smegmatis,99.99,56,56,0,0,1.0,0.9972727272727272,0.9972727272727272,60,0.0054545454545454,3.058248257525875e-06,0.0026944405068521,412,0.0514677121492259,0.5454545454545401
14468|19420,14468,19420,Mycobacterium smegmatis,99.99,57,57,0,0,0.999908842297174,0.9972727272727272,0.9971818181818182,62,0.0056363636363636,2.669627004792119e-06,0.0026135068115138,25,0.002909705937488,0.56363636363636
14468|19420,14468,19420,Mycobacterium smegmatis,99.99,58,58,0,0,1.0,0.9971818181818182,0.9971818181818182,62,0.0056363636363636,1.08585257785343e-05,0.0047140087498532,266,0.0004722267544035,0.56363636363636
14468|19420,14468,19420,Mycobacterium smegmatis,99.99,59,59,0,0,0.9999088339866896,0.9971818181818182,0.9971818181818182,63,0.0057272727272727,2.424312833149145e-06,0.0022019772742249,332,0.0399762980119927,0.57272727272727
14468|19420,14468,19420,Mycobacterium smegmatis,99.99,60,60,0,0,1.0,0.9971818181818182,0.9971818181818182,62,0.0056363636363636,3.878630883469292e-06,0.0028308845446405,322,0.0006999120535113,0.56363636363636
14468|19420,14468,19420,Mycobacterium smegmatis,99.99,61,61,0,0,1.0,0.9971818181818182,0.9971818181818182,62,0.0056363636363636,4.84576720460872e-06,0.0033806238112509,307,0.0098241798448507,0.56363636363636
14468|19420,14468,19420,Mycobacterium smegmatis,99.99,62,62,0,0,1.0,0.9971818181818182,0.9971818181818182,62,0.0056363636363636,2.3739483290263763e-06,0.00236941499993,27,0.0019602419736144,0.56363636363636
14468|19420,14468,19420,Mycobacterium smegmatis,99.99,63,63,0,0,1.0,0.9971818181818182,0.9971818181818182,62,0.0056363636363636,5.542706002059639e-06,0.0045164374945825,683,0.0006051452014776,0.56363636363636
14468|19420,14468,19420,Mycobacterium smegmatis,99.99,64,64,0,0,0.9999088339866896,0.9971818181818182,0.9970909090909092,64,0.0058181818181818,2.611827915321996e-05,0.008574128559647,519,0.0009821472790787,0.58181818181818
14468|19420,14468,19420,Mycobacterium smegmatis,99.99,65,65,0,0,1.0,0.9970909090909092,0.9970909090909092,64,0.0058181818181818,3.2229407926909204e-06,0.0030429261311354,187,0.0021266771176537,0.58181818181818
14468|19420,14468,19420,Mycobacterium smegmatis,99.99,66,66,0,0,1.0,0.9970909090909092,0.9970909090909092,64,0.0058181818181818,2.658716707570896e-06,0.0025991647858852,270,0.0024275709216103,0.58181818181818
14468|19420,14468,19420,Mycobacterium smegmatis,99.99,67,67,0,0,1.0,0.9970909090909092,0.9970909090909092,64,0.0058181818181818,4.818543154261334e-06,0.0035610426051725,452,0.0076782899656815,0.58181818181818
14468|19420,14468,19420,Mycobacterium smegmatis,99.99,68,68,0,0,1.0,0.9970909090909092,0.9970909090909092,64,0.0058181818181818,2.710139982653459e-06,0.0025164833861346,34,0.0499845368125996,0.58181818181818
14468|19420,14468,19420,Mycobacterium smegmatis,99.99,69,69,0,0,1.0,0.9970909090909092,0.9970909090909092,64,0.0058181818181818,3.0963906614278613e-06,0.0026934859707198,666,0.0248112357843122,0.58181818181818
14468|19420,14468,19420,Mycobacterium smegmatis,99.99,70,70,0,0,1.0,0.9970909090909092,0.9970909090909092,64,0.0058181818181818,1.527580218541047e-06,0.0018177668262822,566,0.099737910163473,0.58181818181818
14468|19420,14468,19420,Mycobacterium smegmatis,99.99,71,71,0,0,1.0,0.9970909090909092,0.9970909090909092,64,0.0058181818181818,5.486545912147811e-06,0.0048390639386307,70,0.0028715390539562,0.58181818181818
14468|19420,14468,19420,Mycobacterium smegmatis,99.99,72,72,0,0,0.99990882567469,0.9970909090909092,0.9970909090909092,65,0.0059090909090909,3.6858906049541673e-06,0.0030875993608269,610,0.0065599781249819,0.59090909090909
14468|19420,14468,19420,Mycobacterium smegmatis,99.99,73,73,0,0,1.0,0.9970909090909092,0.9970909090909092,64,0.0058181818181818,3.878448515126642e-06,0.002856728901755,291,0.0010777484516206,0.58181818181818
14468|19420,14468,19420,Mycobacterium smegmatis,99.99,74,74,0,0,1.0,0.9970909090909092,0.9970909090909092,64,0.0058181818181818,2.677754483038086e-06,0.0025831447440611,223,0.0197935682044381,0.58181818181818
14468|19420,14468,19420,Mycobacterium smegmatis,99.99,75,75,0,0,1.0,0.9970909090909092,0.9970909090909092,64,0.0058181818181818,3.6413327133555376e-06,0.0029197121902733,602,0.0492452034136732,0.58181818181818
14468|19420,14468,19420,Mycobacterium smegmatis,99.99,76,76,0,0,0.99990882567469,0.9970909090909092,0.9970909090909092,65,0.0059090909090909,4.340320919116181e-06,0.0036206955216816,12,0.0016060790188721,0.59090909090909
14468|19420,14468,19420,Mycobacterium smegmatis,99.99,77,77,0,0,0.99990882567469,0.9970909090909092,0.9970909090909092,65,0.0059090909090909,2.767099551159724e-06,0.0023937061468907,654,0.0002621213999243,0.59090909090909
14468|19420,14468,19420,Mycobacterium smegmatis,99.99,78,78,0,0,1.0,0.9970909090909092,0.9970909090909092,64,0.0058181818181818,1.6016000211616088e-06,0.001844905129245,433,0.0004150715796229,0.58181818181818
14468|19420,14468,19420,Mycobacterium smegmatis,99.99,79,79,0,0,1.0,0.9970909090909092,0.9970909090909092,64,0.0058181818181818,4.233241203910332e-06,0.0039093447149381,28,0.0065853339669579,0.58181818181818
14468|19420,14468,19420,Mycobacterium smegmatis,99.99,80,80,0,0,0.99981765134938,0.9970909090909092,0.9970909090909092,66,0.006,2.036646733083458e-05,0.0064361037784188,355,0.0173387003556716,0.6
14468|19420,14468,19420,Mycobacterium smegmatis,99.99,81,81,0,0,0.99990882567469,0.9970909090909092,0.9970909090909092,65,0.0059090909090909,5.977293298431441e-06,0.0034625297416149,595,0.0009712049686805,0.59090909090909
14468|19420,14468,19420,Mycobacterium smegmatis,99.99,82,82,0,0,1.0,0.9970909090909092,0.9970909090909092,64,0.0058181818181818,5.459808337548999e-06,0.0035984333788701,282,0.0156296476733032,0.58181818181818
14468|19420,14468,19420,Mycobacterium smegmatis,99.99,83,83,0,0,1.0,0.9970909090909092,0.9970909090909092,64,0.0058181818181818,5.7729966259634224e-06,0.0039969274204413,124,0.0880217404328926,0.58181818181818
14468|19420,14468,19420,Mycobacterium smegmatis,99.99,84,84,0,0,1.0,0.9970909090909092,0.9970909090909092,64,0.0058181818181818,5.837497913718792e-06,0.004573423875108,419,0.0089988415817463,0.58181818181818
14468|19420,14468,19420,Mycobacterium smegmatis,99.99,85,85,0,0,1.0,0.9970909090909092,0.9970909090909092,64,0.0058181818181818,3.28529894577656e-06,0.0026124979240971,399,0.0009886698296412,0.58181818181818
14468|19420,14468,19420,Mycobacterium smegmatis,99.99,86,86,0,0,0.99990882567469,0.9970909090909092,0.9970909090909092,65,0.0059090909090909,3.41632965716876e-06,0.0031947485354406,60,0.0071054425793406,0.59090909090909
14468|19420,14468,19420,Mycobacterium smegmatis,99.99,87,87,0,0,1.0,0.9970909090909092,0.9970909090909092,64,0.0058181818181818,6.687072539368621e-06,0.0041386033786128,438,0.0018051697258807,0.58181818181818
14468|19420,14468,19420,Mycobacterium smegmatis,99.99,88,88,0,0,1.0,0.9970909090909092,0.9970909090909092,64,0.0058181818181818,2.630387256452593e-06,0.00258003590911,272,0.001934314922579,0.58181818181818
14468|19420,14468,19420,Mycobacterium smegmatis,99.99,89,89,0,0,1.0,0.9970909090909092,0.9970909090909092,64,0.0058181818181818,7.836421829998663e-06,0.0041256131013727,233,0.001984743275514,0.58181818181818
14468|19420,14468,19420,Mycobacterium smegmatis,99.99,90,90,0,0,1.0,0.9970909090909092,0.9970909090909092,64,0.0058181818181818,3.5648767919838065e-06,0.0031916750333953,163,0.0053206360969876,0.58181818181818
14468|19420,14468,19420,Mycobacterium smegmatis,99.99,91,91,0,0,1.0,0.9970909090909092,0.9970909090909092,64,0.0058181818181818,2.923020121392561e-06,0.0027367099169782,193,0.0207602093258832,0.58181818181818
14468|19420,14468,19420,Mycobacterium smegmatis,99.99,284,291,0,0,1.0,0.99,0.99,220,0.02,8.635169024717726e-06,0.0058189779997165,664,0.0439133406164099,2.0
14468|19420,14468,19420,Mycobacterium smegmatis,99.99,285,292,0,0,1.0,0.99,0.99,220,0.02,5.28230178276079e-06,0.003334877237595,511,0.0015041782980014,2.0
14468|19420,14468,19420,Mycobacterium smegmatis,99.99,286,293,0,0,1.0,0.99,0.99,220,0.02,2.601244733169139e-06,0.002316046939639,326,0.0201554828845795,2.0
14468|19420,14468,19420,Mycobacterium smegmatis,99.99,366,373,0,0,1.0,0.9785454545454544,0.9785454545454544,472,0.0429090909090909,9.854363687478164e-05,0.0143531264571704,29,0.000941863210594,4.290909090909089
14468|19420,14468,19420,Mycobacterium smegmatis,99.99,367,374,0,0,1.0,0.971181818181818,0.971181818181818,506,0.046,2.7550365962469847e-05,0.009597083102431,331,0.0008437402299892,4.6
14468|700084,14468,700084,Mycobacterium smegmatis,99.03,461,225,0,0,0.9958002373778874,0.9957272727272728,0.9957272727272728,140,0.0127272727272727,4.9923358121484185e-05,0.0120164279289414,220,0.0055606384047222,1.27272727272727
14468|700084,14468,700084,Mycobacterium smegmatis,99.03,496,261,0,0,0.9990810512773388,0.9892727272727272,0.9891818181818182,247,0.0224545454545454,7.592224603891751e-06,0.0072772691581772,544,0.045927959591969,2.2454545454545403
14468|700084,14468,700084,Mycobacterium smegmatis,99.03,521,285,0,0,0.9973908680381336,0.9059090909090908,0.9059090909090908,408,0.037090909090909,5.157568556124481e-06,0.0034496197354448,32,0.0014533865145645,3.7090909090909
14468|700084,14468,700084,Mycobacterium smegmatis,99.03,576,340,0,0,0.9970337411939192,0.9807272727272728,0.9807272727272728,416,0.0378181818181818,1.356094502646954e-05,0.0074750761455132,16,0.0123365176593632,3.78181818181818
14506|47077,14506,47077,Enterococcus faecalis,99.18,0,0,0,0,0.9952727272727272,1.0,0.9999090909090907,53,0.0048181818181818,4.656805687064392e-06,0.0034024748777928,197,0.0555074034069719,0.48181818181818
14506|47077,14506,47077,Enterococcus faecalis,99.18,10,10,0,0,0.992634398316434,0.9495454545454546,0.9502727272727272,262,0.0238181818181818,1.2234729501736652e-05,0.0059511024394238,170,0.0487781673165125,2.38181818181818
14506|47077,14506,47077,Enterococcus faecalis,99.18,11,11,0,0,0.9933296783625732,0.9949090909090909,0.9949090909090909,161,0.0146363636363636,7.519480260231859e-06,0.004153088392657,221,0.0102687346692071,1.46363636363636
14506|47077,14506,47077,Enterococcus faecalis,99.18,16,15,0,0,0.9963120044255946,0.986,0.985909090909091,349,0.0317272727272727,2.120641092751008e-05,0.0067501195688718,218,0.0309303832637999,3.17272727272727
14506|47077,14506,47077,Enterococcus faecalis,99.18,17,16,0,0,0.9982482021021576,0.986,0.985909090909091,328,0.0298181818181818,4.41849949384121e-06,0.0032648104746924,17,0.0038528617327351,2.9818181818181797
14506|47077,14506,47077,Enterococcus faecalis,99.18,18,17,0,0,0.9988012909174736,0.985909090909091,0.985909090909091,323,0.0293636363636363,1.1148141631611708e-05,0.0047594637072886,181,0.0238639214459498,2.93636363636363
14506|47077,14506,47077,Enterococcus faecalis,99.18,169,163,0,0,0.9930523390458544,0.9813636363636364,0.9813636363636364,304,0.0276363636363636,2.7350891598665328e-05,0.008219281557593,44,0.0026538276016776,2.76363636363636
14506|47077,14506,47077,Enterococcus faecalis,99.18,170,164,0,0,0.9932990637047916,0.9902727272727272,0.9903636363636364,286,0.026,1.4527009942755242e-05,0.0063929366455929,34,0.0050927407070247,2.6
14506|47077,14506,47077,Enterococcus faecalis,99.18,171,165,0,0,0.9958704230522162,0.9903636363636364,0.9905454545454544,255,0.0231818181818181,9.59404283640275e-06,0.0045297270726643,251,0.0091163314741615,2.31818181818181
14581|9885,14581,9885,Priestia megaterium,96.64,0,0,0,0,0.9896363636363636,1.0,0.9997272727272728,117,0.0106363636363636,7.422352746422334e-06,0.0047911101224825,363,0.1037054633291592,1.06363636363636
14581|9885,14581,9885,Priestia megaterium,96.64,1,1,0,0,0.9860972285324852,0.9955454545454544,1.0,192,0.0174545454545454,3.6172571213910487e-06,0.0068250652294405,360,0.0621666303038503,1.74545454545454
14581|9885,14581,9885,Priestia megaterium,96.64,2,2,0,0,0.9899607556812996,0.9959090909090909,0.9958181818181818,201,0.0182727272727272,8.174054763276928e-06,0.0084412834894218,82,0.06093102947728,1.82727272727272
14581|9885,14581,9885,Priestia megaterium,96.64,3,3,0,0,0.99245865891332,0.9999090909090907,0.9957272727272728,119,0.0108181818181818,3.690228819519525e-06,0.0032308824691993,343,0.2428087366420728,1.08181818181818
14581|9885,14581,9885,Priestia megaterium,96.64,4,4,0,0,0.9776566757493188,0.9998181818181818,0.9959090909090909,283,0.0257272727272727,3.066470048662673e-05,0.0129692108800878,397,0.0694528716876314,2.57272727272727
14581|9885,14581,9885,Priestia megaterium,96.64,5,5,0,0,0.9903311137462374,0.9966363636363637,0.9966363636363637,112,0.0101818181818181,4.193703611821142e-06,0.0065774392131996,236,0.064182928112312,1.0181818181818099
14581|9885,14581,9885,Priestia megaterium,96.64,7,7,0,0,0.989753910895618,0.9937272727272728,0.9936363636363637,251,0.0228181818181818,4.878358608850775e-06,0.0031528006112392,241,0.0387709497611939,2.28181818181818
14581|9885,14581,9885,Priestia megaterium,96.64,8,8,0,0,0.9876486733760292,0.9936363636363637,0.9934545454545456,277,0.0251818181818181,6.676780810455085e-06,0.0068646188094106,498,0.08413275498516,2.51818181818181
14581|9885,14581,9885,Priestia megaterium,96.64,9,9,0,0,0.9930928626247122,0.8291818181818181,0.8291818181818181,293,0.0266363636363636,8.028457814779344e-06,0.0049799353949634,90,0.0641496269414729,2.66363636363636
14581|9885,14581,9885,Priestia megaterium,96.64,10,10,0,0,0.9883164673413064,0.9881818181818182,0.9881818181818182,337,0.0306363636363636,4.25120639768739e-06,0.0083675910462111,325,0.0655274990063854,3.06363636363636
14581|9885,14581,9885,Priestia megaterium,96.64,11,11,0,0,0.9954107388710418,0.9904545454545456,0.9904545454545456,260,0.0236363636363636,9.989255449482926e-06,0.0046939355240422,359,0.1754558725844449,2.36363636363636
14581|9885,14581,9885,Priestia megaterium,96.64,12,12,0,0,0.993299678751721,0.9904545454545456,0.9904545454545456,283,0.0257272727272727,5.6612927952004455e-05,0.0222313265972651,64,0.0921781473653196,2.57272727272727
14581|9885,14581,9885,Priestia megaterium,96.64,13,13,0,0,0.9967875172097292,0.9904545454545456,0.9904545454545456,245,0.0222727272727272,8.824249996486344e-06,0.0072559431005773,232,0.1680280772647544,2.22727272727272
14581|9885,14581,9885,Priestia megaterium,96.64,14,14,0,0,0.9908147331679984,0.9897272727272728,0.9897272727272728,310,0.0281818181818181,3.3087363793260494e-06,0.0027514100761988,338,0.054895629832672,2.81818181818181
14581|9885,14581,9885,Priestia megaterium,96.64,15,15,0,0,0.9876146788990826,0.9904545454545456,0.9906363636363636,343,0.0311818181818181,1.1233531321153125e-05,0.0052414058198889,349,0.1616905815882402,3.1181818181818097
14581|9885,14581,9885,Priestia megaterium,96.64,17,17,0,0,0.9731913330885054,0.9898181818181818,0.9901818181818182,511,0.0464545454545454,1.4457770184383987e-05,0.0093366172773912,460,0.0173824561138393,4.64545454545454
14581|9885,14581,9885,Priestia megaterium,96.64,19,19,0,0,0.9827299593646104,0.9843636363636364,0.9827272727272728,424,0.0385454545454545,4.804494176058327e-06,0.0142594718341424,331,0.0265938512028788,3.85454545454545
14581|9885,14581,9885,Priestia megaterium,96.64,20,20,0,0,0.989983458922992,0.9885454545454544,0.989,356,0.0323636363636363,6.45220241952682e-05,0.0154677395354616,1,0.0136679809237871,3.23636363636363
14990|29887,14990,29887,Staphylococcus epidermidis,99.45,0,0,0,0,0.9942737684057444,0.9999090909090907,1.0,64,0.0058181818181818,4.701183205058079e-06,0.0041279763870043,237,0.027955046754801,0.58181818181818
14990|29887,14990,29887,Staphylococcus epidermidis,99.45,1,1,0,0,0.9940909090909092,1.0,0.9996363636363635,69,0.0062727272727272,5.403855801300317e-05,0.0153431428965232,2,0.0055164612989105,0.62727272727272
14990|29887,14990,29887,Staphylococcus epidermidis,99.45,2,2,0,0,0.9947676852239432,0.8687272727272727,0.8687272727272727,141,0.0128181818181818,7.994353171225654e-06,0.0042917787836219,85,0.0099840520942607,1.28181818181818
14990|29887,14990,29887,Staphylococcus epidermidis,99.45,16,11,0,0,0.9930208431575968,0.9636363636363636,0.9624545454545456,519,0.0471818181818181,3.2349881366133815e-05,0.0277577614549927,36,0.0267814054519441,4.71818181818181
14990|35983,14990,35983,Staphylococcus epidermidis,99.59,0,0,0,0,0.9989090909090907,0.9999090909090907,1.0,13,0.0011818181818181,1.4866263129409418e-06,0.0017850759010842,64,0.1088245689225376,0.11818181818180999
14990|35983,14990,35983,Staphylococcus epidermidis,99.59,1,1,0,0,0.9916325602546612,0.9994545454545456,0.9992727272727272,95,0.0086363636363636,3.096692952397895e-05,0.0173184742205122,53,0.0097537213732881,0.86363636363636
14990|35983,14990,35983,Staphylococcus epidermidis,99.59,2,2,0,0,0.9985453223020274,0.9999090909090907,0.9999090909090907,18,0.0016363636363636,5.163954510667423e-06,0.0037559758145758,183,0.0180118074677757,0.16363636363636
14990|35984,14990,35984,Staphylococcus epidermidis,99.36,0,0,0,0,0.9949100163606616,1.0,0.9998181818181818,58,0.0052727272727272,1.974296250928376e-06,0.0020339616497826,87,0.0465917570378406,0.52727272727272
14990|35984,14990,35984,Staphylococcus epidermidis,99.36,1,1,0,0,0.9891749295005912,0.9992727272727272,0.9989090909090907,128,0.0116363636363636,2.027685475791685e-05,0.0162737002408211,46,0.0102364832858432,1.16363636363636
14990|35984,14990,35984,Staphylococcus epidermidis,99.36,2,2,0,0,0.9905349356588324,0.8548181818181818,0.8547272727272728,205,0.0186363636363636,9.289838155845942e-06,0.0043896039432257,207,0.0269799892453339,1.86363636363636
14990|35984,14990,35984,Staphylococcus epidermidis,99.36,108,122,0,0,0.996119733924612,0.983909090909091,0.983909090909091,396,0.036,4.6238181285018776e-05,0.0107601675565438,224,0.0150789802992152,3.5999999999999996
14990|35984,14990,35984,Staphylococcus epidermidis,99.36,109,123,0,0,0.9965823018658784,0.9840909090909092,0.983909090909091,388,0.0352727272727272,2.2033823467992875e-05,0.0066446688331674,210,0.0044284555021001,3.52727272727272
14990|35984,14990,35984,Staphylococcus epidermidis,99.36,110,124,0,0,0.9978746996858252,0.9838181818181818,0.9838181818181818,373,0.0339090909090909,1.916883347941045e-05,0.0061991191057373,37,0.0769097820496989,3.39090909090909
14990|35984,14990,35984,Staphylococcus epidermidis,99.36,111,125,0,0,0.9972276129747712,0.9836363636363636,0.9837272727272728,380,0.0345454545454545,5.017233596882331e-05,0.0113532872821811,135,0.0055859105751927,3.4545454545454497
14990|35984,14990,35984,Staphylococcus epidermidis,99.36,112,126,0,0,0.9995380635624538,0.984,0.984,357,0.0324545454545454,0.0001307491655151,0.0185866077234094,21,0.0130668662000739,3.2454545454545403
14990|35984,14990,35984,Staphylococcus epidermidis,99.36,113,127,0,0,0.9997228381374724,0.984,0.984,355,0.0322727272727272,0.000134656235701,0.0174308108571154,72,0.0251617146682199,3.2272727272727204
14990|35984,14990,35984,Staphylococcus epidermidis,99.36,114,128,0,0,1.0,0.984,0.984,352,0.032,1.2794047905329007e-05,0.0051748603643928,71,0.0085763457991214,3.2
14990|35984,14990,35984,Staphylococcus epidermidis,99.36,115,129,0,0,0.9988925802879292,0.9850909090909092,0.984,352,0.032,2.31277206256264e-05,0.0068039446551542,61,0.0003837400993733,3.2
14990|35984,14990,35984,Staphylococcus epidermidis,99.36,116,130,0,0,0.9998154300479882,0.9850909090909092,0.9850909090909092,330,0.03,1.6374797908502714e-05,0.0129464045150475,60,0.0064425896991466,3.0
15305|49907,15305,49907,Staphylococcus saprophyticus,99.62,0,0,0,0,0.99600072714052,0.9993636363636365,1.0,50,0.0045454545454545,3.72871151355092e-06,0.0027308579234384,202,0.040274729111177,0.45454545454545003
15305|49907,15305,49907,Staphylococcus saprophyticus,99.62,1,1,0,0,0.997089056672428,0.9991818181818182,0.9993636363636365,48,0.0043636363636363,8.1597465307226e-05,0.0225063839792093,225,0.0069224296562149,0.43636363636362996
15305|49907,15305,49907,Staphylococcus saprophyticus,99.62,2,2,0,0,0.996902332361516,0.9977272727272728,0.9977272727272728,53,0.0048181818181818,2.639678145111013e-05,0.0091495875573842,246,0.0135728499257613,0.48181818181818
15305|49907,15305,49907,Staphylococcus saprophyticus,99.62,23,21,0,0,0.9967869273845588,0.9892727272727272,0.9902727272727272,260,0.0236363636363636,3.814883237929223e-05,0.0105473483484598,28,0.0003290602099924,2.36363636363636
15305|49907,15305,49907,Staphylococcus saprophyticus,99.62,24,22,0,0,0.9977049481318278,0.9902727272727272,0.9901818181818182,240,0.0218181818181818,0.0006592268966872,0.0392287694623315,124,0.1066381396439049,2.18181818181818
15305|49907,15305,49907,Staphylococcus saprophyticus,99.62,25,23,0,0,0.9989900844656628,0.9901818181818182,0.9901818181818182,226,0.0205454545454545,1.907542999290968e-05,0.0061898665130962,224,0.0137214257848307,2.05454545454545
15305|49907,15305,49907,Staphylococcus saprophyticus,99.62,26,24,0,0,0.9970623336087396,0.9901818181818182,0.9901818181818182,248,0.0225454545454545,0.0001289746404858,0.0197543513792803,193,0.0061787127372456,2.25454545454545
15305|49907,15305,49907,Staphylococcus saprophyticus,99.62,27,25,0,0,0.9988064634594196,0.9901818181818182,0.99,231,0.021,2.2238883240377483e-05,0.0092692658639641,62,0.006560900660804,2.1
15305|49907,15305,49907,Staphylococcus saprophyticus,99.62,28,26,0,0,0.9989900844656628,0.99,0.9901818181818182,229,0.0208181818181818,2.704691347721333e-05,0.0074429463725656,246,0.0174133148847936,2.0818181818181802
15305|49907,15305,49907,Staphylococcus saprophyticus,99.62,29,27,0,0,0.9898090341535072,0.9901818181818182,0.9815454545454544,422,0.0383636363636363,0.000140518435423,0.016854271683344,87,0.011881735589954,3.83636363636363
15305|49907,15305,49907,Staphylococcus saprophyticus,99.62,30,28,0,0,0.9987959618412522,0.9815454545454544,0.9815454545454544,419,0.038090909090909,0.0001594733349649,0.0206937289227753,98,0.016744875729177,3.8090909090909
15305|49907,15305,49907,Staphylococcus saprophyticus,99.62,32,30,0,0,0.9989062072737216,0.9973636363636365,0.9972727272727272,71,0.0064545454545454,1.349522943105974e-05,0.0052429152395579,128,0.0150006995923566,0.6454545454545401
15305|49907,15305,49907,Staphylococcus saprophyticus,99.62,33,31,0,0,0.9989061075660892,0.9972727272727272,0.9972727272727272,72,0.0065454545454545,1.24177864364583e-05,0.0054103049044478,220,0.0051530208259013,0.65454545454545
15305|49907,15305,49907,Staphylococcus saprophyticus,99.62,34,32,0,0,0.9980856882406564,0.9972727272727272,0.9972727272727272,81,0.0073636363636363,1.350070187378094e-05,0.0052001716950215,178,0.0227357888781364,0.73636363636363
15305|49907,15305,49907,Staphylococcus saprophyticus,99.62,35,33,0,0,0.9965360072926164,0.9972727272727272,0.9972727272727272,98,0.0089090909090909,0.0001778029054584,0.0222597418465168,0,0.0346638502806539,0.89090909090909
15305|49907,15305,49907,Staphylococcus saprophyticus,99.62,86,84,0,0,0.9987931674712216,0.9787272727272728,0.9792727272727272,475,0.0431818181818181,3.187151342332051e-05,0.0083428984753634,246,0.0106936709395769,4.3181818181818095
15305|49907,15305,49907,Staphylococcus saprophyticus,99.62,87,85,0,0,0.9990711499164034,0.9787272727272728,0.9787272727272728,478,0.0434545454545454,4.156801166721458e-05,0.0116198320654676,119,0.0123796878911524,4.3454545454545395
15305|49907,15305,49907,Staphylococcus saprophyticus,99.62,88,86,0,0,0.9982351848411668,0.9786363636363636,0.9787272727272728,488,0.0443636363636363,0.0002067002056818,0.0203492563325353,152,0.0181270698016653,4.43636363636363
15305|49907,15305,49907,Staphylococcus saprophyticus,99.62,89,87,0,0,0.9991640349247632,0.9786363636363636,0.9787272727272728,478,0.0434545454545454,5.125277037343334e-05,0.0105478164975746,141,0.0122130882846092,4.3454545454545395
15305|49907,15305,49907,Staphylococcus saprophyticus,99.62,90,88,0,0,0.9995355318160706,0.9786363636363636,0.9786363636363636,475,0.0431818181818181,1.0510449456990756e-05,0.0058779867636371,186,0.0079026747392116,4.3181818181818095
15305|49907,15305,49907,Staphylococcus saprophyticus,99.62,91,89,0,0,0.9994426381792848,0.9786363636363636,0.9786363636363636,476,0.0432727272727272,1.0935509108689344e-05,0.0050578680434349,40,0.0233038443523776,4.32727272727272
15305|49907,15305,49907,Staphylococcus saprophyticus,99.62,92,90,0,0,0.9994420680676958,0.9776363636363636,0.9776363636363636,476,0.0432727272727272,0.0001510764293417,0.0238623292180118,104,0.0019728574322919,4.32727272727272
15305|49907,15305,49907,Staphylococcus saprophyticus,99.62,93,91,0,0,0.997863644807728,0.9786363636363636,0.9786363636363636,493,0.0448181818181818,1.2451895617715536e-05,0.0069227566618461,141,0.016470194114847,4.48181818181818
15305|49907,15305,49907,Staphylococcus saprophyticus,99.62,94,92,0,0,0.9986067248746052,0.9787272727272728,0.9786363636363636,484,0.044,0.0001467551720943,0.0183452039277398,244,0.0120401626128993,4.3999999999999995
15305|49907,15305,49907,Staphylococcus saprophyticus,99.62,95,93,0,0,0.998885483421566,0.9788181818181818,0.9787272727272728,479,0.0435454545454545,3.4980926666872136e-05,0.0097644499025958,144,0.048205291392207,4.35454545454545
15305|49907,15305,49907,Staphylococcus saprophyticus,99.62,96,94,0,0,0.9981429897864438,0.9780909090909092,0.9788181818181818,494,0.0449090909090909,1.2758816462565823e-05,0.0229637285763974,196,0.2817604315207713,4.49090909090909
15305|49907,15305,49907,Staphylococcus saprophyticus,99.62,97,95,0,0,0.9997211636769217,0.9780909090909092,0.9780909090909092,485,0.044090909090909,3.9474383314752615e-05,0.0095000687521014,21,0.0692135116856746,4.4090909090909
15305|49907,15305,49907,Staphylococcus saprophyticus,99.62,98,96,0,0,0.9986058183846084,0.978,0.9780909090909092,497,0.0451818181818181,4.10014854141938e-05,0.0102605484292563,163,0.0282073062725779,4.5181818181818105
15305|49907,15305,49907,Staphylococcus saprophyticus,99.62,99,97,0,0,0.9997211377579476,0.978,0.978,487,0.0442727272727272,4.923983190063819e-05,0.011303916309755,122,0.0074968968302473,4.42727272727272
15305|49907,15305,49907,Staphylococcus saprophyticus,99.62,100,98,0,0,0.9992565055762082,0.9781818181818182,0.978,490,0.0445454545454545,4.938529370657197e-05,0.0115596363899887,57,0.0070430256779316,4.45454545454545
15305|49907,15305,49907,Staphylococcus saprophyticus,99.62,101,99,0,0,0.9979557703029176,0.9783636363636364,0.9781818181818182,500,0.0454545454545454,1.864567973652864e-05,0.0073428214583323,76,0.0026395240195372,4.54545454545454
15305|49907,15305,49907,Staphylococcus saprophyticus,99.62,102,100,0,0,0.9984203679613456,0.9783636363636364,0.9782727272727272,494,0.0449090909090909,4.077593918405675e-06,0.0033453118479542,181,0.0061946496270079,4.49090909090909
15305|49907,15305,49907,Staphylococcus saprophyticus,99.62,103,101,0,0,0.9988849656197732,0.9783636363636364,0.9783636363636364,488,0.0443636363636363,0.0004071869985191,0.0326986662242421,112,0.0022027887912325,4.43636363636363
15305|49907,15305,49907,Staphylococcus saprophyticus,99.62,104,102,0,0,0.9992566437465156,0.9783636363636364,0.9783636363636364,484,0.044,6.177049112154887e-05,0.0164933336969096,235,0.0153563726559755,4.3999999999999995
15305|49907,15305,49907,Staphylococcus saprophyticus,99.62,105,103,0,0,0.9989778851514588,0.9783636363636364,0.9783636363636364,486,0.0441818181818181,0.0001045101951988,0.0149554244689305,91,0.0065934157655778,4.41818181818181
15305|49907,15305,49907,Staphylococcus saprophyticus,99.62,106,104,0,0,0.998048871132584,0.9784545454545456,0.9783636363636364,496,0.045090909090909,7.142302389351318e-05,0.0176325534769893,165,0.126425122422697,4.5090909090909
15305|49907,15305,49907,Staphylococcus saprophyticus,99.62,107,105,0,0,0.998513563730955,0.9785454545454544,0.9784545454545456,489,0.0444545454545454,0.0001000464993691,0.0171614922095282,38,0.0068350622053433,4.44545454545454
15305|49907,15305,49907,Staphylococcus saprophyticus,99.62,108,106,0,0,0.9981421272642824,0.9785454545454544,0.9785454545454544,492,0.0447272727272727,0.0001074015383553,0.018203868041407,188,0.0071231518119991,4.47272727272727
15305|49907,15305,49907,Staphylococcus saprophyticus,99.62,109,107,0,0,0.9981419546636938,0.9784545454545456,0.9785454545454544,492,0.0447272727272727,0.0001516721695651,0.0205439268014354,196,0.1634334156852632,4.47272727272727
15305|49907,15305,49907,Staphylococcus saprophyticus,99.62,110,108,0,0,0.9992567128124128,0.9784545454545456,0.9784545454545456,482,0.0438181818181818,0.0001177576907002,0.0183464269657376,116,0.0040650717558763,4.38181818181818
15305|49907,15305,49907,Staphylococcus saprophyticus,99.62,111,109,0,0,0.9991638019139644,0.9784545454545456,0.9784545454545456,483,0.0439090909090909,2.942509872017052e-05,0.0127146813934053,43,0.0582869408518733,4.39090909090909
15305|49907,15305,49907,Staphylococcus saprophyticus,99.62,112,110,0,0,0.9981419546636938,0.9785454545454544,0.9784545454545456,493,0.0448181818181818,0.0001341968387083,0.0195095487506866,160,0.014996863598039,4.48181818181818
15305|49907,15305,49907,Staphylococcus saprophyticus,99.62,113,111,0,0,0.998792270531401,0.9785454545454544,0.9785454545454544,485,0.044090909090909,1.510649922109586e-05,0.0179930821611297,99,0.0353044547576792,4.4090909090909
15305|49907,15305,49907,Staphylococcus saprophyticus,99.62,114,112,0,0,0.9980492336274964,0.9785454545454544,0.9785454545454544,492,0.0447272727272727,2.2902823668569106e-05,0.0067724040047273,97,0.0021083189303613,4.47272727272727
15380|29665,15380,29665,Klebsiella pneumoniae,100.0,6,6,0,0,0.9999090909090907,1.0,1.0,1,9.09090909090909e-05,5.522425335469094e-06,0.0052360074401171,254,0.008543729343548,0.00909090909090909
15380|29665,15380,29665,Klebsiella pneumoniae,100.0,16,16,0,0,0.9999090909090907,1.0,1.0,1,9.09090909090909e-05,3.3008629942710144e-06,0.0028071739068674,74,0.0001393874991897,0.00909090909090909
15380|29665,15380,29665,Klebsiella pneumoniae,100.0,22,22,0,0,0.9999090909090907,1.0,1.0,1,9.09090909090909e-05,1.7205081351834297e-06,0.0019819025389697,120,0.0020014457353575,0.00909090909090909
15380|29665,15380,29665,Klebsiella pneumoniae,100.0,35,35,0,0,0.9999090909090907,1.0,1.0,1,9.09090909090909e-05,1.0674363288609712e-05,0.008036731224701,101,0.0042906606227683,0.00909090909090909
15380|29665,15380,29665,Klebsiella pneumoniae,100.0,36,36,0,0,0.9999090909090907,1.0,1.0,1,9.09090909090909e-05,3.123955615080831e-06,0.0027360642894482,518,0.0029343549977174,0.00909090909090909
15380|29665,15380,29665,Klebsiella pneumoniae,100.0,42,42,0,0,0.9999090909090907,1.0,1.0,1,9.09090909090909e-05,3.1547154610844785e-06,0.0028855883178959,471,0.0598259906006196,0.00909090909090909
15380|29665,15380,29665,Klebsiella pneumoniae,100.0,45,45,0,0,0.9999090909090907,1.0,1.0,1,9.09090909090909e-05,9.421758171423988e-07,0.0014112658583897,504,0.0036018843750948,0.00909090909090909
15380|29665,15380,29665,Klebsiella pneumoniae,100.0,49,49,0,0,0.9998181818181818,1.0,1.0,2,0.0001818181818181,7.225190055137887e-06,0.0045082429416928,521,0.0043057712099225,0.01818181818181
15380|29665,15380,29665,Klebsiella pneumoniae,100.0,51,51,0,0,0.9999090909090907,1.0,1.0,1,9.09090909090909e-05,1.449882612969411e-06,0.001734057102427,313,0.0018280543178337,0.00909090909090909
15380|29665,15380,29665,Klebsiella pneumoniae,100.0,76,76,0,0,0.9975454545454544,0.9982727272727272,1.0,46,0.0041818181818181,3.4840244356848515e-05,0.0172799265312955,495,0.0010625675230888,0.41818181818181
15380|29665,15380,29665,Klebsiella pneumoniae,100.0,77,77,0,0,1.0,0.9982727272727272,0.9982727272727272,38,0.0034545454545454,2.76290627809761e-06,0.0024351500313008,430,0.0128451668490592,0.34545454545453996
15380|29665,15380,29665,Klebsiella pneumoniae,100.0,78,78,0,0,1.0,0.9982727272727272,0.9982727272727272,38,0.0034545454545454,7.957708368921956e-06,0.0045773457574451,250,0.0188661329457212,0.34545454545453996
15380|29665,15380,29665,Klebsiella pneumoniae,100.0,79,79,0,0,1.0,0.9982727272727272,0.9982727272727272,38,0.0034545454545454,3.557105046958497e-06,0.0027003599953703,440,0.0025488193543348,0.34545454545453996
15380|29665,15380,29665,Klebsiella pneumoniae,100.0,80,80,0,0,1.0,0.9982727272727272,0.9982727272727272,38,0.0034545454545454,3.952234944093469e-06,0.004664185334597,195,0.0017528930601031,0.34545454545453996
15380|29665,15380,29665,Klebsiella pneumoniae,100.0,81,81,0,0,1.0,0.9982727272727272,0.9982727272727272,38,0.0034545454545454,5.481133686036088e-06,0.0033327318640967,461,0.1810594931030283,0.34545454545453996
15380|29665,15380,29665,Klebsiella pneumoniae,100.0,82,82,0,0,1.0,0.9982727272727272,0.9982727272727272,38,0.0034545454545454,6.393539655258351e-06,0.0052023756710093,231,0.1251306095510209,0.34545454545453996
15380|29665,15380,29665,Klebsiella pneumoniae,100.0,83,83,0,0,1.0,0.9982727272727272,0.9982727272727272,38,0.0034545454545454,1.8084568358389676e-06,0.0019078703324688,258,0.041490294426988,0.34545454545453996
15380|29665,15380,29665,Klebsiella pneumoniae,100.0,84,84,0,0,1.0,0.9982727272727272,0.9982727272727272,38,0.0034545454545454,2.566052305974509e-06,0.0024649772283124,525,0.173598108436259,0.34545454545453996
15380|29665,15380,29665,Klebsiella pneumoniae,100.0,85,85,0,0,1.0,0.9982727272727272,0.9982727272727272,38,0.0034545454545454,3.120472752193848e-06,0.002547470647627,196,0.0175856736340114,0.34545454545453996
15380|29665,15380,29665,Klebsiella pneumoniae,100.0,86,86,0,0,1.0,0.9982727272727272,0.9982727272727272,38,0.0034545454545454,8.06212941539819e-06,0.0044997926164067,26,0.0075221713878907,0.34545454545453996
15380|29665,15380,29665,Klebsiella pneumoniae,100.0,87,87,0,0,1.0,0.9982727272727272,0.9982727272727272,38,0.0034545454545454,1.4528004351532786e-05,0.0057629540380294,178,0.0053465864229504,0.34545454545453996
15380|29665,15380,29665,Klebsiella pneumoniae,100.0,88,88,0,0,1.0,0.9982727272727272,0.9982727272727272,38,0.0034545454545454,1.100708552081997e-06,0.0014837816396435,264,0.0676969911451013,0.34545454545453996
15380|29665,15380,29665,Klebsiella pneumoniae,100.0,89,89,0,0,1.0,0.9982727272727272,0.9982727272727272,38,0.0034545454545454,2.708137564200186e-06,0.0023479460224252,175,0.0457943751182958,0.34545454545453996
15380|29665,15380,29665,Klebsiella pneumoniae,100.0,90,90,0,0,1.0,0.9982727272727272,0.9982727272727272,38,0.0034545454545454,1.0490814157160244e-05,0.0055687715392578,414,0.0020173749980655,0.34545454545453996
15380|29665,15380,29665,Klebsiella pneumoniae,100.0,91,91,0,0,1.0,0.9982727272727272,0.9982727272727272,38,0.0034545454545454,4.007371691594486e-06,0.0033896270453653,100,0.0055431317686789,0.34545454545453996
15380|29665,15380,29665,Klebsiella pneumoniae,100.0,92,92,0,0,1.0,0.9982727272727272,0.9982727272727272,38,0.0034545454545454,2.05733070557379e-06,0.0021693304716559,82,0.1242304642992409,0.34545454545453996
15380|29665,15380,29665,Klebsiella pneumoniae,100.0,93,93,0,0,1.0,0.9982727272727272,0.9982727272727272,38,0.0034545454545454,7.016861023112497e-06,0.0046506892027232,125,0.0141751086764523,0.34545454545453996
15380|29665,15380,29665,Klebsiella pneumoniae,100.0,94,94,0,0,1.0,0.9982727272727272,0.9982727272727272,38,0.0034545454545454,1.1201565792706702e-06,0.0015508410119152,250,0.0042918512814247,0.34545454545453996
15380|29665,15380,29665,Klebsiella pneumoniae,100.0,95,95,0,0,1.0,0.9982727272727272,0.9982727272727272,38,0.0034545454545454,6.487926402787281e-06,0.0036530239668142,287,0.0015642149299608,0.34545454545453996
15380|29665,15380,29665,Klebsiella pneumoniae,100.0,96,96,0,0,1.0,0.9982727272727272,0.9982727272727272,38,0.0034545454545454,3.896607834841248e-06,0.0031572818836973,158,0.0031933334834632,0.34545454545453996
15380|29665,15380,29665,Klebsiella pneumoniae,100.0,97,97,0,0,1.0,0.9982727272727272,0.9982727272727272,38,0.0034545454545454,3.4273109559279646e-06,0.0030005544453882,330,0.0003394207737513,0.34545454545453996
15380|29665,15380,29665,Klebsiella pneumoniae,100.0,98,98,0,0,1.0,0.9982727272727272,0.9982727272727272,38,0.0034545454545454,2.946785544577501e-06,0.0025862291270212,58,0.0012980449125805,0.34545454545453996
15380|29665,15380,29665,Klebsiella pneumoniae,100.0,99,99,0,0,1.0,0.9982727272727272,0.9982727272727272,38,0.0034545454545454,3.964396192657205e-06,0.0034234319854231,301,0.0013158623663382,0.34545454545453996
15380|29665,15380,29665,Klebsiella pneumoniae,100.0,100,100,0,0,1.0,0.9982727272727272,0.9982727272727272,38,0.0034545454545454,1.48653104958818e-06,0.0017242845571461,328,0.0189774335157025,0.34545454545453996
15380|29665,15380,29665,Klebsiella pneumoniae,100.0,101,101,0,0,1.0,0.9982727272727272,0.9982727272727272,38,0.0034545454545454,3.540403029633765e-07,0.0008415510075604,455,0.0044630588013334,0.34545454545453996
15380|29665,15380,29665,Klebsiella pneumoniae,100.0,102,102,0,0,1.0,0.9982727272727272,0.9982727272727272,38,0.0034545454545454,3.3893743806023835e-06,0.0031356781744166,26,0.0006162453783588,0.34545454545453996
15380|29665,15380,29665,Klebsiella pneumoniae,100.0,103,103,0,0,1.0,0.9982727272727272,0.9982727272727272,38,0.0034545454545454,3.874528668901256e-06,0.0035109026976158,81,0.2417122320091471,0.34545454545453996
15380|29665,15380,29665,Klebsiella pneumoniae,100.0,104,104,0,0,1.0,0.9982727272727272,0.9982727272727272,38,0.0034545454545454,1.3702038229590483e-06,0.0016985471111603,359,0.0009382711822909,0.34545454545453996
15380|29665,15380,29665,Klebsiella pneumoniae,100.0,105,105,0,0,1.0,0.9982727272727272,0.9982727272727272,38,0.0034545454545454,1.186366852401477e-05,0.0053045788124721,443,0.0013202520089574,0.34545454545453996
15380|29665,15380,29665,Klebsiella pneumoniae,100.0,106,106,0,0,1.0,0.9982727272727272,0.9982727272727272,38,0.0034545454545454,3.821874855702845e-06,0.0037649764460193,400,0.0100262826599465,0.34545454545453996
15380|29665,15380,29665,Klebsiella pneumoniae,100.0,107,107,0,0,1.0,0.9982727272727272,0.9982727272727272,38,0.0034545454545454,2.74820847101509e-06,0.0024807129260194,201,0.1161742072236837,0.34545454545453996
15380|29665,15380,29665,Klebsiella pneumoniae,100.0,108,108,0,0,0.9999089336126036,0.9982727272727272,0.9982727272727272,39,0.0035454545454545,1.387893059923151e-06,0.0016704680233621,180,0.0206099380878903,0.35454545454545
15380|29665,15380,29665,Klebsiella pneumoniae,100.0,109,109,0,0,1.0,0.998,0.998,39,0.0035454545454545,4.205007304358688e-06,0.0031592121404726,130,0.024272180650238,0.35454545454545
15380|29665,15380,29665,Klebsiella pneumoniae,100.0,110,110,0,0,1.0,0.9982727272727272,0.9982727272727272,38,0.0034545454545454,1.3149831562531131e-06,0.0016813562275019,197,0.0058014883112309,0.34545454545453996
15380|29665,15380,29665,Klebsiella pneumoniae,100.0,111,111,0,0,1.0,0.9982727272727272,0.9982727272727272,38,0.0034545454545454,6.549784155707172e-06,0.0039155436664222,233,0.0030806090807645,0.34545454545453996
15380|29665,15380,29665,Klebsiella pneumoniae,100.0,112,112,0,0,1.0,0.9982727272727272,0.9982727272727272,38,0.0034545454545454,1.4128601744101132e-06,0.001740849104706,256,0.0144819090454733,0.34545454545453996
15380|29665,15380,29665,Klebsiella pneumoniae,100.0,113,113,0,0,1.0,0.9982727272727272,0.9982727272727272,38,0.0034545454545454,3.602728024576507e-06,0.0032885671232556,68,0.0008156443475776,0.34545454545453996
15380|29665,15380,29665,Klebsiella pneumoniae,100.0,114,114,0,0,1.0,0.9982727272727272,0.9982727272727272,38,0.0034545454545454,2.98440037793668e-06,0.0027938300880408,424,0.0163211787585135,0.34545454545453996
15380|29665,15380,29665,Klebsiella pneumoniae,100.0,115,115,0,0,1.0,0.9982727272727272,0.9982727272727272,38,0.0034545454545454,3.872395726078892e-06,0.0032248349704384,320,0.0009843382802844,0.34545454545453996
15380|29665,15380,29665,Klebsiella pneumoniae,100.0,116,116,0,0,1.0,0.9982727272727272,0.9982727272727272,38,0.0034545454545454,2.658405640287853e-06,0.0024994751595192,264,0.0681253615566011,0.34545454545453996
15380|29665,15380,29665,Klebsiella pneumoniae,100.0,117,117,0,0,1.0,0.9982727272727272,0.9982727272727272,38,0.0034545454545454,2.964689633566664e-06,0.0028093824675687,275,0.0048212785224721,0.34545454545453996
15380|29665,15380,29665,Klebsiella pneumoniae,100.0,118,118,0,0,1.0,0.9982727272727272,0.9982727272727272,38,0.0034545454545454,4.669800131029689e-06,0.0031373613334136,302,0.0278376517774709,0.34545454545453996
15380|29665,15380,29665,Klebsiella pneumoniae,100.0,119,119,0,0,1.0,0.9982727272727272,0.9982727272727272,38,0.0034545454545454,3.465144262082553e-06,0.0031059710851553,313,0.0054640655843845,0.34545454545453996
15380|29665,15380,29665,Klebsiella pneumoniae,100.0,120,120,0,0,1.0,0.9982727272727272,0.9982727272727272,38,0.0034545454545454,9.903828210200416e-06,0.0044948522840013,221,0.0101084798638858,0.34545454545453996
15380|29665,15380,29665,Klebsiella pneumoniae,100.0,121,121,0,0,1.0,0.9982727272727272,0.9982727272727272,38,0.0034545454545454,3.7691015739471645e-05,0.0086851874260813,158,0.0525230029486412,0.34545454545453996
15380|29665,15380,29665,Klebsiella pneumoniae,100.0,122,122,0,0,1.0,0.9982727272727272,0.9982727272727272,38,0.0034545454545454,1.884492516923686e-06,0.0020206998831791,151,0.0030040021380435,0.34545454545453996
15380|29665,15380,29665,Klebsiella pneumoniae,100.0,123,123,0,0,1.0,0.9982727272727272,0.9982727272727272,38,0.0034545454545454,4.7973070802509454e-06,0.003118506627896,359,0.0009870454182689,0.34545454545453996
15380|29665,15380,29665,Klebsiella pneumoniae,100.0,124,124,0,0,0.9997268008378108,0.9982727272727272,0.9982727272727272,41,0.0037272727272727,4.405480097169345e-06,0.0041972873734771,127,0.0173795419436147,0.37272727272727
15380|29665,15380,29665,Klebsiella pneumoniae,100.0,125,125,0,0,1.0,0.9982727272727272,0.9982727272727272,38,0.0034545454545454,3.3659504240501903e-06,0.0030872410193543,518,0.0013591752474928,0.34545454545453996
15380|29665,15380,29665,Klebsiella pneumoniae,100.0,126,126,0,0,1.0,0.9982727272727272,0.9982727272727272,38,0.0034545454545454,4.547000705734661e-06,0.0032639097498149,406,0.0186770656754365,0.34545454545453996
15380|29665,15380,29665,Klebsiella pneumoniae,100.0,127,127,0,0,1.0,0.9982727272727272,0.9982727272727272,38,0.0034545454545454,1.415170407526034e-06,0.0017606588443971,69,0.0004462980977145,0.34545454545453996
15380|29665,15380,29665,Klebsiella pneumoniae,100.0,128,128,0,0,1.0,0.9982727272727272,0.9982727272727272,38,0.0034545454545454,1.425400656840381e-06,0.0016956190115688,232,0.0034704537896701,0.34545454545453996
15380|29665,15380,29665,Klebsiella pneumoniae,100.0,129,129,0,0,1.0,0.9982727272727272,0.9982727272727272,38,0.0034545454545454,4.942617980008279e-06,0.0036618895774623,380,0.00091848883982,0.34545454545453996
15380|29665,15380,29665,Klebsiella pneumoniae,100.0,130,130,0,0,1.0,0.9982727272727272,0.9982727272727272,38,0.0034545454545454,4.416327856970881e-06,0.0037436625718211,155,0.0007963584465686,0.34545454545453996
15380|29665,15380,29665,Klebsiella pneumoniae,100.0,131,131,0,0,1.0,0.9982727272727272,0.9982727272727272,38,0.0034545454545454,1.7748948945239817e-05,0.0061428017666108,148,0.0009802106676672,0.34545454545453996
15380|29665,15380,29665,Klebsiella pneumoniae,100.0,132,132,0,0,1.0,0.9982727272727272,0.9982727272727272,38,0.0034545454545454,2.078761686341579e-06,0.0021605506225682,174,0.0047305187564125,0.34545454545453996
15380|29665,15380,29665,Klebsiella pneumoniae,100.0,133,133,0,0,1.0,0.9982727272727272,0.9982727272727272,38,0.0034545454545454,1.822065702905551e-05,0.0088175856424926,101,0.0007872906056547,0.34545454545453996
15380|29665,15380,29665,Klebsiella pneumoniae,100.0,134,134,0,0,1.0,0.9982727272727272,0.9982727272727272,38,0.0034545454545454,4.000442445528663e-06,0.0028710794974652,441,0.0015905000745897,0.34545454545453996
15380|29665,15380,29665,Klebsiella pneumoniae,100.0,135,135,0,0,1.0,0.9982727272727272,0.9982727272727272,38,0.0034545454545454,6.765606577197048e-06,0.0040181497114257,386,0.0337714419469613,0.34545454545453996
15380|29665,15380,29665,Klebsiella pneumoniae,100.0,136,136,0,0,1.0,0.9982727272727272,0.9982727272727272,38,0.0034545454545454,9.21894712790916e-06,0.0045482468195828,380,0.0039053353280502,0.34545454545453996
15380|29665,15380,29665,Klebsiella pneumoniae,100.0,137,137,0,0,1.0,0.9982727272727272,0.9982727272727272,38,0.0034545454545454,4.432904137985361e-06,0.0034230988660053,157,0.0057114056804901,0.34545454545453996
15380|29665,15380,29665,Klebsiella pneumoniae,100.0,138,138,0,0,1.0,0.9982727272727272,0.9982727272727272,38,0.0034545454545454,2.5247058049737703e-06,0.0024636229870074,78,0.0003818958838349,0.34545454545453996
15380|29665,15380,29665,Klebsiella pneumoniae,100.0,139,139,0,0,1.0,0.9982727272727272,0.9982727272727272,38,0.0034545454545454,1.864203937329556e-06,0.0019984077667406,406,0.0041189311479652,0.34545454545453996
15380|29665,15380,29665,Klebsiella pneumoniae,100.0,140,140,0,0,1.0,0.9982727272727272,0.9982727272727272,38,0.0034545454545454,4.158099880524624e-06,0.0035887791647689,196,0.0003240182308822,0.34545454545453996
15380|29665,15380,29665,Klebsiella pneumoniae,100.0,141,141,0,0,1.0,0.9982727272727272,0.9982727272727272,38,0.0034545454545454,2.256934688582568e-06,0.0022066570635292,492,0.0022061308381182,0.34545454545453996
15380|29665,15380,29665,Klebsiella pneumoniae,100.0,142,142,0,0,1.0,0.9982727272727272,0.9982727272727272,38,0.0034545454545454,4.059879894269258e-06,0.0031434275448636,458,0.0084807640870127,0.34545454545453996
15380|29665,15380,29665,Klebsiella pneumoniae,100.0,143,143,0,0,1.0,0.9982727272727272,0.9982727272727272,38,0.0034545454545454,4.165828682234363e-06,0.0046068472002363,360,0.0008904056645064,0.34545454545453996
15380|29665,15380,29665,Klebsiella pneumoniae,100.0,144,144,0,0,1.0,0.9982727272727272,0.9982727272727272,38,0.0034545454545454,1.610169857446664e-06,0.0018851132747554,0,0.0326234245121745,0.34545454545453996
15380|29665,15380,29665,Klebsiella pneumoniae,100.0,145,145,0,0,1.0,0.9982727272727272,0.9982727272727272,38,0.0034545454545454,6.127473288763952e-06,0.0038884847705865,400,0.0051898635821903,0.34545454545453996
15380|29665,15380,29665,Klebsiella pneumoniae,100.0,146,146,0,0,1.0,0.9982727272727272,0.9982727272727272,38,0.0034545454545454,5.445142876481235e-06,0.003623143257243,245,0.0200046835577176,0.34545454545453996
15380|29665,15380,29665,Klebsiella pneumoniae,100.0,147,147,0,0,1.0,0.9982727272727272,0.9982727272727272,38,0.0034545454545454,4.38306838579372e-06,0.0042879919264178,357,0.0363639068074452,0.34545454545453996
15380|29665,15380,29665,Klebsiella pneumoniae,100.0,148,148,0,0,0.9994536016756216,0.9982727272727272,0.9982727272727272,44,0.004,4.117299950756603e-06,0.0028730408791933,147,0.0365783267427561,0.4
15380|29665,15380,29665,Klebsiella pneumoniae,100.0,149,149,0,0,1.0,0.9982727272727272,0.9982727272727272,38,0.0034545454545454,2.23159740952994e-06,0.0022309950606909,471,0.0244897474601657,0.34545454545453996
15380|29665,15380,29665,Klebsiella pneumoniae,100.0,150,150,0,0,1.0,0.9982727272727272,0.9982727272727272,38,0.0034545454545454,5.6465171723862895e-06,0.0044490760482518,433,0.0052873107795173,0.34545454545453996
15380|29665,15380,29665,Klebsiella pneumoniae,100.0,151,151,0,0,1.0,0.9982727272727272,0.9982727272727272,38,0.0034545454545454,7.631627703452715e-06,0.0039449656392166,445,0.002203975900722,0.34545454545453996
15380|29665,15380,29665,Klebsiella pneumoniae,100.0,152,152,0,0,1.0,0.9982727272727272,0.9982727272727272,38,0.0034545454545454,1.0416412934088903e-05,0.0047841131732338,418,0.0396636138963584,0.34545454545453996
15380|29665,15380,29665,Klebsiella pneumoniae,100.0,153,153,0,0,1.0,0.9982727272727272,0.9982727272727272,38,0.0034545454545454,3.577124881415372e-06,0.0030021029308965,208,0.0004538585869129,0.34545454545453996
15380|29665,15380,29665,Klebsiella pneumoniae,100.0,154,154,0,0,1.0,0.9982727272727272,0.9982727272727272,38,0.0034545454545454,1.0553535109147916e-06,0.0014907717709271,341,0.0326506738356334,0.34545454545453996
15380|29665,15380,29665,Klebsiella pneumoniae,100.0,155,155,0,0,1.0,0.9982727272727272,0.9982727272727272,38,0.0034545454545454,6.062624452463084e-06,0.003770113268582,182,0.0070379024556339,0.34545454545453996
15380|29665,15380,29665,Klebsiella pneumoniae,100.0,156,156,0,0,1.0,0.9982727272727272,0.9982727272727272,38,0.0034545454545454,4.037846445092974e-06,0.0035735692516553,257,0.009816841540056,0.34545454545453996
15380|29665,15380,29665,Klebsiella pneumoniae,100.0,157,157,0,0,1.0,0.9982727272727272,0.9982727272727272,38,0.0034545454545454,3.975344096240896e-06,0.0041431291921642,357,0.0311419347799706,0.34545454545453996
15380|29665,15380,29665,Klebsiella pneumoniae,100.0,158,158,0,0,1.0,0.9982727272727272,0.9982727272727272,38,0.0034545454545454,4.626343089952911e-06,0.0033115971316782,430,0.0066920835342312,0.34545454545453996
15380|29665,15380,29665,Klebsiella pneumoniae,100.0,159,159,0,0,1.0,0.9982727272727272,0.9982727272727272,38,0.0034545454545454,3.071376522334468e-06,0.0026406054446171,3,0.0006998796410551,0.34545454545453996
15380|29665,15380,29665,Klebsiella pneumoniae,100.0,160,160,0,0,1.0,0.9982727272727272,0.9982727272727272,38,0.0034545454545454,2.5361434921045145e-06,0.0022527994947666,454,0.0029443541277551,0.34545454545453996
15380|29665,15380,29665,Klebsiella pneumoniae,100.0,161,161,0,0,1.0,0.9982727272727272,0.9982727272727272,38,0.0034545454545454,3.574025240427048e-06,0.0028640234555929,393,0.0007708726347845,0.34545454545453996
15380|29665,15380,29665,Klebsiella pneumoniae,100.0,162,162,0,0,1.0,0.9982727272727272,0.9982727272727272,38,0.0034545454545454,7.838758761313791e-06,0.0047506475608917,119,0.0048535961026516,0.34545454545453996
15380|29665,15380,29665,Klebsiella pneumoniae,100.0,163,163,0,0,1.0,0.9982727272727272,0.9982727272727272,38,0.0034545454545454,1.115255643058255e-06,0.001501585397881,341,0.0027162344944478,0.34545454545453996
15380|29665,15380,29665,Klebsiella pneumoniae,100.0,164,164,0,0,1.0,0.9982727272727272,0.9982727272727272,38,0.0034545454545454,5.851263729317324e-06,0.0036401470016836,500,0.0101166775506537,0.34545454545453996
15380|29665,15380,29665,Klebsiella pneumoniae,100.0,165,165,0,0,1.0,0.9982727272727272,0.9982727272727272,38,0.0034545454545454,2.6657308455080297e-06,0.0025783793359875,149,0.0009283953999174,0.34545454545453996
15380|29665,15380,29665,Klebsiella pneumoniae,100.0,166,166,0,0,1.0,0.9982727272727272,0.9982727272727272,38,0.0034545454545454,8.372098379005877e-07,0.0012959036754102,215,0.0012698721981581,0.34545454545453996
15380|29665,15380,29665,Klebsiella pneumoniae,100.0,167,167,0,0,1.0,0.9982727272727272,0.9982727272727272,38,0.0034545454545454,1.343942129250486e-06,0.0017096119911854,249,0.0113772603195621,0.34545454545453996
15380|29665,15380,29665,Klebsiella pneumoniae,100.0,168,168,0,0,1.0,0.9982727272727272,0.9982727272727272,38,0.0034545454545454,3.91917353081972e-06,0.0028524099897046,303,0.0088865171886084,0.34545454545453996
15380|29665,15380,29665,Klebsiella pneumoniae,100.0,169,169,0,0,1.0,0.9982727272727272,0.9982727272727272,38,0.0034545454545454,5.874923489024297e-06,0.0035072796831735,323,0.0140133337795549,0.34545454545453996
15380|29665,15380,29665,Klebsiella pneumoniae,100.0,170,170,0,0,1.0,0.9982727272727272,0.9982727272727272,38,0.0034545454545454,2.522653403724817e-06,0.0024800357591376,494,0.0022546328030096,0.34545454545453996
15380|29665,15380,29665,Klebsiella pneumoniae,100.0,171,171,0,0,1.0,0.9982727272727272,0.9982727272727272,38,0.0034545454545454,2.041196775826037e-06,0.0020693190975263,7,0.0001666029745206,0.34545454545453996
15380|29665,15380,29665,Klebsiella pneumoniae,100.0,172,172,0,0,1.0,0.9982727272727272,0.9982727272727272,38,0.0034545454545454,2.546555510019033e-06,0.0024911631441446,287,0.0215365996662737,0.34545454545453996
15380|29665,15380,29665,Klebsiella pneumoniae,100.0,173,173,0,0,1.0,0.9982727272727272,0.9982727272727272,38,0.0034545454545454,1.6151227406613344e-06,0.0018244904850738,373,0.0005065838678646,0.34545454545453996
15380|29665,15380,29665,Klebsiella pneumoniae,100.0,174,174,0,0,1.0,0.9982727272727272,0.9982727272727272,38,0.0034545454545454,4.250853103626717e-06,0.0041052476223316,129,0.0034512032774822,0.34545454545453996
15380|29665,15380,29665,Klebsiella pneumoniae,100.0,175,175,0,0,1.0,0.9982727272727272,0.9982727272727272,38,0.0034545454545454,2.9192901399355264e-05,0.0078101751190942,499,0.1486437331808819,0.34545454545453996
15380|29665,15380,29665,Klebsiella pneumoniae,100.0,176,176,0,0,1.0,0.9982727272727272,0.9982727272727272,38,0.0034545454545454,1.6386968602066787e-06,0.0018227217742424,362,0.0137859291839866,0.34545454545453996
15380|29665,15380,29665,Klebsiella pneumoniae,100.0,177,177,0,0,1.0,0.9982727272727272,0.9982727272727272,38,0.0034545454545454,4.143587147731331e-06,0.003548953971558,335,0.0227647106241946,0.34545454545453996
15380|29665,15380,29665,Klebsiella pneumoniae,100.0,178,178,0,0,1.0,0.9982727272727272,0.9982727272727272,38,0.0034545454545454,4.60151288883548e-06,0.004019912905287,289,0.010470858269765,0.34545454545453996
15380|29665,15380,29665,Klebsiella pneumoniae,100.0,179,179,0,0,1.0,0.9982727272727272,0.9982727272727272,38,0.0034545454545454,6.800100561421552e-06,0.0060436750474319,346,0.0274928463130303,0.34545454545453996
15380|29665,15380,29665,Klebsiella pneumoniae,100.0,180,180,0,0,1.0,0.9982727272727272,0.9982727272727272,38,0.0034545454545454,4.142656916172882e-06,0.0034542550531311,119,0.0023798102936,0.34545454545453996
15380|29665,15380,29665,Klebsiella pneumoniae,100.0,181,181,0,0,1.0,0.9982727272727272,0.9982727272727272,38,0.0034545454545454,1.8846664747718125e-06,0.0019417261506485,470,0.01530345411476,0.34545454545453996
15380|29665,15380,29665,Klebsiella pneumoniae,100.0,182,182,0,0,1.0,0.9982727272727272,0.9982727272727272,38,0.0034545454545454,5.469892962572942e-06,0.0034876188836941,486,0.0081789983440373,0.34545454545453996
15380|29665,15380,29665,Klebsiella pneumoniae,100.0,183,183,0,0,1.0,0.9982727272727272,0.9982727272727272,38,0.0034545454545454,3.429206617555636e-06,0.0030562870711493,497,0.0060187355336542,0.34545454545453996
15380|29665,15380,29665,Klebsiella pneumoniae,100.0,184,184,0,0,1.0,0.9982727272727272,0.9982727272727272,38,0.0034545454545454,1.7818068250852193e-06,0.0019512133125917,406,0.0030331675654358,0.34545454545453996
15380|29665,15380,29665,Klebsiella pneumoniae,100.0,185,185,0,0,1.0,0.9982727272727272,0.9982727272727272,38,0.0034545454545454,3.2548527403308825e-06,0.0029374638381115,322,0.0002225616810865,0.34545454545453996
15380|29665,15380,29665,Klebsiella pneumoniae,100.0,186,186,0,0,1.0,0.9982727272727272,0.9982727272727272,38,0.0034545454545454,7.77944566221489e-06,0.0040366876189561,406,0.0018305049202288,0.34545454545453996
15380|29665,15380,29665,Klebsiella pneumoniae,100.0,187,187,0,0,1.0,0.9982727272727272,0.9982727272727272,38,0.0034545454545454,8.581252475270418e-07,0.0013102469154996,143,0.0011102857654315,0.34545454545453996
15380|29665,15380,29665,Klebsiella pneumoniae,100.0,188,188,0,0,1.0,0.9982727272727272,0.9982727272727272,38,0.0034545454545454,2.8609937385848383e-06,0.0026305647427473,425,0.0060777941978775,0.34545454545453996
15380|29665,15380,29665,Klebsiella pneumoniae,100.0,189,189,0,0,1.0,0.9982727272727272,0.9982727272727272,38,0.0034545454545454,4.3420367631386014e-06,0.0037443643491243,254,0.0007436579328767,0.34545454545453996
15380|29665,15380,29665,Klebsiella pneumoniae,100.0,190,190,0,0,1.0,0.9982727272727272,0.9982727272727272,38,0.0034545454545454,2.4482173746065428e-06,0.0023269555852926,373,0.0045282622315283,0.34545454545453996
15380|29665,15380,29665,Klebsiella pneumoniae,100.0,191,191,0,0,1.0,0.9982727272727272,0.9982727272727272,38,0.0034545454545454,6.315368362264096e-06,0.0038686707500955,46,0.0013638741064319,0.34545454545453996
15380|29665,15380,29665,Klebsiella pneumoniae,100.0,192,192,0,0,0.9999089336126036,0.9982727272727272,0.9982727272727272,39,0.0035454545454545,3.873311309576799e-06,0.0033139299118994,421,0.0057246550897376,0.35454545454545
15380|29665,15380,29665,Klebsiella pneumoniae,100.0,193,193,0,0,1.0,0.9982727272727272,0.9982727272727272,38,0.0034545454545454,7.758878068919728e-07,0.0012472140322722,392,0.0024349691366513,0.34545454545453996
15380|29665,15380,29665,Klebsiella pneumoniae,100.0,194,194,0,0,1.0,0.9982727272727272,0.9982727272727272,38,0.0034545454545454,3.3427198888880127e-06,0.0029546697764088,57,0.0035453634813773,0.34545454545453996
15380|29665,15380,29665,Klebsiella pneumoniae,100.0,195,195,0,0,1.0,0.9982727272727272,0.9982727272727272,38,0.0034545454545454,1.77736704642939e-06,0.0018857930533117,257,0.0248527815073476,0.34545454545453996
15380|29665,15380,29665,Klebsiella pneumoniae,100.0,196,196,0,0,1.0,0.9982727272727272,0.9982727272727272,38,0.0034545454545454,3.367540142407144e-06,0.0028530050495355,469,5.171335588394221e-05,0.34545454545453996
15380|29665,15380,29665,Klebsiella pneumoniae,100.0,197,197,0,0,1.0,0.9982727272727272,0.9982727272727272,38,0.0034545454545454,3.0631608941567023e-06,0.0025201074506424,474,3.8463960069790026e-05,0.34545454545453996
15380|29665,15380,29665,Klebsiella pneumoniae,100.0,198,198,0,0,1.0,0.9982727272727272,0.9982727272727272,38,0.0034545454545454,5.469192260632028e-06,0.0033230226468437,177,0.0111332073543362,0.34545454545453996
15380|29665,15380,29665,Klebsiella pneumoniae,100.0,199,199,0,0,0.9999089336126036,0.9982727272727272,0.9982727272727272,39,0.0035454545454545,1.6089500804006285e-05,0.0093953504692216,454,0.0049750561796297,0.35454545454545
15380|29665,15380,29665,Klebsiella pneumoniae,100.0,200,200,0,0,1.0,0.9982727272727272,0.9982727272727272,38,0.0034545454545454,4.597076465384653e-06,0.0037245006277839,394,0.0037166152166615,0.34545454545453996
15380|29665,15380,29665,Klebsiella pneumoniae,100.0,201,201,0,0,1.0,0.9982727272727272,0.9982727272727272,38,0.0034545454545454,1.8303016524612303e-06,0.0020205620141812,513,0.0321848124394308,0.34545454545453996
15380|29665,15380,29665,Klebsiella pneumoniae,100.0,202,202,0,0,1.0,0.9982727272727272,0.9982727272727272,38,0.0034545454545454,2.3678974613305925e-06,0.0023248899432967,1,0.1215952489201003,0.34545454545453996
15380|29665,15380,29665,Klebsiella pneumoniae,100.0,203,203,0,0,1.0,0.9982727272727272,0.9982727272727272,38,0.0034545454545454,2.589462871460668e-06,0.0023268271286414,374,0.0733348348693574,0.34545454545453996
15380|29665,15380,29665,Klebsiella pneumoniae,100.0,204,204,0,0,1.0,0.9982727272727272,0.9982727272727272,38,0.0034545454545454,5.326028051366727e-06,0.0039993571146353,215,0.0014397061774062,0.34545454545453996
15380|29665,15380,29665,Klebsiella pneumoniae,100.0,205,205,0,0,1.0,0.9982727272727272,0.9982727272727272,38,0.0034545454545454,2.195567049390057e-06,0.0022288339069522,206,0.0093270536487141,0.34545454545453996
15380|29665,15380,29665,Klebsiella pneumoniae,100.0,206,206,0,0,1.0,0.9982727272727272,0.9982727272727272,38,0.0034545454545454,6.66100837265482e-06,0.0046738358746794,58,0.0031350699775747,0.34545454545453996
15380|29665,15380,29665,Klebsiella pneumoniae,100.0,207,207,0,0,1.0,0.9982727272727272,0.9982727272727272,38,0.0034545454545454,4.016112515659032e-06,0.0034093314909538,300,0.0010260894661988,0.34545454545453996
15380|29665,15380,29665,Klebsiella pneumoniae,100.0,208,208,0,0,0.9999089336126036,0.9982727272727272,0.9982727272727272,39,0.0035454545454545,2.273931723584255e-06,0.0023621798058709,102,0.0037312071396438,0.35454545454545
15380|29665,15380,29665,Klebsiella pneumoniae,100.0,209,209,0,0,0.9998178672252072,0.9982727272727272,0.9982727272727272,40,0.0036363636363636,6.436984822721925e-06,0.0036858971918298,374,0.00367636910649,0.36363636363636
15380|29665,15380,29665,Klebsiella pneumoniae,100.0,210,210,0,0,1.0,0.9982727272727272,0.9982727272727272,38,0.0034545454545454,5.4002541809428095e-06,0.0035241408569156,313,0.0348583641362203,0.34545454545453996
15380|29665,15380,29665,Klebsiella pneumoniae,100.0,211,211,0,0,1.0,0.9982727272727272,0.9982727272727272,38,0.0034545454545454,4.808609187723079e-06,0.0031354760874129,63,0.0253513690864146,0.34545454545453996
15380|29665,15380,29665,Klebsiella pneumoniae,100.0,212,212,0,0,1.0,0.9982727272727272,0.9982727272727272,38,0.0034545454545454,6.567170064419869e-07,0.0011465967055448,45,0.0012284076621832,0.34545454545453996
15380|29665,15380,29665,Klebsiella pneumoniae,100.0,213,213,0,0,1.0,0.9982727272727272,0.9982727272727272,38,0.0034545454545454,4.5142556733823724e-06,0.0030187694928826,500,0.0179552306743983,0.34545454545453996
15380|29665,15380,29665,Klebsiella pneumoniae,100.0,214,214,0,0,1.0,0.9982727272727272,0.9982727272727272,38,0.0034545454545454,2.44385030900851e-06,0.0022404411503033,443,0.000386206621185,0.34545454545453996
15380|29665,15380,29665,Klebsiella pneumoniae,100.0,215,215,0,0,1.0,0.9982727272727272,0.9982727272727272,38,0.0034545454545454,4.3588238876068885e-06,0.0039279909054506,367,0.0033330480866767,0.34545454545453996
15380|29665,15380,29665,Klebsiella pneumoniae,100.0,216,216,0,0,1.0,0.9982727272727272,0.9982727272727272,38,0.0034545454545454,4.262397162779763e-06,0.0037876120794846,343,0.0095243413903928,0.34545454545453996
15380|29665,15380,29665,Klebsiella pneumoniae,100.0,217,217,0,0,1.0,0.9982727272727272,0.9982727272727272,38,0.0034545454545454,9.95605035170044e-06,0.0044680635371441,239,0.0058887498753992,0.34545454545453996
15380|29665,15380,29665,Klebsiella pneumoniae,100.0,218,218,0,0,1.0,0.9982727272727272,0.9982727272727272,38,0.0034545454545454,2.580094599746729e-06,0.0024601480353385,164,0.0110782922079305,0.34545454545453996
15380|29665,15380,29665,Klebsiella pneumoniae,100.0,219,219,0,0,1.0,0.9982727272727272,0.9982727272727272,38,0.0034545454545454,5.586539678414937e-06,0.0033983761936867,88,0.0146048403852816,0.34545454545453996
15380|29665,15380,29665,Klebsiella pneumoniae,100.0,220,220,0,0,1.0,0.9982727272727272,0.9982727272727272,38,0.0034545454545454,1.343196329117724e-05,0.0052610554793416,199,0.0113706493297864,0.34545454545453996
15380|29665,15380,29665,Klebsiella pneumoniae,100.0,221,221,0,0,1.0,0.9982727272727272,0.9982727272727272,38,0.0034545454545454,1.8668576919900204e-06,0.0020729762558987,102,0.0096699506185611,0.34545454545453996
15380|29665,15380,29665,Klebsiella pneumoniae,100.0,222,222,0,0,1.0,0.9982727272727272,0.9982727272727272,38,0.0034545454545454,2.8646249455865917e-06,0.0024211414806725,229,0.003014257154235,0.34545454545453996
15380|29665,15380,29665,Klebsiella pneumoniae,100.0,223,223,0,0,1.0,0.9982727272727272,0.9982727272727272,38,0.0034545454545454,2.047444678021648e-06,0.0020736734642792,314,0.0309044053878662,0.34545454545453996
15380|29665,15380,29665,Klebsiella pneumoniae,100.0,224,224,0,0,1.0,0.9982727272727272,0.9982727272727272,38,0.0034545454545454,3.1756107370384257e-06,0.0028963949792421,66,0.0126682585894501,0.34545454545453996
15380|29665,15380,29665,Klebsiella pneumoniae,100.0,225,225,0,0,0.9999089336126036,0.9981818181818182,0.9982727272727272,40,0.0036363636363636,2.68673404235642e-06,0.0025297423820721,148,0.0043443925783253,0.36363636363636
15380|29665,15380,29665,Klebsiella pneumoniae,100.0,226,226,0,0,1.0,0.9981818181818182,0.9981818181818182,40,0.0036363636363636,7.12982321293687e-06,0.0037849367544119,196,0.0547732934641362,0.36363636363636
15380|29665,15380,29665,Klebsiella pneumoniae,100.0,227,227,0,0,1.0,0.9981818181818182,0.9981818181818182,40,0.0036363636363636,1.5585671975237858e-06,0.0017843202298041,81,0.0852127884764927,0.36363636363636
15380|29665,15380,29665,Klebsiella pneumoniae,100.0,228,228,0,0,1.0,0.9981818181818182,0.9981818181818182,40,0.0036363636363636,8.866838984600278e-06,0.0042116071012931,182,0.0359821842837856,0.36363636363636
15380|29665,15380,29665,Klebsiella pneumoniae,100.0,229,229,0,0,1.0,0.9981818181818182,0.9981818181818182,40,0.0036363636363636,4.065493503957463e-06,0.0028553962363664,316,0.0003775275578463,0.36363636363636
15380|29665,15380,29665,Klebsiella pneumoniae,100.0,230,230,0,0,1.0,0.9981818181818182,0.9981818181818182,40,0.0036363636363636,3.622218337051564e-06,0.0026972376592206,502,0.1017537301958506,0.36363636363636
15380|29665,15380,29665,Klebsiella pneumoniae,100.0,231,231,0,0,1.0,0.9981818181818182,0.9981818181818182,40,0.0036363636363636,2.203926626309638e-06,0.0022858733223008,452,0.0036382926101257,0.36363636363636
15380|29665,15380,29665,Klebsiella pneumoniae,100.0,232,232,0,0,1.0,0.9981818181818182,0.9981818181818182,40,0.0036363636363636,2.3072905046550574e-06,0.002345419678798,90,0.0021479385513647,0.36363636363636
15380|29665,15380,29665,Klebsiella pneumoniae,100.0,233,233,0,0,1.0,0.9981818181818182,0.9981818181818182,40,0.0036363636363636,5.2960948389024765e-06,0.0033481782256869,152,0.0023519906297846,0.36363636363636
15380|29665,15380,29665,Klebsiella pneumoniae,100.0,234,234,0,0,1.0,0.9981818181818182,0.9981818181818182,40,0.0036363636363636,2.3840911671513254e-06,0.0023961136732383,314,0.0022391388592615,0.36363636363636
15380|29665,15380,29665,Klebsiella pneumoniae,100.0,235,235,0,0,1.0,0.9981818181818182,0.9981818181818182,40,0.0036363636363636,1.0114861662691157e-06,0.0014356587242529,464,0.0551651573672291,0.36363636363636
15380|29665,15380,29665,Klebsiella pneumoniae,100.0,236,236,0,0,1.0,0.9981818181818182,0.9981818181818182,40,0.0036363636363636,5.2242412004188665e-06,0.00488027151261,79,0.0046242893878039,0.36363636363636
15380|29665,15380,29665,Klebsiella pneumoniae,100.0,237,237,0,0,1.0,0.9981818181818182,0.9981818181818182,40,0.0036363636363636,1.3727943833918843e-06,0.0016724103723199,351,0.0027779859790677,0.36363636363636
15380|29665,15380,29665,Klebsiella pneumoniae,100.0,238,238,0,0,1.0,0.9981818181818182,0.9981818181818182,40,0.0036363636363636,2.798885619825775e-06,0.0023846179224249,518,0.0241248677622041,0.36363636363636
15380|29665,15380,29665,Klebsiella pneumoniae,100.0,239,239,0,0,1.0,0.9981818181818182,0.9981818181818182,40,0.0036363636363636,3.4802228725538957e-06,0.0030293235636293,346,0.0003777588986965,0.36363636363636
15380|29665,15380,29665,Klebsiella pneumoniae,100.0,240,240,0,0,1.0,0.9981818181818182,0.9981818181818182,40,0.0036363636363636,3.1858150225660964e-06,0.0028795683858578,215,0.0119758538286399,0.36363636363636
15380|29665,15380,29665,Klebsiella pneumoniae,100.0,241,241,0,0,1.0,0.9981818181818182,0.9981818181818182,40,0.0036363636363636,2.4364407609223093e-06,0.0024052694191591,458,0.0001230136403891,0.36363636363636
15380|29665,15380,29665,Klebsiella pneumoniae,100.0,242,242,0,0,1.0,0.9981818181818182,0.9981818181818182,40,0.0036363636363636,1.3208232696459987e-06,0.0016435528449646,18,0.0006569293786863,0.36363636363636
15380|29665,15380,29665,Klebsiella pneumoniae,100.0,243,243,0,0,1.0,0.9981818181818182,0.9981818181818182,40,0.0036363636363636,4.6937247792921966e-06,0.0031015036019941,303,0.0019324800412451,0.36363636363636
15380|29665,15380,29665,Klebsiella pneumoniae,100.0,244,244,0,0,1.0,0.9981818181818182,0.9981818181818182,40,0.0036363636363636,3.90362776236941e-06,0.0033324088962068,305,0.002648223953459,0.36363636363636
15380|29665,15380,29665,Klebsiella pneumoniae,100.0,245,245,0,0,1.0,0.9981818181818182,0.9981818181818182,40,0.0036363636363636,1.5957752454998086e-06,0.0018165050088799,106,0.0003783670606865,0.36363636363636
15380|29665,15380,29665,Klebsiella pneumoniae,100.0,246,246,0,0,1.0,0.9981818181818182,0.9981818181818182,40,0.0036363636363636,2.5230717617397147e-06,0.0024619798715502,121,0.0008809952483239,0.36363636363636
15380|29665,15380,29665,Klebsiella pneumoniae,100.0,247,247,0,0,1.0,0.9981818181818182,0.9981818181818182,40,0.0036363636363636,2.7668217067455814e-06,0.0023585550225006,205,0.0829469476183221,0.36363636363636
15380|29665,15380,29665,Klebsiella pneumoniae,100.0,248,248,0,0,1.0,0.9981818181818182,0.9981818181818182,40,0.0036363636363636,6.693715711048043e-06,0.003667485435772,328,0.0087518052253244,0.36363636363636
15380|29665,15380,29665,Klebsiella pneumoniae,100.0,249,249,0,0,1.0,0.9981818181818182,0.9981818181818182,40,0.0036363636363636,1.2570280578660942e-06,0.0016073510692212,233,0.0104302278820247,0.36363636363636
15380|29665,15380,29665,Klebsiella pneumoniae,100.0,250,250,0,0,1.0,0.9981818181818182,0.9981818181818182,40,0.0036363636363636,1.4685305584349884e-05,0.0055352472479422,375,0.0100452148693042,0.36363636363636
15380|29665,15380,29665,Klebsiella pneumoniae,100.0,251,251,0,0,1.0,0.9981818181818182,0.9981818181818182,40,0.0036363636363636,3.9029875038565365e-06,0.003661132649635,506,0.0053753693949416,0.36363636363636
15380|29665,15380,29665,Klebsiella pneumoniae,100.0,252,252,0,0,1.0,0.9981818181818182,0.9981818181818182,40,0.0036363636363636,5.741052225838317e-06,0.0042021117477351,277,0.0186533913716804,0.36363636363636
15380|29665,15380,29665,Klebsiella pneumoniae,100.0,253,253,0,0,1.0,0.9981818181818182,0.9981818181818182,40,0.0036363636363636,3.5743439856794623e-06,0.003007740803396,511,0.0288979900880643,0.36363636363636
15380|29665,15380,29665,Klebsiella pneumoniae,100.0,254,254,0,0,1.0,0.9981818181818182,0.9981818181818182,40,0.0036363636363636,4.285506911783088e-06,0.0031977176711453,303,0.0011280516569613,0.36363636363636
15380|29665,15380,29665,Klebsiella pneumoniae,100.0,255,255,0,0,1.0,0.9981818181818182,0.9981818181818182,40,0.0036363636363636,3.568714097235137e-06,0.0028203271896909,262,0.0235572474052505,0.36363636363636
15380|29665,15380,29665,Klebsiella pneumoniae,100.0,256,256,0,0,1.0,0.9981818181818182,0.9981818181818182,40,0.0036363636363636,5.235430282635178e-06,0.003372573865226,418,0.0011221975255364,0.36363636363636
15380|29665,15380,29665,Klebsiella pneumoniae,100.0,257,257,0,0,1.0,0.9981818181818182,0.9981818181818182,40,0.0036363636363636,4.378096785773167e-06,0.0030893870313058,4,0.0174520624203815,0.36363636363636
15380|29665,15380,29665,Klebsiella pneumoniae,100.0,258,258,0,0,1.0,0.9981818181818182,0.9981818181818182,40,0.0036363636363636,1.8703759652183292e-06,0.0020620784768515,385,0.0299287725342651,0.36363636363636
15380|29665,15380,29665,Klebsiella pneumoniae,100.0,259,259,0,0,1.0,0.9981818181818182,0.9981818181818182,40,0.0036363636363636,3.4440835359195177e-06,0.00262552993919,231,0.0124987708730035,0.36363636363636
15380|29665,15380,29665,Klebsiella pneumoniae,100.0,260,260,0,0,1.0,0.9981818181818182,0.9981818181818182,40,0.0036363636363636,4.0720304692598575e-06,0.0030617541290746,462,0.0779988324098228,0.36363636363636
15380|29665,15380,29665,Klebsiella pneumoniae,100.0,261,261,0,0,1.0,0.9981818181818182,0.9981818181818182,40,0.0036363636363636,4.072712473046636e-06,0.0034323898580378,254,0.0202031492795139,0.36363636363636
15380|29665,15380,29665,Klebsiella pneumoniae,100.0,262,262,0,0,1.0,0.9981818181818182,0.9981818181818182,40,0.0036363636363636,2.3031204240409053e-06,0.0021904946453731,395,0.0466720633324819,0.36363636363636
15380|29665,15380,29665,Klebsiella pneumoniae,100.0,263,263,0,0,1.0,0.9981818181818182,0.9981818181818182,40,0.0036363636363636,4.077333729202159e-06,0.0036468419567333,70,0.0890034185439723,0.36363636363636
15380|29665,15380,29665,Klebsiella pneumoniae,100.0,264,264,0,0,1.0,0.9981818181818182,0.9981818181818182,40,0.0036363636363636,8.90502678352334e-06,0.0042396153143892,64,0.0534266360566539,0.36363636363636
15380|29665,15380,29665,Klebsiella pneumoniae,100.0,265,265,0,0,1.0,0.9981818181818182,0.9981818181818182,40,0.0036363636363636,7.376784501023081e-07,0.0012202288805736,484,0.0059993893018658,0.36363636363636
15380|29665,15380,29665,Klebsiella pneumoniae,100.0,266,266,0,0,1.0,0.9981818181818182,0.9981818181818182,40,0.0036363636363636,3.72491136346742e-06,0.0034987065576078,168,0.0253400772061049,0.36363636363636
15380|29665,15380,29665,Klebsiella pneumoniae,100.0,267,267,0,0,1.0,0.9981818181818182,0.9981818181818182,40,0.0036363636363636,3.2910799639962462e-06,0.0025733741607452,334,0.0147416498036785,0.36363636363636
15380|29665,15380,29665,Klebsiella pneumoniae,100.0,268,268,0,0,1.0,0.9981818181818182,0.9981818181818182,40,0.0036363636363636,3.633221489329763e-06,0.0033527194881863,365,0.0184747802352284,0.36363636363636
15380|29665,15380,29665,Klebsiella pneumoniae,100.0,269,269,0,0,1.0,0.9981818181818182,0.9981818181818182,40,0.0036363636363636,1.1176358063247347e-05,0.0050137335425061,213,0.0048308639057883,0.36363636363636
15380|29665,15380,29665,Klebsiella pneumoniae,100.0,270,270,0,0,1.0,0.9981818181818182,0.9981818181818182,40,0.0036363636363636,3.836662175071837e-06,0.0029186856566861,271,0.0007197271325618,0.36363636363636
15380|29665,15380,29665,Klebsiella pneumoniae,100.0,271,271,0,0,0.9999089253187614,0.9981818181818182,0.9981818181818182,41,0.0037272727272727,2.679965768415116e-06,0.0024919847687001,221,0.0065199353766065,0.37272727272727
15380|29665,15380,29665,Klebsiella pneumoniae,100.0,272,272,0,0,1.0,0.9981818181818182,0.9981818181818182,40,0.0036363636363636,4.416744214141843e-06,0.0036969704935246,151,0.1416412084345018,0.36363636363636
15380|29665,15380,29665,Klebsiella pneumoniae,100.0,273,273,0,0,1.0,0.9981818181818182,0.9981818181818182,40,0.0036363636363636,3.802393122587233e-06,0.0029050347780454,98,0.0094494295638316,0.36363636363636
15380|29665,15380,29665,Klebsiella pneumoniae,100.0,274,274,0,0,1.0,0.9981818181818182,0.9981818181818182,40,0.0036363636363636,2.8615094551653897e-06,0.0025155367154029,389,0.0037654187300024,0.36363636363636
15380|29665,15380,29665,Klebsiella pneumoniae,100.0,275,275,0,0,1.0,0.9981818181818182,0.9981818181818182,40,0.0036363636363636,5.899190458569237e-06,0.0045791214121825,81,0.136833937793958,0.36363636363636
15380|29665,15380,29665,Klebsiella pneumoniae,100.0,276,276,0,0,1.0,0.9981818181818182,0.9981818181818182,40,0.0036363636363636,5.380644599206619e-06,0.003298841339918,393,0.0050753588330075,0.36363636363636
15380|29665,15380,29665,Klebsiella pneumoniae,100.0,277,277,0,0,1.0,0.9981818181818182,0.9981818181818182,40,0.0036363636363636,6.22687111584419e-06,0.0048827166440944,92,0.0022288314260472,0.36363636363636
15380|29665,15380,29665,Klebsiella pneumoniae,100.0,278,278,0,0,1.0,0.9981818181818182,0.9981818181818182,40,0.0036363636363636,4.783549051312619e-07,0.000983428757413,166,0.0002785895948514,0.36363636363636
15380|29665,15380,29665,Klebsiella pneumoniae,100.0,279,279,0,0,1.0,0.9981818181818182,0.9981818181818182,40,0.0036363636363636,4.581600871356173e-06,0.0041896810447983,422,0.0010505968953825,0.36363636363636
15380|29665,15380,29665,Klebsiella pneumoniae,100.0,280,280,0,0,1.0,0.9981818181818182,0.9981818181818182,40,0.0036363636363636,4.379439308088706e-06,0.0030497193845236,503,0.0027338887120577,0.36363636363636
15380|29665,15380,29665,Klebsiella pneumoniae,100.0,281,281,0,0,1.0,0.9981818181818182,0.9981818181818182,40,0.0036363636363636,3.285954669030033e-06,0.0026713607657023,136,0.000349181135984,0.36363636363636
15380|29665,15380,29665,Klebsiella pneumoniae,100.0,282,282,0,0,1.0,0.9981818181818182,0.9981818181818182,40,0.0036363636363636,1.2172142627941971e-05,0.0070100967517647,409,0.0076322346159947,0.36363636363636
15380|29665,15380,29665,Klebsiella pneumoniae,100.0,283,283,0,0,1.0,0.9981818181818182,0.9981818181818182,40,0.0036363636363636,3.9108319094260935e-06,0.0028697681051354,194,0.0048507561148674,0.36363636363636
15380|29665,15380,29665,Klebsiella pneumoniae,100.0,284,284,0,0,1.0,0.9981818181818182,0.9981818181818182,40,0.0036363636363636,4.660806400380579e-06,0.0037324264564566,108,0.0143360894472726,0.36363636363636
15380|29665,15380,29665,Klebsiella pneumoniae,100.0,285,285,0,0,1.0,0.9981818181818182,0.9981818181818182,40,0.0036363636363636,2.2390516827286437e-06,0.0021836483928276,355,0.0112407718733902,0.36363636363636
15380|29665,15380,29665,Klebsiella pneumoniae,100.0,286,286,0,0,1.0,0.9981818181818182,0.9981818181818182,40,0.0036363636363636,3.849739495409565e-06,0.0032452300535572,438,0.0077757237307378,0.36363636363636
15380|29665,15380,29665,Klebsiella pneumoniae,100.0,287,287,0,0,1.0,0.9981818181818182,0.9981818181818182,40,0.0036363636363636,3.483658598701922e-06,0.002786824536625,488,0.0022354622876344,0.36363636363636
15380|29665,15380,29665,Klebsiella pneumoniae,100.0,288,288,0,0,1.0,0.9981818181818182,0.9981818181818182,40,0.0036363636363636,1.0999840911685156e-05,0.0049008114241095,263,0.0421239076416892,0.36363636363636
15380|29665,15380,29665,Klebsiella pneumoniae,100.0,289,289,0,0,1.0,0.9981818181818182,0.9981818181818182,40,0.0036363636363636,1.1618756106113182e-06,0.0015249142209874,500,0.0107137396428556,0.36363636363636
15380|29665,15380,29665,Klebsiella pneumoniae,100.0,290,290,0,0,1.0,0.9981818181818182,0.9981818181818182,40,0.0036363636363636,2.155642034429306e-06,0.0021503422441281,280,0.0179668026377439,0.36363636363636
15380|29665,15380,29665,Klebsiella pneumoniae,100.0,291,291,0,0,1.0,0.9981818181818182,0.9981818181818182,40,0.0036363636363636,4.097521729029552e-06,0.002863416326374,353,0.0286827361624024,0.36363636363636
15380|29665,15380,29665,Klebsiella pneumoniae,100.0,292,292,0,0,1.0,0.9981818181818182,0.9981818181818182,40,0.0036363636363636,5.1477575860880975e-06,0.0033255230938848,210,0.0009156016266246,0.36363636363636
15380|29665,15380,29665,Klebsiella pneumoniae,100.0,293,293,0,0,1.0,0.9981818181818182,0.9981818181818182,40,0.0036363636363636,1.3097847727516765e-06,0.0016212471092099,156,0.0386063251576149,0.36363636363636
15380|29665,15380,29665,Klebsiella pneumoniae,100.0,294,294,0,0,1.0,0.9981818181818182,0.9981818181818182,40,0.0036363636363636,3.3589379322407358e-06,0.0028897706141313,202,0.0739619853199615,0.36363636363636
15380|29665,15380,29665,Klebsiella pneumoniae,100.0,295,295,0,0,1.0,0.9981818181818182,0.9981818181818182,40,0.0036363636363636,1.543940818748979e-06,0.0018498838336839,169,0.0485177494327382,0.36363636363636
15380|29665,15380,29665,Klebsiella pneumoniae,100.0,296,296,0,0,1.0,0.9981818181818182,0.9981818181818182,40,0.0036363636363636,1.244179527071232e-06,0.0015823306666698,524,0.0006382245893381,0.36363636363636
15380|29665,15380,29665,Klebsiella pneumoniae,100.0,297,297,0,0,1.0,0.9981818181818182,0.9981818181818182,40,0.0036363636363636,1.4249856675974115e-05,0.0060039162394478,295,0.0268747901673059,0.36363636363636
15380|29665,15380,29665,Klebsiella pneumoniae,100.0,298,298,0,0,1.0,0.9981818181818182,0.9981818181818182,40,0.0036363636363636,5.196296020693048e-06,0.0035481746338672,411,0.0056080477600632,0.36363636363636
15380|29665,15380,29665,Klebsiella pneumoniae,100.0,299,299,0,0,1.0,0.9981818181818182,0.9981818181818182,40,0.0036363636363636,1.526563655951385e-05,0.0056158518531189,476,0.0018950130964074,0.36363636363636
15380|29665,15380,29665,Klebsiella pneumoniae,100.0,300,300,0,0,1.0,0.9981818181818182,0.9981818181818182,40,0.0036363636363636,2.977164376249952e-06,0.0025986449374773,106,0.0049269777751148,0.36363636363636
15380|29665,15380,29665,Klebsiella pneumoniae,100.0,301,301,0,0,1.0,0.9981818181818182,0.9981818181818182,40,0.0036363636363636,3.6385638891855976e-06,0.0028841979986828,414,0.0011674127921821,0.36363636363636
15380|29665,15380,29665,Klebsiella pneumoniae,100.0,302,302,0,0,1.0,0.9981818181818182,0.9981818181818182,40,0.0036363636363636,6.325343057000943e-06,0.0038311403546008,471,0.0039943040836035,0.36363636363636
15380|29665,15380,29665,Klebsiella pneumoniae,100.0,303,303,0,0,1.0,0.9981818181818182,0.9981818181818182,40,0.0036363636363636,6.494196755468806e-06,0.0041376209242881,515,0.006001216808171,0.36363636363636
15380|29665,15380,29665,Klebsiella pneumoniae,100.0,304,304,0,0,1.0,0.9981818181818182,0.9981818181818182,40,0.0036363636363636,3.107401968627244e-06,0.0027644186549758,438,0.0048173375201694,0.36363636363636
15380|29665,15380,29665,Klebsiella pneumoniae,100.0,305,305,0,0,1.0,0.9981818181818182,0.9981818181818182,40,0.0036363636363636,2.202961795871872e-06,0.0022392229091032,333,0.0012800157437861,0.36363636363636
15380|29665,15380,29665,Klebsiella pneumoniae,100.0,306,306,0,0,1.0,0.9981818181818182,0.9981818181818182,40,0.0036363636363636,2.691537133170385e-06,0.0025304417501809,513,0.0385569779199632,0.36363636363636
15380|29665,15380,29665,Klebsiella pneumoniae,100.0,307,307,0,0,1.0,0.9981818181818182,0.9981818181818182,40,0.0036363636363636,5.259432310666945e-06,0.0035850476069566,406,0.0057582499907569,0.36363636363636
15380|29665,15380,29665,Klebsiella pneumoniae,100.0,308,308,0,0,1.0,0.9981818181818182,0.9981818181818182,40,0.0036363636363636,4.2990404217624345e-06,0.0029445082253582,167,0.0006578907496721,0.36363636363636
15380|29665,15380,29665,Klebsiella pneumoniae,100.0,309,309,0,0,1.0,0.9981818181818182,0.9981818181818182,40,0.0036363636363636,4.037024937120215e-06,0.0033288661136237,41,0.0741172665953892,0.36363636363636
15380|29665,15380,29665,Klebsiella pneumoniae,100.0,310,310,0,0,1.0,0.9981818181818182,0.9981818181818182,40,0.0036363636363636,1.918670157863289e-06,0.0019589749533288,282,0.0004063375951445,0.36363636363636
15380|29665,15380,29665,Klebsiella pneumoniae,100.0,311,311,0,0,1.0,0.9981818181818182,0.9981818181818182,40,0.0036363636363636,3.393930169792725e-06,0.0027198558503929,74,0.0597974118038222,0.36363636363636
15380|29665,15380,29665,Klebsiella pneumoniae,100.0,312,312,0,0,1.0,0.9981818181818182,0.9981818181818182,40,0.0036363636363636,3.0711990439691306e-06,0.0027985301817188,270,0.0072107125093853,0.36363636363636
15380|29665,15380,29665,Klebsiella pneumoniae,100.0,313,313,0,0,1.0,0.9981818181818182,0.9981818181818182,40,0.0036363636363636,5.4318581108603325e-06,0.0035924436845672,430,0.0075978894876349,0.36363636363636
15380|29665,15380,29665,Klebsiella pneumoniae,100.0,314,314,0,0,1.0,0.9981818181818182,0.9981818181818182,40,0.0036363636363636,5.782952736232971e-06,0.0042384581253931,263,0.0793449901833986,0.36363636363636
15380|29665,15380,29665,Klebsiella pneumoniae,100.0,315,315,0,0,0.9992714025500912,0.9981818181818182,0.9981818181818182,48,0.0043636363636363,3.3491378905736724e-06,0.0026107227351483,438,0.0256147761683342,0.43636363636362996
15380|29665,15380,29665,Klebsiella pneumoniae,100.0,316,316,0,0,1.0,0.9981818181818182,0.9981818181818182,40,0.0036363636363636,2.65203942317882e-06,0.0023994289541773,525,0.0185258655919022,0.36363636363636
15380|29665,15380,29665,Klebsiella pneumoniae,100.0,317,317,0,0,1.0,0.9981818181818182,0.9981818181818182,40,0.0036363636363636,3.0848531015204017e-06,0.0027279070081113,429,0.0004238983108065,0.36363636363636
15380|29665,15380,29665,Klebsiella pneumoniae,100.0,318,318,0,0,1.0,0.9981818181818182,0.9981818181818182,40,0.0036363636363636,2.190914287436563e-06,0.0022796947243874,281,0.0005570061642637,0.36363636363636
15380|29665,15380,29665,Klebsiella pneumoniae,100.0,319,319,0,0,1.0,0.9981818181818182,0.9981818181818182,40,0.0036363636363636,6.6836962557825785e-06,0.0041256537166514,438,0.0015856828940459,0.36363636363636
15380|29665,15380,29665,Klebsiella pneumoniae,100.0,320,320,0,0,1.0,0.9981818181818182,0.9981818181818182,40,0.0036363636363636,1.192362108382028e-06,0.0015973408813516,51,0.0009569833170814,0.36363636363636
15380|29665,15380,29665,Klebsiella pneumoniae,100.0,321,321,0,0,1.0,0.9981818181818182,0.9981818181818182,40,0.0036363636363636,2.348586050526791e-06,0.0022855054996297,436,0.0022003087189486,0.36363636363636
15380|29665,15380,29665,Klebsiella pneumoniae,100.0,322,322,0,0,1.0,0.9981818181818182,0.9981818181818182,40,0.0036363636363636,7.367138721292577e-07,0.0012173128568273,483,0.0510610545361445,0.36363636363636
15380|29665,15380,29665,Klebsiella pneumoniae,100.0,323,323,0,0,1.0,0.9981818181818182,0.9981818181818182,40,0.0036363636363636,3.328550524983598e-06,0.0025852411452615,125,0.0256148614489392,0.36363636363636
15380|29665,15380,29665,Klebsiella pneumoniae,100.0,324,324,0,0,0.9999089253187614,0.9981818181818182,0.9981818181818182,41,0.0037272727272727,8.787718541514167e-06,0.0054469981333876,12,0.0537562705700396,0.37272727272727
15380|29665,15380,29665,Klebsiella pneumoniae,100.0,325,325,0,0,1.0,0.9981818181818182,0.9981818181818182,40,0.0036363636363636,1.8170590619925877e-06,0.0019094664539654,517,0.0090474690348461,0.36363636363636
15380|29665,15380,29665,Klebsiella pneumoniae,100.0,326,326,0,0,1.0,0.9981818181818182,0.9981818181818182,40,0.0036363636363636,4.1860333014343e-06,0.0031746902421753,292,0.0320996717829277,0.36363636363636
15380|29665,15380,29665,Klebsiella pneumoniae,100.0,327,327,0,0,1.0,0.9981818181818182,0.9981818181818182,40,0.0036363636363636,1.5649885236612704e-06,0.0017773635469232,481,0.0004053595406179,0.36363636363636
15380|29665,15380,29665,Klebsiella pneumoniae,100.0,328,328,0,0,1.0,0.9981818181818182,0.9981818181818182,40,0.0036363636363636,1.550716155596099e-06,0.0018331057321815,477,0.0205397588062236,0.36363636363636
15380|29665,15380,29665,Klebsiella pneumoniae,100.0,329,329,0,0,1.0,0.9981818181818182,0.9981818181818182,40,0.0036363636363636,4.2882950700429134e-06,0.0043943498871622,140,0.0045333068337931,0.36363636363636
15380|29665,15380,29665,Klebsiella pneumoniae,100.0,330,330,0,0,1.0,0.9981818181818182,0.9981818181818182,40,0.0036363636363636,4.672154291895936e-06,0.0031702098100177,507,0.0003897905376907,0.36363636363636
15380|29665,15380,29665,Klebsiella pneumoniae,100.0,331,331,0,0,1.0,0.9981818181818182,0.9981818181818182,40,0.0036363636363636,1.7698998323378845e-05,0.0079546026292223,155,0.004167867122671,0.36363636363636
15380|29665,15380,29665,Klebsiella pneumoniae,100.0,332,332,0,0,1.0,0.9981818181818182,0.9981818181818182,40,0.0036363636363636,2.1359708382018283e-06,0.0020745688279291,452,0.0001206837729551,0.36363636363636
15380|29665,15380,29665,Klebsiella pneumoniae,100.0,333,333,0,0,1.0,0.9981818181818182,0.9981818181818182,40,0.0036363636363636,2.149248238714208e-06,0.0020799055339387,37,0.0086001918102388,0.36363636363636
15380|29665,15380,29665,Klebsiella pneumoniae,100.0,334,334,0,0,1.0,0.9981818181818182,0.9981818181818182,40,0.0036363636363636,5.459633387272511e-06,0.0042419649581888,258,0.003179233940573,0.36363636363636
15380|29665,15380,29665,Klebsiella pneumoniae,100.0,335,335,0,0,1.0,0.9981818181818182,0.9981818181818182,40,0.0036363636363636,3.2032683057181544e-06,0.0028188865753467,41,0.0064626211612461,0.36363636363636
15380|29665,15380,29665,Klebsiella pneumoniae,100.0,336,336,0,0,1.0,0.9981818181818182,0.9981818181818182,40,0.0036363636363636,2.2145818429075703e-06,0.0021714059079362,485,0.0553995970339751,0.36363636363636
15380|29665,15380,29665,Klebsiella pneumoniae,100.0,337,337,0,0,1.0,0.9981818181818182,0.9981818181818182,40,0.0036363636363636,9.246159631493e-06,0.0063984343926631,391,0.0011944017741682,0.36363636363636
15380|29665,15380,29665,Klebsiella pneumoniae,100.0,338,338,0,0,1.0,0.9981818181818182,0.9981818181818182,40,0.0036363636363636,2.9579226583642537e-06,0.0027737357756246,16,0.000936175949092,0.36363636363636
15380|29665,15380,29665,Klebsiella pneumoniae,100.0,339,339,0,0,1.0,0.9981818181818182,0.9981818181818182,40,0.0036363636363636,1.7515574431969938e-06,0.0019067181548291,36,0.0015509181331176,0.36363636363636
15380|29665,15380,29665,Klebsiella pneumoniae,100.0,340,340,0,0,1.0,0.9981818181818182,0.9981818181818182,40,0.0036363636363636,4.547251029607402e-06,0.0032207937427718,483,0.0648366708137196,0.36363636363636
15380|29665,15380,29665,Klebsiella pneumoniae,100.0,341,341,0,0,1.0,0.9981818181818182,0.9981818181818182,40,0.0036363636363636,3.0713950308625115e-06,0.0026930054210967,71,0.0005878293899138,0.36363636363636
15380|29665,15380,29665,Klebsiella pneumoniae,100.0,342,342,0,0,1.0,0.9981818181818182,0.9981818181818182,40,0.0036363636363636,6.154963987148321e-06,0.0038675408262793,285,0.0035162432355826,0.36363636363636
15380|29665,15380,29665,Klebsiella pneumoniae,100.0,343,343,0,0,1.0,0.9981818181818182,0.9981818181818182,40,0.0036363636363636,2.3003900861962023e-06,0.0021679851216943,103,0.0078343562718483,0.36363636363636
15380|29665,15380,29665,Klebsiella pneumoniae,100.0,344,344,0,0,1.0,0.9981818181818182,0.9981818181818182,40,0.0036363636363636,2.662366582195652e-06,0.00255115449057,371,0.0023504704363448,0.36363636363636
15380|29665,15380,29665,Klebsiella pneumoniae,100.0,345,345,0,0,1.0,0.9981818181818182,0.9981818181818182,40,0.0036363636363636,5.283267351163801e-06,0.0033560112267754,335,0.0015750356176598,0.36363636363636
15380|29665,15380,29665,Klebsiella pneumoniae,100.0,346,346,0,0,1.0,0.9981818181818182,0.9981818181818182,40,0.0036363636363636,1.8867363764663023e-06,0.0020593870686032,407,0.0175269055160081,0.36363636363636
15380|29665,15380,29665,Klebsiella pneumoniae,100.0,347,347,0,0,1.0,0.9981818181818182,0.9981818181818182,40,0.0036363636363636,2.2879669782094325e-06,0.0021479884943022,141,0.028676282992414,0.36363636363636
15380|29665,15380,29665,Klebsiella pneumoniae,100.0,348,348,0,0,1.0,0.9981818181818182,0.9981818181818182,40,0.0036363636363636,4.487013076315272e-06,0.0042665171621068,387,0.0068962921256227,0.36363636363636
15380|29665,15380,29665,Klebsiella pneumoniae,100.0,349,349,0,0,1.0,0.9981818181818182,0.9981818181818182,40,0.0036363636363636,1.2478590155962088e-05,0.0052302096370948,318,0.0011770348830302,0.36363636363636
15380|29665,15380,29665,Klebsiella pneumoniae,100.0,350,350,0,0,1.0,0.9981818181818182,0.9981818181818182,40,0.0036363636363636,6.035894027256461e-06,0.003481961869992,368,0.0027306318541678,0.36363636363636
15380|29665,15380,29665,Klebsiella pneumoniae,100.0,351,351,0,0,1.0,0.9981818181818182,0.9981818181818182,40,0.0036363636363636,1.64558499760048e-06,0.0018469400558469,24,0.0028556208898931,0.36363636363636
15380|29665,15380,29665,Klebsiella pneumoniae,100.0,352,352,0,0,1.0,0.9981818181818182,0.9981818181818182,40,0.0036363636363636,7.249962584277014e-06,0.0038089180655711,300,0.0017594449220592,0.36363636363636
15380|29665,15380,29665,Klebsiella pneumoniae,100.0,353,353,0,0,1.0,0.9981818181818182,0.9981818181818182,40,0.0036363636363636,8.66553059852837e-06,0.0042125988114101,488,0.0002104750888813,0.36363636363636
15380|29665,15380,29665,Klebsiella pneumoniae,100.0,354,354,0,0,1.0,0.9981818181818182,0.9981818181818182,40,0.0036363636363636,2.0982612738418283e-06,0.0021339562399587,365,0.0026179049385333,0.36363636363636
15380|29665,15380,29665,Klebsiella pneumoniae,100.0,355,355,0,0,1.0,0.9981818181818182,0.9981818181818182,40,0.0036363636363636,2.557106500322704e-06,0.0022772893420177,88,0.0048865356833083,0.36363636363636
15380|29665,15380,29665,Klebsiella pneumoniae,100.0,356,356,0,0,1.0,0.9981818181818182,0.9981818181818182,40,0.0036363636363636,9.014548578711868e-07,0.0013748909359893,288,0.0008029962988991,0.36363636363636
15380|29665,15380,29665,Klebsiella pneumoniae,100.0,357,357,0,0,1.0,0.9981818181818182,0.9981818181818182,40,0.0036363636363636,5.576633732462533e-06,0.0033440801709123,109,0.0039708507812081,0.36363636363636
15380|29665,15380,29665,Klebsiella pneumoniae,100.0,358,358,0,0,1.0,0.9981818181818182,0.9981818181818182,40,0.0036363636363636,8.140550274315927e-06,0.0040872469497317,252,0.0014091324848155,0.36363636363636
15380|29665,15380,29665,Klebsiella pneumoniae,100.0,359,359,0,0,1.0,0.9981818181818182,0.9981818181818182,40,0.0036363636363636,4.30050929534076e-06,0.0031083600883089,437,0.0092015832178175,0.36363636363636
15380|29665,15380,29665,Klebsiella pneumoniae,100.0,360,360,0,0,1.0,0.9981818181818182,0.9981818181818182,40,0.0036363636363636,6.892614465292546e-06,0.0040090006280119,163,0.0059300210206476,0.36363636363636
15380|29665,15380,29665,Klebsiella pneumoniae,100.0,361,361,0,0,1.0,0.9981818181818182,0.9981818181818182,40,0.0036363636363636,1.7257707652929e-06,0.001915526982033,418,0.0722653678863824,0.36363636363636
15380|29665,15380,29665,Klebsiella pneumoniae,100.0,362,362,0,0,1.0,0.9981818181818182,0.9981818181818182,40,0.0036363636363636,3.764318355470309e-06,0.0033798573841866,307,0.0020127266341118,0.36363636363636
15380|29665,15380,29665,Klebsiella pneumoniae,100.0,363,363,0,0,1.0,0.9981818181818182,0.9981818181818182,40,0.0036363636363636,6.003003938381824e-06,0.0035218491969936,326,0.0035775280952509,0.36363636363636
15380|29665,15380,29665,Klebsiella pneumoniae,100.0,364,364,0,0,1.0,0.9981818181818182,0.9981818181818182,40,0.0036363636363636,4.204217882386452e-06,0.0036190268079849,255,0.0006850368892068,0.36363636363636
15380|29665,15380,29665,Klebsiella pneumoniae,100.0,365,365,0,0,0.9999089253187614,0.9981818181818182,0.9981818181818182,41,0.0037272727272727,1.7915000343204923e-06,0.0019728797069136,256,0.0316716623576986,0.37272727272727
15380|29665,15380,29665,Klebsiella pneumoniae,100.0,366,366,0,0,1.0,0.9981818181818182,0.9981818181818182,40,0.0036363636363636,3.174460382227018e-06,0.0029930551519395,292,0.0523060264520609,0.36363636363636
15380|29665,15380,29665,Klebsiella pneumoniae,100.0,367,367,0,0,1.0,0.9981818181818182,0.9981818181818182,40,0.0036363636363636,3.84184003499044e-06,0.0034999608452812,299,0.0035479037716845,0.36363636363636
15380|29665,15380,29665,Klebsiella pneumoniae,100.0,368,368,0,0,1.0,0.9981818181818182,0.9981818181818182,40,0.0036363636363636,1.6558668156640977e-06,0.0018332292548112,16,0.0009078897698751,0.36363636363636
15380|29665,15380,29665,Klebsiella pneumoniae,100.0,369,369,0,0,1.0,0.9981818181818182,0.9981818181818182,40,0.0036363636363636,3.834991526452392e-06,0.0027759918668361,25,0.0004562383314543,0.36363636363636
15380|29665,15380,29665,Klebsiella pneumoniae,100.0,370,370,0,0,1.0,0.9981818181818182,0.9981818181818182,40,0.0036363636363636,4.005203353862896e-06,0.0031231407589418,56,0.0112201326437508,0.36363636363636
15380|29665,15380,29665,Klebsiella pneumoniae,100.0,371,371,0,0,1.0,0.9981818181818182,0.9981818181818182,40,0.0036363636363636,2.819344711912919e-06,0.0023759895188075,51,0.0084288565254575,0.36363636363636
15380|29665,15380,29665,Klebsiella pneumoniae,100.0,372,372,0,0,1.0,0.9981818181818182,0.9981818181818182,40,0.0036363636363636,5.830514203220005e-06,0.0034154824380362,94,0.0019357395059944,0.36363636363636
15380|29665,15380,29665,Klebsiella pneumoniae,100.0,373,373,0,0,1.0,0.9981818181818182,0.9981818181818182,40,0.0036363636363636,2.547236829464339e-06,0.0022587422314358,394,0.0041669421840222,0.36363636363636
15380|29665,15380,29665,Klebsiella pneumoniae,100.0,374,374,0,0,1.0,0.9981818181818182,0.9981818181818182,40,0.0036363636363636,3.980190056651622e-06,0.0031833496557774,433,0.0003978116402734,0.36363636363636
15380|29665,15380,29665,Klebsiella pneumoniae,100.0,375,375,0,0,1.0,0.9981818181818182,0.9981818181818182,40,0.0036363636363636,2.090910544483293e-06,0.002105219059742,424,0.0317726723479802,0.36363636363636
15380|29665,15380,29665,Klebsiella pneumoniae,100.0,376,376,0,0,1.0,0.9981818181818182,0.9981818181818182,40,0.0036363636363636,5.759985929332245e-06,0.0035190745357384,197,0.0077464207896281,0.36363636363636
15380|29665,15380,29665,Klebsiella pneumoniae,100.0,377,377,0,0,1.0,0.9981818181818182,0.9981818181818182,40,0.0036363636363636,4.159359691002784e-06,0.0038541267393098,21,0.0037841400036719,0.36363636363636
15380|29665,15380,29665,Klebsiella pneumoniae,100.0,378,378,0,0,1.0,0.9981818181818182,0.9981818181818182,40,0.0036363636363636,1.4561007195545983e-06,0.0017081293541599,19,0.0001512771289063,0.36363636363636
15380|29665,15380,29665,Klebsiella pneumoniae,100.0,379,379,0,0,1.0,0.9981818181818182,0.9981818181818182,40,0.0036363636363636,9.583400160106947e-07,0.0014225247801425,199,0.0151433650420002,0.36363636363636
15380|29665,15380,29665,Klebsiella pneumoniae,100.0,380,380,0,0,1.0,0.9981818181818182,0.9981818181818182,40,0.0036363636363636,5.075489877603978e-06,0.0037482887536875,519,0.0061265296247288,0.36363636363636
15380|29665,15380,29665,Klebsiella pneumoniae,100.0,381,381,0,0,1.0,0.9981818181818182,0.9981818181818182,40,0.0036363636363636,3.919516037509396e-06,0.0034012003332792,204,0.004426611047168,0.36363636363636
15380|29665,15380,29665,Klebsiella pneumoniae,100.0,382,382,0,0,1.0,0.9981818181818182,0.9981818181818182,40,0.0036363636363636,3.96815116188165e-06,0.0029664443621594,126,0.0749183572264413,0.36363636363636
15380|29665,15380,29665,Klebsiella pneumoniae,100.0,383,383,0,0,1.0,0.9981818181818182,0.9981818181818182,40,0.0036363636363636,2.468941447619777e-06,0.002450496366398,452,0.0002546899844718,0.36363636363636
15380|29665,15380,29665,Klebsiella pneumoniae,100.0,384,384,0,0,1.0,0.9981818181818182,0.9981818181818182,40,0.0036363636363636,1.0611839036389623e-06,0.0015097155171087,380,0.0006235022147106,0.36363636363636
15380|29665,15380,29665,Klebsiella pneumoniae,100.0,385,385,0,0,1.0,0.9981818181818182,0.9981818181818182,40,0.0036363636363636,7.570129335499054e-06,0.0039228326402249,23,0.0186663464027045,0.36363636363636
15380|29665,15380,29665,Klebsiella pneumoniae,100.0,386,386,0,0,1.0,0.9981818181818182,0.9981818181818182,40,0.0036363636363636,1.048957805238615e-05,0.0046191801382218,86,0.0030568118268889,0.36363636363636
15380|29665,15380,29665,Klebsiella pneumoniae,100.0,387,387,0,0,1.0,0.9981818181818182,0.9981818181818182,40,0.0036363636363636,2.8073748944423822e-06,0.0025837455332518,39,0.0038861794925832,0.36363636363636
15380|29665,15380,29665,Klebsiella pneumoniae,100.0,388,388,0,0,1.0,0.9981818181818182,0.9981818181818182,40,0.0036363636363636,2.6970941819914884e-06,0.0024861491855292,343,0.0083600577837933,0.36363636363636
15380|29665,15380,29665,Klebsiella pneumoniae,100.0,389,389,0,0,1.0,0.9981818181818182,0.9981818181818182,40,0.0036363636363636,1.77483722285654e-06,0.0020095487392812,239,0.0172395020328655,0.36363636363636
15380|29665,15380,29665,Klebsiella pneumoniae,100.0,390,390,0,0,1.0,0.9981818181818182,0.9981818181818182,40,0.0036363636363636,7.142441848406733e-06,0.0037798740486645,131,0.0514593047455638,0.36363636363636
15380|29665,15380,29665,Klebsiella pneumoniae,100.0,391,391,0,0,0.9994535519125683,0.9981818181818182,0.9981818181818182,46,0.0041818181818181,3.141516748850215e-06,0.0025879197406061,58,0.0079744062523458,0.41818181818181
15380|29665,15380,29665,Klebsiella pneumoniae,100.0,392,392,0,0,1.0,0.9981818181818182,0.9981818181818182,40,0.0036363636363636,4.7305595725077865e-06,0.0034356438126843,447,0.0124921796280906,0.36363636363636
15380|29665,15380,29665,Klebsiella pneumoniae,100.0,393,393,0,0,1.0,0.9981818181818182,0.9981818181818182,40,0.0036363636363636,4.096751202720128e-06,0.0039090083808179,424,0.0139029777114312,0.36363636363636
15380|29665,15380,29665,Klebsiella pneumoniae,100.0,394,394,0,0,1.0,0.9981818181818182,0.9981818181818182,40,0.0036363636363636,1.1613083271688753e-05,0.0055133916641434,37,0.0025171627277416,0.36363636363636
15380|29665,15380,29665,Klebsiella pneumoniae,100.0,395,395,0,0,1.0,0.9981818181818182,0.9981818181818182,40,0.0036363636363636,2.3925373813238338e-06,0.0023245304193262,68,0.0036600447369735,0.36363636363636
15380|29665,15380,29665,Klebsiella pneumoniae,100.0,396,396,0,0,1.0,0.9981818181818182,0.9981818181818182,40,0.0036363636363636,7.656939854161493e-06,0.0042480995133534,397,0.0005478958131275,0.36363636363636
15380|29665,15380,29665,Klebsiella pneumoniae,100.0,397,397,0,0,1.0,0.9981818181818182,0.9981818181818182,40,0.0036363636363636,2.2461921240779503e-06,0.0021778990079255,385,0.0404168213253548,0.36363636363636
15380|29665,15380,29665,Klebsiella pneumoniae,100.0,398,398,0,0,1.0,0.9981818181818182,0.9981818181818182,40,0.0036363636363636,3.423611203312582e-06,0.0031581177534059,150,0.0001513939261243,0.36363636363636
15380|29665,15380,29665,Klebsiella pneumoniae,100.0,399,399,0,0,1.0,0.9981818181818182,0.9981818181818182,40,0.0036363636363636,3.372553853964177e-06,0.0030898532573479,96,0.0093740394710509,0.36363636363636
15380|29665,15380,29665,Klebsiella pneumoniae,100.0,400,400,0,0,1.0,0.9981818181818182,0.9981818181818182,40,0.0036363636363636,4.377324133386651e-06,0.0033480691430889,285,0.0011421567899749,0.36363636363636
15380|29665,15380,29665,Klebsiella pneumoniae,100.0,401,401,0,0,1.0,0.9981818181818182,0.9981818181818182,40,0.0036363636363636,3.3445943585785898e-06,0.0029330792753494,406,0.0091937488114548,0.36363636363636
15380|29665,15380,29665,Klebsiella pneumoniae,100.0,402,402,0,0,1.0,0.9981818181818182,0.9981818181818182,40,0.0036363636363636,1.272029561905086e-06,0.0016349099995879,27,0.0012561756782478,0.36363636363636
15380|29665,15380,29665,Klebsiella pneumoniae,100.0,403,403,0,0,1.0,0.9981818181818182,0.9981818181818182,40,0.0036363636363636,3.040654307562285e-06,0.0025012168753168,146,0.0081669456941597,0.36363636363636
15380|29665,15380,29665,Klebsiella pneumoniae,100.0,404,404,0,0,1.0,0.9981818181818182,0.9981818181818182,40,0.0036363636363636,3.240124113679244e-06,0.0028067618166221,411,0.0025780951315668,0.36363636363636
15380|29665,15380,29665,Klebsiella pneumoniae,100.0,405,405,0,0,1.0,0.9981818181818182,0.9981818181818182,40,0.0036363636363636,3.933365502084563e-06,0.0029040703551363,409,0.0041938072822187,0.36363636363636
15380|29665,15380,29665,Klebsiella pneumoniae,100.0,406,406,0,0,1.0,0.9981818181818182,0.9981818181818182,40,0.0036363636363636,1.7160387824066705e-06,0.0019101417012278,504,0.0119690620786891,0.36363636363636
15380|29665,15380,29665,Klebsiella pneumoniae,100.0,407,407,0,0,1.0,0.9981818181818182,0.9981818181818182,40,0.0036363636363636,2.4894677137510257e-06,0.0022623661818006,473,0.0004579056434936,0.36363636363636
15380|29665,15380,29665,Klebsiella pneumoniae,100.0,408,408,0,0,1.0,0.9981818181818182,0.9981818181818182,40,0.0036363636363636,1.7669301655143244e-06,0.0019444221526588,301,0.0054504627757002,0.36363636363636
15380|29665,15380,29665,Klebsiella pneumoniae,100.0,409,409,0,0,1.0,0.9981818181818182,0.9981818181818182,40,0.0036363636363636,4.5265163091112726e-06,0.0037553879946864,77,0.0006602794994938,0.36363636363636
15380|29665,15380,29665,Klebsiella pneumoniae,100.0,410,410,0,0,1.0,0.9981818181818182,0.9981818181818182,40,0.0036363636363636,2.28495209753099e-06,0.0022793207545618,227,0.0253672641064197,0.36363636363636
15380|29665,15380,29665,Klebsiella pneumoniae,100.0,411,411,0,0,1.0,0.9981818181818182,0.9981818181818182,40,0.0036363636363636,1.2834406777351148e-06,0.0016022251175254,386,0.0248833500298895,0.36363636363636
15380|29665,15380,29665,Klebsiella pneumoniae,100.0,412,412,0,0,1.0,0.9981818181818182,0.9981818181818182,40,0.0036363636363636,2.0888417607833887e-06,0.0021698216871011,216,0.0009790800553004,0.36363636363636
15380|29665,15380,29665,Klebsiella pneumoniae,100.0,413,413,0,0,1.0,0.9981818181818182,0.9981818181818182,40,0.0036363636363636,2.271061566527788e-05,0.008610274388352,57,0.0019402055626669,0.36363636363636
15380|29665,15380,29665,Klebsiella pneumoniae,100.0,414,414,0,0,1.0,0.9981818181818182,0.9981818181818182,40,0.0036363636363636,1.0878880226883323e-05,0.0046653133383446,311,0.0481328068426003,0.36363636363636
15380|29665,15380,29665,Klebsiella pneumoniae,100.0,415,415,0,0,1.0,0.9981818181818182,0.9981818181818182,40,0.0036363636363636,4.301621362112762e-06,0.0037428973411306,506,0.0041497134539487,0.36363636363636
15380|29665,15380,29665,Klebsiella pneumoniae,100.0,416,416,0,0,1.0,0.9981818181818182,0.9981818181818182,40,0.0036363636363636,3.5374848005309545e-06,0.0026780102711948,99,0.0169620435493609,0.36363636363636
15380|29665,15380,29665,Klebsiella pneumoniae,100.0,417,417,0,0,1.0,0.9981818181818182,0.9981818181818182,40,0.0036363636363636,1.2454485185386943e-06,0.0015933043607802,370,0.0013163579353916,0.36363636363636
15380|29665,15380,29665,Klebsiella pneumoniae,100.0,418,418,0,0,1.0,0.9981818181818182,0.9981818181818182,40,0.0036363636363636,6.318234061497563e-06,0.004369605691712,26,0.0235793921650477,0.36363636363636
15380|29665,15380,29665,Klebsiella pneumoniae,100.0,419,419,0,0,1.0,0.9981818181818182,0.9981818181818182,40,0.0036363636363636,1.4488042217042365e-06,0.0017192133103894,512,0.0096093717768788,0.36363636363636
15380|29665,15380,29665,Klebsiella pneumoniae,100.0,420,420,0,0,1.0,0.9981818181818182,0.9981818181818182,40,0.0036363636363636,4.439449458049083e-06,0.0033841241831311,518,0.0057430938196618,0.36363636363636
15380|29665,15380,29665,Klebsiella pneumoniae,100.0,421,421,0,0,1.0,0.9981818181818182,0.9981818181818182,40,0.0036363636363636,2.566773809942191e-06,0.002506999597558,50,0.0049265373649522,0.36363636363636
15380|29665,15380,29665,Klebsiella pneumoniae,100.0,422,422,0,0,1.0,0.9981818181818182,0.9981818181818182,40,0.0036363636363636,4.315056388648486e-06,0.0038187982001521,73,0.0217457438885175,0.36363636363636
15380|29665,15380,29665,Klebsiella pneumoniae,100.0,423,423,0,0,1.0,0.9981818181818182,0.9981818181818182,40,0.0036363636363636,8.345399609144266e-06,0.0042533770799139,339,0.0056041247801905,0.36363636363636
15380|29665,15380,29665,Klebsiella pneumoniae,100.0,424,424,0,0,0.9999089253187614,0.9981818181818182,0.9981818181818182,41,0.0037272727272727,1.147024073722136e-06,0.0015382134793646,239,0.075444714326947,0.37272727272727
15380|29665,15380,29665,Klebsiella pneumoniae,100.0,425,425,0,0,1.0,0.9981818181818182,0.9981818181818182,40,0.0036363636363636,3.5747629077986787e-06,0.0032209252044344,403,0.002389876647894,0.36363636363636
15380|29665,15380,29665,Klebsiella pneumoniae,100.0,426,426,0,0,1.0,0.9981818181818182,0.9981818181818182,40,0.0036363636363636,2.0374576172876857e-06,0.00214658630995,432,0.0152876330833843,0.36363636363636
15380|29665,15380,29665,Klebsiella pneumoniae,100.0,427,427,0,0,1.0,0.9981818181818182,0.9981818181818182,40,0.0036363636363636,3.7205042604515626e-06,0.0029326609227505,165,0.0008084153853962,0.36363636363636
15380|29665,15380,29665,Klebsiella pneumoniae,100.0,428,428,0,0,1.0,0.9981818181818182,0.9981818181818182,40,0.0036363636363636,2.243405139534804e-05,0.0095829506883597,224,0.0250531246824833,0.36363636363636
15380|29665,15380,29665,Klebsiella pneumoniae,100.0,429,429,0,0,1.0,0.9981818181818182,0.9981818181818182,40,0.0036363636363636,5.787583087890624e-06,0.003452337072703,284,0.0032246955653765,0.36363636363636
15380|29665,15380,29665,Klebsiella pneumoniae,100.0,430,430,0,0,1.0,0.9981818181818182,0.9981818181818182,40,0.0036363636363636,1.0535873191663825e-06,0.0014995635670604,456,0.0049541426952869,0.36363636363636
15380|29665,15380,29665,Klebsiella pneumoniae,100.0,431,431,0,0,1.0,0.9981818181818182,0.9981818181818182,40,0.0036363636363636,3.202782039246621e-06,0.0025411334153545,194,0.0307558219314584,0.36363636363636
15380|29665,15380,29665,Klebsiella pneumoniae,100.0,432,432,0,0,1.0,0.9981818181818182,0.9981818181818182,40,0.0036363636363636,1.7483397307671569e-06,0.0020112961970479,519,0.0018651460414538,0.36363636363636
15380|29665,15380,29665,Klebsiella pneumoniae,100.0,433,433,0,0,1.0,0.9981818181818182,0.9981818181818182,40,0.0036363636363636,5.769883411610444e-06,0.0034003407004474,79,0.0012621520605723,0.36363636363636
15380|29665,15380,29665,Klebsiella pneumoniae,100.0,434,434,0,0,1.0,0.9981818181818182,0.9981818181818182,40,0.0036363636363636,2.5614434602250213e-06,0.002378508983682,188,0.0150607644598279,0.36363636363636
15380|29665,15380,29665,Klebsiella pneumoniae,100.0,435,435,0,0,1.0,0.9981818181818182,0.9981818181818182,40,0.0036363636363636,2.9750424642704942e-06,0.0028459248110882,169,0.0070729118889422,0.36363636363636
15380|29665,15380,29665,Klebsiella pneumoniae,100.0,436,436,0,0,1.0,0.9981818181818182,0.9981818181818182,40,0.0036363636363636,9.313659290466348e-07,0.0013665008129234,366,0.0120474209101186,0.36363636363636
15380|29665,15380,29665,Klebsiella pneumoniae,100.0,437,437,0,0,1.0,0.9981818181818182,0.9981818181818182,40,0.0036363636363636,1.197289263288326e-06,0.0015503153534068,414,0.010348935250281,0.36363636363636
15380|29665,15380,29665,Klebsiella pneumoniae,100.0,438,438,0,0,1.0,0.9981818181818182,0.9981818181818182,40,0.0036363636363636,1.3032177424987523e-06,0.0016188072873365,426,0.0006586779640042,0.36363636363636
15380|29665,15380,29665,Klebsiella pneumoniae,100.0,439,439,0,0,1.0,0.9981818181818182,0.9981818181818182,40,0.0036363636363636,3.990963148181592e-06,0.0034504936272259,151,0.0007858291731337,0.36363636363636
15380|29665,15380,29665,Klebsiella pneumoniae,100.0,440,440,0,0,1.0,0.9981818181818182,0.9981818181818182,40,0.0036363636363636,6.929326802129765e-06,0.0041377826140793,230,0.0726176330613461,0.36363636363636
15380|29665,15380,29665,Klebsiella pneumoniae,100.0,441,441,0,0,1.0,0.9981818181818182,0.9981818181818182,40,0.0036363636363636,3.950986111167509e-06,0.0031891347994708,349,0.0008801503030675,0.36363636363636
15380|29665,15380,29665,Klebsiella pneumoniae,100.0,442,442,0,0,1.0,0.9981818181818182,0.9981818181818182,40,0.0036363636363636,3.488366927761888e-06,0.003274027111179,254,0.0101017470229941,0.36363636363636
15380|29665,15380,29665,Klebsiella pneumoniae,100.0,443,443,0,0,1.0,0.9981818181818182,0.9981818181818182,40,0.0036363636363636,4.035220793063843e-06,0.0029393935714054,164,0.0036977620511787,0.36363636363636
15380|29665,15380,29665,Klebsiella pneumoniae,100.0,444,444,0,0,1.0,0.9981818181818182,0.9981818181818182,40,0.0036363636363636,4.208871557831451e-06,0.0032750166003343,455,0.0161268539135661,0.36363636363636
15380|29665,15380,29665,Klebsiella pneumoniae,100.0,445,445,0,0,1.0,0.9981818181818182,0.9981818181818182,40,0.0036363636363636,3.26914226644881e-06,0.0027184740381356,70,0.0019643681008472,0.36363636363636
15380|29665,15380,29665,Klebsiella pneumoniae,100.0,446,446,0,0,1.0,0.9981818181818182,0.9981818181818182,40,0.0036363636363636,3.669745033296756e-06,0.0031250014135682,205,4.0113898939653225e-05,0.36363636363636
15380|29665,15380,29665,Klebsiella pneumoniae,100.0,447,447,0,0,1.0,0.9981818181818182,0.9981818181818182,40,0.0036363636363636,2.110527823839803e-06,0.0022500794430672,151,0.0017562107242872,0.36363636363636
15380|29665,15380,29665,Klebsiella pneumoniae,100.0,448,448,0,0,1.0,0.9981818181818182,0.9981818181818182,40,0.0036363636363636,2.234977791171211e-06,0.0022561437851906,99,0.0005949683505379,0.36363636363636
15380|29665,15380,29665,Klebsiella pneumoniae,100.0,449,449,0,0,1.0,0.9981818181818182,0.9981818181818182,40,0.0036363636363636,3.251874891363471e-06,0.0027615933454269,201,0.0096080461474988,0.36363636363636
15380|29665,15380,29665,Klebsiella pneumoniae,100.0,450,450,0,0,1.0,0.9981818181818182,0.9981818181818182,40,0.0036363636363636,3.651118895664496e-06,0.0029692436304176,396,0.0007506919101982,0.36363636363636
15380|29665,15380,29665,Klebsiella pneumoniae,100.0,451,451,0,0,1.0,0.9981818181818182,0.9981818181818182,40,0.0036363636363636,3.3829290414510997e-06,0.0029031130877568,419,0.0226492445888697,0.36363636363636
15380|29665,15380,29665,Klebsiella pneumoniae,100.0,452,452,0,0,1.0,0.9981818181818182,0.9981818181818182,40,0.0036363636363636,4.920942015873564e-06,0.0035737719339181,415,0.0010807405333987,0.36363636363636
15380|29665,15380,29665,Klebsiella pneumoniae,100.0,453,453,0,0,1.0,0.9981818181818182,0.9981818181818182,40,0.0036363636363636,7.02463063317893e-06,0.0039041626958719,48,0.0156062440735779,0.36363636363636
15380|29665,15380,29665,Klebsiella pneumoniae,100.0,454,454,0,0,1.0,0.9981818181818182,0.9981818181818182,40,0.0036363636363636,2.5677281689784337e-06,0.002432793717958,25,0.0009146214992787,0.36363636363636
15380|29665,15380,29665,Klebsiella pneumoniae,100.0,455,455,0,0,1.0,0.9981818181818182,0.9981818181818182,40,0.0036363636363636,3.158290471150238e-06,0.0027169359792894,345,0.0058822688811684,0.36363636363636
15380|29665,15380,29665,Klebsiella pneumoniae,100.0,456,456,0,0,1.0,0.9981818181818182,0.9981818181818182,40,0.0036363636363636,4.889089393778079e-06,0.0041431285772089,230,0.0925628853038076,0.36363636363636
15380|29665,15380,29665,Klebsiella pneumoniae,100.0,457,457,0,0,1.0,0.9981818181818182,0.9981818181818182,40,0.0036363636363636,2.26421946247779e-06,0.0023203821100551,259,0.0019069308071605,0.36363636363636
15380|29665,15380,29665,Klebsiella pneumoniae,100.0,458,458,0,0,1.0,0.9981818181818182,0.9981818181818182,40,0.0036363636363636,4.146097534962756e-06,0.0035382009860902,493,0.0001971463755039,0.36363636363636
15380|29665,15380,29665,Klebsiella pneumoniae,100.0,495,490,0,0,1.0,0.9969090909090907,0.9969090909090907,68,0.0061818181818181,1.143733711561623e-05,0.0067262543919304,58,0.0054680695141229,0.61818181818181
15380|29665,15380,29665,Klebsiella pneumoniae,100.0,496,491,0,0,1.0,0.9969090909090907,0.9969090909090907,68,0.0061818181818181,3.8547907762476186e-06,0.0030731266763276,221,0.0130890436405815,0.61818181818181
15380|29665,15380,29665,Klebsiella pneumoniae,100.0,497,492,0,0,1.0,0.9969090909090907,0.9969090909090907,68,0.0061818181818181,7.609240383343874e-06,0.0039858179837419,239,0.0161587002509651,0.61818181818181
15380|29665,15380,29665,Klebsiella pneumoniae,100.0,498,493,0,0,1.0,0.9969090909090907,0.9969090909090907,68,0.0061818181818181,3.206472138306271e-05,0.0080210072704732,228,0.0593419741509713,0.61818181818181
15380|29665,15380,29665,Klebsiella pneumoniae,100.0,499,494,0,0,1.0,0.9969090909090907,0.9969090909090907,68,0.0061818181818181,6.699386145725406e-06,0.0036929421470326,300,9.693842965963206e-05,0.61818181818181
15380|29665,15380,29665,Klebsiella pneumoniae,100.0,500,495,0,0,1.0,0.9969090909090907,0.9969090909090907,68,0.0061818181818181,4.1543966566859325e-06,0.003509214802558,183,0.0214850695775086,0.61818181818181
15380|29665,15380,29665,Klebsiella pneumoniae,100.0,501,496,0,0,0.9999088090461428,0.9969090909090907,0.9969090909090907,69,0.0062727272727272,4.646036381950047e-06,0.0044302283574735,440,0.0200376292510675,0.62727272727272
15380|29665,15380,29665,Klebsiella pneumoniae,100.0,502,497,0,0,1.0,0.9969090909090907,0.9969090909090907,68,0.0061818181818181,3.0541343363221785e-06,0.0027831095052735,369,0.002625859758913,0.61818181818181
15380|29665,15380,29665,Klebsiella pneumoniae,100.0,503,498,0,0,1.0,0.9969090909090907,0.9969090909090907,68,0.0061818181818181,3.7094818633454096e-06,0.0027363603268383,478,0.0014193992209354,0.61818181818181
15380|29665,15380,29665,Klebsiella pneumoniae,100.0,504,499,0,0,0.9999088090461428,0.9969090909090907,0.9969090909090907,69,0.0062727272727272,7.718264433353994e-06,0.0060220836224349,22,0.04026027936674,0.62727272727272
15380|29665,15380,29665,Klebsiella pneumoniae,100.0,505,500,0,0,0.9999088090461428,0.9969090909090907,0.9969090909090907,69,0.0062727272727272,4.055512718759147e-06,0.0034598378171434,222,0.0311100732871123,0.62727272727272
15380|29665,15380,29665,Klebsiella pneumoniae,100.0,506,501,0,0,1.0,0.9969090909090907,0.9969090909090907,68,0.0061818181818181,1.791652640692476e-06,0.001913440939563,21,0.0102231189498073,0.61818181818181
15380|29665,15380,29665,Klebsiella pneumoniae,100.0,507,502,0,0,1.0,0.9969090909090907,0.9969090909090907,68,0.0061818181818181,2.97618280198364e-06,0.0024597359247482,518,0.0045293862841264,0.61818181818181
15380|29665,15380,29665,Klebsiella pneumoniae,100.0,508,503,0,0,1.0,0.9969090909090907,0.9969090909090907,68,0.0061818181818181,1.7810546011354234e-06,0.0018956374540967,431,0.0489373395173092,0.61818181818181
15380|29665,15380,29665,Klebsiella pneumoniae,100.0,509,504,0,0,1.0,0.9969090909090907,0.9969090909090907,68,0.0061818181818181,7.67666372858411e-06,0.0039742837320474,133,0.0007591556776224,0.61818181818181
15380|29665,15380,29665,Klebsiella pneumoniae,100.0,510,505,0,0,1.0,0.9969090909090907,0.9969090909090907,68,0.0061818181818181,1.113929867013752e-05,0.0047535726331023,57,0.0050182001607959,0.61818181818181
15380|29665,15380,29665,Klebsiella pneumoniae,100.0,511,506,0,0,1.0,0.9969090909090907,0.9969090909090907,68,0.0061818181818181,3.999967219447953e-06,0.0035274637799205,175,0.0559802997788956,0.61818181818181
15380|29665,15380,29665,Klebsiella pneumoniae,100.0,512,507,0,0,1.0,0.9969090909090907,0.9969090909090907,68,0.0061818181818181,1.5534986726239985e-05,0.0073611532786713,310,0.0023070421738412,0.61818181818181
15380|29665,15380,29665,Klebsiella pneumoniae,100.0,513,508,0,0,1.0,0.9969090909090907,0.9969090909090907,68,0.0061818181818181,2.236390828080914e-06,0.0022125382950128,419,0.0455815719132275,0.61818181818181
15380|29665,15380,29665,Klebsiella pneumoniae,100.0,514,509,0,0,1.0,0.9969090909090907,0.9969090909090907,68,0.0061818181818181,3.940331531060437e-06,0.0033596532333861,211,0.0861353487635365,0.61818181818181
15380|29665,15380,29665,Klebsiella pneumoniae,100.0,515,510,0,0,0.9999088090461428,0.9969090909090907,0.9969090909090907,69,0.0062727272727272,5.179013787826037e-06,0.0039590337822802,212,0.0005955446424112,0.62727272727272
15380|29665,15380,29665,Klebsiella pneumoniae,100.0,516,511,0,0,1.0,0.9969090909090907,0.9969090909090907,68,0.0061818181818181,1.2627604305093245e-05,0.006023491631316,502,0.0002186317819435,0.61818181818181
15380|29665,15380,29665,Klebsiella pneumoniae,100.0,517,512,0,0,1.0,0.9969090909090907,0.9969090909090907,68,0.0061818181818181,6.871601399782712e-06,0.0038478368847703,245,0.0010748201246639,0.61818181818181
15380|29665,15380,29665,Klebsiella pneumoniae,100.0,518,513,0,0,1.0,0.9969090909090907,0.9969090909090907,68,0.0061818181818181,2.324416455090628e-06,0.0023147031912409,17,0.0127555914531838,0.61818181818181
15380|29665,15380,29665,Klebsiella pneumoniae,100.0,519,514,0,0,1.0,0.9969090909090907,0.9969090909090907,68,0.0061818181818181,3.950743866831807e-06,0.0032520294259243,31,0.0004956702414855,0.61818181818181
15380|29665,15380,29665,Klebsiella pneumoniae,100.0,520,515,0,0,1.0,0.9969090909090907,0.9969090909090907,68,0.0061818181818181,9.208102343505333e-06,0.0045127356247683,203,0.086468888383893,0.61818181818181
15380|29665,15380,29665,Klebsiella pneumoniae,100.0,521,516,0,0,1.0,0.9969090909090907,0.9969090909090907,68,0.0061818181818181,7.684480525460557e-06,0.0043209223177646,11,0.003043773988728,0.61818181818181
15380|29665,15380,29665,Klebsiella pneumoniae,100.0,522,517,0,0,1.0,0.9969090909090907,0.9969090909090907,68,0.0061818181818181,3.738744965842145e-06,0.0031189103184643,36,0.0003989224827209,0.61818181818181
15380|29665,15380,29665,Klebsiella pneumoniae,100.0,523,518,0,0,1.0,0.9969090909090907,0.9969090909090907,68,0.0061818181818181,5.703189856043345e-06,0.0040288390523089,117,0.0440900466027875,0.61818181818181
15380|29665,15380,29665,Klebsiella pneumoniae,100.0,524,519,0,0,1.0,0.9969090909090907,0.9969090909090907,68,0.0061818181818181,1.927129876067024e-05,0.0075010157743259,326,0.0014692077588116,0.61818181818181
15380|29665,15380,29665,Klebsiella pneumoniae,100.0,525,520,0,0,0.9998176180922852,0.9969090909090907,0.9969090909090907,70,0.0063636363636363,5.148134869958909e-06,0.0032727644452302,202,0.2165802830526169,0.6363636363636299
15380|29665,15380,29665,Klebsiella pneumoniae,100.0,526,521,0,0,1.0,0.9969090909090907,0.9969090909090907,68,0.0061818181818181,5.5749355274414825e-06,0.0040045613646021,314,0.0037691609192431,0.61818181818181
15380|29665,15380,29665,Klebsiella pneumoniae,100.0,527,522,0,0,1.0,0.9969090909090907,0.9969090909090907,68,0.0061818181818181,4.415609313634938e-06,0.0031909598761867,280,0.0137235318376187,0.61818181818181
15380|29665,15380,29665,Klebsiella pneumoniae,100.0,528,523,0,0,1.0,0.9969090909090907,0.9969090909090907,68,0.0061818181818181,4.061692743029255e-06,0.0030323612996303,459,0.0002117955116123,0.61818181818181
15380|29665,15380,29665,Klebsiella pneumoniae,100.0,529,524,0,0,1.0,0.9969090909090907,0.9969090909090907,68,0.0061818181818181,3.685712715917333e-06,0.003243604918626,508,0.0154313109451156,0.61818181818181
15442|BAA-1744,15442,BAA-1744,Pseudomonas aeruginosa,99.8,0,0,0,0,0.9999090909090907,1.0,1.0,1,9.09090909090909e-05,1.929556662116916e-06,0.0021095089207901,70,0.0093791989643864,0.00909090909090909
15442|BAA-1744,15442,BAA-1744,Pseudomonas aeruginosa,99.8,2,2,0,0,0.9999090909090907,1.0,1.0,1,9.09090909090909e-05,1.0241506358532604e-06,0.0014465798420137,362,0.0084553382276059,0.00909090909090909
15442|BAA-1744,15442,BAA-1744,Pseudomonas aeruginosa,99.8,4,4,0,0,0.9997272727272728,1.0,1.0,3,0.0002727272727272,2.2545176986410453e-06,0.0023061595214954,555,0.002765864002617,0.02727272727272
15442|BAA-1744,15442,BAA-1744,Pseudomonas aeruginosa,99.8,9,9,0,0,0.9994545454545456,1.0,0.9994545454545456,12,0.001090909090909,1.5976838607656418e-06,0.0018742156291162,525,0.0161408128455595,0.10909090909090001
15442|BAA-1744,15442,BAA-1744,Pseudomonas aeruginosa,99.8,10,10,0,0,1.0,0.9994545454545456,0.9994545454545456,12,0.001090909090909,6.943895560773683e-07,0.0011784760212955,492,0.0104428103569027,0.10909090909090001
15442|BAA-1744,15442,BAA-1744,Pseudomonas aeruginosa,99.8,11,11,0,0,1.0,0.9994545454545456,0.9994545454545456,12,0.001090909090909,1.4216485429985326e-06,0.0017511264453657,441,0.0006688823947962,0.10909090909090001
15442|BAA-1744,15442,BAA-1744,Pseudomonas aeruginosa,99.8,12,12,0,0,1.0,0.9994545454545456,0.9994545454545456,12,0.001090909090909,1.4643746486520115e-06,0.0017921840626508,264,0.0142385045810065,0.10909090909090001
15442|BAA-1744,15442,BAA-1744,Pseudomonas aeruginosa,99.8,13,13,0,0,1.0,0.9994545454545456,0.9994545454545456,12,0.001090909090909,1.0371562612077057e-06,0.0014440772655617,563,0.0020136138544134,0.10909090909090001
15442|BAA-1744,15442,BAA-1744,Pseudomonas aeruginosa,99.8,14,14,0,0,1.0,0.9994545454545456,0.9994545454545456,12,0.001090909090909,1.5139776080586032e-06,0.001745931213532,356,0.0551179449678768,0.10909090909090001
15442|BAA-1744,15442,BAA-1744,Pseudomonas aeruginosa,99.8,15,15,0,0,1.0,0.9994545454545456,0.9994545454545456,12,0.001090909090909,1.1379767149710671e-06,0.0015317881107113,653,0.001316168384607,0.10909090909090001
15442|BAA-1744,15442,BAA-1744,Pseudomonas aeruginosa,99.8,16,16,0,0,1.0,0.9994545454545456,0.9994545454545456,12,0.001090909090909,4.359157322886276e-07,0.0009371523071853,15,0.0048048918240986,0.10909090909090001
15442|BAA-1744,15442,BAA-1744,Pseudomonas aeruginosa,99.8,17,17,0,0,1.0,0.9994545454545456,0.9994545454545456,12,0.001090909090909,2.4245350431773005e-06,0.0022382831649247,674,0.0115775730793453,0.10909090909090001
15442|BAA-1744,15442,BAA-1744,Pseudomonas aeruginosa,99.8,18,18,0,0,1.0,0.9994545454545456,0.9994545454545456,12,0.001090909090909,1.575906653172865e-06,0.0018338209201581,174,0.0006887607560785,0.10909090909090001
15442|BAA-1744,15442,BAA-1744,Pseudomonas aeruginosa,99.8,19,19,0,0,1.0,0.9994545454545456,0.9994545454545456,12,0.001090909090909,1.7280488406878902e-06,0.0018842911521262,280,0.0023826429268044,0.10909090909090001
15442|BAA-1744,15442,BAA-1744,Pseudomonas aeruginosa,99.8,20,20,0,0,1.0,0.9994545454545456,0.9994545454545456,12,0.001090909090909,2.827571104369042e-06,0.0023789379848817,641,0.0106979951179855,0.10909090909090001
15442|BAA-1744,15442,BAA-1744,Pseudomonas aeruginosa,99.8,21,21,0,0,0.999818082590504,0.9994545454545456,0.9994545454545456,14,0.0012727272727272,4.43694836171904e-06,0.0030299627576674,324,0.0075041705803191,0.12727272727272
15442|BAA-1744,15442,BAA-1744,Pseudomonas aeruginosa,99.8,22,22,0,0,1.0,0.9994545454545456,0.9994545454545456,12,0.001090909090909,9.218648280295838e-07,0.0013862293370199,74,0.0560101399818868,0.10909090909090001
15442|BAA-1744,15442,BAA-1744,Pseudomonas aeruginosa,99.8,23,23,0,0,1.0,0.9994545454545456,0.9994545454545456,12,0.001090909090909,1.1242665256538942e-06,0.0015463460096505,494,0.0018978583401201,0.10909090909090001
15442|BAA-1744,15442,BAA-1744,Pseudomonas aeruginosa,99.8,24,24,0,0,0.999909041295252,0.9994545454545456,0.9994545454545456,13,0.0011818181818181,1.20870644337856e-06,0.0015573250313967,459,0.0108963615033196,0.11818181818180999
15442|BAA-1744,15442,BAA-1744,Pseudomonas aeruginosa,99.8,25,25,0,0,1.0,0.9994545454545456,0.9994545454545456,12,0.001090909090909,1.128019372353961e-06,0.0015188396265648,542,0.0172864903278059,0.10909090909090001
15442|BAA-1744,15442,BAA-1744,Pseudomonas aeruginosa,99.8,26,26,0,0,0.999909041295252,0.9994545454545456,0.9994545454545456,13,0.0011818181818181,1.6999690152230684e-06,0.001893155892946,625,0.0183649164967361,0.11818181818180999
15442|BAA-1744,15442,BAA-1744,Pseudomonas aeruginosa,99.8,27,27,0,0,1.0,0.9994545454545456,0.9994545454545456,12,0.001090909090909,3.03389714129132e-06,0.0025308933840424,215,0.0164987151395931,0.10909090909090001
15442|BAA-1744,15442,BAA-1744,Pseudomonas aeruginosa,99.8,28,28,0,0,0.999909041295252,0.9994545454545456,0.9994545454545456,13,0.0011818181818181,2.879060327920513e-06,0.002709331189476,154,0.0606417626950654,0.11818181818180999
15442|BAA-1744,15442,BAA-1744,Pseudomonas aeruginosa,99.8,29,29,0,0,0.999909041295252,0.9994545454545456,0.9994545454545456,13,0.0011818181818181,4.807321233202266e-06,0.0031227310588359,601,0.0129996548395365,0.11818181818180999
15442|BAA-1744,15442,BAA-1744,Pseudomonas aeruginosa,99.8,30,30,0,0,1.0,0.9994545454545456,0.9994545454545456,12,0.001090909090909,1.1512293145443664e-06,0.0015247429536082,584,0.0133752627147358,0.10909090909090001
15442|BAA-1744,15442,BAA-1744,Pseudomonas aeruginosa,99.8,31,31,0,0,1.0,0.9994545454545456,0.9994545454545456,12,0.001090909090909,2.073337101116124e-06,0.0020426266293606,166,0.002795773942503,0.10909090909090001
15442|BAA-1744,15442,BAA-1744,Pseudomonas aeruginosa,99.8,32,32,0,0,1.0,0.9994545454545456,0.9994545454545456,12,0.001090909090909,1.8497063025701976e-06,0.0019385008854173,224,0.0033686035350219,0.10909090909090001
15442|BAA-1744,15442,BAA-1744,Pseudomonas aeruginosa,99.8,33,33,0,0,0.999909041295252,0.9994545454545456,0.9994545454545456,13,0.0011818181818181,1.0073304428370733e-06,0.0014697000114028,349,0.0644593148499641,0.11818181818180999
15442|BAA-1744,15442,BAA-1744,Pseudomonas aeruginosa,99.8,34,34,0,0,1.0,0.9994545454545456,0.9994545454545456,12,0.001090909090909,2.5749515032424952e-06,0.0022987452972881,559,0.0126254465899007,0.10909090909090001
15442|BAA-1744,15442,BAA-1744,Pseudomonas aeruginosa,99.8,35,35,0,0,0.999818082590504,0.9994545454545456,0.9994545454545456,14,0.0012727272727272,3.551951391456143e-06,0.0029605351958067,461,0.0799350956285589,0.12727272727272
15442|BAA-1744,15442,BAA-1744,Pseudomonas aeruginosa,99.8,36,36,0,0,1.0,0.9994545454545456,0.9994545454545456,12,0.001090909090909,2.0598252482573187e-06,0.0020332727965958,380,0.007816060568633,0.10909090909090001
15442|BAA-1744,15442,BAA-1744,Pseudomonas aeruginosa,99.8,37,37,0,0,1.0,0.9994545454545456,0.9994545454545456,12,0.001090909090909,1.8037571987150611e-06,0.0020469263289653,625,0.0103222311589592,0.10909090909090001
15442|BAA-1744,15442,BAA-1744,Pseudomonas aeruginosa,99.8,38,38,0,0,1.0,0.9994545454545456,0.9994545454545456,12,0.001090909090909,7.1880800023294e-07,0.001201342306076,313,0.0118255046425849,0.10909090909090001
15442|BAA-1744,15442,BAA-1744,Pseudomonas aeruginosa,99.8,39,39,0,0,1.0,0.9994545454545456,0.9994545454545456,12,0.001090909090909,1.3745474842785654e-06,0.0017498462309862,546,0.0008087583024177,0.10909090909090001
15442|BAA-1744,15442,BAA-1744,Pseudomonas aeruginosa,99.8,40,40,0,0,1.0,0.9994545454545456,0.9994545454545456,12,0.001090909090909,1.4226506426240348e-06,0.0016922427640223,279,0.0513958790481753,0.10909090909090001
15442|BAA-1744,15442,BAA-1744,Pseudomonas aeruginosa,99.8,41,41,0,0,0.9994542477715116,0.9994545454545456,0.9989090909090907,24,0.0021818181818181,1.4621820747517944e-06,0.0017572651223687,338,0.0729907674647974,0.21818181818180998
15442|BAA-1744,15442,BAA-1744,Pseudomonas aeruginosa,99.8,42,42,0,0,1.0,0.9989090909090907,0.9989090909090907,24,0.0021818181818181,8.03594668807861e-07,0.0012703434878576,64,0.0011796500957774,0.21818181818180998
15442|BAA-1744,15442,BAA-1744,Pseudomonas aeruginosa,99.8,43,43,0,0,1.0,0.9989090909090907,0.9989090909090907,24,0.0021818181818181,5.981803067323099e-07,0.0010944371151265,165,0.03679200647492,0.21818181818180998
15442|BAA-1744,15442,BAA-1744,Pseudomonas aeruginosa,99.8,44,44,0,0,1.0,0.9989090909090907,0.9989090909090907,24,0.0021818181818181,1.4100384112536446e-06,0.0017208459492996,464,0.0157140949615683,0.21818181818180998
15442|BAA-1744,15442,BAA-1744,Pseudomonas aeruginosa,99.8,45,45,0,0,1.0,0.9989090909090907,0.9989090909090907,24,0.0021818181818181,2.2560220259704167e-06,0.0021756096843575,204,0.0118056048587456,0.21818181818180998
15442|BAA-1744,15442,BAA-1744,Pseudomonas aeruginosa,99.8,46,46,0,0,1.0,0.9989090909090907,0.9989090909090907,24,0.0021818181818181,2.622073776548106e-06,0.0025451334412593,119,0.000991544155628,0.21818181818180998
15442|BAA-1744,15442,BAA-1744,Pseudomonas aeruginosa,99.8,47,47,0,0,0.9999089916272296,0.9989090909090907,0.9989090909090907,25,0.0022727272727272,3.8607437542470535e-06,0.0028103131065227,508,0.0043963128077517,0.22727272727272002
15442|BAA-1744,15442,BAA-1744,Pseudomonas aeruginosa,99.8,48,48,0,0,1.0,0.9989090909090907,0.9989090909090907,24,0.0021818181818181,5.368171038799829e-07,0.0010370634194406,387,0.0038034456207739,0.21818181818180998
15442|BAA-1744,15442,BAA-1744,Pseudomonas aeruginosa,99.8,49,49,0,0,1.0,0.9989090909090907,0.9989090909090907,24,0.0021818181818181,3.5318581165233454e-06,0.0026933652478659,140,0.0050646168482541,0.21818181818180998
15442|BAA-1744,15442,BAA-1744,Pseudomonas aeruginosa,99.8,50,50,0,0,1.0,0.9989090909090907,0.9989090909090907,24,0.0021818181818181,2.618889738292829e-06,0.0023062460334116,574,0.0037856920873782,0.21818181818180998
15442|BAA-1744,15442,BAA-1744,Pseudomonas aeruginosa,99.8,51,51,0,0,1.0,0.9989090909090907,0.9989090909090907,24,0.0021818181818181,2.3987628244848125e-06,0.0022206368041928,481,0.0120877101001366,0.21818181818180998
15442|BAA-1744,15442,BAA-1744,Pseudomonas aeruginosa,99.8,52,52,0,0,1.0,0.9989090909090907,0.9989090909090907,24,0.0021818181818181,3.3604871951808946e-06,0.002640572347282,117,0.008603340032657,0.21818181818180998
15442|BAA-1744,15442,BAA-1744,Pseudomonas aeruginosa,99.8,53,53,0,0,1.0,0.9989090909090907,0.9989090909090907,24,0.0021818181818181,3.0023119168554047e-06,0.0024917832807778,97,0.0056085348888075,0.21818181818180998
15442|BAA-1744,15442,BAA-1744,Pseudomonas aeruginosa,99.8,54,54,0,0,1.0,0.9989090909090907,0.9989090909090907,24,0.0021818181818181,1.8671979938877923e-06,0.0019557265460075,308,0.0101015718662439,0.21818181818180998
15442|BAA-1744,15442,BAA-1744,Pseudomonas aeruginosa,99.8,55,55,0,0,1.0,0.9989090909090907,0.9989090909090907,24,0.0021818181818181,3.920840390914115e-06,0.0029475407311625,211,0.0098618004737203,0.21818181818180998
15442|BAA-1744,15442,BAA-1744,Pseudomonas aeruginosa,99.8,56,56,0,0,0.9994540988081158,0.9989090909090907,0.9990909090909093,27,0.0024545454545454,2.519881188156603e-06,0.0022648375326072,304,0.0087850296489448,0.24545454545453999
15442|BAA-1744,15442,BAA-1744,Pseudomonas aeruginosa,99.8,57,57,0,0,0.999909008189263,0.9990909090909093,0.9990909090909093,21,0.0019090909090909,4.381621580784589e-06,0.0029611355948111,323,0.0128197019044105,0.19090909090909
15442|BAA-1744,15442,BAA-1744,Pseudomonas aeruginosa,99.8,58,58,0,0,1.0,0.9990909090909093,0.9990909090909093,20,0.0018181818181818,2.5534342508182206e-06,0.0025394316722611,635,0.0604789306195561,0.18181818181818
15442|BAA-1744,15442,BAA-1744,Pseudomonas aeruginosa,99.8,59,59,0,0,1.0,0.9990909090909093,0.9990909090909093,20,0.0018181818181818,1.0630874819339553e-06,0.0014587892860844,343,0.039560288731411,0.18181818181818
15442|BAA-1744,15442,BAA-1744,Pseudomonas aeruginosa,99.8,60,60,0,0,1.0,0.9990909090909093,0.9990909090909093,20,0.0018181818181818,3.1229259717102664e-06,0.0028584413910852,210,0.0059802564461985,0.18181818181818
15442|BAA-1744,15442,BAA-1744,Pseudomonas aeruginosa,99.8,61,61,0,0,1.0,0.9990909090909093,0.9990909090909093,20,0.0018181818181818,2.178475075664821e-06,0.0022749112321345,362,0.1049878338408727,0.18181818181818
15442|BAA-1744,15442,BAA-1744,Pseudomonas aeruginosa,99.8,62,62,0,0,0.999727024567789,0.9990909090909093,0.9990909090909093,23,0.002090909090909,1.16967195129547e-06,0.0015821212549257,259,0.0421736512091989,0.2090909090909
15442|BAA-1744,15442,BAA-1744,Pseudomonas aeruginosa,99.8,436,424,0,0,1.0,0.9805454545454544,0.9805454545454544,428,0.0389090909090909,3.693456193287759e-05,0.0089181198906058,371,0.0040635316408572,3.89090909090909
15442|BAA-1744,15442,BAA-1744,Pseudomonas aeruginosa,99.8,437,425,0,0,1.0,0.9805454545454544,0.9805454545454544,428,0.0389090909090909,1.2788180885237033e-05,0.0050998377369876,502,0.0183932440098635,3.89090909090909
15442|BAA-1744,15442,BAA-1744,Pseudomonas aeruginosa,99.8,438,426,0,0,1.0,0.9805454545454544,0.9805454545454544,428,0.0389090909090909,5.015006750208606e-05,0.0102431808287403,201,0.0074613732007495,3.89090909090909
15442|BAA-1744,15442,BAA-1744,Pseudomonas aeruginosa,99.8,439,427,0,0,1.0,0.9805454545454544,0.9805454545454544,428,0.0389090909090909,4.310614073010921e-05,0.0097757679573548,670,0.0768936104382894,3.89090909090909
15442|BAA-1744,15442,BAA-1744,Pseudomonas aeruginosa,99.8,440,428,0,0,0.9999072958190416,0.9805454545454544,0.9806363636363636,428,0.0389090909090909,9.59931434652006e-06,0.0138532648310269,288,0.0170721852734221,3.89090909090909
15442|BAA-1744,15442,BAA-1744,Pseudomonas aeruginosa,99.8,441,429,0,0,0.99981460882462,0.9806363636363636,0.9807272727272728,427,0.0388181818181818,3.6854445826906e-05,0.0088945597682723,116,0.0035723634262414,3.88181818181818
15442|BAA-1744,15442,BAA-1744,Pseudomonas aeruginosa,99.8,442,430,0,0,1.0,0.9807272727272728,0.9807272727272728,424,0.0385454545454545,8.13114777656887e-05,0.0129506758994842,593,0.0006976609218938,3.85454545454545
15442|BAA-1744,15442,BAA-1744,Pseudomonas aeruginosa,99.8,443,431,0,0,1.0,0.9807272727272728,0.9807272727272728,424,0.0385454545454545,5.34366450704038e-05,0.0106180912292223,421,0.0001737356392744,3.85454545454545
15442|BAA-1744,15442,BAA-1744,Pseudomonas aeruginosa,99.8,444,432,0,0,0.9992589848091886,0.9807272727272728,0.9814545454545456,424,0.0385454545454545,2.86588298596957e-05,0.0078833245627626,87,0.0126463812381248,3.85454545454545
15442|BAA-1744,15442,BAA-1744,Pseudomonas aeruginosa,99.8,445,433,0,0,1.0,0.9814545454545456,0.9814545454545456,408,0.037090909090909,6.852850541783084e-05,0.0130000983947845,241,0.0774385291003501,3.7090909090909
15442|BAA-1744,15442,BAA-1744,Pseudomonas aeruginosa,99.8,446,434,0,0,1.0,0.9814545454545456,0.9814545454545456,408,0.037090909090909,2.1337987723191176e-05,0.0067556268514622,62,0.0308339632177694,3.7090909090909
15442|BAA-1744,15442,BAA-1744,Pseudomonas aeruginosa,99.8,447,435,0,0,1.0,0.9814545454545456,0.9814545454545456,408,0.037090909090909,9.27173436406914e-05,0.0136399946908898,136,0.0005269442854098,3.7090909090909
15442|BAA-1744,15442,BAA-1744,Pseudomonas aeruginosa,99.8,448,436,0,0,1.0,0.9814545454545456,0.9814545454545456,408,0.037090909090909,6.471652887363177e-06,0.0054352492919521,402,0.0108962447979945,3.7090909090909
15442|BAA-1744,15442,BAA-1744,Pseudomonas aeruginosa,99.8,449,437,0,0,1.0,0.9814545454545456,0.9814545454545456,408,0.037090909090909,1.8141874008947845e-05,0.0080398763431048,321,0.0021457676191176,3.7090909090909
15442|BAA-1744,15442,BAA-1744,Pseudomonas aeruginosa,99.8,450,438,0,0,1.0,0.9814545454545456,0.9814545454545456,408,0.037090909090909,1.051267900842312e-05,0.0046898362135794,411,0.0002466310113902,3.7090909090909
15442|BAA-1744,15442,BAA-1744,Pseudomonas aeruginosa,99.8,451,439,0,0,0.9999073731011484,0.9814545454545456,0.9814545454545456,409,0.0371818181818181,2.0488764015613725e-05,0.0083545210213393,391,0.01544043422223,3.7181818181818103
15442|BAA-1744,15442,BAA-1744,Pseudomonas aeruginosa,99.8,452,440,0,0,1.0,0.9814545454545456,0.9814545454545456,408,0.037090909090909,9.80432729064118e-05,0.0141092373617116,272,0.0022365204217987,3.7090909090909
15442|BAA-1744,15442,BAA-1744,Pseudomonas aeruginosa,99.8,453,441,0,0,1.0,0.9814545454545456,0.9814545454545456,408,0.037090909090909,1.5457110297711907e-05,0.0061071373028619,445,0.0051044413016844,3.7090909090909
15442|BAA-1744,15442,BAA-1744,Pseudomonas aeruginosa,99.8,454,442,0,0,1.0,0.9814545454545456,0.9814545454545456,408,0.037090909090909,9.134894127460493e-06,0.0049278788122371,519,0.001948278703008,3.7090909090909
15442|BAA-1744,15442,BAA-1744,Pseudomonas aeruginosa,99.8,455,443,0,0,0.994349759170063,0.9814545454545456,0.975909090909091,530,0.0481818181818181,9.60676830339402e-05,0.0166552640835379,245,0.0120847497537938,4.8181818181818095
15442|BAA-1744,15442,BAA-1744,Pseudomonas aeruginosa,99.8,456,444,0,0,0.999906846762925,0.975909090909091,0.975909090909091,531,0.0482727272727272,1.225460797094069e-05,0.0065656560117713,549,0.0408119457026321,4.82727272727272
15442|BAA-1744,15442,BAA-1744,Pseudomonas aeruginosa,99.8,457,445,0,0,1.0,0.975909090909091,0.975909090909091,530,0.0481818181818181,3.6447535812444976e-05,0.0115378233891863,542,0.0981578782959866,4.8181818181818095
15442|BAA-1744,15442,BAA-1744,Pseudomonas aeruginosa,99.8,458,446,0,0,1.0,0.975909090909091,0.975909090909091,530,0.0481818181818181,5.585962530596511e-05,0.0117368587871974,133,0.1300707272032376,4.8181818181818095
15442|BAA-1744,15442,BAA-1744,Pseudomonas aeruginosa,99.8,459,447,0,0,1.0,0.975909090909091,0.975909090909091,530,0.0481818181818181,6.657036699175833e-05,0.0115491160728252,192,0.0195153176944219,4.8181818181818095
15597|25404,15597,25404,Escherichia coli,100.0,21,21,0,0,0.9998181818181818,1.0,1.0,2,0.0001818181818181,2.8368989419824686e-06,0.0026778267603194,442,0.0027701204949552,0.01818181818181
15597|25404,15597,25404,Escherichia coli,100.0,29,29,0,0,0.9996363636363635,1.0,1.0,4,0.0003636363636363,1.721189112791066e-06,0.0019220589103429,1,0.0019583136944087,0.036363636363630006
15597|25404,15597,25404,Escherichia coli,100.0,30,30,0,0,0.9999090909090907,1.0,1.0,1,9.09090909090909e-05,1.4061101101914277e-05,0.0125505750957953,407,0.0020301810736131,0.00909090909090909
15597|25404,15597,25404,Escherichia coli,100.0,41,41,0,0,0.9999090909090907,1.0,1.0,1,9.09090909090909e-05,1.341617913541704e-06,0.0016908751594923,207,0.0189535121512658,0.00909090909090909
15597|25404,15597,25404,Escherichia coli,100.0,45,45,0,0,0.9989090909090907,1.0,1.0,12,0.001090909090909,3.989487916022938e-06,0.0041758203063179,77,0.0012646817808731,0.10909090909090001
15597|25404,15597,25404,Escherichia coli,100.0,84,84,0,0,0.9999090909090907,1.0,1.0,1,9.09090909090909e-05,1.0908475758686365e-05,0.0110691436435155,407,0.0004620287421783,0.00909090909090909
15597|25404,15597,25404,Escherichia coli,100.0,115,115,0,0,0.9992727272727272,1.0,1.0,8,0.0007272727272727,4.030585213365967e-06,0.0034959226607313,240,0.0583409744642896,0.07272727272727
15597|25404,15597,25404,Escherichia coli,100.0,157,157,0,0,0.9794545454545456,1.0,0.9794545454545456,390,0.0354545454545454,1.9365386598635403e-05,0.0078944538901039,173,0.0032169920864933,3.5454545454545396
15597|25404,15597,25404,Escherichia coli,100.0,158,158,0,0,1.0,0.9794545454545456,0.9794545454545456,452,0.041090909090909,8.626777332487734e-06,0.0093515893897544,349,0.0048056845537243,4.1090909090909
15597|25404,15597,25404,Escherichia coli,100.0,159,159,0,0,1.0,0.9794545454545456,0.9794545454545456,452,0.041090909090909,2.8067054447911133e-05,0.0079091388513333,449,0.0004746563118058,4.1090909090909
15597|25404,15597,25404,Escherichia coli,100.0,160,160,0,0,1.0,0.9794545454545456,0.9794545454545456,452,0.041090909090909,1.0848371799654366e-05,0.0078157434506564,330,0.0017472145369732,4.1090909090909
15597|25404,15597,25404,Escherichia coli,100.0,161,161,0,0,1.0,0.9794545454545456,0.9794545454545456,452,0.041090909090909,5.774793837565184e-06,0.0067896814527293,222,0.0010303036215179,4.1090909090909
15597|25404,15597,25404,Escherichia coli,100.0,162,162,0,0,1.0,0.9794545454545456,0.9794545454545456,452,0.041090909090909,2.4390798007534187e-05,0.0084858702677125,434,0.0013439407534385,4.1090909090909
15597|25404,15597,25404,Escherichia coli,100.0,163,163,0,0,1.0,0.9794545454545456,0.9794545454545456,452,0.041090909090909,6.698990314135678e-06,0.0075436805379705,356,0.0012800106027585,4.1090909090909
15597|25404,15597,25404,Escherichia coli,100.0,164,164,0,0,1.0,0.9794545454545456,0.9794545454545456,452,0.041090909090909,3.894510920565697e-05,0.0186825819702549,238,0.0014602310388187,4.1090909090909
15597|25404,15597,25404,Escherichia coli,100.0,165,165,0,0,1.0,0.9794545454545456,0.9794545454545456,452,0.041090909090909,8.67107114710386e-06,0.008853739949726,31,0.0011091659643338,4.1090909090909
15597|25404,15597,25404,Escherichia coli,100.0,166,166,0,0,1.0,0.9794545454545456,0.9794545454545456,452,0.041090909090909,8.73679016422102e-06,0.0041912183310725,243,0.0009180595893943,4.1090909090909
15597|25404,15597,25404,Escherichia coli,100.0,167,167,0,0,1.0,0.9794545454545456,0.9794545454545456,452,0.041090909090909,4.978526362164892e-05,0.0102994141371701,140,0.0004865514664343,4.1090909090909
15597|25404,15597,25404,Escherichia coli,100.0,168,168,0,0,1.0,0.9794545454545456,0.9794545454545456,452,0.041090909090909,2.207527893638428e-05,0.0076551879131727,390,0.0051779424875522,4.1090909090909
15597|25404,15597,25404,Escherichia coli,100.0,169,169,0,0,1.0,0.9794545454545456,0.9794545454545456,452,0.041090909090909,8.387573960821904e-06,0.0051571396208432,356,0.0016428140888107,4.1090909090909
15597|25404,15597,25404,Escherichia coli,100.0,170,170,0,0,1.0,0.9794545454545456,0.9794545454545456,452,0.041090909090909,9.493487154066392e-06,0.0052202715865515,426,0.0024934607556785,4.1090909090909
15597|25404,15597,25404,Escherichia coli,100.0,171,171,0,0,1.0,0.9794545454545456,0.9794545454545456,452,0.041090909090909,2.6305262635251125e-05,0.0114991394903026,430,0.0002493923538442,4.1090909090909
15597|25404,15597,25404,Escherichia coli,100.0,172,172,0,0,1.0,0.9794545454545456,0.9794545454545456,452,0.041090909090909,6.036524516028763e-06,0.0076685513555167,62,0.0026443033063726,4.1090909090909
15597|25404,15597,25404,Escherichia coli,100.0,173,173,0,0,1.0,0.9794545454545456,0.9794545454545456,452,0.041090909090909,1.919720600951358e-05,0.0098460888092295,31,0.0023534071510877,4.1090909090909
15597|25404,15597,25404,Escherichia coli,100.0,174,174,0,0,1.0,0.9794545454545456,0.9794545454545456,452,0.041090909090909,5.885712496045414e-06,0.003850021371991,153,0.0021288775747199,4.1090909090909
15597|25404,15597,25404,Escherichia coli,100.0,175,175,0,0,1.0,0.9794545454545456,0.9794545454545456,452,0.041090909090909,7.911478966393659e-06,0.004006612226779,98,0.0110335465949922,4.1090909090909
15597|25404,15597,25404,Escherichia coli,100.0,176,176,0,0,1.0,0.9794545454545456,0.9794545454545456,452,0.041090909090909,3.357710408380399e-06,0.0066994122300241,343,0.000319488282935,4.1090909090909
15597|25404,15597,25404,Escherichia coli,100.0,177,177,0,0,1.0,0.9794545454545456,0.9794545454545456,452,0.041090909090909,3.941625020376094e-06,0.0051389296129218,354,0.0239557385915525,4.1090909090909
15597|25404,15597,25404,Escherichia coli,100.0,178,178,0,0,1.0,0.9794545454545456,0.9794545454545456,452,0.041090909090909,3.0867307257320675e-05,0.0142345274004131,190,0.0003000225135774,4.1090909090909
15597|25404,15597,25404,Escherichia coli,100.0,179,179,0,0,1.0,0.9794545454545456,0.9794545454545456,452,0.041090909090909,1.3059204721499462e-05,0.007814514235329,350,0.00442938815921,4.1090909090909
15597|25404,15597,25404,Escherichia coli,100.0,180,180,0,0,1.0,0.9794545454545456,0.9794545454545456,452,0.041090909090909,3.591686402959482e-06,0.0054919749466609,223,0.0024939512066106,4.1090909090909
15597|25404,15597,25404,Escherichia coli,100.0,181,181,0,0,0.9999071839613886,0.9794545454545456,0.9794545454545456,453,0.0411818181818181,6.654817622264719e-05,0.0135309260020651,278,0.002626482678834,4.11818181818181
15597|25404,15597,25404,Escherichia coli,100.0,182,182,0,0,1.0,0.9794545454545456,0.9794545454545456,452,0.041090909090909,3.9187687992603415e-05,0.0145566098797385,414,0.0026155976752473,4.1090909090909
15597|25404,15597,25404,Escherichia coli,100.0,183,183,0,0,1.0,0.9794545454545456,0.9794545454545456,452,0.041090909090909,1.3895420118092972e-05,0.0087398342983346,376,0.0015168292126824,4.1090909090909
15597|25404,15597,25404,Escherichia coli,100.0,184,184,0,0,1.0,0.9794545454545456,0.9794545454545456,452,0.041090909090909,6.950112467207781e-06,0.0071273616905292,228,0.004779354620604,4.1090909090909
15597|25404,15597,25404,Escherichia coli,100.0,185,185,0,0,1.0,0.9794545454545456,0.9794545454545456,452,0.041090909090909,6.197309527189443e-05,0.012831296575806,38,0.0008147228009811,4.1090909090909
15597|25404,15597,25404,Escherichia coli,100.0,186,186,0,0,1.0,0.9794545454545456,0.9794545454545456,452,0.041090909090909,5.121632017934807e-06,0.0038366859574816,274,0.0041015734275877,4.1090909090909
15597|25404,15597,25404,Escherichia coli,100.0,187,187,0,0,1.0,0.9794545454545456,0.9794545454545456,452,0.041090909090909,1.857456812182079e-05,0.0106394545823745,315,0.0015299966171442,4.1090909090909
15597|25404,15597,25404,Escherichia coli,100.0,188,188,0,0,1.0,0.9794545454545456,0.9794545454545456,452,0.041090909090909,5.473561694890883e-06,0.0050582616951281,26,0.001237306617343,4.1090909090909
15597|25404,15597,25404,Escherichia coli,100.0,189,189,0,0,1.0,0.9794545454545456,0.9794545454545456,452,0.041090909090909,3.115570463174677e-06,0.0074783384913346,239,0.0021415240502249,4.1090909090909
15597|25404,15597,25404,Escherichia coli,100.0,190,190,0,0,1.0,0.9794545454545456,0.9794545454545456,452,0.041090909090909,7.181411956547201e-06,0.0072005293438734,102,0.0036702656927299,4.1090909090909
15597|25404,15597,25404,Escherichia coli,100.0,191,191,0,0,1.0,0.9794545454545456,0.9794545454545456,452,0.041090909090909,1.0392109244472536e-05,0.0045591116414278,181,0.0029256837878696,4.1090909090909
15597|25404,15597,25404,Escherichia coli,100.0,192,192,0,0,1.0,0.9794545454545456,0.9794545454545456,452,0.041090909090909,6.354447340983782e-06,0.0053649992529465,27,0.0006174455575376,4.1090909090909
15597|25404,15597,25404,Escherichia coli,100.0,193,193,0,0,1.0,0.9794545454545456,0.9794545454545456,452,0.041090909090909,6.804580053310083e-06,0.0056824382085876,42,0.0837148825693405,4.1090909090909
15597|25404,15597,25404,Escherichia coli,100.0,194,194,0,0,1.0,0.9794545454545456,0.9794545454545456,452,0.041090909090909,9.747638700097204e-06,0.0048728825768369,240,0.0439807648220591,4.1090909090909
15597|25404,15597,25404,Escherichia coli,100.0,195,195,0,0,1.0,0.9794545454545456,0.9794545454545456,452,0.041090909090909,3.362163007736285e-05,0.0139954495888945,297,0.0040833874684018,4.1090909090909
15597|25404,15597,25404,Escherichia coli,100.0,196,196,0,0,1.0,0.9794545454545456,0.9794545454545456,452,0.041090909090909,2.5839848490138984e-05,0.0156143153655198,269,0.0008253735684147,4.1090909090909
15597|25404,15597,25404,Escherichia coli,100.0,197,197,0,0,1.0,0.9794545454545456,0.9794545454545456,452,0.041090909090909,1.5246881923447477e-05,0.0093752714336183,251,0.0009758938101775,4.1090909090909
15597|25404,15597,25404,Escherichia coli,100.0,198,198,0,0,1.0,0.9794545454545456,0.9794545454545456,452,0.041090909090909,3.2699918471101874e-05,0.0129023890870435,200,0.0042127857022205,4.1090909090909
15597|25404,15597,25404,Escherichia coli,100.0,199,199,0,0,1.0,0.9794545454545456,0.9794545454545456,452,0.041090909090909,1.892265243397251e-05,0.0073191863053324,365,0.0001137368369203,4.1090909090909
15597|25404,15597,25404,Escherichia coli,100.0,200,200,0,0,1.0,0.9794545454545456,0.9794545454545456,452,0.041090909090909,4.825726939738928e-05,0.0177151191843588,400,0.0097263605356343,4.1090909090909
15597|25404,15597,25404,Escherichia coli,100.0,201,201,0,0,1.0,0.9794545454545456,0.9794545454545456,452,0.041090909090909,0.0001494568481443,0.0204011838209539,130,0.004296468954746,4.1090909090909
15597|25404,15597,25404,Escherichia coli,100.0,202,202,0,0,1.0,0.9794545454545456,0.9794545454545456,452,0.041090909090909,5.624380333690837e-06,0.0035918822631417,167,0.0009301120586968,4.1090909090909
15597|25404,15597,25404,Escherichia coli,100.0,203,203,0,0,1.0,0.9794545454545456,0.9794545454545456,452,0.041090909090909,4.999452968457163e-05,0.0108269863368001,1,0.0030584461983655,4.1090909090909
15597|25404,15597,25404,Escherichia coli,100.0,204,204,0,0,1.0,0.9794545454545456,0.9794545454545456,452,0.041090909090909,2.6951326787538757e-05,0.0074139209829116,324,0.0066059711463979,4.1090909090909
15597|25404,15597,25404,Escherichia coli,100.0,205,205,0,0,1.0,0.9794545454545456,0.9794545454545456,452,0.041090909090909,2.6165882459516787e-05,0.0073813686299964,73,0.013250866994154,4.1090909090909
15597|25404,15597,25404,Escherichia coli,100.0,206,206,0,0,1.0,0.9794545454545456,0.9794545454545456,452,0.041090909090909,2.867572862663703e-05,0.0091623922040457,152,0.0027764323124753,4.1090909090909
15597|25404,15597,25404,Escherichia coli,100.0,207,207,0,0,1.0,0.9794545454545456,0.9794545454545456,452,0.041090909090909,5.373980270872991e-05,0.0135414521972398,231,0.0114104824205003,4.1090909090909
15597|25404,15597,25404,Escherichia coli,100.0,208,208,0,0,1.0,0.9794545454545456,0.9794545454545456,452,0.041090909090909,2.664375727212676e-05,0.0073016685401302,275,0.0007930796628701,4.1090909090909
15597|25404,15597,25404,Escherichia coli,100.0,209,209,0,0,1.0,0.9794545454545456,0.9794545454545456,452,0.041090909090909,1.1386050275730142e-05,0.0055935072841671,41,0.0298557899644028,4.1090909090909
15597|25404,15597,25404,Escherichia coli,100.0,210,210,0,0,1.0,0.9794545454545456,0.9794545454545456,452,0.041090909090909,6.546187753198041e-06,0.0037550920476441,145,0.0042385509402509,4.1090909090909
15597|25404,15597,25404,Escherichia coli,100.0,211,211,0,0,1.0,0.9794545454545456,0.9794545454545456,452,0.041090909090909,4.187476005723667e-06,0.0033221591331616,88,0.0580443674506254,4.1090909090909
15597|25404,15597,25404,Escherichia coli,100.0,212,212,0,0,1.0,0.9794545454545456,0.9794545454545456,452,0.041090909090909,1.694834163723513e-05,0.0060728731673913,215,0.0028272973845707,4.1090909090909
15597|25404,15597,25404,Escherichia coli,100.0,213,213,0,0,1.0,0.9794545454545456,0.9794545454545456,452,0.041090909090909,1.2208866710494704e-05,0.0139590139635174,112,0.0330944337356988,4.1090909090909
15597|25404,15597,25404,Escherichia coli,100.0,214,214,0,0,1.0,0.9794545454545456,0.9794545454545456,452,0.041090909090909,7.307162743397377e-05,0.012161383536579,240,0.0314961657852544,4.1090909090909
15597|25404,15597,25404,Escherichia coli,100.0,215,215,0,0,1.0,0.9794545454545456,0.9794545454545456,452,0.041090909090909,2.744255020892261e-05,0.0103390512328791,307,0.0067091930389786,4.1090909090909
15597|25404,15597,25404,Escherichia coli,100.0,216,216,0,0,1.0,0.9794545454545456,0.9794545454545456,452,0.041090909090909,8.705808700604223e-06,0.0103743800821224,203,0.0045143774221841,4.1090909090909
15597|25404,15597,25404,Escherichia coli,100.0,217,217,0,0,1.0,0.9794545454545456,0.9794545454545456,452,0.041090909090909,1.11327359643143e-05,0.0051041727205284,224,0.0184471187715425,4.1090909090909
15597|25404,15597,25404,Escherichia coli,100.0,218,218,0,0,1.0,0.9794545454545456,0.9794545454545456,452,0.041090909090909,7.077850695758059e-06,0.006529266155711,186,0.0030217253744235,4.1090909090909
15597|25404,15597,25404,Escherichia coli,100.0,219,219,0,0,1.0,0.9794545454545456,0.9794545454545456,452,0.041090909090909,6.503764017784519e-06,0.0051687989586032,380,0.0019643912596203,4.1090909090909
15597|25404,15597,25404,Escherichia coli,100.0,220,220,0,0,1.0,0.9794545454545456,0.9794545454545456,452,0.041090909090909,6.25763350070585e-06,0.005228870801068,37,0.0063485263659002,4.1090909090909
15597|25404,15597,25404,Escherichia coli,100.0,221,221,0,0,1.0,0.9794545454545456,0.9794545454545456,452,0.041090909090909,5.633075911237739e-05,0.0168681642130196,360,0.0024015565001025,4.1090909090909
15597|25404,15597,25404,Escherichia coli,100.0,222,222,0,0,1.0,0.9794545454545456,0.9794545454545456,452,0.041090909090909,4.8477523210355145e-05,0.0195563767248358,107,0.0008795371413024,4.1090909090909
15597|25404,15597,25404,Escherichia coli,100.0,223,223,0,0,1.0,0.9794545454545456,0.9794545454545456,452,0.041090909090909,1.1958795183897308e-05,0.0109100925629271,283,0.014777547506088,4.1090909090909
15597|25404,15597,25404,Escherichia coli,100.0,224,224,0,0,1.0,0.9794545454545456,0.9794545454545456,452,0.041090909090909,3.820399474774305e-06,0.0045899357929931,307,0.0136081360646189,4.1090909090909
15597|25404,15597,25404,Escherichia coli,100.0,225,225,0,0,0.999628735845554,0.9794545454545456,0.9794545454545456,456,0.0414545454545454,5.833254514087116e-06,0.0041185746923118,74,0.0034047199202991,4.145454545454539
15597|25404,15597,25404,Escherichia coli,100.0,226,226,0,0,1.0,0.9794545454545456,0.9794545454545456,452,0.041090909090909,3.037753744283833e-05,0.0086077803385147,453,0.0086260300939733,4.1090909090909
15597|25404,15597,25404,Escherichia coli,100.0,227,227,0,0,1.0,0.9794545454545456,0.9794545454545456,452,0.041090909090909,8.791910316441331e-06,0.0042428256592088,305,0.0001483345438445,4.1090909090909
15597|25404,15597,25404,Escherichia coli,100.0,228,228,0,0,1.0,0.9794545454545456,0.9794545454545456,452,0.041090909090909,7.677147450935173e-05,0.0180500466020502,299,0.0006173712418523,4.1090909090909
15597|25404,15597,25404,Escherichia coli,100.0,229,229,0,0,1.0,0.9794545454545456,0.9794545454545456,452,0.041090909090909,5.064903291107648e-06,0.0047539006019461,320,0.0032506160119026,4.1090909090909
15597|25404,15597,25404,Escherichia coli,100.0,230,230,0,0,1.0,0.9794545454545456,0.9794545454545456,452,0.041090909090909,3.527959375337897e-05,0.0136919453472298,247,0.0081499244422327,4.1090909090909
15597|25404,15597,25404,Escherichia coli,100.0,231,231,0,0,0.9997215518841656,0.9794545454545456,0.9794545454545456,455,0.0413636363636363,9.495391871783276e-05,0.0195094624495276,170,0.0292575788958067,4.13636363636363
15597|25404,15597,25404,Escherichia coli,100.0,232,232,0,0,1.0,0.9794545454545456,0.9794545454545456,452,0.041090909090909,4.531051660050522e-05,0.0114235476503118,237,0.0061067438601973,4.1090909090909
15597|25404,15597,25404,Escherichia coli,100.0,233,233,0,0,1.0,0.9794545454545456,0.9794545454545456,452,0.041090909090909,8.535944829535236e-05,0.0199278948406057,228,0.0008718978424311,4.1090909090909
15597|25404,15597,25404,Escherichia coli,100.0,234,234,0,0,1.0,0.9794545454545456,0.9794545454545456,452,0.041090909090909,1.4565155092682858e-05,0.009053914134542,440,0.0063196440403017,4.1090909090909
15597|25404,15597,25404,Escherichia coli,100.0,235,235,0,0,1.0,0.9794545454545456,0.9794545454545456,452,0.041090909090909,4.738366971124286e-06,0.00751008007578,277,0.0133953817385986,4.1090909090909
15597|25404,15597,25404,Escherichia coli,100.0,236,236,0,0,1.0,0.9794545454545456,0.9794545454545456,452,0.041090909090909,2.382312970794498e-05,0.0098092743033675,291,0.005264314386584,4.1090909090909
15597|25404,15597,25404,Escherichia coli,100.0,237,237,0,0,1.0,0.9794545454545456,0.9794545454545456,452,0.041090909090909,8.319321930905232e-06,0.0047764372771136,39,0.0006454764782892,4.1090909090909
15597|25404,15597,25404,Escherichia coli,100.0,238,238,0,0,1.0,0.9794545454545456,0.9794545454545456,452,0.041090909090909,5.619367361209271e-06,0.0037309434217789,417,0.0010738111968268,4.1090909090909
15597|25404,15597,25404,Escherichia coli,100.0,239,239,0,0,1.0,0.9794545454545456,0.9794545454545456,452,0.041090909090909,4.01047265424781e-05,0.0089642695120147,114,0.0036693062540114,4.1090909090909
15597|25404,15597,25404,Escherichia coli,100.0,240,240,0,0,1.0,0.9794545454545456,0.9794545454545456,452,0.041090909090909,8.255135125811996e-06,0.0074542489997605,163,0.0317818710368742,4.1090909090909
15597|25404,15597,25404,Escherichia coli,100.0,241,241,0,0,1.0,0.9794545454545456,0.9794545454545456,452,0.041090909090909,4.9655093360856384e-05,0.0100419270184405,148,0.0227636094867312,4.1090909090909
15597|25404,15597,25404,Escherichia coli,100.0,242,242,0,0,1.0,0.9794545454545456,0.9794545454545456,452,0.041090909090909,5.449943989743744e-05,0.015135984807153,15,0.0010751569356379,4.1090909090909
15597|25404,15597,25404,Escherichia coli,100.0,243,243,0,0,1.0,0.9794545454545456,0.9794545454545456,452,0.041090909090909,2.793299988512743e-05,0.0135172980879292,424,0.0024616727414956,4.1090909090909
15597|25404,15597,25404,Escherichia coli,100.0,244,244,0,0,1.0,0.9794545454545456,0.9794545454545456,452,0.041090909090909,1.761628795982073e-05,0.0108129041899795,67,0.001059704071846,4.1090909090909
15597|25404,15597,25404,Escherichia coli,100.0,245,245,0,0,0.999628735845554,0.9794545454545456,0.9794545454545456,456,0.0414545454545454,4.405630340098554e-05,0.0166441292993474,12,0.0066175160737118,4.145454545454539
15597|25404,15597,25404,Escherichia coli,100.0,246,246,0,0,1.0,0.9794545454545456,0.9794545454545456,452,0.041090909090909,7.650035097950258e-06,0.0040357554328471,397,0.0571543999106067,4.1090909090909
15597|25404,15597,25404,Escherichia coli,100.0,247,247,0,0,1.0,0.9794545454545456,0.9794545454545456,452,0.041090909090909,2.5479539100259352e-05,0.0109029848412337,109,0.0424147459098073,4.1090909090909
15597|25404,15597,25404,Escherichia coli,100.0,248,248,0,0,1.0,0.9794545454545456,0.9794545454545456,452,0.041090909090909,3.318633634230572e-06,0.0053137112332908,156,0.0008697097844794,4.1090909090909
15597|25404,15597,25404,Escherichia coli,100.0,249,249,0,0,1.0,0.9794545454545456,0.9794545454545456,452,0.041090909090909,7.095423286029856e-06,0.0037925878226114,45,0.011299595221249,4.1090909090909
15597|25404,15597,25404,Escherichia coli,100.0,250,250,0,0,1.0,0.9794545454545456,0.9794545454545456,452,0.041090909090909,4.757087931794857e-06,0.0031002909085844,160,0.0040601848574143,4.1090909090909
15597|25404,15597,25404,Escherichia coli,100.0,251,251,0,0,1.0,0.9794545454545456,0.9794545454545456,452,0.041090909090909,8.289144162176854e-06,0.0044577490694083,399,0.0019183359232504,4.1090909090909
15597|25404,15597,25404,Escherichia coli,100.0,252,252,0,0,1.0,0.9794545454545456,0.9794545454545456,452,0.041090909090909,1.4964036777476151e-05,0.0064380206840104,423,0.0017842986959446,4.1090909090909
15597|25404,15597,25404,Escherichia coli,100.0,253,253,0,0,1.0,0.9794545454545456,0.9794545454545456,452,0.041090909090909,1.0099277867325895e-05,0.0077593264880926,427,0.0038081408420317,4.1090909090909
15597|25404,15597,25404,Escherichia coli,100.0,254,254,0,0,1.0,0.9794545454545456,0.9794545454545456,452,0.041090909090909,2.2020151806412255e-05,0.009564494660658,275,0.0009307155775686,4.1090909090909
15597|25404,15597,25404,Escherichia coli,100.0,255,255,0,0,1.0,0.9794545454545456,0.9794545454545456,452,0.041090909090909,6.848478118937074e-06,0.007495056928951,177,0.0266127094782917,4.1090909090909
15597|25404,15597,25404,Escherichia coli,100.0,256,256,0,0,1.0,0.9794545454545456,0.9794545454545456,452,0.041090909090909,1.1689912008616687e-05,0.0125571481866665,311,0.0078087434913496,4.1090909090909
15597|25404,15597,25404,Escherichia coli,100.0,257,257,0,0,1.0,0.9794545454545456,0.9794545454545456,452,0.041090909090909,1.9991524303319963e-05,0.006520795006313,195,0.004676291680255,4.1090909090909
15597|25404,15597,25404,Escherichia coli,100.0,258,258,0,0,0.9999071839613886,0.9794545454545456,0.9794545454545456,453,0.0411818181818181,8.730850710891858e-05,0.0302081743744895,157,0.0005386490815927,4.11818181818181
15597|25404,15597,25404,Escherichia coli,100.0,259,259,0,0,1.0,0.9794545454545456,0.9794545454545456,452,0.041090909090909,5.236779389572455e-06,0.0033990035832972,330,0.0001048314384086,4.1090909090909
15597|25404,15597,25404,Escherichia coli,100.0,260,260,0,0,0.9999071839613886,0.9794545454545456,0.9794545454545456,453,0.0411818181818181,7.744489773142682e-06,0.0050173120296847,387,0.0002178187313937,4.11818181818181
15597|25404,15597,25404,Escherichia coli,100.0,261,261,0,0,1.0,0.9794545454545456,0.9794545454545456,452,0.041090909090909,2.0937510770036027e-05,0.0155394263332909,183,0.0019083772391104,4.1090909090909
15597|25404,15597,25404,Escherichia coli,100.0,262,262,0,0,1.0,0.9794545454545456,0.9794545454545456,452,0.041090909090909,8.655488656805765e-05,0.0157975941042643,234,0.0057585148231393,4.1090909090909
15597|25404,15597,25404,Escherichia coli,100.0,263,263,0,0,1.0,0.9794545454545456,0.9794545454545456,452,0.041090909090909,0.0001166853541032,0.0153604978048609,199,0.0277806328685145,4.1090909090909
15597|25404,15597,25404,Escherichia coli,100.0,264,264,0,0,1.0,0.9794545454545456,0.9794545454545456,452,0.041090909090909,6.282002575463963e-06,0.0037134868963343,383,0.0008400683288728,4.1090909090909
15597|25404,15597,25404,Escherichia coli,100.0,265,265,0,0,1.0,0.9794545454545456,0.9794545454545456,452,0.041090909090909,0.0001155024122816,0.0219990078973916,454,0.0279108302467813,4.1090909090909
15597|25404,15597,25404,Escherichia coli,100.0,266,266,0,0,1.0,0.9794545454545456,0.9794545454545456,452,0.041090909090909,2.518314682575795e-05,0.0071574814034416,273,0.1282501308729683,4.1090909090909
15597|25404,15597,25404,Escherichia coli,100.0,267,267,0,0,1.0,0.9794545454545456,0.9794545454545456,452,0.041090909090909,7.284661512341195e-06,0.0070538967505764,354,0.000123790756332,4.1090909090909
15597|25404,15597,25404,Escherichia coli,100.0,268,268,0,0,1.0,0.9794545454545456,0.9794545454545456,452,0.041090909090909,7.730204944600416e-06,0.0041749208836993,378,0.0014366563982206,4.1090909090909
15597|25404,15597,25404,Escherichia coli,100.0,269,269,0,0,1.0,0.9794545454545456,0.9794545454545456,452,0.041090909090909,1.302899795174728e-05,0.005723254624719,184,0.0005091015470589,4.1090909090909
15597|25404,15597,25404,Escherichia coli,100.0,270,270,0,0,1.0,0.9794545454545456,0.9794545454545456,452,0.041090909090909,6.158485526874813e-06,0.0036176034906462,320,0.0017799817265123,4.1090909090909
15597|25404,15597,25404,Escherichia coli,100.0,271,271,0,0,1.0,0.9794545454545456,0.9794545454545456,452,0.041090909090909,5.2579903587757215e-06,0.0071115773144635,80,0.0052345485644158,4.1090909090909
15597|25404,15597,25404,Escherichia coli,100.0,272,272,0,0,1.0,0.9794545454545456,0.9794545454545456,452,0.041090909090909,2.5034205882956684e-05,0.0088146909205952,384,0.0012638142217233,4.1090909090909
15597|25404,15597,25404,Escherichia coli,100.0,273,273,0,0,1.0,0.9794545454545456,0.9794545454545456,452,0.041090909090909,6.893715282285662e-06,0.0038704933834443,351,0.0002493312626554,4.1090909090909
15597|25404,15597,25404,Escherichia coli,100.0,274,274,0,0,1.0,0.9794545454545456,0.9794545454545456,452,0.041090909090909,3.257914873100454e-05,0.0154975644972828,329,0.0127941655077419,4.1090909090909
15597|25404,15597,25404,Escherichia coli,100.0,275,275,0,0,1.0,0.9794545454545456,0.9794545454545456,452,0.041090909090909,3.538335187958097e-06,0.0067260674795771,5,0.0011476113572401,4.1090909090909
15597|25404,15597,25404,Escherichia coli,100.0,276,276,0,0,1.0,0.9794545454545456,0.9794545454545456,452,0.041090909090909,5.099344524372995e-05,0.0173433060610069,362,0.0003393383086882,4.1090909090909
15597|25404,15597,25404,Escherichia coli,100.0,277,277,0,0,1.0,0.9794545454545456,0.9794545454545456,452,0.041090909090909,1.698610195099981e-05,0.0074353732262025,406,0.0827259263922119,4.1090909090909
15597|25404,15597,25404,Escherichia coli,100.0,278,278,0,0,1.0,0.9794545454545456,0.9794545454545456,452,0.041090909090909,3.5076581695436815e-05,0.0154148889301038,254,0.0007811378081419,4.1090909090909
15597|25404,15597,25404,Escherichia coli,100.0,279,279,0,0,1.0,0.9794545454545456,0.9794545454545456,452,0.041090909090909,4.738192251663165e-06,0.0055498817209279,29,0.0022385336440249,4.1090909090909
15597|25404,15597,25404,Escherichia coli,100.0,280,280,0,0,1.0,0.9794545454545456,0.9794545454545456,452,0.041090909090909,1.4586181287024049e-05,0.0102109666007464,256,0.0156098701475999,4.1090909090909
15597|25404,15597,25404,Escherichia coli,100.0,281,281,0,0,1.0,0.9794545454545456,0.9794545454545456,452,0.041090909090909,1.2830480345060735e-05,0.0086735180825525,389,0.0058904811079789,4.1090909090909
15597|25404,15597,25404,Escherichia coli,100.0,282,282,0,0,1.0,0.9794545454545456,0.9794545454545456,452,0.041090909090909,0.0001681627997571,0.0215525407232047,83,0.0233548358228339,4.1090909090909
15597|25404,15597,25404,Escherichia coli,100.0,283,283,0,0,1.0,0.9794545454545456,0.9794545454545456,452,0.041090909090909,5.3264933149832494e-05,0.0151181958888488,420,0.0012955726153269,4.1090909090909
15597|25404,15597,25404,Escherichia coli,100.0,284,284,0,0,0.9999071839613886,0.9794545454545456,0.9794545454545456,453,0.0411818181818181,3.2992929449804365e-05,0.0155269413051624,379,0.0008273061225354,4.11818181818181
15597|25404,15597,25404,Escherichia coli,100.0,285,285,0,0,1.0,0.9794545454545456,0.9794545454545456,452,0.041090909090909,6.935058930235272e-06,0.0045773460210947,248,0.001635997669688,4.1090909090909
15597|25404,15597,25404,Escherichia coli,100.0,286,286,0,0,1.0,0.9794545454545456,0.9794545454545456,452,0.041090909090909,5.0885859885996254e-05,0.0109367069945291,16,0.0454150289050452,4.1090909090909
15597|25404,15597,25404,Escherichia coli,100.0,287,287,0,0,1.0,0.9794545454545456,0.9794545454545456,452,0.041090909090909,9.545583269376934e-05,0.0222994596631067,75,0.0017304070461063,4.1090909090909
15597|25404,15597,25404,Escherichia coli,100.0,288,288,0,0,1.0,0.9794545454545456,0.9794545454545456,452,0.041090909090909,5.88918600796795e-06,0.0062029502167267,136,9.06962313796944e-05,4.1090909090909
15597|25404,15597,25404,Escherichia coli,100.0,289,289,0,0,1.0,0.9794545454545456,0.9794545454545456,452,0.041090909090909,3.978626717637823e-06,0.0032187346356296,256,0.0009563503335664,4.1090909090909
15597|25404,15597,25404,Escherichia coli,100.0,290,290,0,0,1.0,0.9794545454545456,0.9794545454545456,452,0.041090909090909,5.751526912178839e-06,0.0041914257694566,459,0.0008904186558256,4.1090909090909
15597|25404,15597,25404,Escherichia coli,100.0,291,291,0,0,1.0,0.9794545454545456,0.9794545454545456,452,0.041090909090909,2.098667589045533e-06,0.0021336590063335,95,0.0025855780868262,4.1090909090909
15597|25404,15597,25404,Escherichia coli,100.0,292,292,0,0,1.0,0.9794545454545456,0.9794545454545456,452,0.041090909090909,4.236627840503715e-05,0.0178285005325896,333,0.0124491198390179,4.1090909090909
15597|25404,15597,25404,Escherichia coli,100.0,293,293,0,0,1.0,0.9794545454545456,0.9794545454545456,452,0.041090909090909,5.8512264771160005e-06,0.0113864499205163,127,0.0312882564117191,4.1090909090909
15597|25404,15597,25404,Escherichia coli,100.0,294,294,0,0,1.0,0.9794545454545456,0.9794545454545456,452,0.041090909090909,7.704211229531133e-06,0.0042669960999109,428,0.0017884285213149,4.1090909090909
15597|25404,15597,25404,Escherichia coli,100.0,295,295,0,0,1.0,0.9794545454545456,0.9794545454545456,452,0.041090909090909,2.0618669976268933e-05,0.006426104625855,427,0.0011528324394771,4.1090909090909
15597|25404,15597,25404,Escherichia coli,100.0,296,296,0,0,1.0,0.9794545454545456,0.9794545454545456,452,0.041090909090909,1.930408841821496e-05,0.0088159434648709,22,0.0201497447323136,4.1090909090909
15597|25404,15597,25404,Escherichia coli,100.0,297,297,0,0,1.0,0.9794545454545456,0.9794545454545456,452,0.041090909090909,3.250357885953292e-06,0.0025986337394891,303,0.004435762634706,4.1090909090909
15597|25404,15597,25404,Escherichia coli,100.0,298,298,0,0,1.0,0.9794545454545456,0.9794545454545456,452,0.041090909090909,6.603398297055918e-06,0.0042703675887839,27,0.0017672501922946,4.1090909090909
15597|25404,15597,25404,Escherichia coli,100.0,299,299,0,0,1.0,0.9794545454545456,0.9794545454545456,452,0.041090909090909,3.641415110355872e-05,0.0108817036047365,260,0.0029851836203079,4.1090909090909
15597|25404,15597,25404,Escherichia coli,100.0,300,300,0,0,1.0,0.9794545454545456,0.9794545454545456,452,0.041090909090909,1.1372125716446746e-05,0.0049824843378192,93,0.0008281730481841,4.1090909090909
15597|25404,15597,25404,Escherichia coli,100.0,301,301,0,0,1.0,0.9794545454545456,0.9794545454545456,452,0.041090909090909,6.195699753019923e-06,0.0036092920360695,322,0.0003453408664578,4.1090909090909
15597|25404,15597,25404,Escherichia coli,100.0,302,302,0,0,1.0,0.9794545454545456,0.9794545454545456,452,0.041090909090909,1.14950733313135e-05,0.0051948388556738,304,0.0003540552439185,4.1090909090909
15597|25404,15597,25404,Escherichia coli,100.0,303,303,0,0,1.0,0.9794545454545456,0.9794545454545456,452,0.041090909090909,2.1352888572856443e-05,0.0091018099229,263,0.025329673742753,4.1090909090909
15597|25404,15597,25404,Escherichia coli,100.0,304,304,0,0,1.0,0.9794545454545456,0.9794545454545456,452,0.041090909090909,2.9584150978090307e-05,0.0084205497611376,34,0.0021879214934878,4.1090909090909
15597|25404,15597,25404,Escherichia coli,100.0,305,305,0,0,1.0,0.9794545454545456,0.9794545454545456,452,0.041090909090909,4.515125070603254e-06,0.0071636753330801,30,0.0029798822646713,4.1090909090909
15597|25404,15597,25404,Escherichia coli,100.0,306,306,0,0,1.0,0.9794545454545456,0.9794545454545456,452,0.041090909090909,7.205224150874656e-06,0.0048814647807373,450,0.0036387774681478,4.1090909090909
15597|25404,15597,25404,Escherichia coli,100.0,307,307,0,0,1.0,0.9794545454545456,0.9794545454545456,452,0.041090909090909,4.310301378485093e-06,0.0047401070285587,391,0.0009404084095585,4.1090909090909
15597|25404,15597,25404,Escherichia coli,100.0,308,308,0,0,1.0,0.9794545454545456,0.9794545454545456,452,0.041090909090909,1.2205026592937427e-05,0.0051810818317059,315,0.0043894182986252,4.1090909090909
15597|25404,15597,25404,Escherichia coli,100.0,309,309,0,0,1.0,0.9794545454545456,0.9794545454545456,452,0.041090909090909,7.746370648797907e-05,0.0210806475474577,28,0.0013532504329332,4.1090909090909
15597|25404,15597,25404,Escherichia coli,100.0,310,310,0,0,1.0,0.9794545454545456,0.9794545454545456,452,0.041090909090909,4.580292005451625e-06,0.005190064201941,308,0.0017209677358859,4.1090909090909
15597|25404,15597,25404,Escherichia coli,100.0,311,311,0,0,1.0,0.9794545454545456,0.9794545454545456,452,0.041090909090909,8.391951512343176e-05,0.0197997170805865,344,0.007635506073246,4.1090909090909
15597|25404,15597,25404,Escherichia coli,100.0,312,312,0,0,1.0,0.9794545454545456,0.9794545454545456,452,0.041090909090909,3.475600351010577e-05,0.0100199742745431,329,0.0213555343187289,4.1090909090909
15597|25404,15597,25404,Escherichia coli,100.0,313,313,0,0,0.999814367922777,0.9794545454545456,0.9794545454545456,454,0.0412727272727272,0.0001833167787457,0.0242005219668478,200,0.0091780770628697,4.12727272727272
15597|25404,15597,25404,Escherichia coli,100.0,314,314,0,0,1.0,0.9794545454545456,0.9794545454545456,452,0.041090909090909,4.078515871697164e-06,0.0067830625534172,208,0.0005410589795571,4.1090909090909
15597|25404,15597,25404,Escherichia coli,100.0,315,315,0,0,1.0,0.9794545454545456,0.9794545454545456,452,0.041090909090909,5.253437355912105e-05,0.0158285315619862,416,0.0005804937086237,4.1090909090909
15597|25404,15597,25404,Escherichia coli,100.0,316,316,0,0,1.0,0.9794545454545456,0.9794545454545456,452,0.041090909090909,8.197694892464469e-06,0.0048815240867522,149,0.0214198882206758,4.1090909090909
15597|25404,15597,25404,Escherichia coli,100.0,317,317,0,0,1.0,0.9794545454545456,0.9794545454545456,452,0.041090909090909,8.952253843119706e-06,0.0044115565529363,222,0.0022139682032156,4.1090909090909
15597|25404,15597,25404,Escherichia coli,100.0,318,318,0,0,1.0,0.9794545454545456,0.9794545454545456,452,0.041090909090909,0.0003631287469658,0.0349277888675379,236,0.0097854843188779,4.1090909090909
15597|25404,15597,25404,Escherichia coli,100.0,319,319,0,0,1.0,0.9794545454545456,0.9794545454545456,452,0.041090909090909,9.963721679939752e-05,0.0171801723384052,58,0.0239163366297922,4.1090909090909
15597|25404,15597,25404,Escherichia coli,100.0,320,320,0,0,1.0,0.9794545454545456,0.9794545454545456,452,0.041090909090909,7.263413603131319e-05,0.0154678909616552,391,0.0017465936878207,4.1090909090909
15597|25404,15597,25404,Escherichia coli,100.0,321,321,0,0,1.0,0.9794545454545456,0.9794545454545456,452,0.041090909090909,2.0771927026652648e-05,0.0065085860260518,429,0.0053232964051638,4.1090909090909
15597|25404,15597,25404,Escherichia coli,100.0,322,322,0,0,1.0,0.9794545454545456,0.9794545454545456,452,0.041090909090909,7.140133196248399e-06,0.0040159934834302,107,0.0020215675102952,4.1090909090909
15597|25404,15597,25404,Escherichia coli,100.0,323,323,0,0,1.0,0.9794545454545456,0.9794545454545456,452,0.041090909090909,5.83566733438623e-05,0.0129028220398527,69,0.0237119314987761,4.1090909090909
15597|25404,15597,25404,Escherichia coli,100.0,324,324,0,0,1.0,0.9794545454545456,0.9794545454545456,452,0.041090909090909,3.413355448522726e-05,0.0134109965593272,348,0.0002234668857163,4.1090909090909
15597|25404,15597,25404,Escherichia coli,100.0,325,325,0,0,1.0,0.9794545454545456,0.9794545454545456,452,0.041090909090909,2.017533253861892e-05,0.0101095378838673,418,0.0005704402217119,4.1090909090909
15597|25404,15597,25404,Escherichia coli,100.0,326,326,0,0,1.0,0.9794545454545456,0.9794545454545456,452,0.041090909090909,1.7670740864672574e-05,0.0063539000724948,257,0.003087601092084,4.1090909090909
15597|25404,15597,25404,Escherichia coli,100.0,327,327,0,0,1.0,0.9794545454545456,0.9794545454545456,452,0.041090909090909,5.080311348715227e-06,0.0035153082206773,264,0.0004839181631501,4.1090909090909
15597|25404,15597,25404,Escherichia coli,100.0,328,328,0,0,1.0,0.9794545454545456,0.9794545454545456,452,0.041090909090909,4.766044955362148e-06,0.0048099253076179,460,0.0081684205023048,4.1090909090909
15597|25404,15597,25404,Escherichia coli,100.0,329,329,0,0,1.0,0.9794545454545456,0.9794545454545456,452,0.041090909090909,4.64552908940874e-06,0.0031253139336039,91,0.0105894129774311,4.1090909090909
15597|25404,15597,25404,Escherichia coli,100.0,330,330,0,0,1.0,0.9794545454545456,0.9794545454545456,452,0.041090909090909,0.000176655822524,0.0214026955649156,190,0.0007552870881318,4.1090909090909
15597|25404,15597,25404,Escherichia coli,100.0,331,331,0,0,1.0,0.9794545454545456,0.9794545454545456,452,0.041090909090909,1.9637642647785117e-05,0.006661794629751,7,0.0007905431422183,4.1090909090909
15597|25404,15597,25404,Escherichia coli,100.0,332,332,0,0,1.0,0.9794545454545456,0.9794545454545456,452,0.041090909090909,1.4490654944854242e-05,0.0058069231609089,392,0.0045382672528526,4.1090909090909
15597|25404,15597,25404,Escherichia coli,100.0,333,333,0,0,1.0,0.9794545454545456,0.9794545454545456,452,0.041090909090909,2.5611932494062906e-05,0.0074063095939075,204,0.0037015671735524,4.1090909090909
15597|25404,15597,25404,Escherichia coli,100.0,334,334,0,0,1.0,0.9794545454545456,0.9794545454545456,452,0.041090909090909,0.0001626409175901,0.0240700602673816,454,0.0162743772743969,4.1090909090909
15597|25404,15597,25404,Escherichia coli,100.0,335,335,0,0,1.0,0.9794545454545456,0.9794545454545456,452,0.041090909090909,1.9741458694433334e-05,0.0090416179431992,66,0.0023787040077385,4.1090909090909
15597|25404,15597,25404,Escherichia coli,100.0,336,336,0,0,1.0,0.9794545454545456,0.9794545454545456,452,0.041090909090909,1.2802587029403512e-05,0.0056326079777746,339,0.0028526033811684,4.1090909090909
15597|25404,15597,25404,Escherichia coli,100.0,337,337,0,0,1.0,0.9794545454545456,0.9794545454545456,452,0.041090909090909,5.236947656639401e-06,0.0034830921152741,121,0.015348029518564,4.1090909090909
15597|25404,15597,25404,Escherichia coli,100.0,338,338,0,0,1.0,0.9794545454545456,0.9794545454545456,452,0.041090909090909,3.065846645200487e-05,0.0111411713131339,221,0.0006075364209968,4.1090909090909
15597|25404,15597,25404,Escherichia coli,100.0,339,339,0,0,1.0,0.9794545454545456,0.9794545454545456,452,0.041090909090909,6.5422272319537456e-06,0.0036272135232023,304,0.0013203988827239,4.1090909090909
15597|25404,15597,25404,Escherichia coli,100.0,340,340,0,0,1.0,0.9794545454545456,0.9794545454545456,452,0.041090909090909,2.275100143389608e-05,0.0080447982561717,141,0.0004155780888475,4.1090909090909
15597|25404,15597,25404,Escherichia coli,100.0,341,341,0,0,1.0,0.9794545454545456,0.9794545454545456,452,0.041090909090909,7.190120358879781e-06,0.00379217528919,452,0.0139424331379254,4.1090909090909
15597|25404,15597,25404,Escherichia coli,100.0,342,342,0,0,1.0,0.9794545454545456,0.9794545454545456,452,0.041090909090909,1.525369198729365e-05,0.0103379413040047,101,0.0005971578536653,4.1090909090909
15597|25404,15597,25404,Escherichia coli,100.0,343,343,0,0,1.0,0.9794545454545456,0.9794545454545456,452,0.041090909090909,6.429500769233876e-06,0.0042621444036947,252,0.0042301054392781,4.1090909090909
15597|25404,15597,25404,Escherichia coli,100.0,344,344,0,0,1.0,0.9794545454545456,0.9794545454545456,452,0.041090909090909,6.35825018258096e-06,0.0040894773570928,375,0.0014321731901671,4.1090909090909
15597|25404,15597,25404,Escherichia coli,100.0,345,345,0,0,1.0,0.9794545454545456,0.9794545454545456,452,0.041090909090909,1.4397860646719884e-05,0.0106295874487805,297,0.0199809218876408,4.1090909090909
15597|25404,15597,25404,Escherichia coli,100.0,346,346,0,0,1.0,0.9794545454545456,0.9794545454545456,452,0.041090909090909,9.572167139726416e-05,0.015098343320156,79,0.0085213328268713,4.1090909090909
15597|25404,15597,25404,Escherichia coli,100.0,347,347,0,0,0.9999071839613886,0.9794545454545456,0.9794545454545456,453,0.0411818181818181,1.8937558629250617e-05,0.0063788340692215,206,0.0042457993925636,4.11818181818181
15597|25404,15597,25404,Escherichia coli,100.0,348,348,0,0,1.0,0.9794545454545456,0.9794545454545456,452,0.041090909090909,1.258592483188714e-05,0.0073720492442536,328,0.0029114554069787,4.1090909090909
15597|25404,15597,25404,Escherichia coli,100.0,349,349,0,0,1.0,0.9794545454545456,0.9794545454545456,452,0.041090909090909,1.6329182437102574e-05,0.0071436668090038,384,0.0017786107071946,4.1090909090909
15597|25404,15597,25404,Escherichia coli,100.0,350,350,0,0,0.999628735845554,0.9794545454545456,0.9790909090909092,460,0.0418181818181818,0.0001207891969765,0.0349462182827227,441,0.005458287132075,4.18181818181818
15597|25404,15597,25404,Escherichia coli,100.0,351,351,0,0,1.0,0.9790909090909092,0.9790909090909092,460,0.0418181818181818,4.287952415138463e-06,0.0048738264383033,95,0.000588165410185,4.18181818181818
15597|25404,15597,25404,Escherichia coli,100.0,352,352,0,0,1.0,0.9790909090909092,0.9790909090909092,460,0.0418181818181818,1.1468621833987667e-05,0.0139391417655992,306,0.0006667307500326,4.18181818181818
15597|25404,15597,25404,Escherichia coli,100.0,353,353,0,0,1.0,0.9790909090909092,0.9790909090909092,460,0.0418181818181818,6.2343884826843166e-06,0.0046489008793895,317,0.0019255512456112,4.18181818181818
15597|25404,15597,25404,Escherichia coli,100.0,354,354,0,0,1.0,0.9790909090909092,0.9790909090909092,460,0.0418181818181818,1.961803899641623e-05,0.0071576565275397,164,0.0038096688237697,4.18181818181818
15597|25404,15597,25404,Escherichia coli,100.0,355,355,0,0,1.0,0.9790909090909092,0.9790909090909092,460,0.0418181818181818,1.81251591357956e-05,0.0066609925438273,34,0.0066328791833464,4.18181818181818
15597|25404,15597,25404,Escherichia coli,100.0,356,356,0,0,1.0,0.9790909090909092,0.9790909090909092,460,0.0418181818181818,3.8070068896445264e-05,0.0152737682238034,30,0.0053031464725805,4.18181818181818
15597|25404,15597,25404,Escherichia coli,100.0,357,357,0,0,0.9999071494893222,0.9790909090909092,0.9790909090909092,461,0.0419090909090909,0.00010505184172,0.0218520216692179,223,0.0736261080271085,4.1909090909090905
15597|25404,15597,25404,Escherichia coli,100.0,358,358,0,0,1.0,0.9790909090909092,0.9790909090909092,460,0.0418181818181818,6.036622734240105e-06,0.0044877260888493,291,0.0048201611939027,4.18181818181818
15597|25404,15597,25404,Escherichia coli,100.0,359,359,0,0,0.9998142989786444,0.9790909090909092,0.9790909090909092,462,0.042,1.0703886362040116e-05,0.006067541120066,255,3.223553958175973e-05,4.2
15597|25404,15597,25404,Escherichia coli,100.0,360,360,0,0,1.0,0.9790909090909092,0.9790909090909092,460,0.0418181818181818,1.0073221400119792e-05,0.0060559252268159,141,0.0020984525514053,4.18181818181818
15597|25404,15597,25404,Escherichia coli,100.0,361,361,0,0,1.0,0.9790909090909092,0.9790909090909092,460,0.0418181818181818,6.350537577248794e-06,0.0082943261056323,119,0.0004914848731296,4.18181818181818
15597|25404,15597,25404,Escherichia coli,100.0,362,362,0,0,1.0,0.9790909090909092,0.9790909090909092,460,0.0418181818181818,6.741126489129279e-05,0.0136967950947049,430,0.0043452716508831,4.18181818181818
15597|25404,15597,25404,Escherichia coli,100.0,363,363,0,0,0.9999071494893222,0.9790909090909092,0.979,462,0.042,2.0250542521416115e-05,0.0233688030964437,441,0.0170403590041114,4.2
15597|25404,15597,25404,Escherichia coli,100.0,364,364,0,0,1.0,0.979,0.979,462,0.042,3.691429821817138e-06,0.0084727567509379,145,0.0025452679058391,4.2
15597|25404,15597,25404,Escherichia coli,100.0,365,365,0,0,1.0,0.979,0.979,462,0.042,1.4429015574579651e-06,0.0017158164904779,121,0.0070089174261684,4.2
15597|25404,15597,25404,Escherichia coli,100.0,366,366,0,0,1.0,0.979,0.979,462,0.042,1.9943461341709323e-05,0.0122049414161902,400,0.0383172918488954,4.2
15597|25404,15597,25404,Escherichia coli,100.0,367,367,0,0,1.0,0.979,0.979,462,0.042,2.111365128576459e-05,0.0092532902511071,359,0.0030180880579486,4.2
15597|25404,15597,25404,Escherichia coli,100.0,368,368,0,0,1.0,0.979,0.979,462,0.042,2.104179984363519e-06,0.0020646738351256,359,0.0013961343436873,4.2
15597|25404,15597,25404,Escherichia coli,100.0,369,369,0,0,1.0,0.979,0.979,462,0.042,2.2386814595876103e-05,0.0106606739396182,354,0.0028486302280636,4.2
15597|25404,15597,25404,Escherichia coli,100.0,370,370,0,0,1.0,0.979,0.979,462,0.042,3.134464454146446e-05,0.0096360872579452,238,0.0001646583620276,4.2
15597|25404,15597,25404,Escherichia coli,100.0,371,371,0,0,1.0,0.979,0.979,462,0.042,1.2414928583392992e-05,0.0120682444865121,209,0.0506867586910054,4.2
15597|25404,15597,25404,Escherichia coli,100.0,372,372,0,0,1.0,0.979,0.979,462,0.042,1.3886005225671738e-05,0.0068789637207999,259,0.0012455009289991,4.2
15597|25404,15597,25404,Escherichia coli,100.0,373,373,0,0,1.0,0.979,0.979,462,0.042,3.6764127356869736e-06,0.0120690633269632,172,0.0003694653362675,4.2
15597|25404,15597,25404,Escherichia coli,100.0,374,374,0,0,1.0,0.979,0.979,462,0.042,1.950489533419919e-05,0.0167058316489822,211,0.0011038127765009,4.2
15597|25404,15597,25404,Escherichia coli,100.0,375,375,0,0,1.0,0.979,0.979,462,0.042,1.136566202941669e-05,0.004898072921109,413,0.0015175158178472,4.2
15597|25404,15597,25404,Escherichia coli,100.0,376,376,0,0,1.0,0.979,0.979,462,0.042,1.4645931356582764e-05,0.0091960376398804,255,0.0035111936746525,4.2
15597|25404,15597,25404,Escherichia coli,100.0,377,377,0,0,1.0,0.979,0.979,462,0.042,5.29057001030786e-06,0.0047474527497443,220,0.0002030664390408,4.2
15597|25404,15597,25404,Escherichia coli,100.0,378,378,0,0,1.0,0.979,0.979,462,0.042,6.2142675509857526e-06,0.006231693853685,285,0.0059512050190606,4.2
15597|25404,15597,25404,Escherichia coli,100.0,379,379,0,0,1.0,0.979,0.979,462,0.042,1.3703658107266923e-05,0.0058472441726846,396,9.180007175579874e-05,4.2
15597|25404,15597,25404,Escherichia coli,100.0,380,380,0,0,1.0,0.979,0.979,462,0.042,8.985901215785574e-06,0.0043132893155094,377,0.0042614162214473,4.2
15597|25404,15597,25404,Escherichia coli,100.0,381,381,0,0,1.0,0.979,0.979,462,0.042,7.644441239729183e-05,0.020643705615531,196,0.000414739950648,4.2
15597|25404,15597,25404,Escherichia coli,100.0,382,382,0,0,1.0,0.979,0.979,462,0.042,3.88343794661683e-05,0.0094209890273127,338,0.0002057355912992,4.2
15597|25404,15597,25404,Escherichia coli,100.0,383,383,0,0,1.0,0.979,0.979,462,0.042,7.88940942797467e-06,0.0072901566411602,192,0.0027242894351989,4.2
15597|25404,15597,25404,Escherichia coli,100.0,384,384,0,0,1.0,0.979,0.979,462,0.042,0.0001240948902242,0.0183525588387772,14,0.0006947369748271,4.2
15597|25404,15597,25404,Escherichia coli,100.0,385,385,0,0,1.0,0.979,0.979,462,0.042,2.2714957345737478e-05,0.0067898779199574,32,0.0009205877410995,4.2
15597|25404,15597,25404,Escherichia coli,100.0,386,386,0,0,1.0,0.979,0.979,462,0.042,3.251297333761727e-05,0.0118793792015416,99,0.0107401697474189,4.2
15597|25404,15597,25404,Escherichia coli,100.0,387,387,0,0,1.0,0.979,0.979,462,0.042,4.532860939043815e-05,0.0176519299904107,462,0.0006390119467016,4.2
15597|25404,15597,25404,Escherichia coli,100.0,388,388,0,0,1.0,0.979,0.979,462,0.042,1.6254419961780897e-05,0.0069414657537085,445,0.0015113062026377,4.2
15597|25404,15597,25404,Escherichia coli,100.0,389,389,0,0,1.0,0.979,0.979,462,0.042,5.54320732093494e-06,0.0035449484498178,112,0.071305847795868,4.2
15597|25404,15597,25404,Escherichia coli,100.0,390,390,0,0,1.0,0.979,0.979,462,0.042,1.3773250064463838e-05,0.0129233268084724,253,0.0042637661831068,4.2
15597|25404,15597,25404,Escherichia coli,100.0,391,391,0,0,1.0,0.979,0.979,462,0.042,8.174120337489654e-06,0.0072343506214812,384,0.0017517123968221,4.2
15597|25404,15597,25404,Escherichia coli,100.0,392,392,0,0,1.0,0.979,0.979,462,0.042,0.0001681723526087,0.0286895641770708,148,0.0311969514713591,4.2
15597|25404,15597,25404,Escherichia coli,100.0,393,393,0,0,1.0,0.979,0.979,462,0.042,0.0001183392022892,0.0159108742193839,125,0.1663944097231257,4.2
15597|25404,15597,25404,Escherichia coli,100.0,394,394,0,0,1.0,0.979,0.979,462,0.042,2.5004916766158125e-05,0.0133934602682871,268,0.0009387588022313,4.2
15597|25404,15597,25404,Escherichia coli,100.0,395,395,0,0,1.0,0.979,0.979,462,0.042,6.588538372320762e-06,0.0066788544823464,97,0.0005075342184499,4.2
15597|25404,15597,25404,Escherichia coli,100.0,396,396,0,0,1.0,0.979,0.979,462,0.042,3.247080340185171e-05,0.0132675983338199,359,0.0001983046066442,4.2
15597|25404,15597,25404,Escherichia coli,100.0,397,397,0,0,1.0,0.979,0.979,462,0.042,5.003518561397247e-05,0.0102695019697616,429,0.0430854460393854,4.2
15597|25404,15597,25404,Escherichia coli,100.0,398,398,0,0,1.0,0.979,0.979,462,0.042,3.547006896020832e-05,0.0096002580810501,293,0.0328881858530341,4.2
15597|25404,15597,25404,Escherichia coli,100.0,399,399,0,0,1.0,0.979,0.979,462,0.042,8.660793403736378e-05,0.0148473587401186,366,0.010002103185226,4.2
15597|25404,15597,25404,Escherichia coli,100.0,400,400,0,0,1.0,0.979,0.979,462,0.042,4.558567525303481e-05,0.0138663123470727,342,0.0236293476425972,4.2
15597|25404,15597,25404,Escherichia coli,100.0,401,401,0,0,1.0,0.979,0.979,462,0.042,0.0001250553475288,0.0169121628177812,393,0.1174878482277175,4.2
15597|25404,15597,25404,Escherichia coli,100.0,402,402,0,0,1.0,0.979,0.979,462,0.042,1.289282772920508e-05,0.0060321016182826,436,0.0003582878107598,4.2
15597|25404,15597,25404,Escherichia coli,100.0,403,403,0,0,1.0,0.979,0.979,462,0.042,0.0002032753618569,0.0230250419579963,331,0.001379768822095,4.2
15597|25404,15597,25404,Escherichia coli,100.0,404,404,0,0,1.0,0.979,0.979,462,0.042,5.819130104889325e-06,0.004108356702266,176,5.607613843938708e-05,4.2
15597|25404,15597,25404,Escherichia coli,100.0,405,405,0,0,1.0,0.979,0.979,462,0.042,4.821591480552723e-05,0.0111748562505368,401,0.0021131378524639,4.2
15597|25404,15597,25404,Escherichia coli,100.0,406,406,0,0,1.0,0.979,0.979,462,0.042,3.825923577283064e-06,0.0034232772387555,78,0.0015945667470138,4.2
15597|25404,15597,25404,Escherichia coli,100.0,407,407,0,0,1.0,0.979,0.979,462,0.042,1.7751634403651018e-05,0.0113824089054924,306,0.0026467652822985,4.2
15597|25404,15597,25404,Escherichia coli,100.0,408,408,0,0,1.0,0.979,0.979,462,0.042,6.201129832095198e-05,0.0160116541971412,151,0.0004084143553853,4.2
15597|25404,15597,25404,Escherichia coli,100.0,409,409,0,0,1.0,0.979,0.979,462,0.042,5.107013407745775e-05,0.0135610268460295,419,0.0021016067605075,4.2
15597|25404,15597,25404,Escherichia coli,100.0,410,410,0,0,1.0,0.979,0.979,462,0.042,4.796710049159714e-06,0.0075066346148075,225,0.0005257337720727,4.2
15597|25404,15597,25404,Escherichia coli,100.0,411,411,0,0,1.0,0.979,0.979,462,0.042,1.305942199492094e-05,0.0052708723932007,157,0.0001344892450024,4.2
15597|25404,15597,25404,Escherichia coli,100.0,412,412,0,0,1.0,0.979,0.979,462,0.042,4.348492751438116e-06,0.0056923893841331,304,0.0002155853966553,4.2
15597|25404,15597,25404,Escherichia coli,100.0,413,413,0,0,1.0,0.979,0.979,462,0.042,3.5813563383779723e-06,0.0026782032328007,371,0.0681782225198919,4.2
15597|25404,15597,25404,Escherichia coli,100.0,414,414,0,0,1.0,0.979,0.979,462,0.042,3.4030265003703875e-06,0.0079146377622376,375,0.0015906337901341,4.2
15597|25404,15597,25404,Escherichia coli,100.0,415,415,0,0,1.0,0.979,0.979,462,0.042,2.3057347549704232e-05,0.0068449808438343,253,0.005295315801486,4.2
15597|25404,15597,25404,Escherichia coli,100.0,416,416,0,0,1.0,0.979,0.979,462,0.042,3.556447669772478e-05,0.0111032295036872,192,0.0015095735582191,4.2
15597|25404,15597,25404,Escherichia coli,100.0,417,417,0,0,1.0,0.979,0.979,462,0.042,4.73477269102851e-06,0.0036215735309304,9,0.0009827884927524,4.2
15707|BAA-999,15707,BAA-999,Bifidobacterium longum,98.97,0,0,0,0,0.9964454976303316,0.9973636363636365,0.9973636363636365,42,0.0038181818181818,3.00738908654008e-06,0.0026455443689334,73,0.1209816766487831,0.38181818181818
15707|BAA-999,15707,BAA-999,Bifidobacterium longum,98.97,69,75,0,0,0.9967245928486944,0.9991818181818182,0.9990909090909093,38,0.0034545454545454,2.829727045128294e-06,0.0023929619528102,91,0.0007901193309942,0.34545454545453996
15707|BAA-999,15707,BAA-999,Bifidobacterium longum,98.97,70,76,0,0,0.9968178925356852,0.9999090909090907,0.9998181818181818,38,0.0034545454545454,3.8029517874793584e-06,0.005337880694722,172,0.0065133335608662,0.34545454545453996
15707|BAA-999,15707,BAA-999,Bifidobacterium longum,98.97,71,77,0,0,0.9959083469721768,0.9998181818181818,0.9985454545454544,63,0.0057272727272727,1.4145551650246446e-05,0.0129981824434792,231,0.002324356618458,0.57272727272727
15707|BAA-999,15707,BAA-999,Bifidobacterium longum,98.97,72,78,0,0,0.9941749340129244,0.9985454545454544,0.9987272727272728,94,0.0085454545454545,1.0073555055445382e-05,0.0108668922793675,179,7.46307786132494e-05,0.8545454545454501
15707|BAA-999,15707,BAA-999,Bifidobacterium longum,98.97,73,79,0,0,0.9858924183125513,0.9987272727272728,0.9985454545454544,184,0.0167272727272727,3.500458847582877e-05,0.0201853694261128,89,0.0060577280642457,1.6727272727272697
15707|BAA-999,15707,BAA-999,Bifidobacterium longum,98.97,74,80,0,0,0.9965407373691396,0.9985454545454544,0.997,86,0.0078181818181818,4.119975739458326e-06,0.0029703262294626,94,0.0015781991166314,0.7818181818181801
15707|BAA-999,15707,BAA-999,Bifidobacterium longum,98.97,75,81,0,0,0.993890763198687,0.9969090909090907,0.9964545454545456,139,0.0126363636363636,2.411272926372554e-05,0.0259691506718751,93,0.0066714172890394,1.2636363636363601
15707|BAA-999,15707,BAA-999,Bifidobacterium longum,98.97,76,82,0,0,0.9997263023446766,0.9964545454545456,0.9964545454545456,81,0.0073636363636363,4.018349429091295e-06,0.0037792398153665,161,0.0091950444132279,0.73636363636363
15707|BAA-999,15707,BAA-999,Bifidobacterium longum,98.97,77,83,0,0,0.998264206102686,0.995,0.9950909090909092,96,0.0087272727272727,4.637525397144238e-06,0.0045207505113713,18,0.0015245681520479,0.87272727272727
15707|BAA-999,15707,BAA-999,Bifidobacterium longum,98.97,78,84,0,0,0.9954387885422368,0.9964545454545456,0.9944545454545456,150,0.0136363636363636,1.4762442329230296e-05,0.0143921180523996,46,0.0256333235797519,1.36363636363636
15707|BAA-999,15707,BAA-999,Bifidobacterium longum,98.97,201,205,0,0,0.9984341899235516,0.987,0.987,303,0.0275454545454545,1.0433585620917007e-05,0.0059031790469889,79,0.0020965976157842,2.75454545454545
15707|BAA-999,15707,BAA-999,Bifidobacterium longum,98.97,202,206,0,0,0.9921716706575796,0.986909090909091,0.987,372,0.0338181818181818,9.211426679311964e-06,0.0058265589957009,165,0.0010935389478163,3.38181818181818
15707|BAA-999,15707,BAA-999,Bifidobacterium longum,98.97,203,207,0,0,0.9785513041897664,1.0,0.9812727272727272,440,0.04,1.7291028076016346e-06,0.0018614185731557,78,0.0025983428184279,4.0
15707|BAA-999,15707,BAA-999,Bifidobacterium longum,98.97,204,208,0,0,0.9955971381397908,0.991,0.9908181818181818,173,0.0157272727272727,5.879773632666563e-05,0.0229576936594084,7,0.001437448188424,1.57272727272727
15707|BAA-999,15707,BAA-999,Bifidobacterium longum,98.97,205,209,0,0,0.9906747120131651,0.9943636363636364,0.9943636363636364,226,0.0205454545454545,7.958828008192143e-06,0.0050274546102147,192,0.0021633305583652,2.05454545454545
15707|BAA-999,15707,BAA-999,Bifidobacterium longum,98.97,206,210,0,0,0.9929661094363752,0.9943636363636364,0.9944545454545456,192,0.0174545454545454,4.979131425164596e-06,0.0039811172420959,173,0.0117293887768342,1.74545454545454
15707|BAA-999,15707,BAA-999,Bifidobacterium longum,98.97,207,211,0,0,0.9950635341438888,0.9944545454545456,0.9942727272727272,178,0.0161818181818181,2.2718004302979544e-05,0.0126466591034907,199,0.0014836449578249,1.61818181818181
17961|17978,17961,17978,Acinetobacter baumannii,97.96,0,0,0,0,0.9904545454545456,0.9999090909090907,1.0,106,0.0096363636363636,7.467547123773954e-06,0.006046191115405,209,0.1308355314687352,0.96363636363636
17961|17978,17961,17978,Acinetobacter baumannii,97.96,1,1,0,0,0.9844601962922572,0.9959090909090909,0.9999090909090907,215,0.0195454545454545,2.042534847634947e-05,0.0157020257814394,71,0.0139963570929022,1.9545454545454501
17961|17978,17961,17978,Acinetobacter baumannii,97.96,2,2,0,0,0.991237677984666,0.9956363636363637,0.9958181818181818,189,0.0171818181818181,0.0001778028259324,0.0412045127547555,171,0.0421001927778375,1.71818181818181
17961|17978,17961,17978,Acinetobacter baumannii,97.96,3,3,0,0,0.9904127100073046,0.9956363636363637,0.9956363636363637,201,0.0182727272727272,4.568377711566818e-06,0.0037082656966186,50,0.0003570506087812,1.82727272727272
17961|17978,17961,17978,Acinetobacter baumannii,97.96,4,4,0,0,0.9879474068663258,0.9956363636363637,0.9956363636363637,228,0.0207272727272727,3.5196055477859645e-06,0.0063988654530254,34,0.0326582112822942,2.0727272727272696
17961|17978,17961,17978,Acinetobacter baumannii,97.96,5,5,0,0,0.9812095697710236,0.8853636363636364,0.8853636363636364,321,0.0291818181818181,3.97219980974306e-06,0.0075406424565377,235,0.0026648574665436,2.91818181818181
17961|17978,17961,17978,Acinetobacter baumannii,97.96,6,6,0,0,0.9867470980714744,0.9945454545454544,0.9944545454545456,240,0.0218181818181818,2.2666622118361342e-05,0.0087510957738054,261,0.0063055160553728,2.18181818181818
17961|17978,17961,17978,Acinetobacter baumannii,97.96,281,282,0,0,0.9888500218627022,0.8316363636363636,0.8313636363636364,276,0.025090909090909,4.347027167672657e-06,0.009475752579466,8,0.0026193259261687,2.5090909090909
17961|17978,17961,17978,Acinetobacter baumannii,97.96,282,283,0,0,0.9853269537480064,0.854909090909091,0.854909090909091,226,0.0205454545454545,2.813342733631874e-05,0.0132603436588026,205,0.0644418229643983,2.05454545454545
17961|19606,17961,19606,Acinetobacter baumannii,99.57,1,1,0,0,0.9848333484697122,0.987909090909091,1.0,300,0.0272727272727272,0.0016061487091136,0.1655874627343024,34,0.0756795840929943,2.72727272727272
17961|19606,17961,19606,Acinetobacter baumannii,99.57,2,2,0,0,0.998160581256323,0.9884545454545456,0.9876363636363636,283,0.0257272727272727,0.0012243287542242,0.1739852235125205,277,0.0291181406585698,2.57272727272727
17961|19606,17961,19606,Acinetobacter baumannii,99.57,3,3,0,0,1.0,0.9884545454545456,0.9884545454545456,254,0.023090909090909,5.152054471269096e-06,0.0067164659413541,235,0.0090427738728692,2.3090909090908998
17961|19606,17961,19606,Acinetobacter baumannii,99.57,4,4,0,0,1.0,0.9884545454545456,0.9884545454545456,254,0.023090909090909,1.973216251749399e-05,0.0074890524417385,111,0.0885757972581882,2.3090909090908998
17961|19606,17961,19606,Acinetobacter baumannii,99.57,5,5,0,0,0.9999080290628162,0.9884545454545456,0.9884545454545456,255,0.0231818181818181,2.7468345412895445e-05,0.0114965172072322,46,0.0013936599577433,2.31818181818181
17961|19606,17961,19606,Acinetobacter baumannii,99.57,6,6,0,0,0.996508315721768,0.9893636363636364,0.9884545454545456,281,0.0255454545454545,1.704353472786746e-05,0.0090573386287057,248,0.0410308590621146,2.55454545454545
17961|19606,17961,19606,Acinetobacter baumannii,99.57,9,9,0,0,0.995746835443038,0.8977272727272727,0.8977272727272727,329,0.0299090909090909,8.335282855942427e-05,0.022361968065746,36,0.0001514086438376,2.99090909090909
17961|19606,17961,19606,Acinetobacter baumannii,99.57,11,11,0,0,0.9848484848484848,0.8399090909090909,0.84,380,0.0345454545454545,2.9408437469680138e-05,0.0076862904350354,77,0.0079185124275444,3.4545454545454497
19112|7644,19112,7644,Listeria monocytogenes,100.0,1,1,0,0,0.9999090909090907,1.0,1.0,1,9.09090909090909e-05,3.902011260770166e-06,0.0034380359404912,38,0.1405548960704797,0.00909090909090909
19112|7644,19112,7644,Listeria monocytogenes,100.0,2,2,0,0,0.9998181818181818,1.0,1.0,2,0.0001818181818181,6.013483172306877e-06,0.0037626046172294,240,0.0445816230060309,0.01818181818181
19112|7644,19112,7644,Listeria monocytogenes,100.0,3,3,0,0,0.9997272727272728,1.0,1.0,3,0.0002727272727272,3.59898553914384e-06,0.0052281989658461,82,0.0047893872300204,0.02727272727272
19112|7644,19112,7644,Listeria monocytogenes,100.0,18,18,0,0,0.9999090909090907,1.0,1.0,1,9.09090909090909e-05,9.105801946907022e-07,0.0013495469843209,26,0.0246118252324918,0.00909090909090909
19112|7644,19112,7644,Listeria monocytogenes,100.0,19,19,0,0,0.9999090909090907,1.0,1.0,1,9.09090909090909e-05,3.042618892279414e-06,0.0025510448341345,161,0.0056061143425614,0.00909090909090909
19112|7644,19112,7644,Listeria monocytogenes,100.0,43,43,0,0,0.9999090909090907,1.0,1.0,1,9.09090909090909e-05,7.94600878051277e-06,0.0040206955936609,174,0.0829392103872347,0.00909090909090909
19112|7644,19112,7644,Listeria monocytogenes,100.0,49,49,0,0,0.9999090909090907,1.0,1.0,1,9.09090909090909e-05,9.10314787994082e-07,0.0013604405345427,84,0.1317580795673707,0.00909090909090909
19112|7644,19112,7644,Listeria monocytogenes,100.0,50,50,0,0,0.9999090909090907,1.0,1.0,1,9.09090909090909e-05,7.229258358609769e-07,0.0012025020131304,269,0.0677456354705696,0.00909090909090909
19112|7644,19112,7644,Listeria monocytogenes,100.0,57,57,0,0,0.9999090909090907,1.0,1.0,1,9.09090909090909e-05,4.9840582067472994e-05,0.0119955327455485,251,0.0103128297952008,0.00909090909090909
19112|7644,19112,7644,Listeria monocytogenes,100.0,60,60,0,0,0.9997272727272728,1.0,1.0,3,0.0002727272727272,2.326713146705295e-06,0.0023634142968396,170,0.0801924157138138,0.02727272727272
19112|7644,19112,7644,Listeria monocytogenes,100.0,61,61,0,0,0.9999090909090907,1.0,1.0,1,9.09090909090909e-05,1.2093978614347025e-05,0.0056093002749764,278,0.0121471701870563,0.00909090909090909
19112|7644,19112,7644,Listeria monocytogenes,100.0,71,71,0,0,0.9999090909090907,1.0,1.0,1,9.09090909090909e-05,3.0766078805699597e-06,0.0025582187004948,15,0.0081157459236894,0.00909090909090909
19112|7644,19112,7644,Listeria monocytogenes,100.0,74,74,0,0,0.9999090909090907,1.0,0.9999090909090907,2,0.0001818181818181,1.3337689419468113e-05,0.0051652990034604,89,0.0151131924610761,0.01818181818181
19112|7644,19112,7644,Listeria monocytogenes,100.0,75,75,0,0,0.9999090826438768,0.9999090909090907,0.9999090909090907,3,0.0002727272727272,1.7799797169537612e-06,0.0019178023857486,28,0.0061163906800121,0.02727272727272
19112|7644,19112,7644,Listeria monocytogenes,100.0,76,76,0,0,1.0,0.9999090909090907,0.9999090909090907,2,0.0001818181818181,7.931533401173141e-07,0.0012699640765288,258,0.0663414002351576,0.01818181818181
19112|7644,19112,7644,Listeria monocytogenes,100.0,77,77,0,0,1.0,0.9999090909090907,0.9999090909090907,2,0.0001818181818181,1.6534236840781702e-06,0.0018186522763557,47,0.0075447877771229,0.01818181818181
19112|7644,19112,7644,Listeria monocytogenes,100.0,78,78,0,0,1.0,0.9999090909090907,0.9999090909090907,2,0.0001818181818181,1.8572406708106115e-06,0.0020773499800401,17,0.0040423124920785,0.01818181818181
19112|7644,19112,7644,Listeria monocytogenes,100.0,79,79,0,0,1.0,0.9999090909090907,0.9999090909090907,2,0.0001818181818181,1.2261977351268882e-06,0.0015692096130047,33,0.0028096667121384,0.01818181818181
19112|7644,19112,7644,Listeria monocytogenes,100.0,80,80,0,0,1.0,0.9999090909090907,0.9999090909090907,2,0.0001818181818181,2.753102263053364e-06,0.0025861890833676,66,0.0286163318922573,0.01818181818181
19112|7644,19112,7644,Listeria monocytogenes,100.0,81,81,0,0,1.0,0.9999090909090907,0.9999090909090907,2,0.0001818181818181,3.394637459241956e-06,0.002835815991279,95,0.0308785368486005,0.01818181818181
19112|7644,19112,7644,Listeria monocytogenes,100.0,82,82,0,0,1.0,0.9999090909090907,0.9999090909090907,2,0.0001818181818181,1.0132045136224122e-06,0.0014348048400926,200,0.067933172270885,0.01818181818181
19112|7644,19112,7644,Listeria monocytogenes,100.0,83,83,0,0,0.9999090826438768,0.9999090909090907,0.9999090909090907,3,0.0002727272727272,7.195417338401455e-06,0.0037980631190204,248,0.0162466418977347,0.02727272727272
19112|7644,19112,7644,Listeria monocytogenes,100.0,84,84,0,0,1.0,0.9999090909090907,0.9999090909090907,2,0.0001818181818181,1.3999461262459434e-06,0.0017474448419529,245,0.0177488744381579,0.01818181818181
19112|7644,19112,7644,Listeria monocytogenes,100.0,85,85,0,0,1.0,0.9999090909090907,0.9999090909090907,2,0.0001818181818181,1.061517385658739e-06,0.0014615074935635,250,0.0053549968632904,0.01818181818181
19112|7644,19112,7644,Listeria monocytogenes,100.0,86,86,0,0,1.0,0.9999090909090907,0.9999090909090907,2,0.0001818181818181,1.4701015024209951e-06,0.0018035008364863,261,0.0209393968044881,0.01818181818181
19112|7644,19112,7644,Listeria monocytogenes,100.0,87,87,0,0,1.0,0.9999090909090907,0.9999090909090907,2,0.0001818181818181,1.909150317169761e-06,0.0020902621213225,123,0.0037772942632228,0.01818181818181
19112|7644,19112,7644,Listeria monocytogenes,100.0,88,88,0,0,1.0,0.9999090909090907,0.9999090909090907,2,0.0001818181818181,1.313324322849141e-06,0.0016801062077739,169,0.0126391069677549,0.01818181818181
19112|7644,19112,7644,Listeria monocytogenes,100.0,89,89,0,0,1.0,0.9999090909090907,0.9999090909090907,2,0.0001818181818181,1.2457219612516113e-06,0.0016345308363216,85,0.0220772941709702,0.01818181818181
19112|7644,19112,7644,Listeria monocytogenes,100.0,90,90,0,0,1.0,0.9999090909090907,0.9999090909090907,2,0.0001818181818181,2.008198441316722e-06,0.0020223795527902,45,0.0235915742731431,0.01818181818181
19112|7644,19112,7644,Listeria monocytogenes,100.0,91,91,0,0,1.0,0.9999090909090907,0.9999090909090907,2,0.0001818181818181,7.007314130058617e-07,0.0011842451002374,210,0.0116891967329403,0.01818181818181
19112|7644,19112,7644,Listeria monocytogenes,100.0,92,92,0,0,1.0,0.9999090909090907,0.9999090909090907,2,0.0001818181818181,1.4498631847326138e-06,0.0017119564912088,281,0.0302397891444767,0.01818181818181
19112|7644,19112,7644,Listeria monocytogenes,100.0,93,93,0,0,1.0,0.9999090909090907,0.9999090909090907,2,0.0001818181818181,1.4373186280058905e-06,0.0018038818758894,24,0.006991395278966,0.01818181818181
19112|7644,19112,7644,Listeria monocytogenes,100.0,94,94,0,0,1.0,0.9999090909090907,0.9999090909090907,2,0.0001818181818181,3.37704332864508e-06,0.0026053522476233,198,0.0044099421982523,0.01818181818181
19112|7644,19112,7644,Listeria monocytogenes,100.0,95,95,0,0,0.9999090826438768,0.9999090909090907,0.9999090909090907,3,0.0002727272727272,3.6823852175293936e-06,0.0031009488305347,26,0.0238518064745765,0.02727272727272
19112|7644,19112,7644,Listeria monocytogenes,100.0,96,96,0,0,0.9998181652877536,0.9999090909090907,0.9998181818181818,5,0.0004545454545454,5.220884235823675e-06,0.0036509768883646,51,0.0053287194415917,0.04545454545454
19112|7644,19112,7644,Listeria monocytogenes,100.0,97,97,0,0,0.9999090826438768,0.9999090909090907,0.9998181818181818,4,0.0003636363636363,1.2125536981155705e-06,0.0015608533455543,19,0.005080981389737,0.036363636363630006
19112|7644,19112,7644,Listeria monocytogenes,100.0,98,98,0,0,0.9999090743771596,0.9998181818181818,0.9998181818181818,5,0.0004545454545454,2.280788801378719e-06,0.0023187258223402,142,0.0249178677819316,0.04545454545454
19112|7644,19112,7644,Listeria monocytogenes,100.0,99,99,0,0,1.0,0.9998181818181818,0.9998181818181818,4,0.0003636363636363,2.1343618210600823e-06,0.002188005002219,140,0.0013981871371151,0.036363636363630006
19112|7644,19112,7644,Listeria monocytogenes,100.0,100,100,0,0,0.999818148754319,0.9998181818181818,0.9998181818181818,6,0.0005454545454545,9.252357834110825e-06,0.0046234311039555,54,0.0040896717237299,0.054545454545450005
19112|7644,19112,7644,Listeria monocytogenes,100.0,101,101,0,0,1.0,0.9998181818181818,0.9998181818181818,4,0.0003636363636363,1.1940020882006408e-06,0.0016113821007082,47,0.0040081026759113,0.036363636363630006
19112|7644,19112,7644,Listeria monocytogenes,100.0,102,102,0,0,1.0,0.9998181818181818,0.9998181818181818,4,0.0003636363636363,1.714847458478275e-06,0.0019601749493612,218,0.0395062408364433,0.036363636363630006
19112|7644,19112,7644,Listeria monocytogenes,100.0,103,103,0,0,0.9999090743771596,0.9998181818181818,0.9998181818181818,5,0.0004545454545454,1.873534963836576e-06,0.001965336184737,12,0.0259368421597856,0.04545454545454
19112|7644,19112,7644,Listeria monocytogenes,100.0,104,104,0,0,1.0,0.9998181818181818,0.9998181818181818,4,0.0003636363636363,2.536581493739476e-06,0.0022529677259127,131,0.0039227991947703,0.036363636363630006
19112|7644,19112,7644,Listeria monocytogenes,100.0,105,105,0,0,1.0,0.9998181818181818,0.9998181818181818,4,0.0003636363636363,3.7550782483464218e-06,0.00274487836272,253,0.0133277146918744,0.036363636363630006
19112|7644,19112,7644,Listeria monocytogenes,100.0,106,106,0,0,1.0,0.9998181818181818,0.9998181818181818,4,0.0003636363636363,2.232207745977988e-06,0.0021782981135248,224,0.0209847529780932,0.036363636363630006
19112|7644,19112,7644,Listeria monocytogenes,100.0,107,107,0,0,1.0,0.9998181818181818,0.9998181818181818,4,0.0003636363636363,3.27808817068842e-06,0.0028046621968908,38,0.0020582008394137,0.036363636363630006
19112|7644,19112,7644,Listeria monocytogenes,100.0,108,108,0,0,1.0,0.9998181818181818,0.9998181818181818,4,0.0003636363636363,2.081493947425628e-06,0.0020485259360983,184,0.0087188088804662,0.036363636363630006
19112|7644,19112,7644,Listeria monocytogenes,100.0,109,109,0,0,0.9999090743771596,0.9998181818181818,0.9998181818181818,5,0.0004545454545454,6.896679473400447e-06,0.0043646754673772,233,0.1159558421391004,0.04545454545454
19112|7644,19112,7644,Listeria monocytogenes,100.0,110,110,0,0,1.0,0.9998181818181818,0.9998181818181818,4,0.0003636363636363,2.374042248676212e-06,0.0023943523637906,42,0.0091134693539415,0.036363636363630006
19118|BAA-751,19118,BAA-751,Listeria monocytogenes,99.45,0,0,0,0,0.998999272197962,0.9992727272727272,0.9992727272727272,13,0.0011818181818181,1.5969191959896989e-06,0.0017881904467244,207,0.0110964515197038,0.11818181818180999
19118|BAA-751,19118,BAA-751,Listeria monocytogenes,99.45,98,98,0,0,0.9981539597563228,0.984909090909091,0.9847272727272728,320,0.029090909090909,8.308255846922741e-05,0.016311185318321,70,0.0186196473118097,2.9090909090909003
19118|BAA-751,19118,BAA-751,Listeria monocytogenes,99.45,99,99,0,0,0.9976039074739655,0.9863636363636364,0.9864545454545456,325,0.0295454545454545,3.630886960548363e-05,0.009049971541189,17,0.0028875488908327,2.95454545454545
19118|BAA-751,19118,BAA-751,Listeria monocytogenes,99.45,100,100,0,0,0.9982488479262672,0.9863636363636364,0.9863636363636364,319,0.029,3.0745067142179394e-05,0.008013557894339,109,0.0070690488433569,2.9000000000000004
19118|BAA-751,19118,BAA-751,Listeria monocytogenes,99.45,101,101,0,0,0.9978801843317971,0.9863636363636364,0.9863636363636364,322,0.0292727272727272,4.043383254659361e-06,0.0055019310865586,82,0.0210584389493908,2.92727272727272
19118|BAA-751,19118,BAA-751,Listeria monocytogenes,99.45,102,102,0,0,0.9922580645161292,0.9862727272727272,0.9863636363636364,385,0.035,5.2254451133215696e-05,0.0104933798742719,18,0.0201611437440046,3.5000000000000004
19118|BAA-751,19118,BAA-751,Listeria monocytogenes,99.45,103,103,0,0,0.9992626048483731,0.9862727272727272,0.9862727272727272,310,0.0281818181818181,1.5316044820190555e-05,0.0056600078480861,267,0.0212990423876519,2.81818181818181
19118|BAA-751,19118,BAA-751,Listeria monocytogenes,99.45,104,104,0,0,0.9986175115207372,0.9863636363636364,0.9862727272727272,316,0.0287272727272727,2.073881589725879e-05,0.0066076712925324,139,0.0008971971170322,2.87272727272727
19118|BAA-751,19118,BAA-751,Listeria monocytogenes,99.45,105,105,0,0,0.9988018433179724,0.9863636363636364,0.9863636363636364,313,0.0284545454545454,3.740979185540283e-05,0.0086526423900691,15,0.0076657449723029,2.84545454545454
19118|BAA-751,19118,BAA-751,Listeria monocytogenes,99.45,106,106,0,0,0.9973271889400922,0.9863636363636364,0.9863636363636364,329,0.0299090909090909,3.131777333331698e-05,0.0092819465083538,74,0.0750385101424664,2.99090909090909
19118|BAA-751,19118,BAA-751,Listeria monocytogenes,99.45,107,107,0,0,0.9975115207373272,0.9862727272727272,0.9863636363636364,328,0.0298181818181818,0.0001615884979203,0.0179792164961454,22,0.0056104451389646,2.9818181818181797
19118|BAA-751,19118,BAA-751,Listeria monocytogenes,99.45,108,108,0,0,0.9983408609088396,0.9862727272727272,0.9862727272727272,320,0.029090909090909,6.291826510185228e-05,0.0114422049028277,194,0.0097317565921124,2.9090909090909003
19430|9150,19430,9150,Salmonella enterica,98.81,455,217,0,0,0.9866285503504242,0.9857272727272728,0.9858181818181818,391,0.0355454545454545,1.0624895705024784e-05,0.0068146097417676,282,0.1144786072600486,3.55454545454545
19433|47077,19433,47077,Enterococcus faecalis,99.02,0,0,0,0,0.9953636363636365,1.0,0.9999090909090907,52,0.0047272727272727,5.257459408491982e-06,0.0042765098128118,134,0.0433402708411144,0.47272727272727
19433|47077,19433,47077,Enterococcus faecalis,99.02,1,1,0,0,0.9854360094665938,0.989,0.9983636363636365,260,0.0236363636363636,9.843716174073869e-06,0.0075180791018983,75,0.0024445807642068,2.36363636363636
19433|47077,19433,47077,Enterococcus faecalis,99.02,2,2,0,0,0.9941165655451368,0.988909090909091,0.9888181818181818,267,0.0242727272727272,0.0001239949892872,0.020374401006991,24,0.0004910280157882,2.42727272727272
19433|47077,19433,47077,Enterococcus faecalis,99.02,159,157,0,0,0.9913178577956496,0.9947272727272728,0.9947272727272728,211,0.0191818181818181,2.0828411660511748e-05,0.0073692249859767,4,0.0103277052666593,1.9181818181818098
19433|47077,19433,47077,Enterococcus faecalis,99.02,224,214,0,0,0.9930690324369282,0.9837272727272728,0.9835454545454544,435,0.0395454545454545,1.6303172639342556e-05,0.0068456173342914,113,0.0087234214970626,3.95454545454545
19433|47077,19433,47077,Enterococcus faecalis,99.02,232,222,0,0,0.9937043795620438,0.9961818181818182,0.9963636363636365,151,0.0137272727272727,1.4473274242865486e-05,0.0057093419986209,12,0.0048218241784232,1.3727272727272701
19433|47077,19433,47077,Enterococcus faecalis,99.02,233,223,0,0,0.9922445255474452,0.9963636363636365,0.9963636363636365,164,0.0149090909090909,1.2535524158030498e-05,0.0053488694270351,35,0.0055570316880352,1.4909090909090899
19433|47077,19433,47077,Enterococcus faecalis,99.02,234,224,0,0,0.995797167656464,0.9949090909090909,0.9949090909090909,127,0.0115454545454545,3.6417119520404384e-05,0.0091424304690152,61,0.0156566162912643,1.1545454545454499
19433|47077,19433,47077,Enterococcus faecalis,99.02,235,225,0,0,0.9901468844083569,0.9964545454545456,0.9963636363636365,187,0.017,4.277035263067219e-06,0.0030114701648071,116,0.0857473334157697,1.7000000000000002
19433|47077,19433,47077,Enterococcus faecalis,99.02,236,226,0,0,0.9906942797190036,0.9963636363636365,0.9963636363636365,182,0.0165454545454545,8.256703635467488e-06,0.005601628337713,109,0.0209121333211882,1.6545454545454499
19433|47077,19433,47077,Enterococcus faecalis,99.02,249,236,0,0,0.9896004378763,0.9965454545454544,0.9965454545454544,190,0.0172727272727272,1.7936055479061963e-05,0.0069708376903175,162,0.0244375969721545,1.72727272727272
19433|47077,19433,47077,Enterococcus faecalis,99.02,250,237,0,0,0.9897828863346104,0.9965454545454544,0.9965454545454544,188,0.017090909090909,4.070848146453532e-05,0.0103370271350119,118,0.0289348733831084,1.7090909090909001
19433|47077,19433,47077,Enterococcus faecalis,99.02,251,238,0,0,0.9895947426067908,0.996,0.996,190,0.0172727272727272,1.1831193423406106e-05,0.0061518127007391,106,0.0079222420357056,1.72727272727272
19433|47077,19433,47077,Enterococcus faecalis,99.02,252,239,0,0,0.9898565292881294,0.9948181818181818,0.9948181818181818,188,0.017090909090909,4.284193256820501e-06,0.0037295340151835,20,0.0340052877450123,1.7090909090909001
19433|47077,19433,47077,Enterococcus faecalis,99.02,253,240,0,0,0.9865826944140196,0.9959090909090909,0.9959090909090909,223,0.0202727272727272,5.0800284948193664e-05,0.0118405396154901,226,0.0058608774417991,2.02727272727272
19433|7080,19433,7080,Enterococcus faecalis,98.98,0,0,0,0,0.9923636363636364,1.0,0.9986363636363637,99,0.009,4.983569073857552e-06,0.004527285419909,44,0.0566091489954477,0.8999999999999999
19433|7080,19433,7080,Enterococcus faecalis,98.98,128,123,0,0,0.9907458310426974,0.9921818181818182,0.9921818181818182,203,0.0184545454545454,6.799122199585561e-06,0.0049243807235724,180,0.0082701517253809,1.8454545454545401
19433|7080,19433,7080,Enterococcus faecalis,98.98,129,124,0,0,0.9866654488994429,0.9951818181818182,0.9951818181818182,246,0.0223636363636363,2.1710264843322055e-05,0.0072784800070364,52,0.0310742182587746,2.23636363636363
19433|7080,19433,7080,Enterococcus faecalis,98.98,187,172,0,0,0.9919184498117366,0.989909090909091,0.9898181818181818,310,0.0281818181818181,4.521747247521191e-06,0.0030485748012537,97,0.0113956520901711,2.81818181818181
19433|7080,19433,7080,Enterococcus faecalis,98.98,248,229,0,0,0.999721577726218,0.9795454545454544,0.9795454545454544,453,0.0411818181818181,8.885801019431483e-06,0.0043213501896841,4,0.0045974746964274,4.11818181818181
19433|7080,19433,7080,Enterococcus faecalis,98.98,249,230,0,0,0.999814385150812,0.9795454545454544,0.9795454545454544,452,0.041090909090909,5.032915161051754e-05,0.0146080692117941,16,0.0545912698388592,4.1090909090909
19433|7080,19433,7080,Enterococcus faecalis,98.98,250,231,0,0,0.9994431554524362,0.9795454545454544,0.9795454545454544,456,0.0414545454545454,1.1877275535532306e-05,0.0142661210295687,235,0.0177636410856116,4.145454545454539
19433|7080,19433,7080,Enterococcus faecalis,98.98,251,232,0,0,0.9994431554524362,0.9795454545454544,0.9795454545454544,456,0.0414545454545454,0.0001265771159806,0.0161880201917621,193,0.044956729265619,4.145454545454539
19433|7080,19433,7080,Enterococcus faecalis,98.98,252,233,0,0,0.999721577726218,0.9795454545454544,0.9795454545454544,453,0.0411818181818181,3.8787185514199685e-05,0.0089192722746541,29,0.0252699346565308,4.11818181818181
19433|7080,19433,7080,Enterococcus faecalis,98.98,253,234,0,0,0.9992576095025985,0.9795454545454544,0.9795454545454544,458,0.0416363636363636,0.0001359371085978,0.0191832914418137,13,0.0267275550934836,4.1636363636363605
19433|7080,19433,7080,Enterococcus faecalis,98.98,255,236,0,0,0.9987006960556843,0.9784545454545456,0.9795454545454544,476,0.0432727272727272,0.0001314572997376,0.0172520503121467,238,0.0053086826020096,4.32727272727272
19433|7080,19433,7080,Enterococcus faecalis,98.98,256,237,0,0,0.9997212673046548,0.9784545454545456,0.9784545454545456,477,0.0433636363636363,3.537806019360268e-05,0.0092092070382695,248,0.0003673628833801,4.33636363636363
19433|7080,19433,7080,Enterococcus faecalis,98.98,257,238,0,0,0.9790451895043732,0.9977272727272728,0.9784545454545456,492,0.0447272727272727,6.296607742861671e-05,0.0126924123407031,72,0.0646554644528933,4.47272727272727
19433|7080,19433,7080,Enterococcus faecalis,98.98,258,239,0,0,0.9998177676537584,0.9977272727272728,0.9977272727272728,52,0.0047272727272727,4.632990834307904e-06,0.0033518438312318,146,0.0054685429125096,0.47272727272727
19433|7080,19433,7080,Enterococcus faecalis,98.98,259,240,0,0,0.9998177676537584,0.9976363636363637,0.9977272727272728,53,0.0048181818181818,2.855550176938948e-05,0.007858231915872,96,0.0717797486335443,0.48181818181818
19433|7080,19433,7080,Enterococcus faecalis,98.98,260,241,0,0,0.9996355020958628,0.9976363636363637,0.9976363636363637,56,0.005090909090909,5.4778369396046855e-06,0.0034584090055741,14,0.0019975413334414,0.5090909090909
19433|7080,19433,7080,Enterococcus faecalis,98.98,261,242,0,0,0.9996355020958628,0.9976363636363637,0.9976363636363637,56,0.005090909090909,5.599826834234989e-06,0.0044648823864801,252,0.0558734600239638,0.5090909090909
19433|7080,19433,7080,Enterococcus faecalis,98.98,262,243,0,0,0.997904137051212,0.9957272727272728,0.9976363636363637,96,0.0087272727272727,3.6080675160699016e-05,0.0087333268706477,72,0.0244447730275795,0.87272727272727
19433|7080,19433,7080,Enterococcus faecalis,98.98,263,244,0,0,0.9719473445301862,1.0,0.9815454545454544,482,0.0438181818181818,2.4132503263163407e-05,0.0070694389723414,123,0.0083487372229095,4.38181818181818
19433|7080,19433,7080,Enterococcus faecalis,98.98,264,245,0,0,0.99870896348211,0.9858181818181818,0.9858181818181818,326,0.0296363636363636,8.986061900806419e-06,0.0048259702542585,19,0.014058473432309,2.96363636363636
19434|35667,19434,35667,Enterococcus faecium,100.0,4,4,0,0,0.9999090909090907,1.0,1.0,1,9.09090909090909e-05,2.4926632731236964e-06,0.0023937997001746,23,0.0179684122582514,0.00909090909090909
19434|35667,19434,35667,Enterococcus faecium,100.0,8,8,0,0,0.9998181818181818,1.0,1.0,2,0.0001818181818181,3.871548011735726e-06,0.0032257674070612,24,0.0019222157814722,0.01818181818181
19434|35667,19434,35667,Enterococcus faecium,100.0,18,18,0,0,0.9999090909090907,1.0,1.0,1,9.09090909090909e-05,1.7432088008639823e-06,0.0018753094493299,153,0.0089178434343185,0.00909090909090909
19434|35667,19434,35667,Enterococcus faecium,100.0,38,38,0,0,0.9998181818181818,1.0,1.0,2,0.0001818181818181,3.3174674501923462e-06,0.0030445233675619,95,0.0030041697300381,0.01818181818181
19434|35667,19434,35667,Enterococcus faecium,100.0,40,40,0,0,0.9999090909090907,1.0,1.0,1,9.09090909090909e-05,4.281868964017832e-05,0.0108182033446318,55,0.0479312420044608,0.00909090909090909
19434|35667,19434,35667,Enterococcus faecium,100.0,43,43,0,0,0.9999090909090907,1.0,1.0,1,9.09090909090909e-05,3.954941225070563e-06,0.003119231418352,40,0.035914319498311,0.00909090909090909
19434|35667,19434,35667,Enterococcus faecium,100.0,54,54,0,0,0.9999090909090907,1.0,1.0,1,9.09090909090909e-05,2.11471371425187e-06,0.0022322832617141,233,0.1194307035070868,0.00909090909090909
19434|35667,19434,35667,Enterococcus faecium,100.0,55,55,0,0,0.9999090909090907,1.0,1.0,1,9.09090909090909e-05,9.545757122531029e-07,0.0013927356963749,178,0.0494240347982557,0.00909090909090909
19434|35667,19434,35667,Enterococcus faecium,100.0,60,60,0,0,0.9999090909090907,1.0,1.0,1,9.09090909090909e-05,8.149731735240806e-06,0.0053414384949821,208,0.0141770378184871,0.00909090909090909
19434|35667,19434,35667,Enterococcus faecium,100.0,62,62,0,0,0.9999090909090907,1.0,1.0,1,9.09090909090909e-05,5.010889311707345e-06,0.0042712463125287,168,0.0098088450577297,0.00909090909090909
19434|35667,19434,35667,Enterococcus faecium,100.0,72,72,0,0,0.9999090909090907,1.0,1.0,1,9.09090909090909e-05,1.8475218532820747e-06,0.0020725781202432,5,0.0080715898200072,0.00909090909090909
19434|35667,19434,35667,Enterococcus faecium,100.0,81,81,0,0,0.9999090909090907,1.0,1.0,1,9.09090909090909e-05,4.052169498502956e-06,0.0034407413953194,191,0.0297101690781227,0.00909090909090909
19615|49399,19615,49399,Streptococcus pyogenes,98.9,0,0,0,0,0.9952727272727272,1.0,1.0,52,0.0047272727272727,5.151634593247856e-06,0.0041852494413117,123,0.0275551197623308,0.47272727272727
19615|49399,19615,49399,Streptococcus pyogenes,98.9,1,1,0,0,0.9984545454545456,1.0,1.0,17,0.0015454545454545,4.590760706468799e-06,0.0038683072744444,107,0.0242893085950057,0.15454545454545002
19615|49399,19615,49399,Streptococcus pyogenes,98.9,2,2,0,0,0.9969090909090907,0.9996363636363635,1.0,38,0.0034545454545454,4.9747944648181885e-06,0.0036801099249922,137,0.1208734701857792,0.34545454545453996
19615|49399,19615,49399,Streptococcus pyogenes,98.9,3,3,0,0,0.9896668276195076,0.9413636363636364,0.9413636363636364,321,0.0291818181818181,6.882116267825644e-05,0.0124883245240153,101,0.0185532035727902,2.91818181818181
19659|6633,19659,6633,Bacillus spizizenii,100.0,16,16,0,0,0.9999090909090907,1.0,1.0,1,9.09090909090909e-05,1.6423842463808569e-06,0.0019467574261202,45,0.1547865781383736,0.00909090909090909
19659|6633,19659,6633,Bacillus spizizenii,100.0,52,52,0,0,0.9998181818181818,0.9998181818181818,1.0,4,0.0003636363636363,1.0163562095266698e-06,0.0014375894033233,400,0.0215054002180486,0.036363636363630006
19659|6633,19659,6633,Bacillus spizizenii,100.0,53,53,0,0,1.0,0.9998181818181818,0.9998181818181818,4,0.0003636363636363,1.6893575307541653e-06,0.0019300369951974,142,0.0384953196230383,0.036363636363630006
19659|6633,19659,6633,Bacillus spizizenii,100.0,54,54,0,0,1.0,0.9998181818181818,0.9998181818181818,4,0.0003636363636363,1.245594674514905e-06,0.0016359772058409,57,0.0016400878362069,0.036363636363630006
19659|6633,19659,6633,Bacillus spizizenii,100.0,55,55,0,0,1.0,0.9998181818181818,0.9998181818181818,4,0.0003636363636363,1.4924530904458777e-06,0.0017870646063036,144,0.0203961218715456,0.036363636363630006
19659|6633,19659,6633,Bacillus spizizenii,100.0,56,56,0,0,1.0,0.9998181818181818,0.9998181818181818,4,0.0003636363636363,1.1268776324291352e-06,0.001534547008383,43,0.0193711268895987,0.036363636363630006
19659|6633,19659,6633,Bacillus spizizenii,100.0,57,57,0,0,1.0,0.9998181818181818,0.9998181818181818,4,0.0003636363636363,1.3147530100177107e-06,0.0016871776668739,176,0.0033189054231359,0.036363636363630006
19659|6633,19659,6633,Bacillus spizizenii,100.0,58,58,0,0,1.0,0.9998181818181818,0.9998181818181818,4,0.0003636363636363,1.934141387383015e-06,0.0020944341872707,173,0.0937267230822539,0.036363636363630006
19659|6633,19659,6633,Bacillus spizizenii,100.0,59,59,0,0,1.0,0.9998181818181818,0.9998181818181818,4,0.0003636363636363,2.3635975680003085e-06,0.0022960705986235,66,0.0091337091831285,0.036363636363630006
19659|6633,19659,6633,Bacillus spizizenii,100.0,60,60,0,0,1.0,0.9998181818181818,0.9998181818181818,4,0.0003636363636363,1.3693484257615296e-06,0.001696874403305,139,0.0049303255716529,0.036363636363630006
19659|6633,19659,6633,Bacillus spizizenii,100.0,61,61,0,0,1.0,0.9998181818181818,0.9998181818181818,4,0.0003636363636363,3.082823584188432e-06,0.0025913349082151,129,0.033605679730387,0.036363636363630006
19659|6633,19659,6633,Bacillus spizizenii,100.0,62,62,0,0,1.0,0.9998181818181818,0.9998181818181818,4,0.0003636363636363,2.1016751634572728e-06,0.0021577088844948,131,0.014849905702905,0.036363636363630006
19659|6633,19659,6633,Bacillus spizizenii,100.0,63,63,0,0,1.0,0.9998181818181818,0.9998181818181818,4,0.0003636363636363,2.081854903135394e-06,0.0021567478409356,155,0.0035430361464701,0.036363636363630006
19659|6633,19659,6633,Bacillus spizizenii,100.0,64,64,0,0,1.0,0.9998181818181818,0.9998181818181818,4,0.0003636363636363,2.1690844721478086e-06,0.0022708419028362,34,0.0093054890500645,0.036363636363630006
19659|6633,19659,6633,Bacillus spizizenii,100.0,65,65,0,0,1.0,0.9998181818181818,0.9998181818181818,4,0.0003636363636363,2.228924752989414e-06,0.002212470578938,71,0.0180833201132457,0.036363636363630006
19659|6633,19659,6633,Bacillus spizizenii,100.0,66,66,0,0,1.0,0.9998181818181818,0.9998181818181818,4,0.0003636363636363,5.977590059158544e-06,0.0034827141759195,382,0.0129377753798294,0.036363636363630006
19659|6633,19659,6633,Bacillus spizizenii,100.0,67,67,0,0,1.0,0.9998181818181818,0.9998181818181818,4,0.0003636363636363,3.1190569009798e-06,0.0028177199738425,21,0.0552801344990905,0.036363636363630006
19659|6633,19659,6633,Bacillus spizizenii,100.0,68,68,0,0,1.0,0.9998181818181818,0.9998181818181818,4,0.0003636363636363,1.936082361098101e-06,0.0020394552941407,352,0.0772175272027957,0.036363636363630006
19659|6633,19659,6633,Bacillus spizizenii,100.0,69,69,0,0,1.0,0.9998181818181818,0.9998181818181818,4,0.0003636363636363,1.3019378517498126e-06,0.001666697746817,139,0.0004073855187872,0.036363636363630006
19659|6633,19659,6633,Bacillus spizizenii,100.0,70,70,0,0,1.0,0.9998181818181818,0.9998181818181818,4,0.0003636363636363,3.568582981339219e-06,0.003306487561858,170,0.0065491116666178,0.036363636363630006
19659|6633,19659,6633,Bacillus spizizenii,100.0,71,71,0,0,1.0,0.9998181818181818,0.9998181818181818,4,0.0003636363636363,2.2332359101984167e-06,0.0023139218365813,138,0.0142338535843943,0.036363636363630006
19659|6633,19659,6633,Bacillus spizizenii,100.0,72,72,0,0,1.0,0.9998181818181818,0.9998181818181818,4,0.0003636363636363,1.9978870696713003e-06,0.0020632057393697,63,0.059867551700711,0.036363636363630006
19659|6633,19659,6633,Bacillus spizizenii,100.0,73,73,0,0,1.0,0.9998181818181818,0.9998181818181818,4,0.0003636363636363,2.160660273142767e-06,0.0020915393734896,192,0.0067913521597413,0.036363636363630006
19659|6633,19659,6633,Bacillus spizizenii,100.0,74,74,0,0,1.0,0.9998181818181818,0.9998181818181818,4,0.0003636363636363,1.904479342451637e-06,0.0020583892036377,351,0.00790050575455,0.036363636363630006
19659|6633,19659,6633,Bacillus spizizenii,100.0,75,75,0,0,1.0,0.9998181818181818,0.9998181818181818,4,0.0003636363636363,7.368799053164565e-07,0.001229646087378,273,0.0223965683290825,0.036363636363630006
19659|6633,19659,6633,Bacillus spizizenii,100.0,76,76,0,0,1.0,0.9998181818181818,0.9998181818181818,4,0.0003636363636363,5.443419792028337e-06,0.0034033306544066,226,0.0267732364514063,0.036363636363630006
19659|6633,19659,6633,Bacillus spizizenii,100.0,77,77,0,0,1.0,0.9998181818181818,0.9998181818181818,4,0.0003636363636363,1.5964739361606917e-06,0.001879886981983,111,0.003841033838025,0.036363636363630006
19659|6633,19659,6633,Bacillus spizizenii,100.0,78,78,0,0,1.0,0.9998181818181818,0.9998181818181818,4,0.0003636363636363,1.090092632050066e-06,0.0015127533468423,354,0.0200072215513236,0.036363636363630006
19659|6633,19659,6633,Bacillus spizizenii,100.0,79,79,0,0,1.0,0.9998181818181818,0.9998181818181818,4,0.0003636363636363,2.142216070755154e-06,0.0021088169629748,94,0.0017396135530373,0.036363636363630006
19659|6633,19659,6633,Bacillus spizizenii,100.0,80,80,0,0,1.0,0.9998181818181818,0.9998181818181818,4,0.0003636363636363,2.8288217169825103e-06,0.0023786502311276,282,0.0174384672745877,0.036363636363630006
19659|6633,19659,6633,Bacillus spizizenii,100.0,81,81,0,0,1.0,0.9998181818181818,0.9998181818181818,4,0.0003636363636363,7.886795660994039e-07,0.001256749311469,338,0.0047394287284816,0.036363636363630006
19659|6633,19659,6633,Bacillus spizizenii,100.0,82,82,0,0,1.0,0.9998181818181818,0.9998181818181818,4,0.0003636363636363,2.5642352786681144e-06,0.0024772096010353,201,0.0298498920389462,0.036363636363630006
19659|6633,19659,6633,Bacillus spizizenii,100.0,83,83,0,0,1.0,0.9998181818181818,0.9998181818181818,4,0.0003636363636363,1.8968469248648037e-06,0.0020908989387686,117,0.0106505091735259,0.036363636363630006
19659|6633,19659,6633,Bacillus spizizenii,100.0,84,84,0,0,1.0,0.9998181818181818,0.9998181818181818,4,0.0003636363636363,2.2832040789122487e-06,0.0022745343149808,232,0.0027746575404227,0.036363636363630006
19659|6633,19659,6633,Bacillus spizizenii,100.0,85,85,0,0,1.0,0.9998181818181818,0.9998181818181818,4,0.0003636363636363,1.1322602030405804e-06,0.001522532038938,39,0.0035414208057625,0.036363636363630006
19659|6633,19659,6633,Bacillus spizizenii,100.0,86,86,0,0,0.9999090743771596,0.9998181818181818,0.9998181818181818,5,0.0004545454545454,2.397473728654731e-06,0.00236688415555,362,0.0784598276708105,0.04545454545454
19659|6633,19659,6633,Bacillus spizizenii,100.0,87,87,0,0,1.0,0.9998181818181818,0.9998181818181818,4,0.0003636363636363,1.0040224763807617e-06,0.0014208033807088,191,0.0168681176975205,0.036363636363630006
19659|6633,19659,6633,Bacillus spizizenii,100.0,88,88,0,0,1.0,0.9998181818181818,0.9998181818181818,4,0.0003636363636363,2.7168140063205115e-06,0.0023829712741476,53,0.0094230434594336,0.036363636363630006
19659|6633,19659,6633,Bacillus spizizenii,100.0,89,89,0,0,1.0,0.9998181818181818,0.9998181818181818,4,0.0003636363636363,2.754757816969544e-06,0.0023854832141447,64,0.0027625260440948,0.036363636363630006
19659|6633,19659,6633,Bacillus spizizenii,100.0,90,90,0,0,1.0,0.9998181818181818,0.9998181818181818,4,0.0003636363636363,1.0171614248655203e-06,0.0014361060530448,324,0.005710131932221,0.036363636363630006
19659|6633,19659,6633,Bacillus spizizenii,100.0,91,91,0,0,1.0,0.9998181818181818,0.9998181818181818,4,0.0003636363636363,2.0600877296272917e-06,0.0020608894385415,391,0.0158286583692447,0.036363636363630006
19659|6633,19659,6633,Bacillus spizizenii,100.0,92,92,0,0,1.0,0.9998181818181818,0.9998181818181818,4,0.0003636363636363,4.464935334125286e-06,0.0041124199642013,194,0.0917890502237106,0.036363636363630006
19659|6633,19659,6633,Bacillus spizizenii,100.0,93,93,0,0,1.0,0.9998181818181818,0.9998181818181818,4,0.0003636363636363,1.9548384242451533e-06,0.0020083657875073,257,0.0176581037868229,0.036363636363630006
19659|6633,19659,6633,Bacillus spizizenii,100.0,94,94,0,0,1.0,0.9998181818181818,0.9998181818181818,4,0.0003636363636363,2.273611197534109e-06,0.0022954268642854,136,0.008216661600175,0.036363636363630006
19659|6633,19659,6633,Bacillus spizizenii,100.0,95,95,0,0,1.0,0.9998181818181818,0.9998181818181818,4,0.0003636363636363,1.846990527631931e-06,0.0019230461418375,111,0.0089665356193848,0.036363636363630006
19659|6633,19659,6633,Bacillus spizizenii,100.0,96,96,0,0,1.0,0.9998181818181818,0.9998181818181818,4,0.0003636363636363,7.008426299304205e-07,0.0012030950600182,221,0.0172176057947117,0.036363636363630006
19659|6633,19659,6633,Bacillus spizizenii,100.0,97,97,0,0,1.0,0.9998181818181818,0.9998181818181818,4,0.0003636363636363,2.009056289331568e-06,0.0020536171639077,279,0.0111845813777655,0.036363636363630006
19659|6633,19659,6633,Bacillus spizizenii,100.0,98,98,0,0,1.0,0.9998181818181818,0.9998181818181818,4,0.0003636363636363,2.8233231411656234e-06,0.0024682799630859,233,0.0180713450191758,0.036363636363630006
19659|6633,19659,6633,Bacillus spizizenii,100.0,99,99,0,0,1.0,0.9998181818181818,0.9998181818181818,4,0.0003636363636363,2.678336834316397e-06,0.0023184699437659,9,0.1159227041599708,0.036363636363630006
19659|6633,19659,6633,Bacillus spizizenii,100.0,100,100,0,0,1.0,0.9998181818181818,0.9998181818181818,4,0.0003636363636363,1.639030569711153e-06,0.0018106088039486,38,0.0050360272294335,0.036363636363630006
19659|6633,19659,6633,Bacillus spizizenii,100.0,101,101,0,0,1.0,0.9998181818181818,0.9998181818181818,4,0.0003636363636363,1.7589135836715286e-06,0.0018783963339696,141,0.0035395971638516,0.036363636363630006
19659|6633,19659,6633,Bacillus spizizenii,100.0,102,102,0,0,1.0,0.9998181818181818,0.9998181818181818,4,0.0003636363636363,2.0672224609885603e-06,0.0021707727683042,49,0.0080443813141013,0.036363636363630006
19659|6633,19659,6633,Bacillus spizizenii,100.0,103,103,0,0,1.0,0.9998181818181818,0.9998181818181818,4,0.0003636363636363,1.826952280570282e-06,0.0019983273951109,292,0.0453311436987189,0.036363636363630006
19659|6633,19659,6633,Bacillus spizizenii,100.0,104,104,0,0,1.0,0.9998181818181818,0.9998181818181818,4,0.0003636363636363,1.2759271117435134e-06,0.0016234892340286,124,0.0208393789258471,0.036363636363630006
19659|6633,19659,6633,Bacillus spizizenii,100.0,105,105,0,0,1.0,0.9998181818181818,0.9998181818181818,4,0.0003636363636363,2.414806195227825e-06,0.0024147897462788,21,0.0343692780361768,0.036363636363630006
19659|6633,19659,6633,Bacillus spizizenii,100.0,106,106,0,0,1.0,0.9998181818181818,0.9998181818181818,4,0.0003636363636363,2.4326915020189688e-06,0.0023873932971676,348,0.0145581448318506,0.036363636363630006
19659|6633,19659,6633,Bacillus spizizenii,100.0,107,107,0,0,1.0,0.9998181818181818,0.9998181818181818,4,0.0003636363636363,2.0693747623257157e-06,0.0021691547510813,179,0.0158505210210523,0.036363636363630006
19659|6633,19659,6633,Bacillus spizizenii,100.0,108,108,0,0,1.0,0.9998181818181818,0.9998181818181818,4,0.0003636363636363,7.461490143523264e-07,0.001226289974624,277,0.0184812446579737,0.036363636363630006
19659|6633,19659,6633,Bacillus spizizenii,100.0,109,109,0,0,1.0,0.9998181818181818,0.9998181818181818,4,0.0003636363636363,8.866334422208411e-07,0.0013322669651744,357,0.0033546643608708,0.036363636363630006
19659|6633,19659,6633,Bacillus spizizenii,100.0,110,110,0,0,1.0,0.9998181818181818,0.9998181818181818,4,0.0003636363636363,1.907679025414666e-06,0.0020869243032793,338,0.0736005546761409,0.036363636363630006
19659|6633,19659,6633,Bacillus spizizenii,100.0,111,111,0,0,1.0,0.9998181818181818,0.9998181818181818,4,0.0003636363636363,2.873478914366956e-06,0.0024117896365054,108,0.0127000142073134,0.036363636363630006
19659|6633,19659,6633,Bacillus spizizenii,100.0,112,112,0,0,1.0,0.9998181818181818,0.9998181818181818,4,0.0003636363636363,2.8302884076403245e-06,0.0026700860005014,198,0.1088039666829587,0.036363636363630006
19659|6633,19659,6633,Bacillus spizizenii,100.0,113,113,0,0,1.0,0.9998181818181818,0.9998181818181818,4,0.0003636363636363,2.012753792079991e-06,0.0021325879557444,314,0.0041755717188297,0.036363636363630006
19659|6633,19659,6633,Bacillus spizizenii,100.0,114,114,0,0,1.0,0.9998181818181818,0.9998181818181818,4,0.0003636363636363,1.8037848170671111e-06,0.0020050044964153,317,0.0302143899706985,0.036363636363630006
19659|6633,19659,6633,Bacillus spizizenii,100.0,115,115,0,0,1.0,0.9998181818181818,0.9998181818181818,4,0.0003636363636363,2.175609687737889e-06,0.0021231950521929,240,0.0034292631559071,0.036363636363630006
19659|6633,19659,6633,Bacillus spizizenii,100.0,116,116,0,0,1.0,0.9998181818181818,0.9998181818181818,4,0.0003636363636363,1.631791285761075e-06,0.0018071107071378,128,0.0011060246768666,0.036363636363630006
19659|6633,19659,6633,Bacillus spizizenii,100.0,117,117,0,0,1.0,0.9998181818181818,0.9998181818181818,4,0.0003636363636363,1.702486514210122e-06,0.0019538591261898,318,0.0103342449668869,0.036363636363630006
19659|6633,19659,6633,Bacillus spizizenii,100.0,118,118,0,0,1.0,0.9998181818181818,0.9998181818181818,4,0.0003636363636363,2.8318985638708938e-06,0.0023979494732611,74,0.0392910952032221,0.036363636363630006
19659|6633,19659,6633,Bacillus spizizenii,100.0,119,119,0,0,1.0,0.9998181818181818,0.9998181818181818,4,0.0003636363636363,2.9197870942132558e-06,0.0024217317099836,137,0.0113150291291004,0.036363636363630006
19659|6633,19659,6633,Bacillus spizizenii,100.0,120,120,0,0,1.0,0.9998181818181818,0.9998181818181818,4,0.0003636363636363,1.7119725174152831e-06,0.0018577395673782,31,0.0014558201106789,0.036363636363630006
19659|6633,19659,6633,Bacillus spizizenii,100.0,121,121,0,0,1.0,0.9998181818181818,0.9998181818181818,4,0.0003636363636363,6.767178949318442e-06,0.0037366779445485,74,0.0071860005979693,0.036363636363630006
19659|6633,19659,6633,Bacillus spizizenii,100.0,122,122,0,0,1.0,0.9998181818181818,0.9998181818181818,4,0.0003636363636363,1.2959284909630495e-06,0.0016870089961819,242,0.0197045263927365,0.036363636363630006
19659|6633,19659,6633,Bacillus spizizenii,100.0,123,123,0,0,1.0,0.9998181818181818,0.9998181818181818,4,0.0003636363636363,1.5221136753229558e-06,0.0018349036489455,331,0.0454811986007211,0.036363636363630006
19659|6633,19659,6633,Bacillus spizizenii,100.0,124,124,0,0,1.0,0.9998181818181818,0.9998181818181818,4,0.0003636363636363,2.246087040247424e-06,0.0023163854057939,87,0.0049876095705572,0.036363636363630006
19659|6633,19659,6633,Bacillus spizizenii,100.0,125,125,0,0,1.0,0.9998181818181818,0.9998181818181818,4,0.0003636363636363,3.283385770158631e-06,0.0030019809046032,187,0.0391223018552018,0.036363636363630006
19659|6633,19659,6633,Bacillus spizizenii,100.0,126,126,0,0,1.0,0.9998181818181818,0.9998181818181818,4,0.0003636363636363,7.992783432886341e-07,0.001268648685843,323,0.0076699077100912,0.036363636363630006
19659|6633,19659,6633,Bacillus spizizenii,100.0,127,127,0,0,1.0,0.9998181818181818,0.9998181818181818,4,0.0003636363636363,4.845942756737109e-06,0.0031384643289946,274,0.0001284764875078,0.036363636363630006
19659|6633,19659,6633,Bacillus spizizenii,100.0,128,128,0,0,1.0,0.9998181818181818,0.9998181818181818,4,0.0003636363636363,5.076926153146921e-06,0.0037826502663787,15,0.0088701000249614,0.036363636363630006
19659|6633,19659,6633,Bacillus spizizenii,100.0,129,129,0,0,1.0,0.9998181818181818,0.9998181818181818,4,0.0003636363636363,1.304133299906418e-06,0.0016701332948638,330,0.0412258225014752,0.036363636363630006
19659|6633,19659,6633,Bacillus spizizenii,100.0,130,130,0,0,1.0,0.9998181818181818,0.9998181818181818,4,0.0003636363636363,1.0289480624203762e-06,0.0014529616647047,153,0.048131598212696,0.036363636363630006
19659|6633,19659,6633,Bacillus spizizenii,100.0,131,131,0,0,1.0,0.9998181818181818,0.9998181818181818,4,0.0003636363636363,3.6133063165966206e-06,0.0030963926028868,182,0.0770763461611485,0.036363636363630006
19659|6633,19659,6633,Bacillus spizizenii,100.0,132,132,0,0,1.0,0.9998181818181818,0.9998181818181818,4,0.0003636363636363,1.3974687574913602e-06,0.0017200988320446,247,0.0122505908647071,0.036363636363630006
19659|6633,19659,6633,Bacillus spizizenii,100.0,133,133,0,0,1.0,0.9998181818181818,0.9998181818181818,4,0.0003636363636363,2.0395424695784925e-06,0.0021471024410411,4,0.0168269222875243,0.036363636363630006
19659|6633,19659,6633,Bacillus spizizenii,100.0,134,134,0,0,1.0,0.9998181818181818,0.9998181818181818,4,0.0003636363636363,2.521581888070834e-06,0.0022859348872515,102,0.0058177387677167,0.036363636363630006
19659|6633,19659,6633,Bacillus spizizenii,100.0,135,135,0,0,1.0,0.9998181818181818,0.9998181818181818,4,0.0003636363636363,2.5934564659158e-06,0.0024647506499354,195,0.0380130517428511,0.036363636363630006
19659|6633,19659,6633,Bacillus spizizenii,100.0,136,136,0,0,1.0,0.9998181818181818,0.9998181818181818,4,0.0003636363636363,1.7386660093876571e-06,0.0019577722220874,245,0.0144571501713715,0.036363636363630006
19659|6633,19659,6633,Bacillus spizizenii,100.0,137,137,0,0,1.0,0.9998181818181818,0.9998181818181818,4,0.0003636363636363,1.3442100298410864e-06,0.001699189114912,45,0.004247791190556,0.036363636363630006
19659|6633,19659,6633,Bacillus spizizenii,100.0,138,138,0,0,1.0,0.9998181818181818,0.9998181818181818,4,0.0003636363636363,1.174995505337506e-06,0.0015340049972406,116,0.0041710394128479,0.036363636363630006
19659|6633,19659,6633,Bacillus spizizenii,100.0,139,139,0,0,1.0,0.9998181818181818,0.9998181818181818,4,0.0003636363636363,2.564803383120484e-06,0.0023801031775768,399,0.0046951156202985,0.036363636363630006
19659|6633,19659,6633,Bacillus spizizenii,100.0,140,140,0,0,1.0,0.9998181818181818,0.9998181818181818,4,0.0003636363636363,1.7181770889385106e-06,0.0019808069474205,77,0.0068300438427044,0.036363636363630006
19659|6633,19659,6633,Bacillus spizizenii,100.0,141,141,0,0,1.0,0.9998181818181818,0.9998181818181818,4,0.0003636363636363,4.124600968546943e-07,0.0009097765233829,242,0.0245346709300953,0.036363636363630006
19659|6633,19659,6633,Bacillus spizizenii,100.0,142,142,0,0,1.0,0.9998181818181818,0.9998181818181818,4,0.0003636363636363,2.6699196802315583e-06,0.0023777209163598,299,0.0202954445959597,0.036363636363630006
19659|6633,19659,6633,Bacillus spizizenii,100.0,143,143,0,0,1.0,0.9998181818181818,0.9998181818181818,4,0.0003636363636363,2.329256974187288e-06,0.0021597562907817,381,0.0016229618067022,0.036363636363630006
19659|6633,19659,6633,Bacillus spizizenii,100.0,144,144,0,0,1.0,0.9998181818181818,0.9998181818181818,4,0.0003636363636363,5.180142834015911e-06,0.0041629359364292,11,0.0327076361474996,0.036363636363630006
19659|6633,19659,6633,Bacillus spizizenii,100.0,145,145,0,0,1.0,0.9998181818181818,0.9998181818181818,4,0.0003636363636363,2.2381254071168755e-06,0.002127053782542,328,0.0064679055299931,0.036363636363630006
19659|6633,19659,6633,Bacillus spizizenii,100.0,146,146,0,0,1.0,0.9998181818181818,0.9998181818181818,4,0.0003636363636363,1.0154672818174504e-06,0.0014340074951672,344,0.0045557854284541,0.036363636363630006
19659|6633,19659,6633,Bacillus spizizenii,100.0,147,147,0,0,0.9994544462629568,0.9998181818181818,0.9998181818181818,10,0.0009090909090909,4.074160924183445e-06,0.0035661261366805,173,0.0021202518527958,0.09090909090909
19659|6633,19659,6633,Bacillus spizizenii,100.0,148,148,0,0,1.0,0.9998181818181818,0.9998181818181818,4,0.0003636363636363,2.158169501331741e-06,0.0022060984347993,273,0.00078320135759,0.036363636363630006
19659|6633,19659,6633,Bacillus spizizenii,100.0,149,149,0,0,1.0,0.9998181818181818,0.9998181818181818,4,0.0003636363636363,5.733474830460494e-07,0.0010737065829679,12,0.0277507423585252,0.036363636363630006
19659|6633,19659,6633,Bacillus spizizenii,100.0,150,150,0,0,1.0,0.9998181818181818,0.9998181818181818,4,0.0003636363636363,1.716715146926617e-06,0.0019067942804683,358,0.0043494750422505,0.036363636363630006
19659|6633,19659,6633,Bacillus spizizenii,100.0,151,151,0,0,1.0,0.9998181818181818,0.9998181818181818,4,0.0003636363636363,2.2919117975694903e-06,0.0023024225394945,113,0.0213075272328979,0.036363636363630006
19659|6633,19659,6633,Bacillus spizizenii,100.0,152,152,0,0,1.0,0.9998181818181818,0.9998181818181818,4,0.0003636363636363,1.0395615912539569e-06,0.0014678827342053,36,0.0333154866647646,0.036363636363630006
19659|6633,19659,6633,Bacillus spizizenii,100.0,153,153,0,0,0.9999090743771596,0.9998181818181818,0.9998181818181818,5,0.0004545454545454,4.766915914999892e-06,0.0032095068561237,353,0.0538856929120633,0.04545454545454
19659|6633,19659,6633,Bacillus spizizenii,100.0,154,154,0,0,1.0,0.9998181818181818,0.9998181818181818,4,0.0003636363636363,2.0514462455434312e-06,0.0021617852303276,363,0.0190444174381946,0.036363636363630006
19659|6633,19659,6633,Bacillus spizizenii,100.0,155,155,0,0,1.0,0.9998181818181818,0.9998181818181818,4,0.0003636363636363,9.36694387498882e-07,0.0013957971369855,306,0.0254142013835709,0.036363636363630006
19659|6633,19659,6633,Bacillus spizizenii,100.0,156,156,0,0,1.0,0.9998181818181818,0.9998181818181818,4,0.0003636363636363,6.649933126379182e-07,0.0011538714617462,345,0.0327942118614452,0.036363636363630006
19659|6633,19659,6633,Bacillus spizizenii,100.0,157,157,0,0,1.0,0.9998181818181818,0.9998181818181818,4,0.0003636363636363,2.891903955859476e-06,0.0026431808856717,265,0.0134776350936541,0.036363636363630006
19659|6633,19659,6633,Bacillus spizizenii,100.0,158,158,0,0,1.0,0.9998181818181818,0.9998181818181818,4,0.0003636363636363,2.7670021471859485e-06,0.0026496889781601,330,0.0210091025322848,0.036363636363630006
19659|6633,19659,6633,Bacillus spizizenii,100.0,159,159,0,0,1.0,0.9998181818181818,0.9998181818181818,4,0.0003636363636363,1.790921426603198e-06,0.0019107610612564,257,0.0836996494981041,0.036363636363630006
19659|6633,19659,6633,Bacillus spizizenii,100.0,160,160,0,0,0.9999090743771596,0.9998181818181818,0.9998181818181818,5,0.0004545454545454,8.456385673261124e-05,0.0193769894277298,299,0.0062709046109974,0.04545454545454
19659|6633,19659,6633,Bacillus spizizenii,100.0,161,161,0,0,1.0,0.9998181818181818,0.9998181818181818,4,0.0003636363636363,3.501629626256886e-07,0.0008372577105316,333,0.061557713354602,0.036363636363630006
19659|6633,19659,6633,Bacillus spizizenii,100.0,162,162,0,0,1.0,0.9998181818181818,0.9998181818181818,4,0.0003636363636363,1.3015137632077511e-06,0.0016150198942767,93,0.0156427949364856,0.036363636363630006
19659|6633,19659,6633,Bacillus spizizenii,100.0,163,163,0,0,1.0,0.9998181818181818,0.9998181818181818,4,0.0003636363636363,6.879246783331183e-07,0.0011741351000312,180,0.1019847397440582,0.036363636363630006
19659|6633,19659,6633,Bacillus spizizenii,100.0,164,164,0,0,1.0,0.9998181818181818,0.9998181818181818,4,0.0003636363636363,2.2992308730263038e-06,0.0023168274688888,49,0.0122818408489076,0.036363636363630006
19659|6633,19659,6633,Bacillus spizizenii,100.0,165,165,0,0,1.0,0.9998181818181818,0.9998181818181818,4,0.0003636363636363,3.212443397404563e-06,0.0031039734097499,190,0.057265666291759,0.036363636363630006
19659|6633,19659,6633,Bacillus spizizenii,100.0,166,166,0,0,1.0,0.9998181818181818,0.9998181818181818,4,0.0003636363636363,2.0381923038215177e-06,0.0020221246476927,159,0.0215979799215627,0.036363636363630006
19659|6633,19659,6633,Bacillus spizizenii,100.0,167,167,0,0,1.0,0.9998181818181818,0.9998181818181818,4,0.0003636363636363,7.968583313200384e-07,0.0012923704074655,88,0.0536125427332669,0.036363636363630006
19659|6633,19659,6633,Bacillus spizizenii,100.0,168,168,0,0,1.0,0.9998181818181818,0.9998181818181818,4,0.0003636363636363,1.119490688372693e-06,0.001542842796568,330,0.0279822275782597,0.036363636363630006
19659|6633,19659,6633,Bacillus spizizenii,100.0,169,169,0,0,1.0,0.9998181818181818,0.9998181818181818,4,0.0003636363636363,1.6498413712984217e-06,0.0019231949319343,151,0.0369442438983216,0.036363636363630006
19659|6633,19659,6633,Bacillus spizizenii,100.0,170,170,0,0,1.0,0.9998181818181818,0.9998181818181818,4,0.0003636363636363,3.6487720990185935e-06,0.0032524526606489,362,0.0103935581636538,0.036363636363630006
19659|6633,19659,6633,Bacillus spizizenii,100.0,171,171,0,0,1.0,0.9998181818181818,0.9998181818181818,4,0.0003636363636363,1.1819006439095503e-06,0.0015618462239257,263,0.0118721006160387,0.036363636363630006
19659|6633,19659,6633,Bacillus spizizenii,100.0,172,172,0,0,1.0,0.9998181818181818,0.9998181818181818,4,0.0003636363636363,1.3402258706163297e-06,0.0016421437383798,354,0.0633854724756299,0.036363636363630006
19659|6633,19659,6633,Bacillus spizizenii,100.0,173,173,0,0,1.0,0.9998181818181818,0.9998181818181818,4,0.0003636363636363,1.505096771658998e-06,0.0018250384970437,135,0.018531854228672,0.036363636363630006
19659|6633,19659,6633,Bacillus spizizenii,100.0,174,174,0,0,1.0,0.9998181818181818,0.9998181818181818,4,0.0003636363636363,1.7170091790585928e-06,0.0019286898561146,282,0.0259252616234478,0.036363636363630006
19659|6633,19659,6633,Bacillus spizizenii,100.0,175,175,0,0,1.0,0.9998181818181818,0.9998181818181818,4,0.0003636363636363,2.053552782044221e-06,0.0020885172156427,26,0.0111078972197781,0.036363636363630006
19659|6633,19659,6633,Bacillus spizizenii,100.0,176,176,0,0,1.0,0.9998181818181818,0.9998181818181818,4,0.0003636363636363,3.728973781758072e-06,0.0028113271643376,230,0.0720954144708193,0.036363636363630006
19659|6633,19659,6633,Bacillus spizizenii,100.0,177,177,0,0,1.0,0.9998181818181818,0.9998181818181818,4,0.0003636363636363,1.2361086143553024e-06,0.0015869525485232,203,0.0039613196893701,0.036363636363630006
19659|6633,19659,6633,Bacillus spizizenii,100.0,178,178,0,0,1.0,0.9998181818181818,0.9998181818181818,4,0.0003636363636363,7.165916421358887e-07,0.0012057954950909,391,0.0894380684228689,0.036363636363630006
19659|6633,19659,6633,Bacillus spizizenii,100.0,179,179,0,0,1.0,0.9998181818181818,0.9998181818181818,4,0.0003636363636363,3.138277673953027e-06,0.0028659048396453,159,0.0848030293542196,0.036363636363630006
19659|6633,19659,6633,Bacillus spizizenii,100.0,180,180,0,0,1.0,0.9998181818181818,0.9998181818181818,4,0.0003636363636363,9.694232920853807e-07,0.0014351550383104,245,0.0572127497548354,0.036363636363630006
19659|6633,19659,6633,Bacillus spizizenii,100.0,181,181,0,0,1.0,0.9998181818181818,0.9998181818181818,4,0.0003636363636363,2.6811920670333222e-06,0.0025177100393083,313,0.0070908434156822,0.036363636363630006
19659|6633,19659,6633,Bacillus spizizenii,100.0,182,182,0,0,1.0,0.9998181818181818,0.9998181818181818,4,0.0003636363636363,1.8655055511462848e-06,0.0020036102652704,282,0.0556219974452967,0.036363636363630006
19659|6633,19659,6633,Bacillus spizizenii,100.0,183,183,0,0,1.0,0.9998181818181818,0.9998181818181818,4,0.0003636363636363,1.7822645304033102e-07,0.0005977539362945,320,0.0317812806447215,0.036363636363630006
19659|6633,19659,6633,Bacillus spizizenii,100.0,184,184,0,0,1.0,0.9998181818181818,0.9998181818181818,4,0.0003636363636363,1.404532657289792e-06,0.0016798484086185,331,0.0058079729447709,0.036363636363630006
19659|6633,19659,6633,Bacillus spizizenii,100.0,185,185,0,0,1.0,0.9998181818181818,0.9998181818181818,4,0.0003636363636363,2.062896773180612e-06,0.0021328199288532,335,0.0068020456271834,0.036363636363630006
19659|6633,19659,6633,Bacillus spizizenii,100.0,186,186,0,0,1.0,0.9998181818181818,0.9998181818181818,4,0.0003636363636363,1.5441845201413784e-06,0.0018202256183818,263,0.0794135875220892,0.036363636363630006
19659|6633,19659,6633,Bacillus spizizenii,100.0,187,187,0,0,1.0,0.9998181818181818,0.9998181818181818,4,0.0003636363636363,1.950551060447836e-06,0.002123855611578,261,0.1652312309142241,0.036363636363630006
19659|6633,19659,6633,Bacillus spizizenii,100.0,188,188,0,0,1.0,0.9998181818181818,0.9998181818181818,4,0.0003636363636363,2.5618183587816645e-06,0.0025425549868617,37,0.0167400512628883,0.036363636363630006
19659|6633,19659,6633,Bacillus spizizenii,100.0,189,189,0,0,1.0,0.9998181818181818,0.9998181818181818,4,0.0003636363636363,2.1488318703299925e-06,0.0022905695472808,38,0.0544220686965968,0.036363636363630006
19659|6633,19659,6633,Bacillus spizizenii,100.0,190,190,0,0,1.0,0.9998181818181818,0.9998181818181818,4,0.0003636363636363,1.0986470534435355e-06,0.0014856248279066,232,0.0005584505195548,0.036363636363630006
19659|6633,19659,6633,Bacillus spizizenii,100.0,191,191,0,0,1.0,0.9998181818181818,0.9998181818181818,4,0.0003636363636363,1.3152527820192716e-06,0.0016285508346136,372,0.0099406422843604,0.036363636363630006
19659|6633,19659,6633,Bacillus spizizenii,100.0,192,192,0,0,1.0,0.9998181818181818,0.9998181818181818,4,0.0003636363636363,1.2889164813234544e-06,0.0016193374561686,215,0.0045295541803634,0.036363636363630006
19659|6633,19659,6633,Bacillus spizizenii,100.0,193,193,0,0,1.0,0.9998181818181818,0.9998181818181818,4,0.0003636363636363,1.543206956999832e-06,0.0017801358020977,383,0.0055703842507321,0.036363636363630006
19659|6633,19659,6633,Bacillus spizizenii,100.0,194,194,0,0,1.0,0.9998181818181818,0.9998181818181818,4,0.0003636363636363,2.956878193405288e-06,0.0026484238222221,27,0.0142935379787566,0.036363636363630006
19659|6633,19659,6633,Bacillus spizizenii,100.0,195,195,0,0,1.0,0.9998181818181818,0.9998181818181818,4,0.0003636363636363,2.089881631861523e-06,0.0022131951865454,312,0.0456226294567583,0.036363636363630006
19659|6633,19659,6633,Bacillus spizizenii,100.0,196,196,0,0,1.0,0.9998181818181818,0.9998181818181818,4,0.0003636363636363,3.246182356919647e-06,0.0028492805957279,357,0.002322925103614,0.036363636363630006
19659|6633,19659,6633,Bacillus spizizenii,100.0,197,197,0,0,1.0,0.9998181818181818,0.9998181818181818,4,0.0003636363636363,3.610639689344275e-06,0.0028449435736993,303,0.0285930045011775,0.036363636363630006
19659|6633,19659,6633,Bacillus spizizenii,100.0,198,198,0,0,1.0,0.9998181818181818,0.9998181818181818,4,0.0003636363636363,1.8901130525161849e-06,0.0019549217673856,47,0.0388437796611653,0.036363636363630006
19659|6633,19659,6633,Bacillus spizizenii,100.0,199,199,0,0,1.0,0.9998181818181818,0.9998181818181818,4,0.0003636363636363,3.851119800057923e-06,0.0027948103621423,244,0.0092056261228292,0.036363636363630006
19659|6633,19659,6633,Bacillus spizizenii,100.0,200,200,0,0,1.0,0.9998181818181818,0.9998181818181818,4,0.0003636363636363,3.660211967515537e-06,0.0031749247245258,330,0.0118534642473877,0.036363636363630006
19659|6633,19659,6633,Bacillus spizizenii,100.0,201,201,0,0,1.0,0.9998181818181818,0.9998181818181818,4,0.0003636363636363,1.2804122088150294e-06,0.0016418406150679,215,0.036004209096108,0.036363636363630006
19659|6633,19659,6633,Bacillus spizizenii,100.0,202,202,0,0,1.0,0.9998181818181818,0.9998181818181818,4,0.0003636363636363,2.93295673625682e-06,0.0024923311104117,112,0.0026888028297507,0.036363636363630006
19659|6633,19659,6633,Bacillus spizizenii,100.0,203,203,0,0,1.0,0.9998181818181818,0.9998181818181818,4,0.0003636363636363,1.1490335269925822e-06,0.0015171552907797,140,0.0407013142988441,0.036363636363630006
19659|6633,19659,6633,Bacillus spizizenii,100.0,204,204,0,0,1.0,0.9998181818181818,0.9998181818181818,4,0.0003636363636363,1.0512752738334186e-06,0.0014774585583703,341,0.0283328152829347,0.036363636363630006
19659|6633,19659,6633,Bacillus spizizenii,100.0,205,205,0,0,1.0,0.9998181818181818,0.9998181818181818,4,0.0003636363636363,1.3030527939994483e-06,0.0016404326918383,191,0.034201858902522,0.036363636363630006
19659|6633,19659,6633,Bacillus spizizenii,100.0,206,206,0,0,0.9843636363636364,1.0,0.9844545454545456,342,0.031090909090909,9.244200272828797e-05,0.0137657782461955,390,0.0001630115693287,3.1090909090909
19659|6633,19659,6633,Bacillus spizizenii,100.0,207,207,0,0,1.0,0.9846363636363636,0.9846363636363636,338,0.0307272727272727,4.1999766805633776e-05,0.0119938198672089,284,0.0702139099974512,3.07272727272727
19659|6633,19659,6633,Bacillus spizizenii,100.0,208,208,0,0,1.0,0.9846363636363636,0.9846363636363636,338,0.0307272727272727,1.92641238497826e-05,0.0062577146721549,256,0.02017778991269,3.07272727272727
19659|6633,19659,6633,Bacillus spizizenii,100.0,209,209,0,0,1.0,0.9846363636363636,0.9846363636363636,338,0.0307272727272727,1.4336941733139597e-05,0.0059251460138243,355,0.0559417243325529,3.07272727272727
19659|6633,19659,6633,Bacillus spizizenii,100.0,210,210,0,0,1.0,0.9846363636363636,0.9846363636363636,338,0.0307272727272727,3.322935093763579e-05,0.0085188577917941,232,0.0101610669082721,3.07272727272727
19659|6633,19659,6633,Bacillus spizizenii,100.0,211,211,0,0,1.0,0.9846363636363636,0.9846363636363636,338,0.0307272727272727,3.411175796552701e-05,0.0088960696170536,153,0.0118445466025129,3.07272727272727
19659|6633,19659,6633,Bacillus spizizenii,100.0,212,212,0,0,1.0,0.9846363636363636,0.9846363636363636,338,0.0307272727272727,3.896538841541286e-05,0.0091289288360036,46,0.0107601669975814,3.07272727272727
19659|6633,19659,6633,Bacillus spizizenii,100.0,213,213,0,0,1.0,0.9846363636363636,0.9846363636363636,338,0.0307272727272727,8.891786241904676e-05,0.0151873955685841,131,0.0198366959697992,3.07272727272727
19659|6633,19659,6633,Bacillus spizizenii,100.0,214,214,0,0,1.0,0.9846363636363636,0.9846363636363636,338,0.0307272727272727,9.044105653355228e-05,0.0135086088446255,2,0.1284175800707172,3.07272727272727
19659|6633,19659,6633,Bacillus spizizenii,100.0,215,215,0,0,1.0,0.9846363636363636,0.9846363636363636,338,0.0307272727272727,6.166746676972146e-06,0.0038559685719468,230,0.0307618437567434,3.07272727272727
19659|6633,19659,6633,Bacillus spizizenii,100.0,216,216,0,0,1.0,0.9846363636363636,0.9846363636363636,338,0.0307272727272727,1.2117965034308398e-05,0.0059733473295599,294,0.0004919923073425,3.07272727272727
19659|6633,19659,6633,Bacillus spizizenii,100.0,217,217,0,0,1.0,0.9846363636363636,0.9846363636363636,338,0.0307272727272727,1.723317014046266e-05,0.0068384062926467,105,0.0167412332179784,3.07272727272727
19659|6633,19659,6633,Bacillus spizizenii,100.0,218,218,0,0,1.0,0.9846363636363636,0.9846363636363636,338,0.0307272727272727,1.3764093404922129e-05,0.0064346097583543,342,0.0286440700692373,3.07272727272727
19659|6633,19659,6633,Bacillus spizizenii,100.0,219,219,0,0,1.0,0.9846363636363636,0.9846363636363636,338,0.0307272727272727,8.338886249159572e-05,0.0134019732834844,267,0.002050466834164,3.07272727272727
19659|6633,19659,6633,Bacillus spizizenii,100.0,220,220,0,0,1.0,0.9846363636363636,0.9846363636363636,338,0.0307272727272727,1.4660362260721094e-05,0.0083157882105522,231,0.0241918634660991,3.07272727272727
19659|6633,19659,6633,Bacillus spizizenii,100.0,221,221,0,0,1.0,0.9846363636363636,0.9846363636363636,338,0.0307272727272727,9.44335171038091e-06,0.0044590597046196,213,0.0043715581919776,3.07272727272727
19659|6633,19659,6633,Bacillus spizizenii,100.0,222,222,0,0,1.0,0.9846363636363636,0.9846363636363636,338,0.0307272727272727,8.14996209752561e-06,0.0080099271507843,167,0.0099918932162833,3.07272727272727
19659|6633,19659,6633,Bacillus spizizenii,100.0,223,223,0,0,1.0,0.9846363636363636,0.9846363636363636,338,0.0307272727272727,3.5082295013477705e-05,0.0107980478497695,121,0.0107623230554323,3.07272727272727
19659|6633,19659,6633,Bacillus spizizenii,100.0,224,224,0,0,1.0,0.9846363636363636,0.9846363636363636,338,0.0307272727272727,3.3711116295132015e-05,0.0099453524419049,349,0.0670791884709471,3.07272727272727
19659|6633,19659,6633,Bacillus spizizenii,100.0,225,225,0,0,1.0,0.9846363636363636,0.9846363636363636,338,0.0307272727272727,8.028224755607383e-05,0.0184686194048972,250,0.0149661421314815,3.07272727272727
19659|6633,19659,6633,Bacillus spizizenii,100.0,226,226,0,0,1.0,0.9846363636363636,0.9846363636363636,338,0.0307272727272727,0.0001630703480707,0.0189913683077027,223,4.480304086040832e-05,3.07272727272727
19659|6633,19659,6633,Bacillus spizizenii,100.0,227,227,0,0,1.0,0.9846363636363636,0.9846363636363636,338,0.0307272727272727,4.571588987734021e-05,0.0096313963409971,175,0.0088909785221535,3.07272727272727
19659|6633,19659,6633,Bacillus spizizenii,100.0,228,228,0,0,1.0,0.9846363636363636,0.9846363636363636,338,0.0307272727272727,5.787017772429515e-06,0.0041405294727254,189,0.0169101407661803,3.07272727272727
19659|6633,19659,6633,Bacillus spizizenii,100.0,229,229,0,0,1.0,0.9846363636363636,0.9846363636363636,338,0.0307272727272727,7.252588712369779e-05,0.0125335990355433,180,0.0330160797234944,3.07272727272727
19659|6633,19659,6633,Bacillus spizizenii,100.0,230,230,0,0,1.0,0.9846363636363636,0.9846363636363636,338,0.0307272727272727,6.067809542709135e-06,0.0034837066494,314,0.04955232306705,3.07272727272727
19659|6633,19659,6633,Bacillus spizizenii,100.0,231,231,0,0,1.0,0.9846363636363636,0.9846363636363636,338,0.0307272727272727,1.967929713408978e-05,0.0063323679228209,89,0.0468025241368066,3.07272727272727
19659|6633,19659,6633,Bacillus spizizenii,100.0,232,232,0,0,1.0,0.9846363636363636,0.9846363636363636,338,0.0307272727272727,0.0002178453580483,0.0222605589698269,241,0.0115316642342614,3.07272727272727
19659|6633,19659,6633,Bacillus spizizenii,100.0,233,233,0,0,1.0,0.9846363636363636,0.9846363636363636,338,0.0307272727272727,9.070138271449755e-06,0.004263652244926,159,0.0802009171078635,3.07272727272727
19659|6633,19659,6633,Bacillus spizizenii,100.0,234,234,0,0,1.0,0.9846363636363636,0.9846363636363636,338,0.0307272727272727,3.81306503078882e-05,0.0090268326931968,380,0.0019120416963073,3.07272727272727
19659|6633,19659,6633,Bacillus spizizenii,100.0,235,235,0,0,1.0,0.9846363636363636,0.9846363636363636,338,0.0307272727272727,2.1030237015939868e-05,0.0100622317785981,294,0.0006255718162013,3.07272727272727
19659|6633,19659,6633,Bacillus spizizenii,100.0,236,236,0,0,1.0,0.9846363636363636,0.9846363636363636,338,0.0307272727272727,2.561781474397229e-05,0.0073284850942672,327,0.0381627253434619,3.07272727272727
19659|6633,19659,6633,Bacillus spizizenii,100.0,237,237,0,0,1.0,0.9846363636363636,0.9846363636363636,338,0.0307272727272727,1.9791098819998965e-05,0.0084594509645254,102,0.0288933188531202,3.07272727272727
19659|6633,19659,6633,Bacillus spizizenii,100.0,238,238,0,0,1.0,0.9846363636363636,0.9846363636363636,338,0.0307272727272727,3.875011519982596e-05,0.0088202458457852,327,0.0062958408500485,3.07272727272727
19659|6633,19659,6633,Bacillus spizizenii,100.0,239,239,0,0,1.0,0.9846363636363636,0.9846363636363636,338,0.0307272727272727,8.594566128006242e-06,0.0108408754544635,100,0.0226660669508365,3.07272727272727
19659|6633,19659,6633,Bacillus spizizenii,100.0,240,240,0,0,1.0,0.9846363636363636,0.9846363636363636,338,0.0307272727272727,5.543170778565809e-05,0.0105914957633726,92,0.0237260943203252,3.07272727272727
19659|6633,19659,6633,Bacillus spizizenii,100.0,241,241,0,0,1.0,0.9846363636363636,0.9846363636363636,338,0.0307272727272727,1.899137335881207e-05,0.0078410860041166,142,0.0081953089148048,3.07272727272727
19659|6633,19659,6633,Bacillus spizizenii,100.0,242,242,0,0,0.9999076724217524,0.9846363636363636,0.9846363636363636,339,0.0308181818181818,4.006342402274044e-06,0.003414122483383,294,0.0318997517976071,3.0818181818181802
19659|6633,19659,6633,Bacillus spizizenii,100.0,243,243,0,0,1.0,0.9846363636363636,0.9846363636363636,338,0.0307272727272727,4.8521835681603065e-05,0.0130721534849725,8,0.0912894807664015,3.07272727272727
19659|6633,19659,6633,Bacillus spizizenii,100.0,244,244,0,0,1.0,0.9846363636363636,0.9846363636363636,338,0.0307272727272727,5.109002582415201e-05,0.010231420941826,269,0.0817444687283438,3.07272727272727
19659|6633,19659,6633,Bacillus spizizenii,100.0,245,245,0,0,1.0,0.9846363636363636,0.9846363636363636,338,0.0307272727272727,9.428728682481236e-06,0.0047042665773076,270,0.0062869337194775,3.07272727272727
19659|6633,19659,6633,Bacillus spizizenii,100.0,246,246,0,0,1.0,0.9846363636363636,0.9846363636363636,338,0.0307272727272727,1.606920378049992e-05,0.0063627394017149,178,0.0531873841367157,3.07272727272727
19659|6633,19659,6633,Bacillus spizizenii,100.0,247,247,0,0,1.0,0.9846363636363636,0.9846363636363636,338,0.0307272727272727,2.859753151018829e-05,0.009658443111904,206,0.070466611366307,3.07272727272727
19659|6633,19659,6633,Bacillus spizizenii,100.0,248,248,0,0,1.0,0.9846363636363636,0.9846363636363636,338,0.0307272727272727,2.2964934792590878e-05,0.0075852538727159,82,0.0137105789568082,3.07272727272727
19659|6633,19659,6633,Bacillus spizizenii,100.0,249,249,0,0,1.0,0.9846363636363636,0.9846363636363636,338,0.0307272727272727,1.2134735770219509e-05,0.0110192614085822,181,0.1191425883818622,3.07272727272727
19659|6633,19659,6633,Bacillus spizizenii,100.0,250,250,0,0,1.0,0.9846363636363636,0.9846363636363636,338,0.0307272727272727,3.52929522318135e-06,0.0026579194638957,251,0.0016857426043491,3.07272727272727
19659|6633,19659,6633,Bacillus spizizenii,100.0,251,251,0,0,1.0,0.9846363636363636,0.9846363636363636,338,0.0307272727272727,1.7032447592990607e-05,0.0102424995611994,17,0.0850989365710411,3.07272727272727
19659|6633,19659,6633,Bacillus spizizenii,100.0,252,252,0,0,1.0,0.9846363636363636,0.9846363636363636,338,0.0307272727272727,9.33103000183566e-05,0.0143326180336841,102,0.0018174722369963,3.07272727272727
19659|6633,19659,6633,Bacillus spizizenii,100.0,253,253,0,0,1.0,0.9846363636363636,0.9846363636363636,338,0.0307272727272727,2.050505456785423e-05,0.0096896233045069,113,0.0023236683282124,3.07272727272727
19659|6633,19659,6633,Bacillus spizizenii,100.0,254,254,0,0,1.0,0.9846363636363636,0.9846363636363636,338,0.0307272727272727,0.0001609914096682,0.0192953690971859,214,0.0123852274966531,3.07272727272727
19659|6633,19659,6633,Bacillus spizizenii,100.0,255,255,0,0,1.0,0.9846363636363636,0.9846363636363636,338,0.0307272727272727,4.633783079011078e-05,0.0125342418166345,239,0.0391930489991919,3.07272727272727
19659|6633,19659,6633,Bacillus spizizenii,100.0,256,256,0,0,1.0,0.9846363636363636,0.9846363636363636,338,0.0307272727272727,4.349575284168239e-06,0.0055435798346103,176,0.0158551496396361,3.07272727272727
19659|6633,19659,6633,Bacillus spizizenii,100.0,257,257,0,0,1.0,0.9846363636363636,0.9846363636363636,338,0.0307272727272727,3.469163496472305e-05,0.0102506361665344,171,0.0833698811059286,3.07272727272727
19659|6633,19659,6633,Bacillus spizizenii,100.0,258,258,0,0,1.0,0.9846363636363636,0.9846363636363636,338,0.0307272727272727,2.231652874451484e-05,0.0074746663492735,189,0.0418125340989818,3.07272727272727
19659|6633,19659,6633,Bacillus spizizenii,100.0,259,259,0,0,1.0,0.9846363636363636,0.9846363636363636,338,0.0307272727272727,6.348378021492351e-06,0.0039786716345839,42,0.006066711795261,3.07272727272727
19659|6633,19659,6633,Bacillus spizizenii,100.0,260,260,0,0,1.0,0.9846363636363636,0.9846363636363636,338,0.0307272727272727,7.754260498271659e-05,0.015843344638012,153,0.0172097553195034,3.07272727272727
19659|6633,19659,6633,Bacillus spizizenii,100.0,261,261,0,0,0.9998153618906942,0.9846363636363636,0.9847272727272728,339,0.0308181818181818,3.01411085735781e-05,0.0086278531947703,190,0.0558112454643944,3.0818181818181802
19659|6633,19659,6633,Bacillus spizizenii,100.0,262,262,0,0,1.0,0.9847272727272728,0.9847272727272728,336,0.0305454545454545,2.125507229111534e-05,0.0071406776256329,148,0.005209937645646,3.0545454545454502
19659|6633,19659,6633,Bacillus spizizenii,100.0,263,263,0,0,1.0,0.9847272727272728,0.9847272727272728,336,0.0305454545454545,8.854576804218084e-06,0.0056356966960886,152,0.0026188850318671,3.0545454545454502
19659|6633,19659,6633,Bacillus spizizenii,100.0,264,264,0,0,1.0,0.9847272727272728,0.9847272727272728,336,0.0305454545454545,8.624863059969456e-06,0.0055587917651917,268,0.0458215112011394,3.0545454545454502
19659|6633,19659,6633,Bacillus spizizenii,100.0,265,265,0,0,1.0,0.9847272727272728,0.9847272727272728,336,0.0305454545454545,4.404839638039171e-05,0.0104641787266754,10,0.0455973187025945,3.0545454545454502
19659|6633,19659,6633,Bacillus spizizenii,100.0,266,266,0,0,1.0,0.9847272727272728,0.9847272727272728,336,0.0305454545454545,5.98889604019881e-06,0.0042832138105621,29,0.0477308705538886,3.0545454545454502
19659|6633,19659,6633,Bacillus spizizenii,100.0,267,267,0,0,1.0,0.9847272727272728,0.9847272727272728,336,0.0305454545454545,4.513078268675308e-05,0.0105087977468906,212,0.0113814420852899,3.0545454545454502
19659|6633,19659,6633,Bacillus spizizenii,100.0,268,268,0,0,1.0,0.9847272727272728,0.9847272727272728,336,0.0305454545454545,3.726061818531967e-06,0.003366289506584,304,0.0087048623488064,3.0545454545454502
19659|6633,19659,6633,Bacillus spizizenii,100.0,269,269,0,0,1.0,0.9847272727272728,0.9847272727272728,336,0.0305454545454545,2.993531389861026e-05,0.0130718539495963,288,0.047790255547491,3.0545454545454502
19659|6633,19659,6633,Bacillus spizizenii,100.0,270,270,0,0,1.0,0.9847272727272728,0.9847272727272728,336,0.0305454545454545,0.0001245967935947,0.0159839770935458,305,0.0045593863657618,3.0545454545454502
19659|6633,19659,6633,Bacillus spizizenii,100.0,271,271,0,0,1.0,0.9847272727272728,0.9847272727272728,336,0.0305454545454545,1.3434146982627126e-05,0.0058396290779513,348,0.0565535632265241,3.0545454545454502
19659|6633,19659,6633,Bacillus spizizenii,100.0,272,272,0,0,1.0,0.9847272727272728,0.9847272727272728,336,0.0305454545454545,5.257690631754741e-06,0.003261835306299,214,0.0634637622178422,3.0545454545454502
19659|6633,19659,6633,Bacillus spizizenii,100.0,273,273,0,0,1.0,0.9847272727272728,0.9847272727272728,336,0.0305454545454545,5.821623817903188e-06,0.0034775514191452,130,0.0349769175637183,3.0545454545454502
19659|6633,19659,6633,Bacillus spizizenii,100.0,274,274,0,0,1.0,0.9847272727272728,0.9847272727272728,336,0.0305454545454545,1.6719007235321826e-05,0.0058019967062098,3,0.0278781905286107,3.0545454545454502
19659|6633,19659,6633,Bacillus spizizenii,100.0,275,275,0,0,1.0,0.9847272727272728,0.9847272727272728,336,0.0305454545454545,1.6831908318026834e-05,0.0074277012623395,31,0.01061864337014,3.0545454545454502
19659|6633,19659,6633,Bacillus spizizenii,100.0,276,276,0,0,1.0,0.9847272727272728,0.9847272727272728,336,0.0305454545454545,4.904211684531035e-06,0.0038442008255283,237,0.0055422192085217,3.0545454545454502
19659|6633,19659,6633,Bacillus spizizenii,100.0,277,277,0,0,1.0,0.9847272727272728,0.9847272727272728,336,0.0305454545454545,4.115187772812945e-05,0.0092429322305359,5,0.0104385847320118,3.0545454545454502
19659|6633,19659,6633,Bacillus spizizenii,100.0,278,278,0,0,1.0,0.9847272727272728,0.9847272727272728,336,0.0305454545454545,1.2884262886814213e-05,0.0050957799443388,138,0.0412186283500439,3.0545454545454502
19659|6633,19659,6633,Bacillus spizizenii,100.0,279,279,0,0,1.0,0.9847272727272728,0.9847272727272728,336,0.0305454545454545,2.028607614201761e-05,0.0066057737604454,219,0.0057220340950219,3.0545454545454502
19659|6633,19659,6633,Bacillus spizizenii,100.0,280,280,0,0,1.0,0.9847272727272728,0.9847272727272728,336,0.0305454545454545,2.273899180105232e-05,0.0071078179061742,73,0.0516401286411136,3.0545454545454502
19659|6633,19659,6633,Bacillus spizizenii,100.0,281,281,0,0,1.0,0.9847272727272728,0.9847272727272728,336,0.0305454545454545,0.0001410503203962,0.0214642744049742,217,0.0311492004738164,3.0545454545454502
19659|6633,19659,6633,Bacillus spizizenii,100.0,282,282,0,0,1.0,0.9847272727272728,0.9847272727272728,336,0.0305454545454545,2.5156002614434847e-05,0.0071282697489749,326,0.0349965733617861,3.0545454545454502
19659|6633,19659,6633,Bacillus spizizenii,100.0,283,283,0,0,1.0,0.9847272727272728,0.9847272727272728,336,0.0305454545454545,9.349949977255356e-06,0.004324446749667,353,0.0810245395737156,3.0545454545454502
19659|6633,19659,6633,Bacillus spizizenii,100.0,284,284,0,0,1.0,0.9847272727272728,0.9847272727272728,336,0.0305454545454545,9.516311384938358e-05,0.0155977829705737,371,0.0394699948855012,3.0545454545454502
19659|6633,19659,6633,Bacillus spizizenii,100.0,285,285,0,0,1.0,0.9847272727272728,0.9847272727272728,336,0.0305454545454545,9.999521285553035e-06,0.0047061135505624,195,0.0580077344410909,3.0545454545454502
19659|6633,19659,6633,Bacillus spizizenii,100.0,286,286,0,0,1.0,0.9847272727272728,0.9847272727272728,336,0.0305454545454545,7.595875262733642e-05,0.0124030849507609,330,0.0116904352178892,3.0545454545454502
19659|6633,19659,6633,Bacillus spizizenii,100.0,287,287,0,0,1.0,0.9847272727272728,0.9847272727272728,336,0.0305454545454545,3.5502247343499604e-05,0.0085018070171223,396,0.1083606084526296,3.0545454545454502
19659|6633,19659,6633,Bacillus spizizenii,100.0,288,288,0,0,1.0,0.9847272727272728,0.9847272727272728,336,0.0305454545454545,2.919382934507553e-06,0.0024179873596757,234,0.002373168659277,3.0545454545454502
19659|6633,19659,6633,Bacillus spizizenii,100.0,289,289,0,0,1.0,0.9847272727272728,0.9847272727272728,336,0.0305454545454545,6.974658075087348e-05,0.0119584172400163,81,0.0016030556342598,3.0545454545454502
19659|6633,19659,6633,Bacillus spizizenii,100.0,290,290,0,0,1.0,0.9847272727272728,0.9847272727272728,336,0.0305454545454545,4.319504275485109e-05,0.0101496711220463,160,0.0004773946106177,3.0545454545454502
19659|6633,19659,6633,Bacillus spizizenii,100.0,291,291,0,0,1.0,0.9847272727272728,0.9847272727272728,336,0.0305454545454545,1.3018179001456076e-05,0.0064889664935917,113,0.0362875060424607,3.0545454545454502
19659|6633,19659,6633,Bacillus spizizenii,100.0,292,292,0,0,1.0,0.9847272727272728,0.9847272727272728,336,0.0305454545454545,1.3734101360185493e-05,0.0066747900588504,260,0.010718611085589,3.0545454545454502
19659|6633,19659,6633,Bacillus spizizenii,100.0,293,293,0,0,1.0,0.9847272727272728,0.9847272727272728,336,0.0305454545454545,7.970724102190907e-06,0.0040230700502896,147,0.0031045223424081,3.0545454545454502
19659|6633,19659,6633,Bacillus spizizenii,100.0,294,294,0,0,1.0,0.9847272727272728,0.9847272727272728,336,0.0305454545454545,6.795663217240566e-05,0.0133506907085879,372,0.0069248761800277,3.0545454545454502
19659|6633,19659,6633,Bacillus spizizenii,100.0,295,295,0,0,1.0,0.9847272727272728,0.9847272727272728,336,0.0305454545454545,2.890119861098661e-05,0.0091934549307023,75,0.0046299071687058,3.0545454545454502
19659|6633,19659,6633,Bacillus spizizenii,100.0,296,296,0,0,1.0,0.9847272727272728,0.9847272727272728,336,0.0305454545454545,9.341821094022151e-06,0.0046053606245401,147,0.0105939157363839,3.0545454545454502
19659|6633,19659,6633,Bacillus spizizenii,100.0,297,297,0,0,1.0,0.9847272727272728,0.9847272727272728,336,0.0305454545454545,1.5060355418761162e-05,0.0067477335633705,81,0.0637836510864924,3.0545454545454502
19659|6633,19659,6633,Bacillus spizizenii,100.0,298,298,0,0,1.0,0.9847272727272728,0.9847272727272728,336,0.0305454545454545,3.846446946220716e-05,0.009153084771839,344,0.0016509860333162,3.0545454545454502
19659|6633,19659,6633,Bacillus spizizenii,100.0,299,299,0,0,1.0,0.9847272727272728,0.9847272727272728,336,0.0305454545454545,3.505587002239352e-06,0.0031936840789837,113,0.0141911009562181,3.0545454545454502
19659|6633,19659,6633,Bacillus spizizenii,100.0,300,300,0,0,1.0,0.9847272727272728,0.9847272727272728,336,0.0305454545454545,1.4162426992925248e-05,0.0053226327221541,335,0.0144048465883328,3.0545454545454502
19659|6633,19659,6633,Bacillus spizizenii,100.0,301,301,0,0,1.0,0.9847272727272728,0.9847272727272728,336,0.0305454545454545,2.0491666621880175e-05,0.0088136350340888,365,0.0028481523458012,3.0545454545454502
19659|6633,19659,6633,Bacillus spizizenii,100.0,302,302,0,0,1.0,0.9847272727272728,0.9847272727272728,336,0.0305454545454545,3.5407926251784794e-05,0.0084397959000904,88,0.0375989314942118,3.0545454545454502
19659|6633,19659,6633,Bacillus spizizenii,100.0,303,303,0,0,1.0,0.9847272727272728,0.9847272727272728,336,0.0305454545454545,7.3866840557546e-06,0.0075391161655851,263,0.0106395019439828,3.0545454545454502
19659|6633,19659,6633,Bacillus spizizenii,100.0,304,304,0,0,1.0,0.9847272727272728,0.9847272727272728,336,0.0305454545454545,2.1491636979398265e-05,0.007127472158183,164,0.0181991301790652,3.0545454545454502
19659|6633,19659,6633,Bacillus spizizenii,100.0,305,305,0,0,1.0,0.9847272727272728,0.9847272727272728,336,0.0305454545454545,2.1433932443915005e-05,0.0066323660484847,130,0.0891856154257745,3.0545454545454502
19659|6633,19659,6633,Bacillus spizizenii,100.0,306,306,0,0,1.0,0.9847272727272728,0.9847272727272728,336,0.0305454545454545,4.27271674108276e-06,0.0058577531675755,361,0.0018270639841928,3.0545454545454502
19659|6633,19659,6633,Bacillus spizizenii,100.0,307,307,0,0,1.0,0.9847272727272728,0.9847272727272728,336,0.0305454545454545,9.54312279753955e-05,0.0146401735354007,134,0.0037154045820457,3.0545454545454502
19659|6633,19659,6633,Bacillus spizizenii,100.0,308,308,0,0,1.0,0.9847272727272728,0.9847272727272728,336,0.0305454545454545,3.500535434897145e-05,0.0083749011867039,197,0.0074058984705547,3.0545454545454502
19659|6633,19659,6633,Bacillus spizizenii,100.0,309,309,0,0,1.0,0.9847272727272728,0.9847272727272728,336,0.0305454545454545,1.4145013035982146e-05,0.0055511758539508,11,0.0195098153185313,3.0545454545454502
19659|6633,19659,6633,Bacillus spizizenii,100.0,310,310,0,0,1.0,0.9847272727272728,0.9847272727272728,336,0.0305454545454545,5.943749451398084e-06,0.0047704823331,363,0.0537320332056512,3.0545454545454502
19659|6633,19659,6633,Bacillus spizizenii,100.0,311,311,0,0,1.0,0.9847272727272728,0.9847272727272728,336,0.0305454545454545,4.694827023965509e-05,0.0098789103652287,310,0.0446717657505079,3.0545454545454502
19659|6633,19659,6633,Bacillus spizizenii,100.0,312,312,0,0,1.0,0.9847272727272728,0.9847272727272728,336,0.0305454545454545,3.3332017562504035e-05,0.0081933823871243,186,0.0422554856078486,3.0545454545454502
19659|6633,19659,6633,Bacillus spizizenii,100.0,313,313,0,0,1.0,0.9847272727272728,0.9847272727272728,336,0.0305454545454545,2.8388746480700888e-05,0.0094842685200277,3,0.1355370106967766,3.0545454545454502
19659|6633,19659,6633,Bacillus spizizenii,100.0,314,314,0,0,1.0,0.9847272727272728,0.9847272727272728,336,0.0305454545454545,5.6174022041166616e-05,0.0105997000115465,212,0.0079429433578266,3.0545454545454502
19659|6633,19659,6633,Bacillus spizizenii,100.0,315,315,0,0,1.0,0.9847272727272728,0.9847272727272728,336,0.0305454545454545,1.789709331667666e-05,0.0084157482908803,198,0.0084042826084478,3.0545454545454502
19659|6633,19659,6633,Bacillus spizizenii,100.0,316,316,0,0,1.0,0.9847272727272728,0.9847272727272728,336,0.0305454545454545,2.0152748703150536e-05,0.00861022503025,26,0.0315811333656185,3.0545454545454502
19659|6633,19659,6633,Bacillus spizizenii,100.0,317,317,0,0,1.0,0.9847272727272728,0.9847272727272728,336,0.0305454545454545,2.279723971321257e-05,0.0087006068805707,60,0.0168436200452064,3.0545454545454502
19659|6633,19659,6633,Bacillus spizizenii,100.0,318,318,0,0,1.0,0.9847272727272728,0.9847272727272728,336,0.0305454545454545,1.973541004685053e-05,0.0082451032768563,257,0.014177053475985,3.0545454545454502
19659|6633,19659,6633,Bacillus spizizenii,100.0,319,319,0,0,1.0,0.9847272727272728,0.9847272727272728,336,0.0305454545454545,0.0001005296832082,0.0147534383131702,156,0.0113961246921523,3.0545454545454502
19659|6633,19659,6633,Bacillus spizizenii,100.0,320,320,0,0,1.0,0.9847272727272728,0.9847272727272728,336,0.0305454545454545,2.2061576790521897e-05,0.0068271860017924,357,0.0022880057741174,3.0545454545454502
19659|6633,19659,6633,Bacillus spizizenii,100.0,321,321,0,0,1.0,0.9847272727272728,0.9847272727272728,336,0.0305454545454545,1.6804073348142268e-05,0.006436523903305,42,0.0057483276702265,3.0545454545454502
19659|6633,19659,6633,Bacillus spizizenii,100.0,322,322,0,0,1.0,0.9847272727272728,0.9847272727272728,336,0.0305454545454545,8.911558515123374e-06,0.0042512542218673,361,0.0070816517855156,3.0545454545454502
19659|6633,19659,6633,Bacillus spizizenii,100.0,323,323,0,0,1.0,0.9847272727272728,0.9847272727272728,336,0.0305454545454545,4.907632618500468e-05,0.0116787597388019,34,0.0036898122151194,3.0545454545454502
19659|6633,19659,6633,Bacillus spizizenii,100.0,324,324,0,0,1.0,0.9847272727272728,0.9847272727272728,336,0.0305454545454545,8.505414937620692e-05,0.0134686500697308,79,0.002767329503177,3.0545454545454502
19659|6633,19659,6633,Bacillus spizizenii,100.0,325,325,0,0,1.0,0.9847272727272728,0.9847272727272728,336,0.0305454545454545,1.5819939417460738e-05,0.0084879925161453,222,0.0141978574581174,3.0545454545454502
19659|6633,19659,6633,Bacillus spizizenii,100.0,326,326,0,0,1.0,0.9847272727272728,0.9847272727272728,336,0.0305454545454545,5.379272546934821e-05,0.0103750486150789,324,0.0214516655324593,3.0545454545454502
19659|6633,19659,6633,Bacillus spizizenii,100.0,327,327,0,0,1.0,0.9847272727272728,0.9847272727272728,336,0.0305454545454545,3.025302996462198e-05,0.0080620761898216,204,0.0084188660626578,3.0545454545454502
19659|6633,19659,6633,Bacillus spizizenii,100.0,328,328,0,0,0.9998153618906942,0.9847272727272728,0.9847272727272728,338,0.0307272727272727,5.111261617385399e-05,0.0135100122908318,29,0.0607700511293695,3.07272727272727
19659|6633,19659,6633,Bacillus spizizenii,100.0,329,329,0,0,1.0,0.9847272727272728,0.9847272727272728,336,0.0305454545454545,4.155553725682104e-06,0.0068468037250051,18,0.053809488738984,3.0545454545454502
19659|6633,19659,6633,Bacillus spizizenii,100.0,330,330,0,0,1.0,0.9847272727272728,0.9847272727272728,336,0.0305454545454545,2.2148304558045066e-05,0.0066556059889013,226,0.0015166898466212,3.0545454545454502
19659|6633,19659,6633,Bacillus spizizenii,100.0,331,331,0,0,1.0,0.9847272727272728,0.9847272727272728,336,0.0305454545454545,2.8421217916685396e-05,0.0075490268275807,187,0.0863816993424001,3.0545454545454502
19659|6633,19659,6633,Bacillus spizizenii,100.0,332,332,0,0,0.9999076809453472,0.9847272727272728,0.9847272727272728,337,0.0306363636363636,8.90586842459129e-05,0.0144375977538423,167,0.0248639520155631,3.06363636363636
19659|6633,19659,6633,Bacillus spizizenii,100.0,333,333,0,0,1.0,0.9847272727272728,0.9847272727272728,336,0.0305454545454545,1.1311979147832218e-05,0.0047890184923263,389,0.0008438363488707,3.0545454545454502
19659|6633,19659,6633,Bacillus spizizenii,100.0,334,334,0,0,1.0,0.9847272727272728,0.9847272727272728,336,0.0305454545454545,3.110265730332795e-05,0.0085277725264197,100,0.0114708217520259,3.0545454545454502
19659|6633,19659,6633,Bacillus spizizenii,100.0,335,335,0,0,1.0,0.9847272727272728,0.9847272727272728,336,0.0305454545454545,1.799815512304459e-05,0.0063014249988892,146,0.0020958715062995,3.0545454545454502
19659|6633,19659,6633,Bacillus spizizenii,100.0,336,336,0,0,1.0,0.9847272727272728,0.9847272727272728,336,0.0305454545454545,9.228699626717685e-06,0.0052284521391306,279,0.0117613835473082,3.0545454545454502
19659|6633,19659,6633,Bacillus spizizenii,100.0,337,337,0,0,1.0,0.9847272727272728,0.9847272727272728,336,0.0305454545454545,4.340375504596761e-05,0.0093171479566364,227,0.0041641011502093,3.0545454545454502
19659|6633,19659,6633,Bacillus spizizenii,100.0,338,338,0,0,1.0,0.9847272727272728,0.9847272727272728,336,0.0305454545454545,5.016584442785188e-05,0.0106304093273864,104,0.0065983353361717,3.0545454545454502
19659|6633,19659,6633,Bacillus spizizenii,100.0,339,339,0,0,1.0,0.9847272727272728,0.9847272727272728,336,0.0305454545454545,7.268161508200421e-06,0.004255610675306,49,0.0026847321661525,3.0545454545454502
19659|6633,19659,6633,Bacillus spizizenii,100.0,340,340,0,0,1.0,0.9847272727272728,0.9847272727272728,336,0.0305454545454545,0.0001229293637312,0.0191277567775119,277,0.0071554275879281,3.0545454545454502
19659|6633,19659,6633,Bacillus spizizenii,100.0,341,341,0,0,1.0,0.9847272727272728,0.9847272727272728,336,0.0305454545454545,6.603877467870056e-06,0.0041711225763446,4,0.0447651366372858,3.0545454545454502
19659|6633,19659,6633,Bacillus spizizenii,100.0,342,342,0,0,1.0,0.9847272727272728,0.9847272727272728,336,0.0305454545454545,0.0001232350000659,0.0159198991297276,351,0.0186526522328324,3.0545454545454502
19659|6633,19659,6633,Bacillus spizizenii,100.0,343,343,0,0,1.0,0.9847272727272728,0.9847272727272728,336,0.0305454545454545,2.9145995139145956e-05,0.0085144023395531,20,0.0346991241107369,3.0545454545454502
19659|6633,19659,6633,Bacillus spizizenii,100.0,344,344,0,0,1.0,0.9847272727272728,0.9847272727272728,336,0.0305454545454545,7.896322572253922e-06,0.0043884551223326,239,0.0057773455517229,3.0545454545454502
19659|6633,19659,6633,Bacillus spizizenii,100.0,345,345,0,0,1.0,0.9847272727272728,0.9847272727272728,336,0.0305454545454545,1.294001115370591e-05,0.005239348868701,223,0.0319182775869004,3.0545454545454502
19659|6633,19659,6633,Bacillus spizizenii,100.0,346,346,0,0,1.0,0.9847272727272728,0.9847272727272728,336,0.0305454545454545,1.1739847521341495e-05,0.0078841089616616,278,0.1071935053943565,3.0545454545454502
19659|6633,19659,6633,Bacillus spizizenii,100.0,347,347,0,0,0.9999076894673682,0.9847272727272728,0.9848181818181818,336,0.0305454545454545,2.571465934830819e-05,0.00801414483259,237,0.0553252056241697,3.0545454545454502
19659|6633,19659,6633,Bacillus spizizenii,100.0,348,348,0,0,0.9999076894673682,0.9847272727272728,0.9848181818181818,336,0.0305454545454545,0.0001021944962866,0.0145249702640692,123,0.0069639412282611,3.0545454545454502
19659|6633,19659,6633,Bacillus spizizenii,100.0,349,349,0,0,1.0,0.9848181818181818,0.9848181818181818,334,0.0303636363636363,0.0001489325089991,0.0173628220329636,120,0.0392544177295313,3.03636363636363
19659|6633,19659,6633,Bacillus spizizenii,100.0,350,350,0,0,1.0,0.9848181818181818,0.9848181818181818,334,0.0303636363636363,1.34496933945627e-05,0.0076207730501185,206,0.0247177678964175,3.03636363636363
19659|6633,19659,6633,Bacillus spizizenii,100.0,351,351,0,0,1.0,0.9848181818181818,0.9848181818181818,334,0.0303636363636363,0.0001067593747774,0.0149262640969456,62,0.0487682017725905,3.03636363636363
19659|6633,19659,6633,Bacillus spizizenii,100.0,352,352,0,0,1.0,0.9848181818181818,0.9848181818181818,334,0.0303636363636363,2.619125728298144e-05,0.0079493512388326,259,0.0221054643823647,3.03636363636363
19659|6633,19659,6633,Bacillus spizizenii,100.0,353,353,0,0,1.0,0.9848181818181818,0.9848181818181818,334,0.0303636363636363,0.0001537697858771,0.0186420095358248,185,0.0544481703153413,3.03636363636363
19659|6633,19659,6633,Bacillus spizizenii,100.0,354,354,0,0,1.0,0.9848181818181818,0.9848181818181818,334,0.0303636363636363,2.1667569033989587e-05,0.0103080307905306,103,0.0118993295911855,3.03636363636363
19659|6633,19659,6633,Bacillus spizizenii,100.0,355,355,0,0,1.0,0.9848181818181818,0.9848181818181818,334,0.0303636363636363,3.21965705092353e-05,0.0087464724455047,309,0.1013540870488312,3.03636363636363
19659|6633,19659,6633,Bacillus spizizenii,100.0,356,356,0,0,1.0,0.9848181818181818,0.9848181818181818,334,0.0303636363636363,1.897538268069709e-05,0.0062899538279538,25,0.0058678696654929,3.03636363636363
19659|6633,19659,6633,Bacillus spizizenii,100.0,357,357,0,0,1.0,0.9848181818181818,0.9848181818181818,334,0.0303636363636363,5.249065686141474e-05,0.010400937189827,381,0.0031201544449599,3.03636363636363
19659|6633,19659,6633,Bacillus spizizenii,100.0,358,358,0,0,1.0,0.9848181818181818,0.9848181818181818,334,0.0303636363636363,1.4525962183875585e-05,0.0056817801192933,250,0.003863848804489,3.03636363636363
19659|6633,19659,6633,Bacillus spizizenii,100.0,359,359,0,0,1.0,0.9848181818181818,0.9848181818181818,334,0.0303636363636363,3.518292708815096e-05,0.0085462642230511,284,0.0229051913685663,3.03636363636363
19659|6633,19659,6633,Bacillus spizizenii,100.0,360,360,0,0,1.0,0.9848181818181818,0.9848181818181818,334,0.0303636363636363,9.293812458843751e-06,0.0057987677903359,203,0.0959549050457131,3.03636363636363
19659|6633,19659,6633,Bacillus spizizenii,100.0,361,361,0,0,1.0,0.9848181818181818,0.9848181818181818,334,0.0303636363636363,2.752476610479171e-05,0.0074816058111162,372,0.0095312282243555,3.03636363636363
19659|6633,19659,6633,Bacillus spizizenii,100.0,362,362,0,0,1.0,0.9848181818181818,0.9848181818181818,334,0.0303636363636363,4.979891318745988e-05,0.0121472859522193,271,0.0007360746551736,3.03636363636363
19659|6633,19659,6633,Bacillus spizizenii,100.0,363,363,0,0,1.0,0.9848181818181818,0.9848181818181818,334,0.0303636363636363,8.801206241582094e-06,0.0079182950506164,191,0.0136991889114748,3.03636363636363
19659|6633,19659,6633,Bacillus spizizenii,100.0,364,364,0,0,1.0,0.9848181818181818,0.9848181818181818,334,0.0303636363636363,9.805368442861171e-06,0.0076105138121215,318,0.0031043356717943,3.03636363636363
19659|6633,19659,6633,Bacillus spizizenii,100.0,365,365,0,0,1.0,0.9848181818181818,0.9848181818181818,334,0.0303636363636363,1.9917280856152075e-05,0.006380003388304,313,0.018223647651526,3.03636363636363
19659|6633,19659,6633,Bacillus spizizenii,100.0,366,366,0,0,1.0,0.9848181818181818,0.9848181818181818,334,0.0303636363636363,0.0001382393043147,0.0166340622985545,168,0.1704729107345259,3.03636363636363
19659|6633,19659,6633,Bacillus spizizenii,100.0,367,367,0,0,1.0,0.9848181818181818,0.9848181818181818,334,0.0303636363636363,9.621043062679746e-05,0.0152765335481095,296,0.0027182154447136,3.03636363636363
19659|6633,19659,6633,Bacillus spizizenii,100.0,368,368,0,0,1.0,0.9848181818181818,0.9848181818181818,334,0.0303636363636363,3.6187099718421045e-05,0.0112076748543266,261,0.0383180650043379,3.03636363636363
19659|6633,19659,6633,Bacillus spizizenii,100.0,369,369,0,0,0.9999076894673682,0.9848181818181818,0.9848181818181818,335,0.0304545454545454,9.686028183986116e-05,0.0139325535919676,327,0.0039030736998932,3.04545454545454
19659|6633,19659,6633,Bacillus spizizenii,100.0,370,370,0,0,1.0,0.9848181818181818,0.9848181818181818,334,0.0303636363636363,3.351676396701197e-05,0.0082059757324978,25,0.0172642833174447,3.03636363636363
19659|6633,19659,6633,Bacillus spizizenii,100.0,371,371,0,0,1.0,0.9848181818181818,0.9848181818181818,334,0.0303636363636363,9.296626704236031e-06,0.0043321555919936,369,0.0057919994319257,3.03636363636363
19659|6633,19659,6633,Bacillus spizizenii,100.0,372,372,0,0,1.0,0.9848181818181818,0.9848181818181818,334,0.0303636363636363,3.18618698951223e-05,0.0090145062448202,264,0.0024693971279501,3.03636363636363
19659|6633,19659,6633,Bacillus spizizenii,100.0,373,373,0,0,1.0,0.9848181818181818,0.9848181818181818,334,0.0303636363636363,2.55449574100286e-05,0.0071490605727562,44,0.0004573032571019,3.03636363636363
19659|6633,19659,6633,Bacillus spizizenii,100.0,374,374,0,0,1.0,0.9848181818181818,0.9848181818181818,334,0.0303636363636363,1.776230036543147e-05,0.0059681855439208,260,0.0244760460851076,3.03636363636363
19659|6633,19659,6633,Bacillus spizizenii,100.0,375,375,0,0,1.0,0.9848181818181818,0.9848181818181818,334,0.0303636363636363,2.479635120777868e-05,0.007693215118054,21,0.0035349238852135,3.03636363636363
19659|6633,19659,6633,Bacillus spizizenii,100.0,376,376,0,0,1.0,0.9848181818181818,0.9848181818181818,334,0.0303636363636363,1.41621014539961e-05,0.0059043853749362,320,0.0101353762280179,3.03636363636363
19659|6633,19659,6633,Bacillus spizizenii,100.0,377,377,0,0,1.0,0.9848181818181818,0.9848181818181818,334,0.0303636363636363,1.5979881238914473e-05,0.0057718211847421,215,0.0040319534301358,3.03636363636363
19659|6633,19659,6633,Bacillus spizizenii,100.0,378,378,0,0,1.0,0.9848181818181818,0.9848181818181818,334,0.0303636363636363,1.5058487369379314e-05,0.0057013909038871,31,0.0039929233226743,3.03636363636363
19659|6633,19659,6633,Bacillus spizizenii,100.0,379,379,0,0,1.0,0.9848181818181818,0.9848181818181818,334,0.0303636363636363,1.1090528392321277e-05,0.0081405508628102,15,0.026558924867813,3.03636363636363
19659|6633,19659,6633,Bacillus spizizenii,100.0,380,380,0,0,1.0,0.9848181818181818,0.9848181818181818,334,0.0303636363636363,5.710011572701568e-05,0.0108528691255186,65,0.0034122681050586,3.03636363636363
19659|6633,19659,6633,Bacillus spizizenii,100.0,381,381,0,0,1.0,0.9848181818181818,0.9848181818181818,334,0.0303636363636363,2.0435952237107813e-05,0.0064158446652989,396,0.0455834370628003,3.03636363636363
19659|6633,19659,6633,Bacillus spizizenii,100.0,382,382,0,0,1.0,0.9848181818181818,0.9848181818181818,334,0.0303636363636363,1.4284486826054987e-05,0.0093939512099344,13,0.076184965010706,3.03636363636363
19659|6633,19659,6633,Bacillus spizizenii,100.0,383,383,0,0,1.0,0.9848181818181818,0.9848181818181818,334,0.0303636363636363,1.2218556272314274e-05,0.0049605192953431,149,0.0379081816512454,3.03636363636363
19659|6633,19659,6633,Bacillus spizizenii,100.0,384,384,0,0,1.0,0.9848181818181818,0.9848181818181818,334,0.0303636363636363,1.044205986200364e-05,0.0067726160712223,373,0.0384330899156607,3.03636363636363
19659|6633,19659,6633,Bacillus spizizenii,100.0,385,385,0,0,1.0,0.9848181818181818,0.9848181818181818,334,0.0303636363636363,8.059088642542456e-06,0.0040421744314125,264,0.0526564893267589,3.03636363636363
19659|6633,19659,6633,Bacillus spizizenii,100.0,386,386,0,0,1.0,0.9848181818181818,0.9848181818181818,334,0.0303636363636363,1.534025530192107e-05,0.0070846457459938,216,0.0152881903300605,3.03636363636363
19659|6633,19659,6633,Bacillus spizizenii,100.0,387,387,0,0,1.0,0.9848181818181818,0.9848181818181818,334,0.0303636363636363,0.0001100049100246,0.0148417455896144,370,0.0001739219901543,3.03636363636363
19659|6633,19659,6633,Bacillus spizizenii,100.0,388,388,0,0,1.0,0.9848181818181818,0.9848181818181818,334,0.0303636363636363,1.5635129761548683e-05,0.0074075699238999,86,0.0263845274589528,3.03636363636363
19659|6633,19659,6633,Bacillus spizizenii,100.0,389,389,0,0,1.0,0.9848181818181818,0.9848181818181818,334,0.0303636363636363,8.634324031975282e-06,0.0046151060434408,369,0.0034152376120871,3.03636363636363
19659|6633,19659,6633,Bacillus spizizenii,100.0,390,390,0,0,1.0,0.9848181818181818,0.9848181818181818,334,0.0303636363636363,5.766120149042209e-05,0.0107842271244823,189,0.0979179177710806,3.03636363636363
19659|6633,19659,6633,Bacillus spizizenii,100.0,391,391,0,0,1.0,0.9848181818181818,0.9848181818181818,334,0.0303636363636363,1.3161282023888e-05,0.0078056248158565,141,0.029466727967398,3.03636363636363
19659|6633,19659,6633,Bacillus spizizenii,100.0,392,392,0,0,0.9999076894673682,0.9848181818181818,0.9848181818181818,335,0.0304545454545454,7.199856494266577e-05,0.0120145329278944,236,0.0144932565698402,3.04545454545454
19659|6633,19659,6633,Bacillus spizizenii,100.0,393,393,0,0,1.0,0.9848181818181818,0.9848181818181818,334,0.0303636363636363,0.0001062797787925,0.0148348733005442,389,0.008230829368494,3.03636363636363
19659|6633,19659,6633,Bacillus spizizenii,100.0,394,394,0,0,1.0,0.9848181818181818,0.9848181818181818,334,0.0303636363636363,2.8840666924434544e-05,0.0087940450383785,81,0.0054962390702949,3.03636363636363
19659|6633,19659,6633,Bacillus spizizenii,100.0,395,395,0,0,1.0,0.9848181818181818,0.9848181818181818,334,0.0303636363636363,1.876408777246041e-05,0.0099914612848212,103,0.0267779777209199,3.03636363636363
19659|6633,19659,6633,Bacillus spizizenii,100.0,396,396,0,0,1.0,0.9848181818181818,0.9848181818181818,334,0.0303636363636363,9.168778744794714e-05,0.0135924564449543,297,0.2218460952557763,3.03636363636363
19659|6633,19659,6633,Bacillus spizizenii,100.0,397,397,0,0,0.9995386602694224,0.9848181818181818,0.9852727272727272,334,0.0303636363636363,0.0001260960296614,0.0180178304107697,367,0.0468254589272575,3.03636363636363
19659|6633,19659,6633,Bacillus spizizenii,100.0,398,398,0,0,1.0,0.9852727272727272,0.9852727272727272,324,0.0294545454545454,2.3809325484513977e-05,0.0117165472302516,340,0.0004389072976367,2.94545454545454
19659|6633,19659,6633,Bacillus spizizenii,100.0,399,399,0,0,1.0,0.9852727272727272,0.9852727272727272,324,0.0294545454545454,9.801407149123698e-06,0.005224836724882,137,0.0116061957276721,2.94545454545454
19659|6633,19659,6633,Bacillus spizizenii,100.0,400,400,0,0,1.0,0.9852727272727272,0.9852727272727272,324,0.0294545454545454,7.182617641898759e-05,0.0120079763590209,164,0.0330361776421328,2.94545454545454
19659|6633,19659,6633,Bacillus spizizenii,100.0,401,401,0,0,1.0,0.9852727272727272,0.9852727272727272,324,0.0294545454545454,2.3001738776229352e-05,0.0067889851369567,120,0.0274325291051971,2.94545454545454
19659|6633,19659,6633,Bacillus spizizenii,100.0,402,402,0,0,1.0,0.9852727272727272,0.9852727272727272,324,0.0294545454545454,9.423540922481877e-06,0.0044040449298712,126,0.0059041847489482,2.94545454545454
19659|6633,19659,6633,Bacillus spizizenii,100.0,403,403,0,0,1.0,0.9852727272727272,0.9852727272727272,324,0.0294545454545454,5.9885273093085445e-05,0.0115424911654444,70,0.0130887141023696,2.94545454545454
21100|35659,21100,35659,Proteus mirabilis,99.13,0,0,0,0,0.9963636363636365,1.0,1.0,40,0.0036363636363636,1.846329638555133e-05,0.0086625311307332,186,0.0130465171449948,0.36363636363636
21100|35659,21100,35659,Proteus mirabilis,99.13,4,4,0,0,0.9913228099326132,0.9848181818181818,0.9848181818181818,427,0.0388181818181818,8.75305425432904e-05,0.0198107360127246,210,0.014273137239942,3.88181818181818
21100|35659,21100,35659,Proteus mirabilis,99.13,91,89,0,0,0.9979770114942528,0.9886363636363636,0.9885454545454544,273,0.0248181818181818,1.909338056216292e-05,0.006557733897686,20,0.0445509434655668,2.4818181818181797
21100|35659,21100,35659,Proteus mirabilis,99.13,154,156,0,0,0.9969325153374232,0.978,0.978,516,0.0469090909090909,9.144920749326602e-06,0.0092215732227451,178,0.0054962168029774,4.69090909090909
21100|35659,21100,35659,Proteus mirabilis,99.13,156,158,0,0,0.9956344046070964,0.9781818181818182,0.9785454545454544,523,0.0475454545454545,6.783678803856663e-05,0.0129685795646693,330,0.0042184635235916,4.75454545454545
21100|35659,21100,35659,Proteus mirabilis,99.13,225,232,0,0,0.99806647638339,0.9873636363636364,0.9873636363636364,299,0.0271818181818181,3.072874828213834e-05,0.0089568213477053,137,0.0101197643080059,2.71818181818181
21100|35659,21100,35659,Proteus mirabilis,99.13,226,233,0,0,0.9955731808540071,0.9857272727272728,0.9856363636363636,325,0.0295454545454545,2.716751289888464e-05,0.0117187043647491,338,0.0017416922151843,2.95454545454545
21100|35659,21100,35659,Proteus mirabilis,99.13,227,234,0,0,0.9964095010127048,0.9873636363636364,0.9874545454545456,316,0.0287272727272727,1.5062036760937758e-05,0.0095505411032599,26,0.014632485336035,2.87272727272727
21100|35659,21100,35659,Proteus mirabilis,99.13,228,235,0,0,0.9970536782984992,0.9873636363636364,0.9873636363636364,310,0.0281818181818181,1.622042009130631e-05,0.0057006463158047,303,0.000413436370828,2.81818181818181
21100|35659,21100,35659,Proteus mirabilis,99.13,229,236,0,0,0.9948439370223736,0.9873636363636364,0.9873636363636364,334,0.0303636363636363,6.0414980178613575e-06,0.0057708283247319,212,0.0053686543919141,3.03636363636363
21100|35659,21100,35659,Proteus mirabilis,99.13,266,278,0,0,0.9991755221692928,0.9923636363636364,0.9922727272727272,178,0.0161818181818181,6.6838773367106086e-06,0.0045946373623842,219,0.013539499154327,1.61818181818181
21100|35659,21100,35659,Proteus mirabilis,99.13,338,342,0,0,0.9948467838409863,0.987909090909091,0.987909090909091,322,0.0292727272727272,6.545011248060284e-05,0.012283607671775,119,0.0036121411860317,2.92727272727272
21100|35659,21100,35659,Proteus mirabilis,99.13,340,344,0,0,0.9927222478120682,0.9867272727272728,0.9864545454545456,374,0.034,0.0001604085228218,0.0256915981005709,146,0.0066481635784978,3.4000000000000004
21100|35659,21100,35659,Proteus mirabilis,99.13,341,345,0,0,0.9979734708916728,0.986909090909091,0.9867272727272728,312,0.0283636363636363,5.662742043166524e-05,0.0106551892600638,76,0.0366297171891326,2.8363636363636298
21100|35659,21100,35659,Proteus mirabilis,99.13,342,346,0,0,0.9965920604218476,0.987,0.9868181818181818,325,0.0295454545454545,0.0001991309129895,0.0200383124205893,235,0.0218228328388834,2.95454545454545
21100|35659,21100,35659,Proteus mirabilis,99.13,343,347,0,0,0.9980657640232108,0.987,0.987,307,0.0279090909090909,4.818933336692144e-05,0.0099947005547931,227,0.0368346827504678,2.79090909090909
21100|35659,21100,35659,Proteus mirabilis,99.13,344,348,0,0,0.9934610425492724,0.9841818181818182,0.987,388,0.0352727272727272,2.145580470735986e-05,0.0109198380586715,75,0.0031497606198231,3.52727272727272
21100|35659,21100,35659,Proteus mirabilis,99.13,345,349,0,0,0.9958433401071496,0.9841818181818182,0.9841818181818182,393,0.0357272727272727,1.7421035274800545e-05,0.006578909862089,248,0.0177776127901299,3.5727272727272696
21100|35659,21100,35659,Proteus mirabilis,99.13,346,350,0,0,0.996119733924612,0.984,0.984,390,0.0354545454545454,5.131584472017892e-06,0.0034346502077819,380,0.0204270572833598,3.5454545454545396
21100|35659,21100,35659,Proteus mirabilis,99.13,347,351,0,0,0.9949196379087384,0.9841818181818182,0.9841818181818182,401,0.0364545454545454,1.532113420943393e-05,0.0057693997080418,5,0.0210089817980692,3.6454545454545397
21100|35659,21100,35659,Proteus mirabilis,99.13,348,352,0,0,0.992896023618415,0.9842727272727272,0.9841818181818182,417,0.0379090909090909,8.830209359822483e-06,0.006717912607622,130,0.0146757514549471,3.79090909090909
21100|35659,21100,35659,Proteus mirabilis,99.13,350,354,0,0,0.991635603236658,0.9995454545454544,0.9999090909090907,98,0.0089090909090909,7.13374236305242e-06,0.0049625362793428,228,0.0194366848166827,0.89090909090909
21100|35659,21100,35659,Proteus mirabilis,99.13,352,356,0,0,0.994730516779144,0.9833636363636364,0.9833636363636364,422,0.0383636363636363,1.3994339443934578e-05,0.0077727987408242,294,0.0041763872835813,3.83636363636363
21100|35659,21100,35659,Proteus mirabilis,99.13,353,357,0,0,0.9911447283460936,0.9852727272727272,0.9833636363636364,438,0.0398181818181818,2.379543439390286e-05,0.0071085218430677,395,0.0082504208662779,3.98181818181818
21100|35659,21100,35659,Proteus mirabilis,99.13,354,358,0,0,0.997504159733777,0.9834545454545456,0.9834545454545456,351,0.0319090909090909,1.0235358823607044e-05,0.0064236797245475,200,0.0834980359176884,3.19090909090909
21100|35659,21100,35659,Proteus mirabilis,99.13,355,359,0,0,0.9966783539398412,0.9847272727272728,0.9852727272727272,366,0.0332727272727272,4.788824224943866e-06,0.0055121117198709,36,0.007780506488985,3.3272727272727196
23356|BAA-2470,23356,BAA-2470,Klebsiella pneumoniae,99.08,121,357,0,0,0.9954792877571732,0.9853636363636364,0.9853636363636364,371,0.0337272727272727,2.53202705735589e-06,0.0023720229097956,264,0.0041897042175232,3.3727272727272704
23356|BAA-2470,23356,BAA-2470,Klebsiella pneumoniae,99.08,122,358,0,0,0.9962173632253898,0.9853636363636364,0.9853636363636364,363,0.033,3.5762350876322735e-05,0.010801478763045,78,0.0202690590943017,3.3000000000000003
23356|BAA-2470,23356,BAA-2470,Klebsiella pneumoniae,99.08,124,360,0,0,0.9972144846796658,0.979,0.9790909090909092,491,0.0446363636363636,6.324736918417173e-06,0.0036326403737464,11,0.0037967468734589,4.46363636363636
23356|BAA-2470,23356,BAA-2470,Klebsiella pneumoniae,99.08,125,361,0,0,0.9945213111709535,0.979,0.979,521,0.0473636363636363,2.05427395525426e-05,0.006706670304903,235,0.0201589477428508,4.73636363636363
23356|BAA-2470,23356,BAA-2470,Klebsiella pneumoniae,99.08,126,362,0,0,0.9946141703036494,0.9787272727272728,0.979,523,0.0475454545454545,7.77823076869577e-06,0.0041437035249075,305,0.0005131373806656,4.75454545454545
23356|BAA-2470,23356,BAA-2470,Klebsiella pneumoniae,99.08,127,363,0,0,0.9950780089153046,0.9787272727272728,0.9788181818181818,520,0.0472727272727272,0.000105985785564,0.0190096977576771,188,0.0047091835528336,4.72727272727272
23356|BAA-2470,23356,BAA-2470,Klebsiella pneumoniae,99.08,128,364,0,0,0.9940553594649824,0.9787272727272728,0.9787272727272728,531,0.0482727272727272,1.3368780128031332e-05,0.0071191022655763,357,0.0336759750859982,4.82727272727272
23356|BAA-2470,23356,BAA-2470,Klebsiella pneumoniae,99.08,129,365,0,0,0.995263304541655,0.9788181818181818,0.9787272727272728,515,0.0468181818181818,1.4912934490851626e-05,0.0078218206552272,34,0.0001444882667471,4.68181818181818
23356|BAA-2470,23356,BAA-2470,Klebsiella pneumoniae,99.08,228,482,0,0,0.9892158654724912,0.9946363636363637,0.9947272727272728,235,0.0213636363636363,1.6153005746089022e-05,0.0059019064096645,243,0.0027824340264401,2.13636363636363
23356|BAA-2470,23356,BAA-2470,Klebsiella pneumoniae,99.08,229,483,0,0,0.9961619300009138,0.9947272727272728,0.9948181818181818,157,0.0142727272727272,1.1457772771894524e-05,0.0053091309716003,175,0.0048574045067829,1.42727272727272
23356|BAA-2470,23356,BAA-2470,Klebsiella pneumoniae,99.08,230,484,0,0,0.9937859819062416,0.9948181818181818,0.9948181818181818,182,0.0165454545454545,3.203696512743548e-06,0.0025361126186823,466,0.0291331699442518,1.6545454545454499
23356|BAA-2470,23356,BAA-2470,Klebsiella pneumoniae,99.08,231,485,0,0,0.9951567211916292,0.9948181818181818,0.9948181818181818,167,0.0151818181818181,1.2403147705453144e-05,0.0066334884999176,435,0.0013848939664634,1.51818181818181
23356|BAA-2470,23356,BAA-2470,Klebsiella pneumoniae,99.08,232,486,0,0,0.9929654668372008,0.9948181818181818,0.9950909090909092,188,0.017090909090909,3.2335422288642945e-06,0.0065274897297371,444,0.0009262943837204,1.7090909090909001
23356|BAA-2470,23356,BAA-2470,Klebsiella pneumoniae,99.08,233,487,0,0,0.9945185455874292,0.9950909090909092,0.9950909090909092,168,0.0152727272727272,5.453126526000496e-06,0.0033650789628448,107,0.0240707170126195,1.52727272727272
23356|BAA-2470,23356,BAA-2470,Klebsiella pneumoniae,99.08,234,488,0,0,0.9902629902629904,0.9950909090909092,0.999,170,0.0154545454545454,6.338509112135959e-06,0.0038779852527753,262,0.0008422819297798,1.5454545454545399
23356|BAA-2470,23356,BAA-2470,Klebsiella pneumoniae,99.08,235,489,0,0,0.9943502824858758,0.9975454545454544,0.9976363636363637,84,0.0076363636363636,2.0835662715601444e-05,0.010844824499148,83,0.0073478057562591,0.76363636363636
23356|BAA-2470,23356,BAA-2470,Klebsiella pneumoniae,99.08,236,490,0,0,0.9908106632699482,0.9990909090909093,0.9991818181818182,120,0.0109090909090909,6.534814866343552e-06,0.0045335555055022,386,0.0215845450025043,1.09090909090909
23356|BAA-2470,23356,BAA-2470,Klebsiella pneumoniae,99.08,237,491,0,0,0.9910722419604628,0.9979090909090907,0.9978181818181818,118,0.0107272727272727,2.394286656659528e-05,0.0083541559740902,522,0.0008618275571394,1.07272727272727
23356|BAA-2470,23356,BAA-2470,Klebsiella pneumoniae,99.08,254,509,0,0,0.997250481165796,0.991909090909091,0.991909090909091,208,0.0189090909090909,0.0001187774987467,0.0203820850667724,86,0.0020946427370176,1.89090909090909
23356|BAA-2470,23356,BAA-2470,Klebsiella pneumoniae,99.08,255,510,0,0,0.9925905598243688,0.991909090909091,0.9938181818181818,237,0.0215454545454545,2.0256354654524245e-05,0.008637177766121,37,0.0200077560621614,2.15454545454545
23356|BAA-2470,23356,BAA-2470,Klebsiella pneumoniae,99.08,258,515,0,0,0.9948248775529064,0.9836363636363636,0.9837272727272728,415,0.0377272727272727,1.304995038908796e-05,0.0057906443300843,239,0.0085381684295233,3.77272727272727
23356|BAA-2470,23356,BAA-2470,Klebsiella pneumoniae,99.08,259,516,0,0,0.9922373163293596,0.9837272727272728,0.9837272727272728,442,0.0401818181818181,0.0001612762444382,0.0180450115384236,501,0.0050962567704243,4.0181818181818105
23356|BAA-2470,23356,BAA-2470,Klebsiella pneumoniae,99.08,260,517,0,0,0.9930696728885604,0.9837272727272728,0.9837272727272728,433,0.0393636363636363,6.008831069048704e-05,0.0110073585547124,433,0.1342275177425075,3.9363636363636303
23356|BAA-2470,23356,BAA-2470,Klebsiella pneumoniae,99.08,261,518,0,0,0.9910318047337278,0.9832727272727272,0.9831818181818182,456,0.0414545454545454,3.847737317386191e-05,0.0088191383648817,252,0.0567058057116616,4.145454545454539
23356|BAA-2470,23356,BAA-2470,Klebsiella pneumoniae,99.08,406,112,0,0,0.995224538525117,0.989909090909091,0.989909090909091,274,0.0249090909090909,5.914302448895015e-05,0.012724507892963,102,0.0044602135022789,2.4909090909090903
23356|BAA-2470,23356,BAA-2470,Klebsiella pneumoniae,99.08,407,113,0,0,0.997244926072183,0.989909090909091,0.989909090909091,252,0.0229090909090909,2.335882568338388e-05,0.0075784267516253,498,0.12062570554546,2.29090909090909
23356|BAA-2470,23356,BAA-2470,Klebsiella pneumoniae,99.08,409,115,0,0,0.9944903581267218,0.99,0.989909090909091,280,0.0254545454545454,4.603213255349736e-05,0.0116843874832507,373,0.0062418944337117,2.54545454545454
23356|BAA-2470,23356,BAA-2470,Klebsiella pneumoniae,99.08,410,116,0,0,0.9960419734904272,0.9876363636363636,0.9876363636363636,265,0.024090909090909,4.916463049897679e-06,0.0039575976832409,335,0.0085676704263608,2.4090909090909
23356|BAA-2470,23356,BAA-2470,Klebsiella pneumoniae,99.08,411,117,0,0,0.9955918817154928,0.989909090909091,0.9898181818181818,271,0.0246363636363636,1.5404470855795438e-05,0.0070065034792778,240,0.0038901297233021,2.46363636363636
23356|BAA-2470,23356,BAA-2470,Klebsiella pneumoniae,99.08,412,118,0,0,0.9948567229977956,0.9898181818181818,0.9898181818181818,280,0.0254545454545454,9.241409019589142e-06,0.0052206472953134,324,0.0003748714651656,2.54545454545454
23356|BAA-2470,23356,BAA-2470,Klebsiella pneumoniae,99.08,413,119,0,0,0.9953159441587068,0.9897272727272728,0.9898181818181818,274,0.0249090909090909,0.0002246878246052,0.0274671587584959,376,0.003143058308296,2.4909090909090903
23356|BAA-2470,23356,BAA-2470,Klebsiella pneumoniae,99.08,414,120,0,0,0.99623473229865,0.989909090909091,0.989909090909091,262,0.0238181818181818,5.5768332589689606e-05,0.0184508575589058,309,0.0069998797417624,2.38181818181818
23356|BAA-2470,23356,BAA-2470,Klebsiella pneumoniae,99.08,415,121,0,0,0.9951771653543308,0.9236363636363636,0.9235454545454546,295,0.0268181818181818,5.545499235037887e-06,0.0048824235586018,64,0.0263654851644876,2.68181818181818
23356|BAA-2470,23356,BAA-2470,Klebsiella pneumoniae,99.08,418,124,0,0,0.994524361948956,0.9795454545454544,0.9795454545454544,508,0.0461818181818181,9.34536022434429e-06,0.0052325676172293,18,0.0115863339908545,4.61818181818181
23631|25404,23631,25404,Escherichia coli,100.0,11,11,0,0,0.9999090909090907,1.0,1.0,1,9.09090909090909e-05,3.011255396034862e-06,0.0027701522528076,327,0.0111395189037768,0.00909090909090909
23631|25404,23631,25404,Escherichia coli,100.0,17,17,0,0,0.9999090909090907,1.0,1.0,1,9.09090909090909e-05,3.845737141849881e-06,0.0059560184873471,430,0.000757877659876,0.00909090909090909
23631|25404,23631,25404,Escherichia coli,100.0,21,21,0,0,0.9998181818181818,1.0,1.0,2,0.0001818181818181,2.8368989419824686e-06,0.0026778267603194,177,0.0030703943879084,0.01818181818181
23631|25404,23631,25404,Escherichia coli,100.0,26,26,0,0,0.9999090909090907,1.0,1.0,1,9.09090909090909e-05,3.7350531085778016e-06,0.0032536924437344,362,0.0024143451191098,0.00909090909090909
23631|25404,23631,25404,Escherichia coli,100.0,29,29,0,0,0.9994545454545456,1.0,1.0,6,0.0005454545454545,3.903527184156985e-06,0.0032797452186591,387,0.0027513727714026,0.054545454545450005
23631|25404,23631,25404,Escherichia coli,100.0,41,41,0,0,0.9998181818181818,1.0,1.0,2,0.0001818181818181,2.66793195768944e-06,0.0024915290846423,435,0.0375982251302178,0.01818181818181
23631|25404,23631,25404,Escherichia coli,100.0,45,45,0,0,0.9996363636363635,1.0,1.0,4,0.0003636363636363,1.0927766276314088e-06,0.0015371683064108,258,0.0080407124237051,0.036363636363630006
23631|25404,23631,25404,Escherichia coli,100.0,90,90,0,0,0.9999090909090907,1.0,1.0,1,9.09090909090909e-05,1.2530315905201483e-05,0.0110378254677749,395,0.0011960003740513,0.00909090909090909
23631|25404,23631,25404,Escherichia coli,100.0,109,109,0,0,0.9999090909090907,1.0,1.0,1,9.09090909090909e-05,1.3096749495455915e-05,0.0083998613950956,196,0.0226921300521016,0.00909090909090909
23631|25404,23631,25404,Escherichia coli,100.0,115,115,0,0,0.9996363636363635,1.0,1.0,4,0.0003636363636363,1.7927151696461865e-06,0.0020139996669925,109,0.0459792841688825,0.036363636363630006
23631|25404,23631,25404,Escherichia coli,100.0,119,119,0,0,0.9998181818181818,1.0,1.0,2,0.0001818181818181,5.322618398917456e-06,0.0069226750004496,163,9.515645937641092e-05,0.01818181818181
23631|25404,23631,25404,Escherichia coli,100.0,120,120,0,0,0.9999090909090907,1.0,1.0,1,9.09090909090909e-05,1.1456901384265803e-06,0.001589566155645,340,0.004813022526545,0.00909090909090909
23631|25404,23631,25404,Escherichia coli,100.0,130,130,0,0,0.9999090909090907,1.0,1.0,1,9.09090909090909e-05,4.19030026876932e-06,0.0036615226443514,387,8.705795838248598e-05,0.00909090909090909
23631|8739,23631,8739,Escherichia coli,99.03,0,0,0,0,0.9902824448278994,1.0,1.0,92,0.0083636363636363,5.420858522509064e-06,0.0068241172170825,474,0.0020397473936577,0.8363636363636301
23631|8739,23631,8739,Escherichia coli,99.03,1,1,0,0,0.9943636363636364,1.0,1.0,62,0.0056363636363636,1.3093059210489422e-05,0.008137267658823,221,0.0027024666889293,0.56363636363636
23631|8739,23631,8739,Escherichia coli,99.03,24,25,0,0,0.992807745504841,0.9855454545454544,0.985909090909091,389,0.0353636363636363,9.999022819218162e-05,0.0149095434434755,376,0.0113765464492909,3.53636363636363
23631|8739,23631,8739,Escherichia coli,99.03,25,26,0,0,0.9855232826187184,0.9858181818181818,0.985909090909091,467,0.0424545454545454,0.0001801456049235,0.0235376759846374,93,0.0012292310667277,4.24545454545454
23631|8739,23631,8739,Escherichia coli,99.03,26,27,0,0,0.987224420576597,0.8040909090909091,0.8040909090909091,458,0.0416363636363636,1.686271339385037e-05,0.0246906777579432,399,0.0003394086989072,4.1636363636363605
23631|8739,23631,8739,Escherichia coli,99.03,27,28,0,0,0.986725663716814,0.985909090909091,0.9861818181818182,450,0.0409090909090909,1.6405791621876276e-05,0.0059959793986921,323,0.0013515455565344,4.09090909090909
23631|8739,23631,8739,Escherichia coli,99.03,28,29,0,0,0.9781767955801104,0.9861818181818182,0.9871818181818182,527,0.0479090909090909,4.328623718441449e-05,0.0195127756865015,56,0.0006437468610455,4.79090909090909
23631|8739,23631,8739,Escherichia coli,99.03,186,189,0,0,0.983557138942176,0.9950909090909092,0.9951818181818182,263,0.0239090909090909,7.278797558019079e-06,0.0084629663972301,135,0.1174051673825194,2.39090909090909
23631|8739,23631,8739,Escherichia coli,99.03,220,223,0,0,0.9944933920704846,0.9905454545454544,0.9905454545454544,248,0.0225454545454545,3.3085649119635185e-05,0.0107530346495733,296,0.0008800599339663,2.25454545454545
23631|8739,23631,8739,Escherichia coli,99.03,221,224,0,0,0.9997249220612509,0.9914545454545456,0.9914545454545456,191,0.0173636363636363,2.9563617981454016e-06,0.0059866868950599,433,0.0014570364397565,1.73636363636363
23631|8739,23631,8739,Escherichia coli,99.03,222,225,0,0,0.9995415367687512,0.9914545454545456,0.9914545454545456,193,0.0175454545454545,8.224646191767881e-06,0.0040559890926043,20,0.0009947679106534,1.75454545454545
23631|8739,23631,8739,Escherichia coli,99.03,250,254,0,0,0.999349925705795,0.9788181818181818,0.978909090909091,472,0.0429090909090909,1.861919791323885e-05,0.0102078964563397,104,0.0071641892898921,4.290909090909089
23631|8739,23631,8739,Escherichia coli,99.03,251,255,0,0,0.9990712361846382,0.9788181818181818,0.9788181818181818,476,0.0432727272727272,5.713867274659279e-06,0.0036995771931902,11,0.0099663959486639,4.32727272727272
23631|8739,23631,8739,Escherichia coli,99.03,252,256,0,0,0.9929413950032506,0.9788181818181818,0.9788181818181818,542,0.0492727272727272,1.6792055754000224e-05,0.0096576285329393,427,0.0017854164355459,4.92727272727272
23631|8739,23631,8739,Escherichia coli,99.03,254,258,0,0,0.9966576919506082,0.9791818181818182,0.979,493,0.0448181818181818,2.1868208649022947e-05,0.0069212428121954,447,0.001970050500027,4.48181818181818
23631|8739,23631,8739,Escherichia coli,99.03,255,259,0,0,0.9946922432256262,0.9762727272727272,0.9762727272727272,514,0.0467272727272727,1.425107458197239e-05,0.0078851480451941,186,0.074012323889095,4.67272727272727
23631|8739,23631,8739,Escherichia coli,99.03,257,261,0,0,0.9955435892674774,0.9791818181818182,0.9791818181818182,506,0.046,4.544974197440155e-06,0.0133010175219858,445,0.0019061437453101,4.6
23631|8739,23631,8739,Escherichia coli,99.03,258,262,0,0,0.996658622609987,0.9794545454545456,0.9791818181818182,491,0.0446363636363636,6.206308043710251e-06,0.0068894646415692,156,0.0057684458415787,4.46363636363636
23631|8739,23631,8739,Escherichia coli,99.03,269,273,0,0,0.993109151047409,0.9893636363636364,0.9894545454545456,308,0.028,1.492831342342349e-05,0.0061728862157303,399,0.0002897429028196,2.8000000000000003
23631|8739,23631,8739,Escherichia coli,99.03,271,275,0,0,0.9923325635103926,0.9840909090909092,0.9840909090909092,271,0.0246363636363636,1.287571154651168e-05,0.0142985774396283,426,0.2146898198424424,2.46363636363636
23631|8739,23631,8739,Escherichia coli,99.03,272,276,0,0,0.985884509624198,0.9917272727272728,0.9918181818181818,334,0.0303636363636363,2.4882914264723333e-05,0.0156251262621121,312,0.0001712564179429,3.03636363636363
23631|8739,23631,8739,Escherichia coli,99.03,274,278,0,0,0.987905442550852,0.991909090909091,0.9921818181818182,307,0.0279090909090909,8.896962542515041e-05,0.0256889455140461,293,0.0046191248522239,2.79090909090909
23631|8739,23631,8739,Escherichia coli,99.03,275,279,0,0,0.9930236827611528,0.9903636363636364,0.9903636363636364,248,0.0225454545454545,7.437290672074326e-05,0.0167604016072638,174,0.0002012375290011,2.25454545454545
23631|8739,23631,8739,Escherichia coli,99.03,276,280,0,0,0.9940284795590262,0.9895454545454544,0.9895454545454544,236,0.0214545454545454,2.141595850435607e-06,0.0020823830763339,285,0.0010271690567915,2.14545454545454
23631|8739,23631,8739,Escherichia coli,99.03,284,288,0,0,0.9977816803771145,0.9835454545454544,0.9835454545454544,386,0.035090909090909,2.536983133094584e-05,0.0149342689643353,103,0.0325637722056514,3.5090909090909
23631|8739,23631,8739,Escherichia coli,99.03,285,289,0,0,0.9993529901099916,0.9835454545454544,0.9835454545454544,369,0.0335454545454545,8.808047035180344e-06,0.0100493857487598,63,0.0021646823942327,3.3545454545454505
23631|8739,23631,8739,Escherichia coli,99.03,286,290,0,0,0.9968576709796672,0.9836363636363636,0.9835454545454544,391,0.0355454545454545,1.319263074672783e-05,0.0056039967197951,415,0.0375392394068279,3.55454545454545
23631|8739,23631,8739,Escherichia coli,99.03,287,291,0,0,0.9964879852125692,0.9836363636363636,0.9836363636363636,397,0.036090909090909,5.272262196154287e-06,0.0076418599848614,350,0.0137222639026524,3.6090909090909
23631|8739,23631,8739,Escherichia coli,99.03,288,292,0,0,0.9923325635103926,0.9837272727272728,0.9836363636363636,439,0.0399090909090909,4.634576917528221e-05,0.0155922733758234,374,0.000709372181199,3.9909090909090903
23631|8739,23631,8739,Escherichia coli,99.03,289,293,0,0,0.9974124387764532,0.9837272727272728,0.9837272727272728,386,0.035090909090909,3.976306771846794e-06,0.0061576627671409,47,0.0011342752006737,3.5090909090909
23631|8739,23631,8739,Escherichia coli,99.03,290,294,0,0,0.9989834580907496,0.9837272727272728,0.9837272727272728,369,0.0335454545454545,3.853535935238739e-06,0.0044422193868343,0,0.0023234957990936,3.3545454545454505
23631|8739,23631,8739,Escherichia coli,99.03,291,295,0,0,0.998244154884022,0.9837272727272728,0.9837272727272728,377,0.0342727272727272,3.199428182898423e-05,0.0089573324658682,41,0.0017375677880382,3.4272727272727197
23631|8739,23631,8739,Escherichia coli,99.03,292,296,0,0,0.998244154884022,0.9837272727272728,0.9837272727272728,377,0.0342727272727272,1.4248092893520692e-05,0.0132631182684358,169,0.0039450630181275,3.4272727272727197
23631|8739,23631,8739,Escherichia coli,99.03,293,297,0,0,0.9955584343481078,0.9824545454545456,0.9820909090909092,402,0.0365454545454545,8.14847260244278e-06,0.0117740717795646,406,0.0162873816436146,3.65454545454545
23631|8739,23631,8739,Escherichia coli,99.03,375,388,0,0,0.9997203318728444,0.975181818181818,0.975181818181818,549,0.0499090909090909,3.371333219781558e-05,0.0104783831000254,441,0.0001306095547444,4.99090909090909
23631|8739,23631,8739,Escherichia coli,99.03,453,465,0,0,0.992445181499908,0.9867272727272728,0.9867272727272728,374,0.034,8.056028008129879e-06,0.0054309063837506,424,0.0431534306065257,3.4000000000000004
23631|8739,23631,8739,Escherichia coli,99.03,454,466,0,0,0.9975124378109452,0.9867272727272728,0.9867272727272728,319,0.029,5.277697124372871e-05,0.0150927814329194,366,0.0016347250768864,2.9000000000000004
23631|8739,23631,8739,Escherichia coli,99.03,455,467,0,0,0.9848498845265587,0.983909090909091,0.9840909090909092,454,0.0412727272727272,9.074471003622795e-06,0.0045068648676328,303,0.0037126826971293,4.12727272727272
23631|8739,23631,8739,Escherichia coli,99.03,456,468,0,0,0.9905208908521996,0.986909090909091,0.987,376,0.0341818181818181,2.4704227246763463e-05,0.0198247215921356,130,0.0456038606597766,3.41818181818181
23631|8739,23631,8739,Escherichia coli,99.03,457,469,0,0,0.9964999539467624,0.987,0.987,323,0.0293636363636363,4.536118597520122e-06,0.0055053966313621,266,0.0067853835076567,2.93636363636363
23631|8739,23631,8739,Escherichia coli,99.03,458,470,0,0,0.994473611494888,0.987,0.987,346,0.0314545454545454,4.046511327904234e-06,0.0085120113691174,235,0.0142881124875522,3.14545454545454
23631|8739,23631,8739,Escherichia coli,99.03,459,471,0,0,0.9946632315053368,0.987,0.986909090909091,327,0.0297272727272727,1.5018514576192745e-05,0.0073847837671643,74,0.0002965551709773,2.97272727272727
23631|8739,23631,8739,Escherichia coli,99.03,460,472,0,0,0.9944792050055208,0.987,0.9868181818181818,332,0.0301818181818181,7.475690813496527e-06,0.0080887563205467,433,0.0049451761517282,3.01818181818181
23715|9610,23715,9610,Yersinia enterocolitica,99.66,0,0,0,0,0.9978181818181818,0.9999090909090907,1.0,25,0.0022727272727272,3.6421538549547e-06,0.0033418340714612,148,0.0026677847073808,0.22727272727272002
23715|9610,23715,9610,Yersinia enterocolitica,99.66,1,1,0,0,0.9987510807954656,0.9462727272727272,0.9462727272727272,41,0.0037272727272727,3.958203649512271e-06,0.0028655543120474,337,0.0116321515755232,0.37272727272727
23715|9610,23715,9610,Yersinia enterocolitica,99.66,2,2,0,0,0.9958847736625516,0.9499090909090908,0.9499090909090908,70,0.0063636363636363,8.363319582760376e-06,0.0048675053130859,451,0.0828144489068953,0.6363636363636299
23715|9610,23715,9610,Yersinia enterocolitica,99.66,3,3,0,0,0.9981818181818182,1.0,0.9998181818181818,22,0.002,1.6183227086186136e-06,0.0018663535973617,311,0.0039823365964954,0.2
23715|9610,23715,9610,Yersinia enterocolitica,99.66,6,6,0,0,0.996326568096244,0.989909090909091,0.9898181818181818,263,0.0239090909090909,2.1138015243060693e-05,0.0095501095749642,97,0.0074127867789897,2.39090909090909
23857|6051,23857,6051,Bacillus subtilis,99.99,2,2,0,0,0.9999090909090907,1.0,1.0,1,9.09090909090909e-05,2.8554081097365014e-06,0.0026931062129731,17,0.0020058447448692,0.00909090909090909
23857|6051,23857,6051,Bacillus subtilis,99.99,3,3,0,0,0.9999090909090907,1.0,1.0,1,9.09090909090909e-05,3.838690520785448e-06,0.0033253943907802,392,0.0966997452374639,0.00909090909090909
23857|6051,23857,6051,Bacillus subtilis,99.99,5,5,0,0,0.9999090909090907,1.0,1.0,1,9.09090909090909e-05,7.652726748963445e-06,0.0056474557724488,305,0.0236266712796959,0.00909090909090909
23857|6051,23857,6051,Bacillus subtilis,99.99,8,8,0,0,0.9997272727272728,1.0,1.0,3,0.0002727272727272,4.819516259080281e-06,0.0035451265938677,47,0.0379514092171607,0.02727272727272
23857|6051,23857,6051,Bacillus subtilis,99.99,9,9,0,0,0.9997272727272728,1.0,1.0,3,0.0002727272727272,3.9285015202006335e-06,0.005240822692357,251,0.1066510945295683,0.02727272727272
23857|6051,23857,6051,Bacillus subtilis,99.99,11,11,0,0,0.9999090909090907,1.0,1.0,1,9.09090909090909e-05,9.122338743838831e-06,0.0072721497848239,138,0.0461146933087202,0.00909090909090909
23857|6051,23857,6051,Bacillus subtilis,99.99,15,15,0,0,0.9999090909090907,1.0,1.0,1,9.09090909090909e-05,8.141586237409015e-07,0.0012869115304623,224,0.0085527693525622,0.00909090909090909
23857|6051,23857,6051,Bacillus subtilis,99.99,16,16,0,0,0.9999090909090907,1.0,1.0,1,9.09090909090909e-05,5.130760406535373e-07,0.0010275526175967,286,0.1000213114278905,0.00909090909090909
23857|6051,23857,6051,Bacillus subtilis,99.99,28,28,0,0,0.9999090909090907,1.0,1.0,1,9.09090909090909e-05,4.726920834752235e-07,0.000986212558474,335,0.0524087501136765,0.00909090909090909
23857|6051,23857,6051,Bacillus subtilis,99.99,40,40,0,0,0.9999090909090907,1.0,0.9999090909090907,2,0.0001818181818181,8.82507446726688e-05,0.0134413622095036,220,0.047164754733493,0.01818181818181
23857|6051,23857,6051,Bacillus subtilis,99.99,41,41,0,0,1.0,0.9999090909090907,0.9999090909090907,2,0.0001818181818181,1.507093938313275e-06,0.001772352097732,168,0.0551834696631423,0.01818181818181
23857|6051,23857,6051,Bacillus subtilis,99.99,42,42,0,0,1.0,0.9999090909090907,0.9999090909090907,2,0.0001818181818181,1.6109395556407335e-06,0.0018625948595858,206,0.0496022376199992,0.01818181818181
23857|6051,23857,6051,Bacillus subtilis,99.99,43,43,0,0,0.9999090826438768,0.9999090909090907,0.9999090909090907,3,0.0002727272727272,3.5471398196484927e-06,0.0030307840014278,362,0.0077557467411822,0.02727272727272
23857|6051,23857,6051,Bacillus subtilis,99.99,44,44,0,0,1.0,0.9999090909090907,0.9999090909090907,2,0.0001818181818181,8.465922898270861e-07,0.0013170493295535,202,0.0345579860269802,0.01818181818181
23857|6051,23857,6051,Bacillus subtilis,99.99,45,45,0,0,0.9999090826438768,0.9999090909090907,0.9999090909090907,3,0.0002727272727272,1.27798425453296e-06,0.0016471024629748,35,0.0071556641788416,0.02727272727272
23857|6051,23857,6051,Bacillus subtilis,99.99,46,46,0,0,0.9998181652877536,0.9999090909090907,0.9998181818181818,5,0.0004545454545454,1.930917763126594e-06,0.0021083722206202,395,0.0199868980842248,0.04545454545454
23857|6051,23857,6051,Bacillus subtilis,99.99,47,47,0,0,1.0,0.9998181818181818,0.9998181818181818,4,0.0003636363636363,1.0990698545709776e-06,0.0014887853963619,200,0.0378411742374199,0.036363636363630006
23857|6051,23857,6051,Bacillus subtilis,99.99,48,48,0,0,1.0,0.9998181818181818,0.9998181818181818,4,0.0003636363636363,1.4113581011665488e-06,0.0017605401571588,224,0.0266876975126637,0.036363636363630006
23857|6051,23857,6051,Bacillus subtilis,99.99,49,49,0,0,1.0,0.9998181818181818,0.9998181818181818,4,0.0003636363636363,1.8545995845720144e-06,0.0019539078535895,157,0.000297745445245,0.036363636363630006
23857|6051,23857,6051,Bacillus subtilis,99.99,50,50,0,0,1.0,0.9998181818181818,0.9998181818181818,4,0.0003636363636363,3.35117362515458e-06,0.0025895087951348,267,0.0365586228258407,0.036363636363630006
23857|6051,23857,6051,Bacillus subtilis,99.99,51,51,0,0,1.0,0.9998181818181818,0.9998181818181818,4,0.0003636363636363,6.845963540502709e-07,0.0011907465956211,225,0.0318595369795875,0.036363636363630006
23857|6051,23857,6051,Bacillus subtilis,99.99,52,52,0,0,1.0,0.9998181818181818,0.9998181818181818,4,0.0003636363636363,1.112703720940189e-06,0.0015126339845052,60,0.0140089250656807,0.036363636363630006
23857|6051,23857,6051,Bacillus subtilis,99.99,53,53,0,0,1.0,0.9998181818181818,0.9998181818181818,4,0.0003636363636363,1.8150183135334783e-06,0.0020130148322997,242,0.0370937865510707,0.036363636363630006
23857|6051,23857,6051,Bacillus subtilis,99.99,54,54,0,0,1.0,0.9998181818181818,0.9998181818181818,4,0.0003636363636363,2.192412485557682e-06,0.0021529944869342,152,0.1553575902756201,0.036363636363630006
23857|6051,23857,6051,Bacillus subtilis,99.99,55,55,0,0,1.0,0.9998181818181818,0.9998181818181818,4,0.0003636363636363,2.6839530333777617e-06,0.0025502973451404,191,0.0038320551325664,0.036363636363630006
23857|6051,23857,6051,Bacillus subtilis,99.99,56,56,0,0,1.0,0.9998181818181818,0.9998181818181818,4,0.0003636363636363,6.31060719347154e-07,0.0011276299078435,224,0.0296781502935759,0.036363636363630006
23857|6051,23857,6051,Bacillus subtilis,99.99,57,57,0,0,1.0,0.9998181818181818,0.9998181818181818,4,0.0003636363636363,2.743711699171314e-06,0.0023445007402068,398,0.0006659304136205,0.036363636363630006
23857|6051,23857,6051,Bacillus subtilis,99.99,58,58,0,0,1.0,0.9998181818181818,0.9998181818181818,4,0.0003636363636363,1.4844123736867942e-06,0.0017674905208357,294,0.0239501027876627,0.036363636363630006
23857|6051,23857,6051,Bacillus subtilis,99.99,59,59,0,0,1.0,0.9998181818181818,0.9998181818181818,4,0.0003636363636363,1.6458443170552783e-06,0.0018800662894768,328,0.0197597384284107,0.036363636363630006
23857|6051,23857,6051,Bacillus subtilis,99.99,60,60,0,0,1.0,0.9998181818181818,0.9998181818181818,4,0.0003636363636363,1.7105149325846725e-06,0.0019780405821142,30,0.004822927924681,0.036363636363630006
23857|6051,23857,6051,Bacillus subtilis,99.99,61,61,0,0,1.0,0.9998181818181818,0.9998181818181818,4,0.0003636363636363,1.9133973476748167e-06,0.0019566044796228,132,0.0437054523013979,0.036363636363630006
23857|6051,23857,6051,Bacillus subtilis,99.99,62,62,0,0,1.0,0.9998181818181818,0.9998181818181818,4,0.0003636363636363,1.049284754528479e-06,0.00144864520554,8,0.0201255328360793,0.036363636363630006
23857|6051,23857,6051,Bacillus subtilis,99.99,63,63,0,0,1.0,0.9998181818181818,0.9998181818181818,4,0.0003636363636363,9.98803684759686e-07,0.0014133750216503,53,0.177827793308506,0.036363636363630006
23857|6051,23857,6051,Bacillus subtilis,99.99,64,64,0,0,1.0,0.9998181818181818,0.9998181818181818,4,0.0003636363636363,1.080949794340924e-06,0.0014828300859474,272,0.0956264640303421,0.036363636363630006
23857|6051,23857,6051,Bacillus subtilis,99.99,65,65,0,0,1.0,0.9998181818181818,0.9998181818181818,4,0.0003636363636363,1.9708664659168207e-06,0.002115915716475,182,0.006435639825046,0.036363636363630006
23857|6051,23857,6051,Bacillus subtilis,99.99,66,66,0,0,1.0,0.9998181818181818,0.9998181818181818,4,0.0003636363636363,1.8995899770946068e-06,0.0019873034611164,287,0.1161137563304453,0.036363636363630006
23857|6051,23857,6051,Bacillus subtilis,99.99,67,67,0,0,1.0,0.9998181818181818,0.9998181818181818,4,0.0003636363636363,2.3217120288521187e-06,0.00229844379264,65,0.0147922182263616,0.036363636363630006
23857|6051,23857,6051,Bacillus subtilis,99.99,68,68,0,0,1.0,0.9998181818181818,0.9998181818181818,4,0.0003636363636363,1.9104269912695315e-06,0.0021218361470554,190,0.0191415174621337,0.036363636363630006
23857|6051,23857,6051,Bacillus subtilis,99.99,69,69,0,0,1.0,0.9998181818181818,0.9998181818181818,4,0.0003636363636363,4.907885016613989e-06,0.0031727319795025,308,0.0079054829770391,0.036363636363630006
23857|6051,23857,6051,Bacillus subtilis,99.99,70,70,0,0,1.0,0.9998181818181818,0.9998181818181818,4,0.0003636363636363,1.6487865620584683e-06,0.0019380686630925,339,0.0829745808661529,0.036363636363630006
23857|6051,23857,6051,Bacillus subtilis,99.99,71,71,0,0,1.0,0.9998181818181818,0.9998181818181818,4,0.0003636363636363,4.417038487525282e-06,0.0031296721280491,109,0.0011774587463244,0.036363636363630006
23857|6051,23857,6051,Bacillus subtilis,99.99,72,72,0,0,1.0,0.9998181818181818,0.9998181818181818,4,0.0003636363636363,1.9440968768158484e-06,0.0020465873668509,112,0.0880477621966956,0.036363636363630006
23857|6051,23857,6051,Bacillus subtilis,99.99,73,73,0,0,1.0,0.9998181818181818,0.9998181818181818,4,0.0003636363636363,3.3293895151942365e-07,0.000824705421775,341,0.0082239143345501,0.036363636363630006
23857|6051,23857,6051,Bacillus subtilis,99.99,74,74,0,0,1.0,0.9998181818181818,0.9998181818181818,4,0.0003636363636363,1.579443382637713e-06,0.0018037153696689,216,0.0129394865134899,0.036363636363630006
23857|6051,23857,6051,Bacillus subtilis,99.99,75,75,0,0,1.0,0.9998181818181818,0.9998181818181818,4,0.0003636363636363,2.838770380431121e-06,0.0027089767115792,232,0.0344417635981704,0.036363636363630006
23857|6051,23857,6051,Bacillus subtilis,99.99,76,76,0,0,0.9999090743771596,0.9998181818181818,0.9998181818181818,5,0.0004545454545454,1.6286911105334312e-06,0.0019148558790176,143,0.0250610021369823,0.04545454545454
23857|6051,23857,6051,Bacillus subtilis,99.99,77,77,0,0,0.9999090826438768,0.9998181818181818,0.9999090909090907,4,0.0003636363636363,2.093256732105253e-05,0.006758980944328,79,0.0061056716662866,0.036363636363630006
23857|6051,23857,6051,Bacillus subtilis,99.99,78,78,0,0,1.0,0.9999090909090907,0.9999090909090907,2,0.0001818181818181,8.133054087977598e-07,0.0013082007659917,115,0.0046506512398147,0.01818181818181
23857|6051,23857,6051,Bacillus subtilis,99.99,79,79,0,0,1.0,0.9999090909090907,0.9999090909090907,2,0.0001818181818181,9.416704260800656e-07,0.0013753362181801,351,0.0214006712913639,0.01818181818181
23857|6051,23857,6051,Bacillus subtilis,99.99,80,80,0,0,1.0,0.9999090909090907,0.9999090909090907,2,0.0001818181818181,7.28291079665766e-07,0.0012158536508989,384,0.0030884513811832,0.01818181818181
23857|6051,23857,6051,Bacillus subtilis,99.99,81,81,0,0,1.0,0.9999090909090907,0.9999090909090907,2,0.0001818181818181,2.2427906483102333e-06,0.0022976389906397,65,0.0241734665084352,0.01818181818181
23857|6051,23857,6051,Bacillus subtilis,99.99,82,82,0,0,1.0,0.9999090909090907,0.9999090909090907,2,0.0001818181818181,4.032534238307406e-06,0.0028438257136647,378,0.0210049677885327,0.01818181818181
23857|6051,23857,6051,Bacillus subtilis,99.99,83,83,0,0,1.0,0.9999090909090907,0.9999090909090907,2,0.0001818181818181,1.5786458543720627e-06,0.0017905219399656,406,0.0042184057210217,0.01818181818181
23857|6051,23857,6051,Bacillus subtilis,99.99,84,84,0,0,1.0,0.9999090909090907,0.9999090909090907,2,0.0001818181818181,1.2412586771759493e-06,0.0016635856512349,400,0.002144793516547,0.01818181818181
23857|6051,23857,6051,Bacillus subtilis,99.99,85,85,0,0,1.0,0.9999090909090907,0.9999090909090907,2,0.0001818181818181,1.38915586955779e-06,0.0017474444488009,158,0.0139701427213947,0.01818181818181
23857|6051,23857,6051,Bacillus subtilis,99.99,86,86,0,0,1.0,0.9999090909090907,0.9999090909090907,2,0.0001818181818181,1.565242059742289e-06,0.0018374173729542,223,0.0083647021543002,0.01818181818181
23857|6051,23857,6051,Bacillus subtilis,99.99,87,87,0,0,1.0,0.9999090909090907,0.9999090909090907,2,0.0001818181818181,6.37749347776051e-07,0.0011320154728757,223,0.0070198166328718,0.01818181818181
23857|6051,23857,6051,Bacillus subtilis,99.99,88,88,0,0,1.0,0.9999090909090907,0.9999090909090907,2,0.0001818181818181,1.682164945338016e-06,0.0018489420646177,289,0.0297358462096837,0.01818181818181
23857|6051,23857,6051,Bacillus subtilis,99.99,89,89,0,0,1.0,0.9999090909090907,0.9999090909090907,2,0.0001818181818181,3.0008374356516043e-06,0.0025023191915135,26,0.0010477369425188,0.01818181818181
23857|6051,23857,6051,Bacillus subtilis,99.99,90,90,0,0,1.0,0.9999090909090907,0.9999090909090907,2,0.0001818181818181,3.2833823437883325e-07,0.0008147663205125,133,0.0550061858981314,0.01818181818181
23857|6051,23857,6051,Bacillus subtilis,99.99,91,91,0,0,1.0,0.9999090909090907,0.9999090909090907,2,0.0001818181818181,2.366730241565307e-06,0.0023729466807273,227,0.0223012607234409,0.01818181818181
23857|6051,23857,6051,Bacillus subtilis,99.99,92,92,0,0,1.0,0.9999090909090907,0.9999090909090907,2,0.0001818181818181,3.5590141174157708e-06,0.0026733238649515,4,0.0723524066582953,0.01818181818181
23857|6051,23857,6051,Bacillus subtilis,99.99,93,93,0,0,1.0,0.9999090909090907,0.9999090909090907,2,0.0001818181818181,9.203193809259602e-07,0.0013936232292291,371,0.0195596322813834,0.01818181818181
23857|6051,23857,6051,Bacillus subtilis,99.99,94,94,0,0,0.9999090826438768,0.9999090909090907,0.9999090909090907,3,0.0002727272727272,3.3414739929460424e-06,0.0031373693681007,245,0.0938164397555095,0.02727272727272
23857|6051,23857,6051,Bacillus subtilis,99.99,95,95,0,0,1.0,0.9999090909090907,0.9999090909090907,2,0.0001818181818181,1.7401481092749194e-06,0.0019795491043806,193,0.0076099579472892,0.01818181818181
23857|6051,23857,6051,Bacillus subtilis,99.99,96,96,0,0,1.0,0.9999090909090907,0.9999090909090907,2,0.0001818181818181,2.098614446666147e-06,0.0020489019214525,387,0.0059580235350855,0.01818181818181
23857|6051,23857,6051,Bacillus subtilis,99.99,97,97,0,0,1.0,0.9999090909090907,0.9999090909090907,2,0.0001818181818181,1.4957591474296097e-06,0.0017608025831084,22,0.0328339358569744,0.01818181818181
23857|6051,23857,6051,Bacillus subtilis,99.99,98,98,0,0,1.0,0.9999090909090907,0.9999090909090907,2,0.0001818181818181,1.36475051837337e-06,0.0016743385323093,57,0.0022300242951752,0.01818181818181
23857|6051,23857,6051,Bacillus subtilis,99.99,99,99,0,0,1.0,0.9999090909090907,0.9999090909090907,2,0.0001818181818181,6.050701991666685e-07,0.0011132909260691,221,0.0311311263527963,0.01818181818181
23857|6051,23857,6051,Bacillus subtilis,99.99,100,100,0,0,1.0,0.9999090909090907,0.9999090909090907,2,0.0001818181818181,1.6768206173578548e-06,0.001845306589563,131,0.0102437950272897,0.01818181818181
23857|6051,23857,6051,Bacillus subtilis,99.99,101,101,0,0,1.0,0.9999090909090907,0.9999090909090907,2,0.0001818181818181,7.820551405357534e-07,0.0012757125266145,314,0.0014880150068449,0.01818181818181
23857|6051,23857,6051,Bacillus subtilis,99.99,102,102,0,0,1.0,0.9999090909090907,0.9999090909090907,2,0.0001818181818181,1.7109139738291643e-06,0.0019384083440484,169,0.0162395358720603,0.01818181818181
23857|6051,23857,6051,Bacillus subtilis,99.99,103,103,0,0,1.0,0.9999090909090907,0.9999090909090907,2,0.0001818181818181,1.1315940233735944e-06,0.0015290570529329,31,0.0045194036002927,0.01818181818181
23857|6051,23857,6051,Bacillus subtilis,99.99,104,104,0,0,1.0,0.9999090909090907,0.9999090909090907,2,0.0001818181818181,8.324908904455697e-07,0.0012912227606762,180,0.0074400801582137,0.01818181818181
23857|6051,23857,6051,Bacillus subtilis,99.99,105,105,0,0,1.0,0.9999090909090907,0.9999090909090907,2,0.0001818181818181,2.4332339231269984e-06,0.0022086039036388,197,0.0209237869421883,0.01818181818181
23857|6051,23857,6051,Bacillus subtilis,99.99,106,106,0,0,1.0,0.9999090909090907,0.9999090909090907,2,0.0001818181818181,1.369042786358854e-06,0.0017176131869106,0,0.1224006087626692,0.01818181818181
23857|6051,23857,6051,Bacillus subtilis,99.99,107,107,0,0,0.9999090909090907,0.9999090909090907,1.0,2,0.0001818181818181,1.2063175305332408e-06,0.0015553799848941,26,0.003154840997773,0.01818181818181
23857|6051,23857,6051,Bacillus subtilis,99.99,108,108,0,0,0.9999090909090907,0.9999090909090907,1.0,2,0.0001818181818181,2.983624412422614e-06,0.0025055682337816,237,0.0166944102296773,0.01818181818181
23857|6051,23857,6051,Bacillus subtilis,99.99,109,109,0,0,1.0,0.9999090909090907,0.9999090909090907,2,0.0001818181818181,2.3234464385790687e-06,0.0023660010342384,286,0.0128650504901878,0.01818181818181
23857|6051,23857,6051,Bacillus subtilis,99.99,110,110,0,0,1.0,0.9999090909090907,0.9999090909090907,2,0.0001818181818181,1.114068279961522e-06,0.0015043676203883,85,0.0106518598434355,0.01818181818181
23857|6051,23857,6051,Bacillus subtilis,99.99,111,111,0,0,1.0,0.9999090909090907,0.9999090909090907,2,0.0001818181818181,1.5292656644350089e-06,0.0018215543960481,143,0.0097875790632661,0.01818181818181
23857|6051,23857,6051,Bacillus subtilis,99.99,112,112,0,0,1.0,0.9999090909090907,0.9999090909090907,2,0.0001818181818181,1.2102172304295775e-06,0.0016234048323554,242,0.0185687754141865,0.01818181818181
23857|6051,23857,6051,Bacillus subtilis,99.99,113,113,0,0,1.0,0.9999090909090907,0.9999090909090907,2,0.0001818181818181,2.114418029997012e-06,0.0022056718569929,185,0.008661889879021,0.01818181818181
23857|6051,23857,6051,Bacillus subtilis,99.99,114,114,0,0,1.0,0.9999090909090907,0.9999090909090907,2,0.0001818181818181,1.561986153530981e-06,0.0018138334917572,346,0.0056152004276029,0.01818181818181
23857|6051,23857,6051,Bacillus subtilis,99.99,115,115,0,0,1.0,0.9999090909090907,0.9999090909090907,2,0.0001818181818181,9.682475077266162e-07,0.0013994682673622,386,0.0093345770531396,0.01818181818181
23857|6051,23857,6051,Bacillus subtilis,99.99,116,116,0,0,0.9999090826438768,0.9999090909090907,0.9999090909090907,3,0.0002727272727272,1.1568990975208138e-06,0.0015325968517819,26,0.011511417698781,0.02727272727272
23857|6051,23857,6051,Bacillus subtilis,99.99,117,117,0,0,1.0,0.9999090909090907,0.9999090909090907,2,0.0001818181818181,1.0306423876560444e-06,0.0014365781598972,36,0.0016342411756131,0.01818181818181
23857|6051,23857,6051,Bacillus subtilis,99.99,118,118,0,0,1.0,0.9999090909090907,0.9999090909090907,2,0.0001818181818181,2.67679377774499e-06,0.0023219899755729,400,0.0150109985247895,0.01818181818181
23857|6051,23857,6051,Bacillus subtilis,99.99,119,119,0,0,1.0,0.9999090909090907,0.9999090909090907,2,0.0001818181818181,5.78137203444129e-07,0.0010933693442003,109,0.0011507830051536,0.01818181818181
23857|6051,23857,6051,Bacillus subtilis,99.99,120,120,0,0,1.0,0.9999090909090907,0.9999090909090907,2,0.0001818181818181,1.669737711873509e-06,0.0018815702807082,149,0.0046532194480789,0.01818181818181
23857|6051,23857,6051,Bacillus subtilis,99.99,121,121,0,0,0.9999090826438768,0.9998181818181818,0.9999090909090907,4,0.0003636363636363,2.590598995366733e-05,0.0088351226795946,108,0.0032735137570183,0.036363636363630006
23857|6051,23857,6051,Bacillus subtilis,99.99,122,122,0,0,1.0,0.9998181818181818,0.9998181818181818,4,0.0003636363636363,1.3468127770810412e-06,0.0016712757679285,216,0.0715367791080952,0.036363636363630006
23857|6051,23857,6051,Bacillus subtilis,99.99,123,123,0,0,1.0,0.9998181818181818,0.9998181818181818,4,0.0003636363636363,2.183271245237428e-06,0.0022751064969553,252,0.0098243856447355,0.036363636363630006
23857|6051,23857,6051,Bacillus subtilis,99.99,124,124,0,0,1.0,0.9998181818181818,0.9998181818181818,4,0.0003636363636363,1.5803851056706009e-06,0.0018148986319629,335,0.0353124534921946,0.036363636363630006
23857|6051,23857,6051,Bacillus subtilis,99.99,125,125,0,0,1.0,0.9998181818181818,0.9998181818181818,4,0.0003636363636363,1.8150259314397843e-06,0.0019574822089758,349,0.0064887609516095,0.036363636363630006
23857|6051,23857,6051,Bacillus subtilis,99.99,126,126,0,0,1.0,0.9998181818181818,0.9998181818181818,4,0.0003636363636363,2.410890099557861e-06,0.0024227864579202,341,0.0289188203838326,0.036363636363630006
23857|6051,23857,6051,Bacillus subtilis,99.99,127,127,0,0,1.0,0.9998181818181818,0.9998181818181818,4,0.0003636363636363,2.199705073202552e-06,0.0021582028069189,244,0.0641465361180874,0.036363636363630006
23857|6051,23857,6051,Bacillus subtilis,99.99,128,128,0,0,1.0,0.9998181818181818,0.9998181818181818,4,0.0003636363636363,1.7921123531827732e-06,0.0019824686801784,48,0.0020102442926143,0.036363636363630006
23857|6051,23857,6051,Bacillus subtilis,99.99,129,129,0,0,1.0,0.9998181818181818,0.9998181818181818,4,0.0003636363636363,2.739130530393652e-06,0.002600860631309,193,0.0186613485146674,0.036363636363630006
23857|6051,23857,6051,Bacillus subtilis,99.99,130,130,0,0,1.0,0.9998181818181818,0.9998181818181818,4,0.0003636363636363,1.3808092680367423e-06,0.0017359456031425,115,0.0500144185004132,0.036363636363630006
23857|6051,23857,6051,Bacillus subtilis,99.99,131,131,0,0,1.0,0.9998181818181818,0.9998181818181818,4,0.0003636363636363,2.9641304458705164e-06,0.002746757441789,406,0.013298582149808,0.036363636363630006
23857|6051,23857,6051,Bacillus subtilis,99.99,132,132,0,0,1.0,0.9998181818181818,0.9998181818181818,4,0.0003636363636363,2.6046398119428105e-06,0.0026077145289506,99,0.0382054268692135,0.036363636363630006
23857|6051,23857,6051,Bacillus subtilis,99.99,133,133,0,0,1.0,0.9998181818181818,0.9998181818181818,4,0.0003636363636363,1.1964356549931663e-06,0.0015469488003074,196,0.0896509573278825,0.036363636363630006
23857|6051,23857,6051,Bacillus subtilis,99.99,134,134,0,0,0.999818148754319,0.9998181818181818,0.9998181818181818,6,0.0005454545454545,3.708419493708704e-06,0.003199349615265,364,0.0071026404652998,0.054545454545450005
23857|6051,23857,6051,Bacillus subtilis,99.99,135,135,0,0,1.0,0.9998181818181818,0.9998181818181818,4,0.0003636363636363,1.538710423854006e-06,0.0017609521841972,46,0.0144285183060773,0.036363636363630006
23857|6051,23857,6051,Bacillus subtilis,99.99,136,136,0,0,1.0,0.9998181818181818,0.9998181818181818,4,0.0003636363636363,3.893251577569146e-06,0.0030454658648816,268,0.0108792211153203,0.036363636363630006
23857|6051,23857,6051,Bacillus subtilis,99.99,137,137,0,0,1.0,0.9998181818181818,0.9998181818181818,4,0.0003636363636363,1.622129782985482e-05,0.0057204887857751,73,0.011005647759809,0.036363636363630006
23857|6051,23857,6051,Bacillus subtilis,99.99,138,138,0,0,1.0,0.9998181818181818,0.9998181818181818,4,0.0003636363636363,2.1091396312789e-06,0.0020866891025012,99,0.0056552316083346,0.036363636363630006
23857|6051,23857,6051,Bacillus subtilis,99.99,139,139,0,0,1.0,0.9998181818181818,0.9998181818181818,4,0.0003636363636363,2.010253153050812e-06,0.002005603498076,259,0.0177165765382553,0.036363636363630006
23857|6051,23857,6051,Bacillus subtilis,99.99,140,140,0,0,1.0,0.9998181818181818,0.9998181818181818,4,0.0003636363636363,1.4811351728427624e-06,0.001746497287361,397,0.0021037776306997,0.036363636363630006
23857|6051,23857,6051,Bacillus subtilis,99.99,141,141,0,0,0.9999090743771596,0.9998181818181818,0.9998181818181818,5,0.0004545454545454,1.7745106370647967e-05,0.0065840442549134,368,0.0405901729148102,0.04545454545454
23857|6051,23857,6051,Bacillus subtilis,99.99,142,142,0,0,1.0,0.9998181818181818,0.9998181818181818,4,0.0003636363636363,3.039059601750438e-07,0.0007797111377515,3,0.0443825685091341,0.036363636363630006
23857|6051,23857,6051,Bacillus subtilis,99.99,143,143,0,0,1.0,0.9998181818181818,0.9998181818181818,4,0.0003636363636363,2.050331543212991e-06,0.0021162325999744,268,0.0046589891384034,0.036363636363630006
23857|6051,23857,6051,Bacillus subtilis,99.99,144,144,0,0,1.0,0.9998181818181818,0.9998181818181818,4,0.0003636363636363,1.4793523247513818e-06,0.0017435931385491,313,0.0201708835235738,0.036363636363630006
23857|6051,23857,6051,Bacillus subtilis,99.99,145,145,0,0,1.0,0.9998181818181818,0.9998181818181818,4,0.0003636363636363,3.5577922189444777e-06,0.003186185568737,181,0.0575396807637386,0.036363636363630006
23857|6051,23857,6051,Bacillus subtilis,99.99,146,146,0,0,1.0,0.9998181818181818,0.9998181818181818,4,0.0003636363636363,1.0187912183878822e-06,0.001438386682693,218,0.05001168705289,0.036363636363630006
23857|6051,23857,6051,Bacillus subtilis,99.99,147,147,0,0,0.9991816693944352,0.9998181818181818,0.9998181818181818,13,0.0011818181818181,9.055179506223254e-07,0.0013476510219992,375,0.0135566596089597,0.11818181818180999
23857|6051,23857,6051,Bacillus subtilis,99.99,148,148,0,0,1.0,0.9998181818181818,0.9998181818181818,4,0.0003636363636363,1.5276574866218695e-06,0.0017885457578857,322,0.0138662910352853,0.036363636363630006
23857|6051,23857,6051,Bacillus subtilis,99.99,149,149,0,0,1.0,0.9998181818181818,0.9998181818181818,4,0.0003636363636363,3.160709866389944e-06,0.0028328685496484,330,0.027042579716237,0.036363636363630006
23857|6051,23857,6051,Bacillus subtilis,99.99,150,150,0,0,1.0,0.9998181818181818,0.9998181818181818,4,0.0003636363636363,1.074729486960635e-06,0.0015245698249897,286,0.0123142405181764,0.036363636363630006
23857|6051,23857,6051,Bacillus subtilis,99.99,151,151,0,0,1.0,0.9998181818181818,0.9998181818181818,4,0.0003636363636363,5.39998061754865e-06,0.0036453184942351,170,0.0111334577891665,0.036363636363630006
23857|6051,23857,6051,Bacillus subtilis,99.99,152,152,0,0,1.0,0.9998181818181818,0.9998181818181818,4,0.0003636363636363,1.2629953657361526e-06,0.0016040105920995,21,0.1354631411437087,0.036363636363630006
23857|6051,23857,6051,Bacillus subtilis,99.99,153,153,0,0,1.0,0.9998181818181818,0.9998181818181818,4,0.0003636363636363,1.2512043927603855e-06,0.0016350995680803,313,0.0042235161322339,0.036363636363630006
23857|6051,23857,6051,Bacillus subtilis,99.99,154,154,0,0,1.0,0.9998181818181818,0.9998181818181818,4,0.0003636363636363,1.2513080304143998e-06,0.0016417950943131,78,0.0036708511304897,0.036363636363630006
23857|6051,23857,6051,Bacillus subtilis,99.99,155,155,0,0,1.0,0.9998181818181818,0.9998181818181818,4,0.0003636363636363,1.131795531561508e-05,0.0050614359854295,408,0.0148800932284949,0.036363636363630006
23857|6051,23857,6051,Bacillus subtilis,99.99,156,156,0,0,1.0,0.9998181818181818,0.9998181818181818,4,0.0003636363636363,2.233103516768864e-06,0.0022807672474448,62,0.0011357949488634,0.036363636363630006
23857|6051,23857,6051,Bacillus subtilis,99.99,157,157,0,0,1.0,0.9998181818181818,0.9998181818181818,4,0.0003636363636363,2.7833220292983185e-06,0.0023629296947715,289,0.0102134780141607,0.036363636363630006
23857|6051,23857,6051,Bacillus subtilis,99.99,158,158,0,0,1.0,0.9998181818181818,0.9998181818181818,4,0.0003636363636363,8.549633717658267e-07,0.0013411685577937,200,0.005814601853664,0.036363636363630006
23857|6051,23857,6051,Bacillus subtilis,99.99,159,159,0,0,1.0,0.9998181818181818,0.9998181818181818,4,0.0003636363636363,8.32985407761555e-07,0.0013209025731361,85,0.0101559206765348,0.036363636363630006
23857|6051,23857,6051,Bacillus subtilis,99.99,160,160,0,0,0.9999090743771596,0.9998181818181818,0.9998181818181818,5,0.0004545454545454,1.8549768143749643e-06,0.0019327781337828,261,0.0243075904749694,0.04545454545454
23857|6051,23857,6051,Bacillus subtilis,99.99,161,161,0,0,0.999818148754319,0.9998181818181818,0.9998181818181818,6,0.0005454545454545,1.148317219201722e-06,0.0015182465730837,150,0.0049927469687617,0.054545454545450005
23857|6051,23857,6051,Bacillus subtilis,99.99,162,162,0,0,1.0,0.9998181818181818,0.9998181818181818,4,0.0003636363636363,1.8709186229148851e-06,0.0020736142401094,253,0.0179923433110862,0.036363636363630006
23857|6051,23857,6051,Bacillus subtilis,99.99,163,163,0,0,1.0,0.9998181818181818,0.9998181818181818,4,0.0003636363636363,1.6486294440731797e-06,0.001865572913064,90,0.0295684283739234,0.036363636363630006
23857|6051,23857,6051,Bacillus subtilis,99.99,164,164,0,0,0.9999090743771596,0.9998181818181818,0.9998181818181818,5,0.0004545454545454,2.7698816376431346e-05,0.0120800447039047,130,0.0054168028525893,0.04545454545454
23857|6051,23857,6051,Bacillus subtilis,99.99,165,165,0,0,1.0,0.9998181818181818,0.9998181818181818,4,0.0003636363636363,6.826833660600329e-07,0.0011908114374949,41,0.0155699965905831,0.036363636363630006
23857|6051,23857,6051,Bacillus subtilis,99.99,166,166,0,0,1.0,0.9998181818181818,0.9998181818181818,4,0.0003636363636363,6.333667857960634e-07,0.001143667628176,252,0.0293747574623155,0.036363636363630006
23857|6051,23857,6051,Bacillus subtilis,99.99,167,167,0,0,1.0,0.9998181818181818,0.9998181818181818,4,0.0003636363636363,5.484082115092548e-07,0.0010594145598295,304,0.0243461095026638,0.036363636363630006
23857|6051,23857,6051,Bacillus subtilis,99.99,168,168,0,0,1.0,0.9998181818181818,0.9998181818181818,4,0.0003636363636363,6.43623184082287e-07,0.0011562537739037,255,0.146825457362466,0.036363636363630006
23857|6051,23857,6051,Bacillus subtilis,99.99,169,169,0,0,1.0,0.9998181818181818,0.9998181818181818,4,0.0003636363636363,6.200538231748709e-07,0.0011215500871184,253,0.0155013035427229,0.036363636363630006
23857|6051,23857,6051,Bacillus subtilis,99.99,170,170,0,0,1.0,0.9998181818181818,0.9998181818181818,4,0.0003636363636363,2.712232571644435e-06,0.0025043371651123,11,0.0072458675529352,0.036363636363630006
23857|6051,23857,6051,Bacillus subtilis,99.99,171,171,0,0,1.0,0.9998181818181818,0.9998181818181818,4,0.0003636363636363,7.277730846855235e-07,0.0012073744498735,43,0.0256255886452781,0.036363636363630006
23857|6051,23857,6051,Bacillus subtilis,99.99,172,172,0,0,1.0,0.9998181818181818,0.9998181818181818,4,0.0003636363636363,4.996323702544103e-07,0.0010002891559868,268,0.0181658572734642,0.036363636363630006
23857|6051,23857,6051,Bacillus subtilis,99.99,173,173,0,0,1.0,0.9998181818181818,0.9998181818181818,4,0.0003636363636363,1.4504218112110223e-06,0.0017799078682968,418,0.0941278959499476,0.036363636363630006
23857|6051,23857,6051,Bacillus subtilis,99.99,174,174,0,0,1.0,0.9998181818181818,0.9998181818181818,4,0.0003636363636363,9.571485860560005e-07,0.0014209953929139,140,0.0465034501434116,0.036363636363630006
23857|6051,23857,6051,Bacillus subtilis,99.99,175,175,0,0,0.9997272231314784,0.9996363636363635,0.9998181818181818,9,0.0008181818181818,3.261271057231063e-05,0.0094320565252297,206,0.1455198645833295,0.08181818181818
23857|6051,23857,6051,Bacillus subtilis,99.99,176,176,0,0,0.999818148754319,0.9996363636363635,0.9998181818181818,8,0.0007272727272727,0.0003153171543288,0.0385963471907497,320,0.0324200625937425,0.07272727272727
23857|6051,23857,6051,Bacillus subtilis,99.99,177,177,0,0,1.0,0.9996363636363635,0.9996363636363635,8,0.0007272727272727,9.971350516391198e-07,0.0014166050386177,23,0.0537150714133471,0.07272727272727
23857|6051,23857,6051,Bacillus subtilis,99.99,178,178,0,0,1.0,0.9996363636363635,0.9996363636363635,8,0.0007272727272727,3.892193539689615e-06,0.0030413189172787,69,0.0325131209795359,0.07272727272727
23857|6051,23857,6051,Bacillus subtilis,99.99,179,179,0,0,1.0,0.9996363636363635,0.9996363636363635,8,0.0007272727272727,1.0563332137891734e-06,0.0014592276006795,270,0.0036711329622253,0.07272727272727
23857|6051,23857,6051,Bacillus subtilis,99.99,180,180,0,0,1.0,0.9996363636363635,0.9996363636363635,8,0.0007272727272727,8.462440732825982e-06,0.0043610197758213,169,0.0272169441032271,0.07272727272727
23857|6051,23857,6051,Bacillus subtilis,99.99,181,181,0,0,1.0,0.9996363636363635,0.9996363636363635,8,0.0007272727272727,2.312057065245732e-06,0.0023663307632628,230,0.0133743396176043,0.07272727272727
23857|6051,23857,6051,Bacillus subtilis,99.99,182,182,0,0,1.0,0.9996363636363635,0.9996363636363635,8,0.0007272727272727,1.5872597441957126e-06,0.001887683946258,406,0.0047947442057012,0.07272727272727
23857|6051,23857,6051,Bacillus subtilis,99.99,183,183,0,0,0.9999090661089388,0.9997272727272728,0.9996363636363635,8,0.0007272727272727,5.704669537309748e-06,0.0034386095299158,207,0.0064895208403146,0.07272727272727
23857|6051,23857,6051,Bacillus subtilis,99.99,184,184,0,0,0.9999090661089388,0.9997272727272728,0.9996363636363635,8,0.0007272727272727,5.546219889884796e-05,0.0110548437655807,97,0.0386764878585237,0.07272727272727
23857|6051,23857,6051,Bacillus subtilis,99.99,185,185,0,0,1.0,0.9997272727272728,0.9997272727272728,6,0.0005454545454545,4.260662378685609e-06,0.0040666453232073,102,0.0555882249395549,0.054545454545450005
23857|6051,23857,6051,Bacillus subtilis,99.99,186,186,0,0,1.0,0.9997272727272728,0.9997272727272728,6,0.0005454545454545,2.9422533494027903e-06,0.0025200527565559,80,0.0027983909066828,0.054545454545450005
23857|6051,23857,6051,Bacillus subtilis,99.99,187,187,0,0,1.0,0.9997272727272728,0.9997272727272728,6,0.0005454545454545,3.972766705051534e-06,0.0029103880011936,298,0.0104796244196452,0.054545454545450005
23857|6051,23857,6051,Bacillus subtilis,99.99,188,188,0,0,1.0,0.9997272727272728,0.9997272727272728,6,0.0005454545454545,3.496874653619031e-06,0.0031512368920962,403,0.0127579842239465,0.054545454545450005
23857|6051,23857,6051,Bacillus subtilis,99.99,189,189,0,0,0.9991818925552224,1.0,0.9993636363636365,16,0.0014545454545454,4.6573253706938544e-06,0.0043854738534967,225,0.0186804826166073,0.14545454545454
23857|6051,23857,6051,Bacillus subtilis,99.99,190,190,0,0,0.9991818925552224,1.0,0.9993636363636365,16,0.0014545454545454,9.714469929367198e-06,0.0109579395074676,228,0.0221724106078455,0.14545454545454
23857|6051,23857,6051,Bacillus subtilis,99.99,191,191,0,0,1.0,0.9996363636363635,0.9996363636363635,8,0.0007272727272727,3.309080755409255e-06,0.0029836097341877,312,0.0665479008043246,0.07272727272727
23857|6051,23857,6051,Bacillus subtilis,99.99,192,192,0,0,1.0,0.9996363636363635,0.9996363636363635,8,0.0007272727272727,3.5006265068915354e-06,0.0029953415639228,385,0.0066207407023479,0.07272727272727
23857|6051,23857,6051,Bacillus subtilis,99.99,193,193,0,0,1.0,0.9996363636363635,0.9996363636363635,8,0.0007272727272727,3.0804995827526938e-06,0.0029104185051025,68,0.0367461800571571,0.07272727272727
23857|6051,23857,6051,Bacillus subtilis,99.99,194,194,0,0,1.0,0.9996363636363635,0.9996363636363635,8,0.0007272727272727,9.12835603106288e-07,0.0013762592071545,71,0.0017561580560574,0.07272727272727
23857|6051,23857,6051,Bacillus subtilis,99.99,195,195,0,0,1.0,0.9996363636363635,0.9996363636363635,8,0.0007272727272727,7.525140792719043e-07,0.0012310975839174,199,0.0116694765681911,0.07272727272727
23857|6051,23857,6051,Bacillus subtilis,99.99,196,196,0,0,1.0,0.9996363636363635,0.9996363636363635,8,0.0007272727272727,2.0295260425573503e-06,0.0020148277944607,158,0.0771734297235721,0.07272727272727
25175|35668,25175,35668,Streptococcus mutans,98.81,0,0,0,0,0.9938181818181818,1.0,1.0,68,0.0061818181818181,4.540897447724568e-06,0.0037079275311193,73,0.0554209154916287,0.61818181818181
25175|35668,25175,35668,Streptococcus mutans,98.81,1,1,0,0,0.9952727272727272,1.0,0.9999090909090907,53,0.0048181818181818,2.9473215624742366e-06,0.0025493279975465,176,0.1052543337390061,0.48181818181818
25175|35668,25175,35668,Streptococcus mutans,98.81,2,2,0,0,0.9940914462321608,0.999,1.0,76,0.0069090909090909,1.5828312465271388e-05,0.0092966233980007,108,0.0439259664212596,0.69090909090909
25175|35668,25175,35668,Streptococcus mutans,98.81,16,16,0,0,0.9937272727272728,1.0,0.9995454545454544,74,0.0067272727272727,6.05579318679883e-06,0.0045443157646316,175,0.008881487759395,0.67272727272727
25175|35668,25175,35668,Streptococcus mutans,98.81,185,184,0,0,0.9970337411939192,0.9807272727272728,0.9807272727272728,456,0.0414545454545454,2.30515830692557e-05,0.0069246143327773,142,0.095656720511756,4.145454545454539
25175|35668,25175,35668,Streptococcus mutans,98.81,186,185,0,0,0.9958298582151792,0.9807272727272728,0.981,466,0.0423636363636363,0.0002609377074365,0.0259078069556418,115,0.0175574210564439,4.23636363636363
25175|35668,25175,35668,Streptococcus mutans,98.81,187,186,0,0,0.9921319249838328,0.843,0.8431818181818181,542,0.0492727272727272,9.214363258402967e-06,0.0045094098542865,147,0.0024113760975763,4.92727272727272
25175|700610,25175,700610,Streptococcus mutans,99.08,0,0,0,0,0.9943636363636364,1.0,0.999,73,0.0066363636363636,3.138564806937083e-06,0.0081558623396809,147,0.0345976250915168,0.66363636363636
25175|700610,25175,700610,Streptococcus mutans,99.08,1,1,0,0,0.996996996996997,0.999,0.9989090909090907,56,0.005090909090909,4.803000810960079e-06,0.0038161867081591,154,0.0344533242226025,0.5090909090909
25175|700610,25175,700610,Streptococcus mutans,99.08,2,2,0,0,0.9968167348794906,0.9989090909090907,0.9995454545454544,52,0.0047272727272727,5.345965062408808e-06,0.0042982773389232,17,0.0583806976685001,0.47272727272727
25238|8176,25238,8176,Moraxella catarrhalis,99.27,0,0,0,0,0.9973638760112716,1.0,1.0,29,0.0026363636363636,2.203891949603687e-06,0.002201856134602,61,0.0275732260593419,0.26363636363636
25238|8176,25238,8176,Moraxella catarrhalis,99.27,62,60,0,0,0.9921875,0.9862727272727272,0.987909090909091,337,0.0306363636363636,8.562913154985807e-06,0.0042737170345464,118,0.0166180529335662,3.06363636363636
25238|8176,25238,8176,Moraxella catarrhalis,99.27,66,64,0,0,0.9958290851793492,0.9808181818181818,0.9807272727272728,468,0.0425454545454545,0.0001897909203623,0.0202948010547201,119,0.0227821139435149,4.2545454545454495
25238|8176,25238,8176,Moraxella catarrhalis,99.27,67,65,0,0,0.9974974511076096,0.9808181818181818,0.9808181818181818,449,0.0408181818181818,2.292979305185128e-05,0.0069583012258944,3,0.0238563848052875,4.08181818181818
25238|8176,25238,8176,Moraxella catarrhalis,99.27,69,67,0,0,0.9957959322804226,0.8000909090909091,0.8000909090909091,476,0.0432727272727272,0.0001404976114141,0.0197213002797405,102,0.0032559522616845,4.32727272727272
25238|8176,25238,8176,Moraxella catarrhalis,99.27,70,68,0,0,0.9927951228523924,0.9840909090909092,0.984,429,0.039,3.0160237978194004e-05,0.0081736037684719,170,0.0055732081521759,3.9
25238|8176,25238,8176,Moraxella catarrhalis,99.27,72,70,0,0,0.993956043956044,0.9927272727272728,0.9927272727272728,226,0.0205454545454545,1.946055437906935e-05,0.0092093355446575,146,0.0127575713526881,2.05454545454545
25238|8176,25238,8176,Moraxella catarrhalis,99.27,73,71,0,0,0.9940476190476192,0.9927272727272728,0.9927272727272728,225,0.0204545454545454,9.681108190884302e-06,0.0054519053660553,169,0.0133284638387795,2.04545454545454
25904|27698,25904,27698,Staphylococcus aureus,99.98,7,7,0,0,0.9999090909090907,1.0,0.9999090909090907,2,0.0001818181818181,1.5083796937043203e-06,0.0017645804693832,30,0.0256012107578291,0.01818181818181
25904|27698,25904,27698,Staphylococcus aureus,99.98,8,8,0,0,1.0,0.99,0.99,50,0.0045454545454545,7.585363568596293e-06,0.0043009298850949,222,0.002878527987993,0.45454545454545003
25904|BAA-2762,25904,BAA-2762,Staphylococcus aureus,98.46,36,31,0,0,0.9938985520444404,0.9982727272727272,0.9982727272727272,105,0.0095454545454545,7.2814818041777585e-06,0.0038167602450336,153,0.0231978493478631,0.9545454545454499
25904|BAA-2762,25904,BAA-2762,Staphylococcus aureus,98.46,37,32,0,0,0.9941717512066296,0.9982727272727272,0.9982727272727272,102,0.0092727272727272,1.3030870782637647e-05,0.0073821271107394,221,0.0801775427814139,0.92727272727272
25904|BAA-2762,25904,BAA-2762,Staphylococcus aureus,98.46,38,33,0,0,0.9935342864948548,0.9981818181818182,0.9982727272727272,108,0.0098181818181818,7.271721443657952e-06,0.0042871011891002,16,0.1670024040143607,0.98181818181818
25904|BAA-2762,25904,BAA-2762,Staphylococcus aureus,98.46,39,34,0,0,0.975033921302578,0.9983636363636365,0.9923636363636364,367,0.0333636363636363,1.6409324440247453e-05,0.0057968125384159,253,0.0043307461226185,3.3363636363636298
25904|BAA-2762,25904,BAA-2762,Staphylococcus aureus,98.46,40,35,0,0,0.995419567607182,0.9923636363636364,0.9923636363636364,218,0.0198181818181818,1.3920257312172168e-05,0.0059868218521411,273,0.0387529949378611,1.9818181818181801
25904|BAA-2762,25904,BAA-2762,Staphylococcus aureus,98.46,41,36,0,0,0.995877610846464,0.9923636363636364,0.9922727272727272,214,0.0194545454545454,1.505066385043552e-05,0.0138427940885397,50,0.0281813474670641,1.9454545454545402
25904|BAA-2762,25904,BAA-2762,Staphylococcus aureus,98.46,43,38,0,0,0.9931644185198688,0.9972727272727272,0.9973636363636365,134,0.0121818181818181,6.415752128452468e-06,0.0050808311609151,143,0.0368718375377192,1.2181818181818098
25904|BAA-2762,25904,BAA-2762,Staphylococcus aureus,98.46,45,40,0,0,0.9868020304568528,0.9797272727272728,0.985,530,0.0481818181818181,7.134688585042071e-06,0.0043786584541339,59,0.0103800411725981,4.8181818181818095
25904|BAA-2762,25904,BAA-2762,Staphylococcus aureus,98.46,46,41,0,0,0.9933197253664872,0.9798181818181818,0.9797272727272728,517,0.047,0.0001120946384907,0.0195772861594634,56,0.0030840792952718,4.7
25904|BAA-2762,25904,BAA-2762,Staphylococcus aureus,98.46,47,42,0,0,0.9956380510440836,0.9794545454545456,0.9795454545454544,491,0.0446363636363636,7.876029398312667e-05,0.0132996570691319,203,0.0592948696638155,4.46363636363636
25904|BAA-2762,25904,BAA-2762,Staphylococcus aureus,98.46,53,48,0,0,0.9931226765799256,0.9777272727272728,0.9774545454545456,543,0.0493636363636363,0.0001364956616782,0.0242272315742991,282,0.065542622745842,4.936363636363629
25904|BAA-2762,25904,BAA-2762,Staphylococcus aureus,98.46,96,98,0,0,0.9906413432424992,0.9908181818181818,0.9905454545454544,306,0.0278181818181818,2.6672465182286945e-05,0.0075308128482344,264,0.1543041486148024,2.78181818181818
25922|700336,25922,700336,Escherichia coli,98.92,0,0,0,0,0.991897305171158,0.9985454545454544,0.9985454545454544,90,0.0081818181818181,1.0961141556631304e-06,0.0014992512331179,65,0.0016391709480635,0.8181818181818099
25922|700336,25922,700336,Escherichia coli,98.92,120,126,0,0,0.9893911439114392,0.9854545454545456,0.9854545454545456,431,0.0391818181818181,2.576148730670802e-05,0.0080095556416597,204,0.250520582092937,3.9181818181818104
25922|700336,25922,700336,Escherichia coli,98.92,121,127,0,0,0.9879427983923732,0.9726363636363636,0.9723636363636364,458,0.0416363636363636,9.7653232999928e-06,0.0070853172945845,514,0.0053671780512805,4.1636363636363605
25922|700336,25922,700336,Escherichia coli,98.92,122,128,0,0,0.9940899436697757,0.9844545454545456,0.9844545454545456,389,0.0353636363636363,2.562775862358091e-05,0.0114704832533742,115,0.0374537624358732,3.53636363636363
25922|700336,25922,700336,Escherichia coli,98.92,124,130,0,0,0.9908573750507924,0.8949090909090909,0.8949090909090909,364,0.033090909090909,2.2431692856650365e-05,0.016879878249104,59,0.0007060110686628,3.3090909090908998
25922|700336,25922,700336,Escherichia coli,98.92,125,131,0,0,0.9879506990434144,0.9883636363636364,0.9883636363636364,384,0.0349090909090909,6.317048224824262e-05,0.0129612511276925,197,0.005250828384521,3.49090909090909
25922|700336,25922,700336,Escherichia coli,98.92,126,132,0,0,0.9850087372390324,0.9884545454545456,0.9883636363636364,418,0.038,2.3320328900289237e-05,0.0070808683630989,313,0.0174135875606871,3.8
25922|700336,25922,700336,Escherichia coli,98.92,146,153,0,0,0.9958248283540544,0.9798181818181818,0.9798181818181818,489,0.0444545454545454,6.73131299455676e-06,0.0092988996816508,487,0.0014745576239491,4.44545454545454
25922|700336,25922,700336,Escherichia coli,98.92,147,154,0,0,0.9955464835776582,0.9798181818181818,0.9798181818181818,492,0.0447272727272727,4.239827020902087e-05,0.0231420763494638,371,0.2280435717177742,4.47272727272727
25922|700336,25922,700336,Escherichia coli,98.92,254,256,0,0,0.9963747908533184,0.978,0.977909090909091,524,0.0476363636363636,1.1756825346376232e-05,0.0102303529787081,201,0.0095954889177891,4.76363636363636
25922|700928,25922,700928,Escherichia coli,99.73,0,0,0,0,0.9999090909090907,1.0,1.0,1,9.09090909090909e-05,7.0871945200279285e-06,0.0079422149867667,365,0.0006448932662824,0.00909090909090909
25922|700928,25922,700928,Escherichia coli,99.73,3,3,0,0,0.9998181818181818,1.0,1.0,2,0.0001818181818181,3.728770165301043e-06,0.0031860173262598,56,0.0032108340683597,0.01818181818181
25922|700928,25922,700928,Escherichia coli,99.73,89,94,0,0,0.9978685941988694,0.981,0.981,441,0.040090909090909,8.498140893542505e-06,0.0044237292536722,64,0.1483777941269473,4.0090909090909
25922|700928,25922,700928,Escherichia coli,99.73,91,96,0,0,0.9999072786277236,0.9804545454545456,0.9804545454545456,431,0.0391818181818181,9.13606997491323e-05,0.0145284437790247,11,0.0285615544709521,3.9181818181818104
25922|700928,25922,700928,Escherichia coli,99.73,92,97,0,0,0.9949930458970792,0.9804545454545456,0.9793636363636364,496,0.045090909090909,0.0004922312601655,0.050414096784936,159,0.0163852960253205,4.5090909090909
25922|700928,25922,700928,Escherichia coli,99.73,93,98,0,0,0.9971181556195964,0.977909090909091,0.977909090909091,485,0.044090909090909,2.299966446961399e-05,0.0089974495530259,129,0.0018153597752682,4.4090909090909
25922|700928,25922,700928,Escherichia coli,99.73,94,99,0,0,0.991460131811009,0.9793636363636364,0.9793636363636364,546,0.0496363636363636,1.059097256561614e-05,0.004835114208961,62,0.0005655288198384,4.963636363636359
25922|700928,25922,700928,Escherichia coli,99.73,95,100,0,0,0.9955444165970482,0.9793636363636364,0.9792727272727272,503,0.0457272727272727,6.060225710036171e-05,0.0169730913211823,439,5.796810036828859e-05,4.57272727272727
25922|700928,25922,700928,Escherichia coli,99.73,97,102,0,0,0.9952672605790646,0.9796363636363636,0.9795454545454544,500,0.0454545454545454,2.019333308278526e-05,0.0075853460908168,116,0.0014821645789638,4.54545454545454
25922|700928,25922,700928,Escherichia coli,99.73,98,103,0,0,1.0,0.9795454545454544,0.9795454545454544,450,0.0409090909090909,6.247395381464571e-05,0.0142252887157232,220,0.0029022557263121,4.09090909090909
25922|700928,25922,700928,Escherichia coli,99.73,99,104,0,0,1.0,0.9795454545454544,0.9795454545454544,450,0.0409090909090909,9.02693856863479e-06,0.0058002429828553,44,0.0004214379652613,4.09090909090909
25922|700928,25922,700928,Escherichia coli,99.73,110,115,0,0,0.9997258771929824,0.9949090909090909,0.9949090909090909,115,0.0104545454545454,3.582723144546218e-05,0.014119638513949,432,0.0387479405593822,1.04545454545454
25922|700928,25922,700928,Escherichia coli,99.73,111,116,0,0,0.999908625730994,0.9949090909090909,0.9949090909090909,113,0.0102727272727272,2.0872813698225023e-05,0.0064615141867335,518,0.0071245499085019,1.02727272727272
25922|700928,25922,700928,Escherichia coli,99.73,112,117,0,0,1.0,0.9949090909090909,0.9949090909090909,112,0.0101818181818181,9.781565930788716e-06,0.0060732265616609,262,0.0052417900149329,1.0181818181818099
25922|700928,25922,700928,Escherichia coli,99.73,113,118,0,0,0.9998172514619884,0.9949090909090909,0.9949090909090909,114,0.0103636363636363,5.687295993594965e-06,0.0039247560364355,42,0.0012316363864091,1.0363636363636302
25922|700928,25922,700928,Escherichia coli,99.73,114,119,0,0,1.0,0.9949090909090909,0.9949090909090909,112,0.0101818181818181,9.31481687549418e-06,0.0057535965456036,260,0.0108478742195717,1.0181818181818099
25922|700928,25922,700928,Escherichia coli,99.73,115,120,0,0,0.9997258771929824,0.9949090909090909,0.9949090909090909,115,0.0104545454545454,7.517926204236858e-06,0.005128739160448,46,0.0059560539236692,1.04545454545454
25922|700928,25922,700928,Escherichia coli,99.73,116,121,0,0,1.0,0.9949090909090909,0.9949090909090909,112,0.0101818181818181,3.564065528149918e-06,0.0056386938186365,432,0.0042881152065226,1.0181818181818099
25922|700928,25922,700928,Escherichia coli,99.73,117,122,0,0,1.0,0.9949090909090909,0.9949090909090909,112,0.0101818181818181,8.197895889128226e-06,0.007740140068807,181,0.0012005585082215,1.0181818181818099
25922|700928,25922,700928,Escherichia coli,99.73,118,123,0,0,0.9994520547945206,0.9949090909090909,0.9954545454545456,112,0.0101818181818181,1.430292104420694e-05,0.0077662938935794,94,0.0709690550245734,1.0181818181818099
25922|700928,25922,700928,Escherichia coli,99.73,119,124,0,0,1.0,0.9954545454545456,0.9954545454545456,100,0.009090909090909,4.240524291709846e-06,0.0043202157772805,99,0.0044578832214141,0.9090909090909001
25922|700928,25922,700928,Escherichia coli,99.73,120,125,0,0,1.0,0.9954545454545456,0.9954545454545456,100,0.009090909090909,4.852173619895872e-06,0.0042933703636738,123,0.0076933923758641,0.9090909090909001
25922|700928,25922,700928,Escherichia coli,99.73,121,126,0,0,1.0,0.9954545454545456,0.9954545454545456,100,0.009090909090909,3.255715921524072e-06,0.0025527108922515,246,0.008586328165187,0.9090909090909001
25922|700928,25922,700928,Escherichia coli,99.73,122,127,0,0,1.0,0.9954545454545456,0.9954545454545456,100,0.009090909090909,9.779491401906704e-06,0.0051951481574659,219,0.0021659845002517,0.9090909090909001
25922|700928,25922,700928,Escherichia coli,99.73,123,128,0,0,0.9873059360730594,0.9954545454545456,0.9828181818181818,378,0.0343636363636363,4.404708241478872e-06,0.0030990709558609,271,0.0605742633094508,3.43636363636363
25922|700928,25922,700928,Escherichia coli,99.73,124,129,0,0,1.0,0.9828181818181818,0.9828181818181818,378,0.0343636363636363,9.75164207788204e-05,0.0245713761205979,354,0.0009789690376826,3.43636363636363
25922|700928,25922,700928,Escherichia coli,99.73,125,130,0,0,1.0,0.9828181818181818,0.9828181818181818,378,0.0343636363636363,5.707326478865404e-06,0.0034295800767807,413,0.0019816634170899,3.43636363636363
25922|700928,25922,700928,Escherichia coli,99.73,215,224,0,0,0.99981718464351,0.9945454545454544,0.9945454545454544,122,0.011090909090909,1.727190370237608e-05,0.006522228535737,309,0.0004323556453723,1.1090909090909
25922|700928,25922,700928,Escherichia coli,99.73,216,225,0,0,0.99981718464351,0.9945454545454544,0.9945454545454544,122,0.011090909090909,1.2809505359756557e-06,0.0016526014841765,424,0.0032828380762983,1.1090909090909
25922|700928,25922,700928,Escherichia coli,99.73,217,226,0,0,1.0,0.9945454545454544,0.9945454545454544,120,0.0109090909090909,3.2843936653703665e-06,0.0026616197108698,65,0.002159635636306,1.09090909090909
25922|700928,25922,700928,Escherichia coli,99.73,218,227,0,0,0.999908592321755,0.9945454545454544,0.9945454545454544,121,0.011,4.192065948704915e-06,0.0033283180907089,314,0.0034956727797972,1.0999999999999999
25922|700928,25922,700928,Escherichia coli,99.73,219,228,0,0,0.999908592321755,0.9945454545454544,0.9945454545454544,121,0.011,1.2363557029604344e-05,0.0083277361332333,454,0.0002097155278875,1.0999999999999999
25922|700928,25922,700928,Escherichia coli,99.73,220,229,0,0,0.999908592321755,0.9945454545454544,0.9945454545454544,121,0.011,6.240139471813677e-06,0.0035437115412364,402,0.0025664199862907,1.0999999999999999
25922|700928,25922,700928,Escherichia coli,99.73,221,230,0,0,1.0,0.9945454545454544,0.9945454545454544,120,0.0109090909090909,5.276886283489546e-06,0.0037503684386815,310,0.0005953384453798,1.09090909090909
25922|700928,25922,700928,Escherichia coli,99.73,222,231,0,0,1.0,0.9945454545454544,0.9945454545454544,120,0.0109090909090909,8.894168524453683e-06,0.0114598490886986,499,0.0002863053094539,1.09090909090909
25922|700928,25922,700928,Escherichia coli,99.73,223,232,0,0,1.0,0.9945454545454544,0.9945454545454544,120,0.0109090909090909,5.315060874644395e-06,0.0035552143842975,76,0.0071551700925307,1.09090909090909
25922|700928,25922,700928,Escherichia coli,99.73,224,233,0,0,0.99981718464351,0.9945454545454544,0.9945454545454544,122,0.011090909090909,1.0654198736137488e-05,0.0057879837479161,342,0.0006658788639183,1.1090909090909
25922|700928,25922,700928,Escherichia coli,99.73,225,234,0,0,0.99981718464351,0.9945454545454544,0.9945454545454544,122,0.011090909090909,6.867928547205082e-06,0.0039277282776044,334,0.0008292782647285,1.1090909090909
25922|700928,25922,700928,Escherichia coli,99.73,226,235,0,0,0.99981718464351,0.9945454545454544,0.9945454545454544,122,0.011090909090909,4.584107265781512e-06,0.0031144298487949,256,0.0135963234752556,1.1090909090909
25922|700928,25922,700928,Escherichia coli,99.73,227,236,0,0,0.999908592321755,0.9945454545454544,0.9945454545454544,121,0.011,2.8522438023648178e-06,0.0026404445157806,14,6.251300244108915e-05,1.0999999999999999
25922|700928,25922,700928,Escherichia coli,99.73,228,237,0,0,1.0,0.9945454545454544,0.9945454545454544,120,0.0109090909090909,7.263563398973716e-06,0.0039478945096548,65,0.0032260915612942,1.09090909090909
25922|700928,25922,700928,Escherichia coli,99.73,229,238,0,0,1.0,0.9945454545454544,0.9945454545454544,120,0.0109090909090909,1.4325735284481668e-05,0.0068717504211716,215,0.0322123380864591,1.09090909090909
25922|700928,25922,700928,Escherichia coli,99.73,230,239,0,0,1.0,0.9945454545454544,0.9945454545454544,120,0.0109090909090909,5.639373784172008e-06,0.0038183998850864,400,0.0021452015420004,1.09090909090909
25922|700928,25922,700928,Escherichia coli,99.73,231,240,0,0,1.0,0.9945454545454544,0.9945454545454544,120,0.0109090909090909,4.692397731709264e-06,0.0042486208645459,401,0.0064911561543568,1.09090909090909
25922|700928,25922,700928,Escherichia coli,99.73,232,241,0,0,0.999908592321755,0.9945454545454544,0.9945454545454544,121,0.011,1.3658290379581215e-05,0.0072408701067825,423,0.0019108487421495,1.0999999999999999
25922|700928,25922,700928,Escherichia coli,99.73,233,242,0,0,1.0,0.9945454545454544,0.9945454545454544,120,0.0109090909090909,8.490741531419488e-06,0.0067770609735956,445,0.0109329878593666,1.09090909090909
25922|700928,25922,700928,Escherichia coli,99.73,234,243,0,0,1.0,0.9945454545454544,0.9945454545454544,120,0.0109090909090909,1.921601579968346e-06,0.002032035453636,379,0.0063455127199308,1.09090909090909
25922|700928,25922,700928,Escherichia coli,99.73,235,244,0,0,0.99981718464351,0.9945454545454544,0.9945454545454544,122,0.011090909090909,1.3261472893599802e-05,0.0069559588853004,122,0.0010266501225757,1.1090909090909
25922|700928,25922,700928,Escherichia coli,99.73,236,245,0,0,1.0,0.9945454545454544,0.9945454545454544,120,0.0109090909090909,1.9066875123430197e-05,0.006196012485315,328,0.005740353838307,1.09090909090909
25922|700928,25922,700928,Escherichia coli,99.73,237,246,0,0,1.0,0.9945454545454544,0.9945454545454544,120,0.0109090909090909,1.10358197047411e-05,0.0049474252999232,371,0.0004497256610602,1.09090909090909
25922|700928,25922,700928,Escherichia coli,99.73,238,247,0,0,1.0,0.9945454545454544,0.9945454545454544,120,0.0109090909090909,2.721444412490115e-06,0.0023338612954963,59,0.0014866743606514,1.09090909090909
25922|700928,25922,700928,Escherichia coli,99.73,239,248,0,0,1.0,0.9945454545454544,0.9945454545454544,120,0.0109090909090909,2.667302999759258e-05,0.009265619454971,284,0.0025867556186692,1.09090909090909
25922|700928,25922,700928,Escherichia coli,99.73,240,249,0,0,0.999908592321755,0.9945454545454544,0.9945454545454544,121,0.011,4.466934302449488e-06,0.003626005916493,73,0.0032178911237478,1.0999999999999999
25922|700928,25922,700928,Escherichia coli,99.73,241,250,0,0,0.999908592321755,0.9945454545454544,0.9945454545454544,121,0.011,9.58267705164495e-06,0.0077119737201488,408,0.0191572726716289,1.0999999999999999
25922|700928,25922,700928,Escherichia coli,99.73,242,251,0,0,0.999908592321755,0.9945454545454544,0.9945454545454544,121,0.011,1.58176498858964e-05,0.0068607195979575,324,0.0486476135428792,1.0999999999999999
25922|700928,25922,700928,Escherichia coli,99.73,243,252,0,0,0.999908592321755,0.9945454545454544,0.9945454545454544,121,0.011,4.457974172922263e-06,0.0030797782761033,320,0.1275229431766695,1.0999999999999999
25922|700928,25922,700928,Escherichia coli,99.73,244,253,0,0,0.99981718464351,0.9945454545454544,0.9945454545454544,122,0.011090909090909,7.354736890841096e-06,0.0065012395960922,412,0.0205454108683182,1.1090909090909
25922|700928,25922,700928,Escherichia coli,99.73,245,254,0,0,1.0,0.9945454545454544,0.9945454545454544,120,0.0109090909090909,4.685039481144848e-06,0.0031425771475972,274,0.0073764077972802,1.09090909090909
25922|700928,25922,700928,Escherichia coli,99.73,246,255,0,0,0.99981718464351,0.9945454545454544,0.9945454545454544,122,0.011090909090909,1.308159077528792e-05,0.0058906537913021,308,0.001903942055313,1.1090909090909
25922|700928,25922,700928,Escherichia coli,99.73,247,256,0,0,0.999908592321755,0.9945454545454544,0.9945454545454544,121,0.011,1.1263779671866205e-05,0.0054165638581156,414,0.0014619149281472,1.0999999999999999
25922|700928,25922,700928,Escherichia coli,99.73,312,318,0,0,0.99990832416575,0.9916363636363636,0.9916363636363636,185,0.0168181818181818,3.296236713867806e-05,0.0100829344049473,480,0.0111101859415928,1.68181818181818
25922|700928,25922,700928,Escherichia coli,99.73,313,319,0,0,0.9998166483315,0.9916363636363636,0.9916363636363636,186,0.0169090909090909,0.0001264236849329,0.016066826147078,52,0.2517215446639321,1.69090909090909
25922|700928,25922,700928,Escherichia coli,99.73,314,320,0,0,0.99990832416575,0.9916363636363636,0.9916363636363636,185,0.0168181818181818,1.6022408243387964e-05,0.0089136973576438,245,0.1566928416889522,1.68181818181818
25922|700928,25922,700928,Escherichia coli,99.73,315,321,0,0,1.0,0.9916363636363636,0.9916363636363636,184,0.0167272727272727,8.137252352269364e-06,0.0040897832976214,111,0.153261440346935,1.6727272727272697
25922|700928,25922,700928,Escherichia coli,99.73,316,322,0,0,0.9985331866519984,0.9915454545454544,0.9916363636363636,201,0.0182727272727272,1.3438407465926616e-05,0.0067510125438941,160,0.119336559798531,1.82727272727272
25922|700928,25922,700928,Escherichia coli,99.73,317,323,0,0,1.0,0.9915454545454544,0.9915454545454544,186,0.0169090909090909,5.060202296514049e-06,0.0039963281977581,426,0.0034248186283668,1.69090909090909
25922|700928,25922,700928,Escherichia coli,99.73,318,324,0,0,0.9998166315210416,0.9915454545454544,0.9915454545454544,188,0.017090909090909,2.78820266235158e-05,0.0075710674233386,219,0.0422334084937527,1.7090909090909001
25922|700928,25922,700928,Escherichia coli,99.73,319,325,0,0,1.0,0.9915454545454544,0.9915454545454544,186,0.0169090909090909,4.903487177332355e-05,0.0120331050157757,354,0.1211573653351767,1.69090909090909
25922|700928,25922,700928,Escherichia coli,99.73,320,326,0,0,0.9999083157605207,0.9915454545454544,0.9915454545454544,187,0.017,2.7872025121111758e-05,0.0088661390025273,248,0.0397091982106011,1.7000000000000002
25922|700928,25922,700928,Escherichia coli,99.73,321,327,0,0,1.0,0.9915454545454544,0.9915454545454544,186,0.0169090909090909,7.858961050266622e-06,0.0047507544381112,130,0.0058614358891416,1.69090909090909
25922|700928,25922,700928,Escherichia coli,99.73,322,328,0,0,0.9998166315210416,0.9915454545454544,0.9915454545454544,188,0.017090909090909,2.702602880633176e-05,0.0074208912311346,409,0.1227651032648156,1.7090909090909001
25922|700928,25922,700928,Escherichia coli,99.73,323,329,0,0,0.9999083157605207,0.9915454545454544,0.9915454545454544,187,0.017,6.87009599764643e-06,0.005527848112484,425,0.0048861427284693,1.7000000000000002
25922|700928,25922,700928,Escherichia coli,99.73,324,330,0,0,0.9997249472815622,0.9915454545454544,0.9915454545454544,189,0.0171818181818181,8.17847246215031e-06,0.0044289041637593,259,0.0076037768004522,1.71818181818181
25922|700928,25922,700928,Escherichia coli,99.73,325,331,0,0,0.9999083157605207,0.9915454545454544,0.9915454545454544,187,0.017,9.119700487225655e-06,0.0047769780629163,506,0.0024074538046903,1.7000000000000002
25922|700928,25922,700928,Escherichia coli,99.73,326,332,0,0,1.0,0.9915454545454544,0.9915454545454544,186,0.0169090909090909,9.741340745716975e-06,0.0065592762683813,109,0.0008290868731604,1.69090909090909
25922|700928,25922,700928,Escherichia coli,99.73,327,333,0,0,0.9998166315210416,0.9915454545454544,0.9915454545454544,187,0.017,4.565092218022926e-06,0.0030252517726751,447,0.0018171590210542,1.7000000000000002
25922|700928,25922,700928,Escherichia coli,99.73,328,334,0,0,0.9998166315210416,0.9915454545454544,0.9915454545454544,188,0.017090909090909,6.753535023773516e-06,0.0060549836506787,465,0.0126716303811832,1.7090909090909001
25922|700928,25922,700928,Escherichia coli,99.73,329,335,0,0,0.9999083157605207,0.9915454545454544,0.9915454545454544,187,0.017,3.789576500268233e-06,0.0061318687558427,275,0.0037679835560341,1.7000000000000002
25922|700928,25922,700928,Escherichia coli,99.73,330,336,0,0,1.0,0.9915454545454544,0.9915454545454544,186,0.0169090909090909,1.0374023152515122e-05,0.0057641396961624,471,0.0017934224116128,1.69090909090909
25922|700928,25922,700928,Escherichia coli,99.73,331,337,0,0,1.0,0.9915454545454544,0.9915454545454544,186,0.0169090909090909,4.270297737418716e-06,0.0029229373731876,485,0.0005140164363856,1.69090909090909
25922|700928,25922,700928,Escherichia coli,99.73,332,338,0,0,1.0,0.9915454545454544,0.9915454545454544,186,0.0169090909090909,1.1570051481668564e-05,0.0092352595970815,100,0.0059145944732915,1.69090909090909
25922|700928,25922,700928,Escherichia coli,99.73,333,339,0,0,1.0,0.9915454545454544,0.9915454545454544,186,0.0169090909090909,7.33063691860103e-07,0.0012218620098715,60,0.0019527480066048,1.69090909090909
25922|700928,25922,700928,Escherichia coli,99.73,334,340,0,0,1.0,0.9915454545454544,0.9915454545454544,186,0.0169090909090909,8.740574675925039e-06,0.0045846901668325,491,0.0032068509499804,1.69090909090909
25922|700928,25922,700928,Escherichia coli,99.73,335,341,0,0,1.0,0.9915454545454544,0.9915454545454544,186,0.0169090909090909,7.504589287776753e-06,0.0064673424334318,517,0.0066909774674521,1.69090909090909
25922|700928,25922,700928,Escherichia coli,99.73,336,342,0,0,1.0,0.9915454545454544,0.9915454545454544,186,0.0169090909090909,4.556546963851993e-06,0.0039314564640075,510,0.0030883945050893,1.69090909090909
25922|700928,25922,700928,Escherichia coli,99.73,337,343,0,0,1.0,0.9915454545454544,0.9915454545454544,186,0.0169090909090909,6.672448380151685e-06,0.0041122757532495,481,0.0288523776441574,1.69090909090909
25923|9144,25923,9144,Staphylococcus aureus,99.87,0,0,0,0,0.9999090909090907,1.0,1.0,1,9.09090909090909e-05,3.75649970885128e-06,0.0035897950191397,45,0.2467608717820767,0.00909090909090909
25923|9144,25923,9144,Staphylococcus aureus,99.87,1,1,0,0,0.9961818181818182,1.0,1.0,42,0.0038181818181818,4.692462139077591e-06,0.0043357620605007,27,0.0594461315219563,0.38181818181818
25923|9144,25923,9144,Staphylococcus aureus,99.87,2,2,0,0,0.9965454545454544,1.0,0.9968181818181818,73,0.0066363636363636,9.77216097475253e-06,0.0044713690455946,128,0.0338018651892054,0.66363636363636
25923|9144,25923,9144,Staphylococcus aureus,99.87,3,3,0,0,0.9996352029183766,0.9968181818181818,0.9968181818181818,74,0.0067272727272727,2.271919959873081e-05,0.0090225971011361,136,0.0190306752240084,0.67272727272727
25923|9144,25923,9144,Staphylococcus aureus,99.87,4,4,0,0,0.9996352029183766,0.9968181818181818,0.9968181818181818,74,0.0067272727272727,3.726978045848206e-06,0.0051738492626141,212,0.0017696688740754,0.67272727272727
25923|9144,25923,9144,Staphylococcus aureus,99.87,5,5,0,0,0.9999088007295942,0.9968181818181818,0.9968181818181818,71,0.0064545454545454,6.150240253632866e-06,0.0062485193281112,204,0.0102225363885453,0.6454545454545401
25923|9144,25923,9144,Staphylococcus aureus,99.87,6,6,0,0,0.9998176014591884,0.9968181818181818,0.9967272727272728,73,0.0066363636363636,7.014762537504993e-06,0.0037504286107064,66,0.0054820258657911,0.66363636363636
25923|9144,25923,9144,Staphylococcus aureus,99.87,7,7,0,0,0.9998175848230572,0.9967272727272728,0.9967272727272728,74,0.0067272727272727,4.5706028950487365e-06,0.0037557720001946,181,0.000500619603405,0.67272727272727
25923|9144,25923,9144,Staphylococcus aureus,99.87,8,8,0,0,0.999726377234586,0.9967272727272728,0.9967272727272728,75,0.0068181818181818,1.8490736932608165e-05,0.0060836152953683,109,0.1049429569551951,0.68181818181818
25923|9144,25923,9144,Staphylococcus aureus,99.87,125,123,0,0,0.9999080797867452,0.989,0.989,243,0.022090909090909,7.425649979153626e-05,0.0122361017751173,3,0.1298668398001731,2.2090909090909
25923|9144,25923,9144,Staphylococcus aureus,99.87,126,124,0,0,1.0,0.989,0.989,242,0.022,2.4261190111118932e-05,0.0077588321871588,242,0.2301100447587878,2.1999999999999997
25923|9144,25923,9144,Staphylococcus aureus,99.87,127,125,0,0,0.9996323191469804,0.989,0.989,246,0.0223636363636363,1.834507326736734e-05,0.0060627053534552,15,0.1307221016509313,2.23636363636363
25923|9144,25923,9144,Staphylococcus aureus,99.87,128,126,0,0,0.9998161595734902,0.989,0.989,244,0.0221818181818181,1.2558508488136331e-05,0.0053641200797894,200,0.0120206415928671,2.2181818181818103
25923|9144,25923,9144,Staphylococcus aureus,99.87,129,127,0,0,0.9999080797867452,0.989,0.989,243,0.022090909090909,1.2787397794200572e-05,0.0054906551513972,106,0.0394473986917396,2.2090909090909
25923|9144,25923,9144,Staphylococcus aureus,99.87,130,128,0,0,0.9998161595734902,0.989,0.989,244,0.0221818181818181,1.0113794549071464e-05,0.0055521548989902,217,0.0276225548535062,2.2181818181818103
25923|9144,25923,9144,Staphylococcus aureus,99.87,131,129,0,0,0.9998161595734902,0.989,0.989,244,0.0221818181818181,7.781846879550969e-06,0.0072352155669812,74,0.0437263404927368,2.2181818181818103
25923|9144,25923,9144,Staphylococcus aureus,99.87,132,130,0,0,0.9994484787204706,0.989,0.989,248,0.0225454545454545,1.2370136626471684e-05,0.005096343997859,269,0.0304751050273317,2.25454545454545
25923|9144,25923,9144,Staphylococcus aureus,99.87,133,131,0,0,1.0,0.989,0.989,242,0.022,1.700239580937346e-05,0.0063993705862636,208,0.0356020952381115,2.1999999999999997
25923|9144,25923,9144,Staphylococcus aureus,99.87,134,132,0,0,0.9996323191469804,0.989,0.989,246,0.0223636363636363,0.0001032495415118,0.01578581202381,184,0.0105189364486337,2.23636363636363
25923|9144,25923,9144,Staphylococcus aureus,99.87,135,133,0,0,0.9998161595734902,0.989,0.989,244,0.0221818181818181,2.3417610858667004e-05,0.0072101862676254,119,0.0018672331248311,2.2181818181818103
25923|9144,25923,9144,Staphylococcus aureus,99.87,136,134,0,0,0.9997242393602354,0.989,0.989,245,0.0222727272727272,6.378969706610782e-05,0.0119937011818836,169,0.0061158374929645,2.22727272727272
25923|9144,25923,9144,Staphylococcus aureus,99.87,137,135,0,0,0.9999080797867452,0.989,0.989,243,0.022090909090909,2.993704104503614e-05,0.0096828874139701,196,0.0104095292046106,2.2090909090909
25923|9144,25923,9144,Staphylococcus aureus,99.87,232,237,0,0,0.9998154130133824,0.985,0.985,332,0.0301818181818181,4.799361090546128e-06,0.0031735024841388,25,0.0429696530353904,3.01818181818181
25923|9144,25923,9144,Staphylococcus aureus,99.87,233,238,0,0,0.9843636363636364,1.0,0.9846363636363636,341,0.031,5.5064411027094806e-05,0.0149062910995843,265,0.0009093002135112,3.1
25923|9144,25923,9144,Staphylococcus aureus,99.87,234,239,0,0,0.9998181156784284,0.9996363636363635,0.9996363636363635,10,0.0009090909090909,3.8531775470307394e-06,0.0027763004522739,166,0.0310868343248544,0.09090909090909
25923|9144,25923,9144,Staphylococcus aureus,99.87,235,240,0,0,0.9999090578392142,0.9996363636363635,0.9996363636363635,9,0.0008181818181818,1.5046467307655575e-06,0.0018092518699686,221,0.0066718246666536,0.08181818181818
25923|9144,25923,9144,Staphylococcus aureus,99.87,236,241,0,0,0.9980909090909093,0.9984545454545456,1.0,38,0.0034545454545454,3.801753510890293e-06,0.0046161341871655,54,0.0688615033138628,0.34545454545453996
25923|9144,25923,9144,Staphylococcus aureus,99.87,237,242,0,0,0.999908983343952,0.9988181818181818,0.9988181818181818,27,0.0024545454545454,2.4629558537769825e-05,0.0254286749017871,179,0.1553151727926982,0.24545454545453999
25923|9144,25923,9144,Staphylococcus aureus,99.87,238,243,0,0,0.9945459503681484,1.0,0.9948181818181818,117,0.0106363636363636,5.241604573047454e-06,0.0036105055426235,112,0.1147498753425946,1.06363636363636
25923|9144,25923,9144,Staphylococcus aureus,99.87,239,244,0,0,0.9999087258123402,0.996,0.996,89,0.008090909090909,8.385611586336772e-06,0.0041946577668848,57,0.0143796845735488,0.8090909090909
25923|9144,25923,9144,Staphylococcus aureus,99.87,240,245,0,0,0.9995436290617014,0.996,0.996,93,0.0084545454545454,1.0347718493286528e-05,0.0088640158888955,11,0.0139411281559759,0.84545454545454
25923|9144,25923,9144,Staphylococcus aureus,99.87,241,246,0,0,0.9997261774370207,0.996,0.996,91,0.0082727272727272,4.298815991843341e-05,0.0093288432568399,283,0.2266035528557004,0.82727272727272
25923|9144,25923,9144,Staphylococcus aureus,99.87,242,247,0,0,0.9996349032493612,0.996,0.996,92,0.0083636363636363,1.242103848231313e-05,0.0052154052855469,76,0.0420907151082282,0.8363636363636301
25929|29903,25929,29903,Shigella flexneri,99.91,0,0,0,0,0.9994545454545456,1.0,1.0,6,0.0005454545454545,3.76913360544684e-06,0.0030912023388523,464,0.0036030701408462,0.054545454545450005
25929|29903,25929,29903,Shigella flexneri,99.91,1,1,0,0,0.9984545454545456,0.9989090909090907,1.0,29,0.0026363636363636,4.495509756563543e-06,0.0062413370421557,141,0.0048955357759133,0.26363636363636
25929|29903,25929,29903,Shigella flexneri,99.91,2,2,0,0,0.9997269748816892,0.9989090909090907,0.9989090909090907,27,0.0024545454545454,7.307260690314621e-06,0.004077917953351,446,0.0015865700366963,0.24545454545453999
25929|29903,25929,29903,Shigella flexneri,99.91,3,3,0,0,0.9994539497633782,0.9989090909090907,0.9989090909090907,30,0.0027272727272727,4.878282257592126e-06,0.0038953817129013,181,0.0575265315718078,0.27272727272727004
25929|29903,25929,29903,Shigella flexneri,99.91,71,74,0,0,0.999724821133737,0.9910909090909092,0.9910909090909092,199,0.018090909090909,6.5534450437443326e-06,0.0096195800441173,202,0.0012192840491662,1.8090909090909002
25929|29903,25929,29903,Shigella flexneri,99.91,72,75,0,0,0.9998165474224912,0.9910909090909092,0.9910909090909092,198,0.018,3.848127051675476e-06,0.0032111401896431,73,0.0006542958818829,1.7999999999999998
25929|29903,25929,29903,Shigella flexneri,99.91,73,76,0,0,0.9996330948449824,0.9910909090909092,0.9910909090909092,200,0.0181818181818181,1.0980496066292922e-05,0.0065069185780964,205,0.0047919302251444,1.8181818181818101
25929|29903,25929,29903,Shigella flexneri,99.91,74,77,0,0,0.998991010823702,0.9910909090909092,0.9910909090909092,207,0.0188181818181818,1.0495428013568286e-05,0.0116652963556602,421,0.0026198975797581,1.88181818181818
25929|29903,25929,29903,Shigella flexneri,99.91,75,78,0,0,0.9980737479361586,0.9910909090909092,0.9896363636363636,233,0.0211818181818181,1.7927202061618353e-05,0.0060022652237988,324,0.0098238346792349,2.11818181818181
25929|29903,25929,29903,Shigella flexneri,99.91,370,388,0,0,0.9992674663492356,0.9928181818181818,0.9928181818181818,166,0.015090909090909,1.4342885840123998e-05,0.011569589512988,224,0.0007236260280186,1.5090909090909
25929|29903,25929,29903,Shigella flexneri,99.91,371,389,0,0,0.999542166468272,0.9928181818181818,0.9928181818181818,163,0.0148181818181818,5.38286372842034e-06,0.004168961176305,197,0.007184642003654,1.48181818181818
25929|29903,25929,29903,Shigella flexneri,99.91,400,418,0,0,0.9989950666910288,0.9950909090909092,0.9950909090909092,119,0.0108181818181818,7.147201041779461e-06,0.009191406387515,128,0.003753988215307,1.08181818181818
25929|29903,25929,29903,Shigella flexneri,99.91,444,5,0,0,0.9992720655141036,0.9990909090909093,0.9990909090909093,28,0.0025454545454545,3.2798355498186997e-06,0.0026027180393519,360,0.0220805525392022,0.25454545454545
25929|29903,25929,29903,Shigella flexneri,99.91,445,6,0,0,0.9992720655141036,0.9990909090909093,0.9990909090909093,28,0.0025454545454545,7.905279572950619e-06,0.0060387406690499,170,0.0006704713383535,0.25454545454545
25933|35659,25933,35659,Proteus mirabilis,99.02,0,0,0,0,0.9949095536769385,1.0,0.9995454545454544,61,0.0055454545454545,3.843144597670545e-06,0.0039663853116177,346,0.0957201837955037,0.55454545454545
25933|35659,25933,35659,Proteus mirabilis,99.02,1,1,0,0,0.9915416098226466,0.9995454545454544,0.9974545454545456,126,0.0114545454545454,2.036613874656368e-06,0.0020193383744612,271,0.0249667753053266,1.14545454545454
25933|35659,25933,35659,Proteus mirabilis,99.02,2,2,0,0,0.9864199781261392,0.9974545454545456,0.9955454545454544,186,0.0169090909090909,7.306500411807804e-06,0.0038252138948923,6,0.0016735551604856,1.69090909090909
25933|35659,25933,35659,Proteus mirabilis,99.02,62,96,0,0,0.9930024859589356,0.9873636363636364,0.983,401,0.0364545454545454,1.4718250814338418e-05,0.0074165282132718,116,0.1398516102489265,3.6454545454545397
25933|35659,25933,35659,Proteus mirabilis,99.02,63,97,0,0,0.9963045084996304,0.9830909090909092,0.9832727272727272,410,0.0372727272727272,3.535204747384668e-05,0.01025646527305,272,0.245185224983673,3.72727272727272
25933|35659,25933,35659,Proteus mirabilis,99.02,64,98,0,0,0.9964002215248292,0.9838181818181818,0.9843636363636364,389,0.0353636363636363,5.702978140131876e-05,0.0108457390752206,159,0.1399210470477008,3.53636363636363
25933|35659,25933,35659,Proteus mirabilis,99.02,65,99,0,0,0.9988917620982638,0.9843636363636364,0.9843636363636364,355,0.0322727272727272,2.744196060000537e-05,0.0077208452998631,386,0.1825419350851871,3.2272727272727204
25933|35659,25933,35659,Proteus mirabilis,99.02,66,100,0,0,0.9989841152567418,0.9843636363636364,0.9843636363636364,355,0.0322727272727272,1.2858749406596814e-05,0.0063841134152696,32,0.1152825745468941,3.2272727272727204
25933|35659,25933,35659,Proteus mirabilis,99.02,67,101,0,0,0.9969421793921424,0.9802727272727272,0.9810909090909092,368,0.0334545454545454,1.62126291435305e-05,0.0058470951013864,22,0.0351504060447628,3.3454545454545395
25933|35659,25933,35659,Proteus mirabilis,99.02,68,102,0,0,0.9972317061917504,0.9851818181818182,0.9851818181818182,356,0.0323636363636363,1.2859070456894273e-05,0.0059476916376998,373,0.0889990327337633,3.23636363636363
27325|BAA-2471,27325,BAA-2471,Escherichia coli,99.03,88,54,0,0,0.9837383350272568,0.983909090909091,0.9837272727272728,528,0.048,2.040356128674148e-05,0.0123706667091102,188,0.0022619516707008,4.8
27325|BAA-2471,27325,BAA-2471,Escherichia coli,99.03,89,55,0,0,0.98621901590825,0.982909090909091,0.982909090909091,506,0.046,4.407779989668015e-06,0.0034254690330765,249,0.0011967351916474,4.6
27325|BAA-2471,27325,BAA-2471,Escherichia coli,99.03,119,87,0,0,0.9999080036798528,0.9881818181818182,0.9880909090909092,262,0.0238181818181818,0.0001602288601159,0.0189592707907862,161,0.0018407649805874,2.38181818181818
27325|BAA-2471,27325,BAA-2471,Escherichia coli,99.03,128,96,0,0,0.9999035121574682,0.9421818181818182,0.9421818181818182,396,0.036,0.0001761566510984,0.0226735270415528,171,0.0054498558877337,3.5999999999999996
27325|BAA-2471,27325,BAA-2471,Escherichia coli,99.03,129,97,0,0,0.9999083997435192,0.9924545454545456,0.9924545454545456,167,0.0151818181818181,2.24749337340846e-05,0.0074097481240703,0,0.0015158561195487,1.51818181818181
27325|BAA-2471,27325,BAA-2471,Escherichia coli,99.03,130,98,0,0,0.9998167994870386,0.9924545454545456,0.9924545454545456,168,0.0152727272727272,3.540421309566888e-06,0.0026613116214918,370,0.0046516728128749,1.52727272727272
27325|BAA-2471,27325,BAA-2471,Escherichia coli,99.03,131,99,0,0,1.0,0.9924545454545456,0.9924545454545456,166,0.015090909090909,4.6690556189110666e-06,0.0049917931565204,382,0.1327203718462434,1.5090909090909
27325|BAA-2471,27325,BAA-2471,Escherichia coli,99.03,132,100,0,0,1.0,0.9924545454545456,0.9924545454545456,166,0.015090909090909,1.2422253046318056e-05,0.0072437645038801,116,0.0752979058854573,1.5090909090909
27325|BAA-2471,27325,BAA-2471,Escherichia coli,99.03,133,101,0,0,0.9998167994870386,0.9924545454545456,0.9924545454545456,168,0.0152727272727272,2.323331834475084e-06,0.0022094412936488,230,0.0097876016173743,1.52727272727272
27325|BAA-2471,27325,BAA-2471,Escherichia coli,99.03,134,102,0,0,1.0,0.9924545454545456,0.9924545454545456,166,0.015090909090909,1.9219031599515546e-06,0.0019775009399719,252,0.0096406292104591,1.5090909090909
27325|BAA-2471,27325,BAA-2471,Escherichia coli,99.03,135,103,0,0,0.9995419987175964,0.9924545454545456,0.9924545454545456,171,0.0155454545454545,3.404602987067129e-05,0.0118686640749391,306,0.0025126601261376,1.55454545454545
27325|BAA-2471,27325,BAA-2471,Escherichia coli,99.03,136,104,0,0,0.9995419987175964,0.9924545454545456,0.9924545454545456,171,0.0155454545454545,4.218837377067963e-05,0.0099457662603117,54,0.0003133769648453,1.55454545454545
27325|BAA-2471,27325,BAA-2471,Escherichia coli,99.03,137,105,0,0,1.0,0.9924545454545456,0.9924545454545456,166,0.015090909090909,4.73368234454874e-06,0.003218515336592,183,0.0147226273224865,1.5090909090909
27325|BAA-2471,27325,BAA-2471,Escherichia coli,99.03,138,106,0,0,0.9999083997435192,0.9924545454545456,0.9924545454545456,167,0.0151818181818181,3.646416607550052e-06,0.0085111748694377,468,0.0016263067197062,1.51818181818181
27325|BAA-2471,27325,BAA-2471,Escherichia coli,99.03,139,107,0,0,0.9904735733260052,0.9924545454545456,0.9832727272727272,370,0.0336363636363636,1.5143698997688304e-05,0.0059336562273704,261,0.0038944169802113,3.36363636363636
27325|BAA-2471,27325,BAA-2471,Escherichia coli,99.03,140,108,0,0,0.9997226331360948,0.9832727272727272,0.9832727272727272,371,0.0337272727272727,6.994480272637382e-06,0.0039820438247127,65,0.0019069554975943,3.3727272727272704
27325|BAA-2471,27325,BAA-2471,Escherichia coli,99.03,141,109,0,0,0.9997226331360948,0.9832727272727272,0.9832727272727272,371,0.0337272727272727,7.852508931982527e-06,0.0075744548784059,328,0.0336808100055909,3.3727272727272704
27325|BAA-2471,27325,BAA-2471,Escherichia coli,99.03,142,110,0,0,0.9997226331360948,0.9832727272727272,0.9832727272727272,371,0.0337272727272727,5.530986080137801e-06,0.0039839765041887,226,0.0012136527932182,3.3727272727272704
27325|BAA-2471,27325,BAA-2471,Escherichia coli,99.03,143,111,0,0,0.9994443415447304,0.9816363636363636,0.9816363636363636,374,0.034,4.467409209563122e-06,0.0037512060231519,47,0.0008733024373507,3.4000000000000004
27325|BAA-2471,27325,BAA-2471,Escherichia coli,99.03,144,112,0,0,0.9996295267203852,0.9815454545454544,0.9815454545454544,372,0.0338181818181818,5.671304482257611e-05,0.0108169167104653,180,0.0137973134889624,3.38181818181818
27325|BAA-2471,27325,BAA-2471,Escherichia coli,99.03,346,314,0,0,0.974155626049636,0.9742727272727272,0.9742727272727272,536,0.0487272727272727,0.000210238599547,0.0455274542034068,339,0.0002627458474226,4.87272727272727
27325|BAA-2471,27325,BAA-2471,Escherichia coli,99.03,347,315,0,0,0.9828855721393036,0.9136363636363636,0.9136363636363636,467,0.0424545454545454,5.022276426414063e-05,0.0190566214576185,111,0.0042859529803194,4.24545454545454
27325|BAA-2471,27325,BAA-2471,Escherichia coli,99.03,349,317,0,0,0.9744485294117649,0.9847272727272728,0.9890909090909092,508,0.0461818181818181,6.000082464896472e-05,0.0109568832523578,7,0.0056404224439966,4.61818181818181
27325|BAA-2471,27325,BAA-2471,Escherichia coli,99.03,350,318,0,0,0.977969524508904,0.9903636363636364,0.9873636363636364,482,0.0438181818181818,4.568874795485289e-05,0.0210993420171375,248,0.0014653928310849,4.38181818181818
27325|BAA-2471,27325,BAA-2471,Escherichia coli,99.03,351,319,0,0,0.9851981244828536,0.9886363636363636,0.9887272727272728,374,0.034,0.0001418943357393,0.0341741716235717,412,0.0144274861436839,3.4000000000000004
27352|33478,27352,33478,Streptococcus sobrinus,99.07,0,0,0,0,0.9985454545454544,1.0,1.0,16,0.0014545454545454,3.3559502685687197e-06,0.0026421121425882,96,0.0676712100920063,0.14545454545454
27352|33478,27352,33478,Streptococcus sobrinus,99.07,1,1,0,0,0.9932284040995608,0.9932727272727272,0.9907272727272728,130,0.0118181818181818,5.913462639894895e-06,0.0049409021380953,78,0.0124857475122917,1.18181818181818
27352|33478,27352,33478,Streptococcus sobrinus,99.07,73,75,0,0,0.995,0.8362727272727273,0.8363636363636363,534,0.0485454545454545,5.454022986017826e-05,0.0109774538498939,50,0.0001443806352581,4.85454545454545
27352|33478,27352,33478,Streptococcus sobrinus,99.07,77,79,0,0,0.9973423753665688,0.992,0.992,205,0.0186363636363636,7.909101042979927e-06,0.0043544488978368,168,0.0012267427925249,1.86363636363636
27352|33478,27352,33478,Streptococcus sobrinus,99.07,78,80,0,0,0.9967011820764228,0.9920909090909092,0.992,211,0.0191818181818181,0.0001401138618157,0.0174694270397733,11,0.116955075418407,1.9181818181818098
27352|33478,27352,33478,Streptococcus sobrinus,99.07,87,88,0,0,0.9995270525917518,0.9610909090909092,0.9610909090909092,534,0.0485454545454545,3.710741503093473e-05,0.0105704969365121,189,0.0115275130743659,4.85454545454545
27352|33478,27352,33478,Streptococcus sobrinus,99.07,88,89,0,0,0.9969279463787004,0.9765454545454544,0.9765454545454544,548,0.0498181818181818,4.23781842578963e-05,0.011293562890257,180,0.0034034377357308,4.981818181818181
27352|33478,27352,33478,Streptococcus sobrinus,99.07,93,94,0,0,0.99581356405247,0.9770909090909092,0.9771818181818182,528,0.048,9.389091330791466e-05,0.0140571597665304,169,0.0038157196048407,4.8
27352|33478,27352,33478,Streptococcus sobrinus,99.07,163,163,0,0,0.987126163596752,0.9170909090909092,0.9116363636363636,367,0.0333636363636363,9.87577561388786e-05,0.0147776770267505,75,0.0025993646686126,3.3363636363636298
27736|43816,27736,43816,Klebsiella pneumoniae,99.13,1,1,0,0,0.9895804771044694,0.9946363636363637,0.9944545454545456,234,0.0212727272727272,3.210297503186688e-05,0.016397041569246,60,0.0014697731245488,2.12727272727272
27736|43816,27736,43816,Klebsiella pneumoniae,99.13,2,2,0,0,0.9918654601955944,0.9946363636363637,0.9946363636363637,207,0.0188181818181818,5.755656646622143e-06,0.0034007738047466,183,0.0027869607003333,1.88181818181818
27736|43816,27736,43816,Klebsiella pneumoniae,99.13,3,3,0,0,0.9939195058392049,0.9416363636363636,0.9419090909090908,432,0.0392727272727272,0.0001597742059538,0.0227123620001949,392,0.0059448305375154,3.92727272727272
27736|43816,27736,43816,Klebsiella pneumoniae,99.13,23,22,0,0,0.9931728019189964,0.9853636363636364,0.9853636363636364,391,0.0355454545454545,4.706382892682992e-05,0.0123075899264097,415,0.0062716231515792,3.55454545454545
27736|43816,27736,43816,Klebsiella pneumoniae,99.13,24,23,0,0,0.996125818651416,0.9855454545454544,0.9855454545454544,360,0.0327272727272727,2.2135303885284507e-05,0.0077104596172572,454,0.0023387344696836,3.2727272727272703
27736|43816,27736,43816,Klebsiella pneumoniae,99.13,25,24,0,0,0.9946504334993544,0.9855454545454544,0.9856363636363636,375,0.034090909090909,5.031598505378376e-05,0.0166481732874835,105,0.0077806329334476,3.4090909090909
27736|43816,27736,43816,Klebsiella pneumoniae,99.13,26,25,0,0,0.9936352734987548,0.9855454545454544,0.9855454545454544,384,0.0349090909090909,3.3352374152473274e-06,0.0081202725316327,91,0.0039308271857898,3.49090909090909
27736|43816,27736,43816,Klebsiella pneumoniae,99.13,27,26,0,0,0.9952960708356392,0.9856363636363636,0.9855454545454544,368,0.0334545454545454,3.900983844018491e-05,0.0131501774273667,409,0.0112393430786587,3.3454545454545395
27736|43816,27736,43816,Klebsiella pneumoniae,99.13,28,27,0,0,0.9951891331006508,0.9637272727272728,0.9636363636363636,387,0.0351818181818181,1.2054871945998968e-05,0.0051030533116502,196,0.0073987203096459,3.51818181818181
27736|43816,27736,43816,Klebsiella pneumoniae,99.13,29,28,0,0,0.9937275159118164,0.9854545454545456,0.9855454545454544,387,0.0351818181818181,8.540312893323687e-06,0.0110500854960264,348,0.0127460310835758,3.51818181818181
27736|43816,27736,43816,Klebsiella pneumoniae,99.13,30,29,0,0,0.9954801217599852,0.9855454545454544,0.9855454545454544,367,0.0333636363636363,4.576076012752228e-05,0.014825693566912,528,0.0034610108945464,3.3363636363636298
27736|43816,27736,43816,Klebsiella pneumoniae,99.13,31,30,0,0,0.9960335762383544,0.9855454545454544,0.9855454545454544,361,0.0328181818181818,2.030512748740776e-05,0.0085528957310331,443,0.0038834322414957,3.2818181818181804
27736|43816,27736,43816,Klebsiella pneumoniae,99.13,162,169,0,0,0.99245630174793,0.9881818181818182,0.9881818181818182,340,0.0309090909090909,5.986919973333116e-06,0.003546069299165,229,0.0404993936564586,3.09090909090909
27736|43816,27736,43816,Klebsiella pneumoniae,99.13,163,170,0,0,0.9908932020973232,0.9881818181818182,0.9880909090909092,360,0.0327272727272727,1.3279727641313244e-05,0.0073548464365106,18,0.0001294814548806,3.2727272727272703
27736|43816,27736,43816,Klebsiella pneumoniae,99.13,185,202,0,0,0.9939179909750834,0.9267272727272728,0.9267272727272728,311,0.0282727272727272,1.049276388742637e-05,0.0053889731567573,38,0.0071732557761338,2.82727272727272
27736|43816,27736,43816,Klebsiella pneumoniae,99.13,186,203,0,0,0.9939832659584468,0.967,0.9669090909090908,312,0.0283636363636363,5.746152436980623e-06,0.0068244446882042,133,0.005446058098895,2.8363636363636298
27736|43816,27736,43816,Klebsiella pneumoniae,99.13,187,204,0,0,0.993385392742306,0.9895454545454544,0.9883636363636364,313,0.0284545454545454,7.455735856809476e-06,0.0112480772996265,166,0.0046056225791405,2.84545454545454
27736|43816,27736,43816,Klebsiella pneumoniae,99.13,188,205,0,0,0.993471264367816,0.9883636363636364,0.9886363636363636,324,0.0294545454545454,5.3199517115132267e-05,0.0111410590523456,489,0.0020747227713324,2.94545454545454
27736|43816,27736,43816,Klebsiella pneumoniae,99.13,200,217,0,0,0.9951264367816092,0.9886363636363636,0.9885454545454544,287,0.026090909090909,8.39320936751875e-06,0.0082466775995949,53,0.0003314080244112,2.6090909090909
27736|43816,27736,43816,Klebsiella pneumoniae,99.13,201,218,0,0,0.9946710768099964,0.9892727272727272,0.9893636363636364,293,0.0266363636363636,5.419196580536134e-05,0.010412065167421,523,0.0001988675443582,2.66363636363636
27736|43816,27736,43816,Klebsiella pneumoniae,99.13,202,219,0,0,0.9964381979206776,0.9443636363636364,0.9443636363636364,293,0.0266363636363636,5.779156432184074e-06,0.0046954941891379,136,0.0011687404171383,2.66363636363636
27736|43816,27736,43816,Klebsiella pneumoniae,99.13,203,220,0,0,0.9934915773353752,0.9498181818181818,0.9492727272727272,316,0.0287272727272727,2.4847089566959468e-05,0.0136310286924552,498,0.0124168080588922,2.87272727272727
27736|43816,27736,43816,Klebsiella pneumoniae,99.13,368,393,0,0,0.9921137093076572,0.9913636363636364,0.9913636363636364,248,0.0225454545454545,2.0265144957676284e-05,0.0071776428562642,357,0.0159531160786169,2.25454545454545
27799|BAA-1706,27799,BAA-1706,Klebsiella pneumoniae,99.72,1,1,0,0,0.9997272975184074,1.0,1.0,3,0.0002727272727272,9.658261765777e-05,0.0203411020389488,350,0.0016503720377355,0.02727272727272
27799|BAA-1706,27799,BAA-1706,Klebsiella pneumoniae,99.72,2,2,0,0,0.9999090909090907,1.0,1.0,1,9.09090909090909e-05,1.801880016305546e-07,0.0006026654538808,30,0.0001409769706312,0.00909090909090909
27799|BAA-1706,27799,BAA-1706,Klebsiella pneumoniae,99.72,99,95,0,0,0.9997239348486244,0.987909090909091,0.987909090909091,269,0.0244545454545454,0.0001428573355545,0.0171842052168043,494,0.030909368444602,2.44545454545454
27799|BAA-1706,27799,BAA-1706,Klebsiella pneumoniae,99.72,100,96,0,0,1.0,0.987909090909091,0.987909090909091,266,0.0241818181818181,1.0035256280183091e-05,0.0075399712628957,461,0.0014281611957157,2.41818181818181
27799|BAA-1706,27799,BAA-1706,Klebsiella pneumoniae,99.72,101,97,0,0,1.0,0.987909090909091,0.987909090909091,266,0.0241818181818181,4.249045139070873e-06,0.0036708345758942,216,0.0017457559407658,2.41818181818181
27799|BAA-1706,27799,BAA-1706,Klebsiella pneumoniae,99.72,102,98,0,0,1.0,0.987909090909091,0.987909090909091,266,0.0241818181818181,1.812494457698044e-05,0.0060602693887956,78,0.0018073144151817,2.41818181818181
27799|BAA-1706,27799,BAA-1706,Klebsiella pneumoniae,99.72,103,99,0,0,0.9988050372276864,0.989,0.987909090909091,267,0.0242727272727272,2.7992333027526684e-05,0.0134728536817507,73,0.0002578674448493,2.42727272727272
27799|BAA-1706,27799,BAA-1706,Klebsiella pneumoniae,99.72,104,100,0,0,0.9988050372276864,0.989,0.987909090909091,267,0.0242727272727272,8.019606845999228e-05,0.0216596285677398,507,0.000543733714182,2.42727272727272
27799|BAA-1706,27799,BAA-1706,Klebsiella pneumoniae,99.72,105,101,0,0,0.9999080797867452,0.989,0.989,243,0.022090909090909,3.6260097033835592e-06,0.004906709549094,154,0.0087351198588701,2.2090909090909
27799|BAA-1706,27799,BAA-1706,Klebsiella pneumoniae,99.72,106,102,0,0,0.9999080797867452,0.989,0.989,243,0.022090909090909,7.551181919862593e-06,0.005922293043764,374,0.0025951127067171,2.2090909090909
27799|BAA-1706,27799,BAA-1706,Klebsiella pneumoniae,99.72,107,103,0,0,0.9998161595734902,0.989,0.989,244,0.0221818181818181,7.065536653638738e-06,0.0076119897130986,141,0.0008998016646966,2.2181818181818103
27957|43078,27957,43078,Streptococcus dysgalactiae,99.14,0,0,0,0,0.9926363636363637,0.9999090909090907,1.0,82,0.0074545454545454,8.973788003796557e-06,0.0048885766059757,111,0.0590066620833724,0.74545454545454
27957|43078,27957,43078,Streptococcus dysgalactiae,99.14,1,1,0,0,0.9988181818181818,1.0,0.9999090909090907,14,0.0012727272727272,2.2777954935548905e-06,0.0022936095733871,212,0.0240381924032362,0.12727272727272
27957|43078,27957,43078,Streptococcus dysgalactiae,99.14,2,2,0,0,0.9999090909090907,1.0,1.0,1,9.09090909090909e-05,8.265942794682957e-07,0.001316078882767,3,0.0780975199885775,0.00909090909090909
27957|43078,27957,43078,Streptococcus dysgalactiae,99.14,4,4,0,0,0.9996357344504144,0.9982727272727272,0.9982727272727272,42,0.0038181818181818,2.2940070173449456e-06,0.0058279633280079,60,0.0637880965763095,0.38181818181818
27957|43078,27957,43078,Streptococcus dysgalactiae,99.14,5,5,0,0,0.999089336126036,0.9982727272727272,0.9982727272727272,48,0.0043636363636363,3.958707439633002e-06,0.003469429109306,150,0.0058012866743308,0.43636363636362996
27957|43078,27957,43078,Streptococcus dysgalactiae,99.14,6,6,0,0,0.999544668063018,0.9982727272727272,0.9981818181818182,44,0.004,5.625449120860715e-06,0.0049987950671539,47,0.0450519816033321,0.4
27957|43078,27957,43078,Streptococcus dysgalactiae,99.14,7,7,0,0,0.9993625352882252,0.9982727272727272,0.9981818181818182,46,0.0041818181818181,7.419267313624189e-06,0.0061629519268456,197,0.2264248085592644,0.41818181818181
27957|43078,27957,43078,Streptococcus dysgalactiae,99.14,8,8,0,0,0.9992714025500912,0.9981818181818182,0.9981818181818182,48,0.0043636363636363,2.7343615739416904e-06,0.0025560242140816,50,0.0877811796224313,0.43636363636362996
27957|43078,27957,43078,Streptococcus dysgalactiae,99.14,9,9,0,0,0.998907302859224,0.9981818181818182,0.9983636363636365,50,0.0045454545454545,1.5274771853146518e-05,0.0074715122268593,98,0.0320259522734883,0.45454545454545003
27957|43078,27957,43078,Streptococcus dysgalactiae,99.14,13,11,0,0,0.998529411764706,0.9890909090909092,0.989,257,0.0233636363636363,5.528815548372368e-05,0.0169860119531009,130,0.0597534562122384,2.3363636363636298
27957|43078,27957,43078,Streptococcus dysgalactiae,99.14,14,12,0,0,0.9943933823529412,0.988909090909091,0.9890909090909092,302,0.0274545454545454,4.1780513033939926e-05,0.0098886774224525,21,0.0043389898137595,2.7454545454545403
27957|43078,27957,43078,Streptococcus dysgalactiae,99.14,15,13,0,0,0.9961372206382784,0.9884545454545456,0.9883636363636364,285,0.0259090909090909,6.772081857231438e-05,0.0119692744169636,169,0.0111229459122552,2.59090909090909
27957|43078,27957,43078,Streptococcus dysgalactiae,99.14,17,15,0,0,0.9867276887871852,0.9922727272727272,0.9858181818181818,375,0.034090909090909,5.26443674189192e-05,0.0118401125089254,158,0.0178417897469919,3.4090909090909
27957|43078,27957,43078,Streptococcus dysgalactiae,99.14,18,16,0,0,0.9968798751950078,0.9905454545454544,0.9906363636363636,205,0.0186363636363636,3.5361434938430136e-05,0.0098168642752429,197,0.0557606398185301,1.86363636363636
27957|43078,27957,43078,Streptococcus dysgalactiae,99.14,19,17,0,0,0.9916876809563836,0.9730909090909092,0.9707272727272728,323,0.0293636363636363,4.1687344390806125e-05,0.0110985167046889,124,0.0364806575545981,2.93636363636363
27957|43078,27957,43078,Streptococcus dysgalactiae,99.14,72,80,0,0,0.9971468016566958,0.9874545454545456,0.9875454545454544,306,0.0278181818181818,9.427902264325104e-06,0.0068506226949833,61,0.0054170720304134,2.78181818181818
27957|43078,27957,43078,Streptococcus dysgalactiae,99.14,73,81,0,0,0.9975144987572494,0.9874545454545456,0.9873636363636364,304,0.0276363636363636,6.0669761519749343e-05,0.0129610104014542,93,0.0029544803059007,2.76363636363636
27957|43078,27957,43078,Streptococcus dysgalactiae,99.14,74,82,0,0,0.9977904621616646,0.9874545454545456,0.9874545454545456,300,0.0272727272727272,4.128055462071512e-05,0.0091303993901343,13,0.0169135759879303,2.72727272727272
27957|43078,27957,43078,Streptococcus dysgalactiae,99.14,123,131,0,0,0.99890170236134,0.9932727272727272,0.9932727272727272,160,0.0145454545454545,1.1842535517780917e-06,0.0015726098743332,16,0.0014057635685611,1.4545454545454501
27957|43078,27957,43078,Streptococcus dysgalactiae,99.14,124,132,0,0,0.9980781550288276,0.9933636363636364,0.9932727272727272,168,0.0152727272727272,4.079367931453248e-06,0.003028712034355,144,0.0063272630327004,1.52727272727272
27957|43078,27957,43078,Streptococcus dysgalactiae,99.14,125,133,0,0,0.9905738079985358,0.9851818181818182,0.9933636363636364,339,0.0308181818181818,5.7914463227115576e-05,0.0111474172523177,19,0.0346170138753415,3.0818181818181802
27957|43078,27957,43078,Streptococcus dysgalactiae,99.14,126,134,0,0,0.9992617883178,0.9851818181818182,0.9851818181818182,334,0.0303636363636363,5.165710752352837e-05,0.0110546165265293,212,0.0001992333580751,3.03636363636363
27957|43078,27957,43078,Streptococcus dysgalactiae,99.14,127,135,0,0,0.9983390237150505,0.9850909090909092,0.9851818181818182,345,0.0313636363636363,1.1699823118549446e-05,0.0057370645584503,5,0.0041228780500989,3.13636363636363
27957|43078,27957,43078,Streptococcus dysgalactiae,99.14,128,136,0,0,0.9994462901439646,0.9850909090909092,0.9850909090909092,334,0.0303636363636363,6.703985681810742e-05,0.0123693629193115,114,0.0124852862446296,3.03636363636363
29212|47077,29212,47077,Enterococcus faecalis,99.09,0,0,0,0,0.9940909090909092,1.0,0.9999090909090907,66,0.006,7.799366573579825e-06,0.0042330740450381,98,0.0109643301302502,0.6
29213|BAA-41,29213,BAA-41,Staphylococcus aureus,99.86,2,2,0,0,0.9942217738237182,0.9907272727272728,0.9904545454545456,248,0.0225454545454545,0.0020965209184961,0.0902331184698889,33,0.0011026704587058,2.25454545454545
29213|BAA-41,29213,BAA-41,Staphylococcus aureus,99.86,3,3,0,0,0.9997249977083142,0.9917272727272728,0.9917272727272728,185,0.0168181818181818,1.4068105064435343e-05,0.0053445695638376,39,0.0189432527597791,1.68181818181818
29213|BAA-41,29213,BAA-41,Staphylococcus aureus,99.86,4,4,0,0,0.999816665138876,0.9917272727272728,0.9917272727272728,184,0.0167272727272727,1.1563349698873182e-05,0.0057391188178195,5,0.0093606640418327,1.6727272727272697
29213|BAA-41,29213,BAA-41,Staphylococcus aureus,99.86,5,5,0,0,0.9997249977083142,0.9917272727272728,0.9917272727272728,185,0.0168181818181818,6.642367098907975e-06,0.0059185674388487,136,0.0268793231132763,1.68181818181818
29213|BAA-41,29213,BAA-41,Staphylococcus aureus,99.86,6,6,0,0,0.9947749564579704,0.9866363636363636,0.9917272727272728,295,0.0268181818181818,2.4119400344746467e-05,0.0078412474867729,140,0.1011444425578351,2.68181818181818
29213|BAA-41,29213,BAA-41,Staphylococcus aureus,99.86,7,7,0,0,0.9996314383119874,0.9866363636363636,0.9866363636363636,298,0.027090909090909,1.3492043654528274e-05,0.0081689230466845,168,0.0620103412055901,2.7090909090909
29213|BAA-41,29213,BAA-41,Staphylococcus aureus,99.86,8,8,0,0,0.9999078595779968,0.9866363636363636,0.9866363636363636,295,0.0268181818181818,2.0470010878348432e-05,0.0064128185290489,275,0.004119102247085,2.68181818181818
29213|BAA-41,29213,BAA-41,Staphylococcus aureus,99.86,9,9,0,0,0.9997235787339906,0.9866363636363636,0.9866363636363636,297,0.027,4.081871222316735e-05,0.0103807004879349,195,0.0214170165000501,2.7
29213|BAA-41,29213,BAA-41,Staphylococcus aureus,99.86,10,10,0,0,0.9994471574679812,0.9866363636363636,0.9866363636363636,300,0.0272727272727272,3.704853505270833e-05,0.0207072073689623,149,0.0530230300798683,2.72727272727272
29213|BAA-41,29213,BAA-41,Staphylococcus aureus,99.86,11,11,0,0,0.9927708638360176,0.9934545454545456,0.9866363636363636,298,0.027090909090909,3.163659105431815e-05,0.0129777580347175,61,0.2122612980302605,2.7090909090909
29213|BAA-41,29213,BAA-41,Staphylococcus aureus,99.86,12,12,0,0,0.9999084919472914,0.9934545454545456,0.9934545454545456,145,0.0131818181818181,1.674278139596197e-05,0.0101302397219269,224,0.0019956536689884,1.31818181818181
29213|BAA-41,29213,BAA-41,Staphylococcus aureus,99.86,13,13,0,0,0.9998169838945828,0.9934545454545456,0.9934545454545456,146,0.0132727272727272,1.4966472319577484e-05,0.0077938032559875,252,0.0053549631487701,1.32727272727272
29213|BAA-41,29213,BAA-41,Staphylococcus aureus,99.86,14,14,0,0,0.9999084919472914,0.9934545454545456,0.9934545454545456,145,0.0131818181818181,4.506792518332858e-05,0.0121835776855078,70,0.0063713108416549,1.31818181818181
29213|BAA-41,29213,BAA-41,Staphylococcus aureus,99.86,15,15,0,0,0.9996339677891656,0.9933636363636364,0.9934545454545456,149,0.0135454545454545,4.987234963116372e-06,0.0068145073187174,177,0.1514909579393595,1.35454545454545
29213|BAA-41,29213,BAA-41,Staphylococcus aureus,99.86,16,16,0,0,0.9980705622932744,0.9893636363636364,0.9894545454545456,169,0.0153636363636363,1.146625315051608e-05,0.0048388114601887,43,0.162446941461136,1.53636363636363
29213|BAA-41,29213,BAA-41,Staphylococcus aureus,99.86,17,17,0,0,0.9978949295259016,0.9932727272727272,0.9932727272727272,171,0.0155454545454545,1.067563879764144e-05,0.0046416818047432,182,0.0183689736355873,1.55454545454545
29213|BAA-41,29213,BAA-41,Staphylococcus aureus,99.86,18,18,0,0,0.9999084751967784,0.9932727272727272,0.9932727272727272,149,0.0135454545454545,3.059509786118575e-05,0.0079582765462163,53,0.0888472926159473,1.35454545454545
29213|BAA-41,29213,BAA-41,Staphylococcus aureus,99.86,19,19,0,0,0.9973523235643202,0.9957272727272728,0.9932727272727272,150,0.0136363636363636,1.5956743014688968e-05,0.0056495364255673,204,0.0201754584854254,1.36363636363636
29213|BAA-41,29213,BAA-41,Staphylococcus aureus,99.86,20,20,0,0,0.9994522048753766,0.9957272727272728,0.9957272727272728,100,0.009090909090909,7.5158249411844125e-06,0.0039557607554688,158,0.0478394988856946,0.9090909090909001
29213|BAA-41,29213,BAA-41,Staphylococcus aureus,99.86,21,21,0,0,0.9994522048753766,0.9957272727272728,0.9957272727272728,100,0.009090909090909,1.5077708562571956e-05,0.0055321481010496,35,0.0403285377160489,0.9090909090909001
29213|BAA-41,29213,BAA-41,Staphylococcus aureus,99.86,22,22,0,0,0.9998174016251256,0.9957272727272728,0.9957272727272728,96,0.0087272727272727,1.6824592260711313e-05,0.0058020574732806,245,0.0329132530216662,0.87272727272727
29213|BAA-41,29213,BAA-41,Staphylococcus aureus,99.86,23,23,0,0,0.9997261024376884,0.9957272727272728,0.9957272727272728,97,0.0088181818181818,2.050338240067173e-05,0.0064037051252769,261,0.0053494140072163,0.88181818181818
29213|BAA-41,29213,BAA-41,Staphylococcus aureus,99.86,24,24,0,0,0.9997261024376884,0.9957272727272728,0.9957272727272728,97,0.0088181818181818,4.601816408977832e-05,0.0140490224990165,44,0.0004166649207444,0.88181818181818
29213|BAA-41,29213,BAA-41,Staphylococcus aureus,99.86,25,25,0,0,0.9997261024376884,0.9957272727272728,0.9957272727272728,97,0.0088181818181818,3.971510532885247e-06,0.0031022494325875,226,0.0009529554959128,0.88181818181818
29213|BAA-41,29213,BAA-41,Staphylococcus aureus,99.86,26,26,0,0,0.9999087008125628,0.9957272727272728,0.9957272727272728,95,0.0086363636363636,1.6662603880224225e-05,0.0062100735500346,263,0.0594507040326618,0.86363636363636
29213|BAA-41,29213,BAA-41,Staphylococcus aureus,99.86,27,27,0,0,0.9999087008125628,0.9957272727272728,0.9957272727272728,95,0.0086363636363636,2.392043743093541e-05,0.0075165088121589,100,0.0081664306066731,0.86363636363636
29213|BAA-41,29213,BAA-41,Staphylococcus aureus,99.86,28,28,0,0,0.9998174016251256,0.9957272727272728,0.9957272727272728,96,0.0087272727272727,1.4491660576876342e-05,0.0058048426612778,2,0.0002671087588892,0.87272727272727
29213|BAA-41,29213,BAA-41,Staphylococcus aureus,99.86,29,29,0,0,0.9999087091473434,0.9958181818181818,0.9957272727272728,94,0.0085454545454545,8.525243447854436e-06,0.0045341181706555,85,0.0289324919202076,0.8545454545454501
29213|BAA-41,29213,BAA-41,Staphylococcus aureus,99.86,30,30,0,0,0.9999087091473434,0.9958181818181818,0.9958181818181818,93,0.0084545454545454,3.969215094046241e-06,0.0031650177725911,244,0.0254202727238636,0.84545454545454
29213|BAA-41,29213,BAA-41,Staphylococcus aureus,99.86,31,31,0,0,0.9998174182946868,0.9958181818181818,0.9958181818181818,94,0.0085454545454545,4.844996514208333e-06,0.0043898648959193,258,0.0544502620520509,0.8545454545454501
29213|BAA-41,29213,BAA-41,Staphylococcus aureus,99.86,32,32,0,0,1.0,0.9958181818181818,0.9958181818181818,92,0.0083636363636363,4.2022539272768e-06,0.0033789429793866,40,0.0024853223303595,0.8363636363636301
29213|BAA-41,29213,BAA-41,Staphylococcus aureus,99.86,243,255,0,0,1.0,0.9821818181818182,0.9821818181818182,392,0.0356363636363636,0.0002913175689923,0.0254877640312264,37,0.0057000498309018,3.56363636363636
29213|BAA-41,29213,BAA-41,Staphylococcus aureus,99.86,244,256,0,0,0.9997223250647908,0.9821818181818182,0.9821818181818182,395,0.0359090909090909,3.529350470710124e-05,0.0098000760443464,120,0.1763114532841603,3.59090909090909
29213|BAA-41,29213,BAA-41,Staphylococcus aureus,99.86,245,257,0,0,0.9964015501014948,0.9851818181818182,0.9821818181818182,398,0.0361818181818181,3.659857336824057e-05,0.0087996153195878,170,0.0046845411439556,3.61818181818181
29213|BAA-41,29213,BAA-41,Staphylococcus aureus,99.86,246,258,0,0,0.9995386176986252,0.9851818181818182,0.9851818181818182,331,0.030090909090909,7.791519202227093e-05,0.0140542248891019,1,0.153926075289956,3.0090909090909
29213|BAA-41,29213,BAA-41,Staphylococcus aureus,99.86,247,259,0,0,0.99981544707945,0.9851818181818182,0.9851818181818182,328,0.0298181818181818,2.935074508636504e-05,0.0082474253527884,279,0.0116756239402943,2.9818181818181797
29213|BAA-41,29213,BAA-41,Staphylococcus aureus,99.86,248,260,0,0,1.0,0.9851818181818182,0.9851818181818182,326,0.0296363636363636,8.940341741792146e-05,0.0133774488149163,35,0.0215311955398462,2.96363636363636
29213|BAA-41,29213,BAA-41,Staphylococcus aureus,99.86,249,261,0,0,0.999907723539725,0.9851818181818182,0.9851818181818182,327,0.0297272727272727,1.0130778834271936e-05,0.0074720138298354,16,0.0560057398843738,2.97272727272727
29213|BAA-41,29213,BAA-41,Staphylococcus aureus,99.86,250,262,0,0,0.99981544707945,0.9851818181818182,0.9851818181818182,328,0.0298181818181818,0.0001158793840011,0.0154546262887675,269,0.0085944282720201,2.9818181818181797
29213|BAA-41,29213,BAA-41,Staphylococcus aureus,99.86,251,263,0,0,0.9996308941589,0.9851818181818182,0.9851818181818182,329,0.0299090909090909,4.60580873640204e-06,0.0111159943326236,214,0.1282930938979147,2.99090909090909
29213|BAA-41,29213,BAA-41,Staphylococcus aureus,99.86,252,264,0,0,0.99981544707945,0.9851818181818182,0.9851818181818182,328,0.0298181818181818,4.831824964435239e-05,0.0110572081960201,25,0.0051321600758346,2.9818181818181797
29213|BAA-41,29213,BAA-41,Staphylococcus aureus,99.86,253,265,0,0,0.999815464107769,0.9852727272727272,0.9851818181818182,327,0.0297272727272727,1.713161479155456e-05,0.0134080221942322,19,0.007610547136262,2.97272727272727
29213|BAA-41,29213,BAA-41,Staphylococcus aureus,99.86,254,266,0,0,0.999630928215538,0.9852727272727272,0.9852727272727272,328,0.0298181818181818,0.0001237070080555,0.0170397959856641,110,0.0361430755014869,2.9818181818181797
29213|BAA-41,29213,BAA-41,Staphylococcus aureus,99.86,255,267,0,0,0.9997231961616534,0.9852727272727272,0.9852727272727272,327,0.0297272727272727,2.197451722396604e-05,0.0067052209686233,46,0.0040723124861672,2.97272727272727
29213|BAA-41,29213,BAA-41,Staphylococcus aureus,99.86,256,268,0,0,0.999815464107769,0.9852727272727272,0.9852727272727272,326,0.0296363636363636,1.8750117738219885e-05,0.006184432839342,212,0.0716658614371708,2.96363636363636
29213|BAA-41,29213,BAA-41,Staphylococcus aureus,99.86,257,269,0,0,0.999815464107769,0.9852727272727272,0.9852727272727272,326,0.0296363636363636,2.5191097151378017e-05,0.008858250250924,130,0.0032722345964941,2.96363636363636
29213|BAA-41,29213,BAA-41,Staphylococcus aureus,99.86,259,271,0,0,0.999630587366088,0.9843636363636364,0.9843636363636364,348,0.0316363636363636,7.455890165020129e-05,0.0124350962446471,9,0.0343534811552346,3.16363636363636
29213|BAA-41,29213,BAA-41,Staphylococcus aureus,99.86,260,272,0,0,0.999630587366088,0.9843636363636364,0.9843636363636364,348,0.0316363636363636,1.9488949160706422e-05,0.0070737588678032,147,0.0066257350479292,3.16363636363636
29213|BAA-41,29213,BAA-41,Staphylococcus aureus,99.86,261,273,0,0,0.9945796968305008,0.9895454545454544,0.9843636363636364,345,0.0313636363636363,0.0002959485851921,0.0258569841923834,124,0.0151714171679366,3.13636363636363
29213|BAA-41,29213,BAA-41,Staphylococcus aureus,99.86,262,274,0,0,0.9998162609095084,0.9895454545454544,0.9895454545454544,232,0.021090909090909,9.92496329621506e-06,0.00540297371017,155,0.0408561588181098,2.1090909090909
29213|BAA-41,29213,BAA-41,Staphylococcus aureus,99.86,263,275,0,0,0.9997243913642628,0.9894545454545456,0.9895454545454544,234,0.0212727272727272,1.337657834377115e-05,0.0059554130656465,82,0.0175402744537627,2.12727272727272
29213|BAA-41,29213,BAA-41,Staphylococcus aureus,99.86,264,276,0,0,0.9999081220139656,0.9894545454545456,0.9894545454545456,233,0.0211818181818181,5.953577559347778e-05,0.0128876704722594,228,0.0646437512778858,2.11818181818181
29213|BAA-41,29213,BAA-41,Staphylococcus aureus,99.86,265,277,0,0,0.9952223447262036,0.9848181818181818,0.9894545454545456,334,0.0303636363636363,2.934609045623926e-05,0.007785576678701,84,0.0234950997416979,3.03636363636363
29213|BAA-41,29213,BAA-41,Staphylococcus aureus,99.86,266,278,0,0,0.9999076894673682,0.9847272727272728,0.9848181818181818,336,0.0305454545454545,8.574457842625005e-05,0.0132819571494553,210,0.0268082937901884,3.0545454545454502
29544|BAA-894,29544,BAA-894,Cronobacter sakazakii,98.05,0,0,0,0,0.9843180160466812,0.997,0.9969090909090907,175,0.0159090909090909,1.0106736915371783e-05,0.0061118037696799,131,0.0084555058291759,1.59090909090909
29544|BAA-894,29544,BAA-894,Cronobacter sakazakii,98.05,1,1,0,0,0.9775229775229776,0.9987272727272728,0.9987272727272728,250,0.0227272727272727,4.477646307066152e-06,0.003156309866108,138,0.0013948275206676,2.27272727272727
29544|BAA-894,29544,BAA-894,Cronobacter sakazakii,98.05,214,201,0,0,0.9803489439853076,0.99,0.99,434,0.0394545454545454,9.86280434700504e-06,0.0106019711231509,14,0.0070543544661202,3.94545454545454
29544|BAA-894,29544,BAA-894,Cronobacter sakazakii,98.05,215,202,0,0,0.9793122471496872,0.9887272727272728,0.9887272727272728,445,0.0404545454545454,2.1538428195855275e-05,0.0068538860826543,251,0.0013697662414451,4.0454545454545405
29544|BAA-894,29544,BAA-894,Cronobacter sakazakii,98.05,287,273,0,0,0.9787523042592412,0.9369090909090908,0.937,287,0.026090909090909,7.494891172243889e-06,0.0041119785332823,370,0.0097764985347368,2.6090909090909
29544|BAA-894,29544,BAA-894,Cronobacter sakazakii,98.05,288,274,0,0,0.9883827296011708,0.9937272727272728,0.9938181818181818,164,0.0149090909090909,4.67614633770097e-06,0.003702964236013,67,0.015190367712484,1.4909090909090899
29544|BAA-894,29544,BAA-894,Cronobacter sakazakii,98.05,289,275,0,0,0.9856167501137916,0.9985454545454544,0.9986363636363637,189,0.0171818181818181,3.68506642727251e-05,0.01093010806378,272,0.0033122968550352,1.71818181818181
29544|BAA-894,29544,BAA-894,Cronobacter sakazakii,98.05,290,276,0,0,0.985070550751024,0.9986363636363637,0.9986363636363637,194,0.0176363636363636,4.419777035469252e-06,0.0039359686858115,167,0.0052097752766557,1.76363636363636
29544|BAA-894,29544,BAA-894,Cronobacter sakazakii,98.05,291,277,0,0,0.988802913063268,0.9986363636363637,0.9986363636363637,153,0.0139090909090909,1.4252741953546533e-05,0.0073222080102574,96,0.0357219092861248,1.39090909090909
29544|BAA-894,29544,BAA-894,Cronobacter sakazakii,98.05,292,278,0,0,0.9884387801547564,0.9986363636363637,0.9985454545454544,158,0.0143636363636363,2.1325568984598146e-05,0.0065421717613349,43,0.0146850781793823,1.43636363636363
29544|BAA-894,29544,BAA-894,Cronobacter sakazakii,98.05,293,279,0,0,0.9797445255474452,0.9963636363636365,0.9962727272727272,257,0.0233636363636363,4.323903526115558e-06,0.003114609427752,15,0.0106578596821216,2.3363636363636298
29544|BAA-894,29544,BAA-894,Cronobacter sakazakii,98.05,427,410,0,0,0.9832848154756316,0.9680909090909092,0.9680909090909092,548,0.0498181818181818,1.5858047671457598e-05,0.0061917316525707,52,0.0320142907813126,4.981818181818181
29544|BAA-894,29544,BAA-894,Cronobacter sakazakii,98.05,436,419,0,0,0.9875220962878236,0.8742727272727273,0.8741818181818182,348,0.0316363636363636,1.1543872308505954e-05,0.0068273427924459,344,0.0161964505356766,3.16363636363636
29544|BAA-894,29544,BAA-894,Cronobacter sakazakii,98.05,437,420,0,0,0.979917469050894,0.989,0.9902727272727272,398,0.0361818181818181,3.609007135363385e-06,0.0062307248158245,415,0.0006184013366794,3.61818181818181
29544|BAA-894,29544,BAA-894,Cronobacter sakazakii,98.05,438,421,0,0,0.9883400661035624,0.9901818181818182,0.9901818181818182,341,0.031,3.037301817199189e-05,0.0080008906735543,50,0.0088053386161095,3.1
29737|6538,29737,6538,Staphylococcus aureus,100.0,0,0,0,0,0.9999090909090907,1.0,1.0,1,9.09090909090909e-05,4.3002709179118526e-06,0.0038134877158866,7,0.0976562499904378,0.00909090909090909
29737|6538,29737,6538,Staphylococcus aureus,100.0,10,10,0,0,0.9998181818181818,1.0,1.0,2,0.0001818181818181,3.6531250338089913e-06,0.0032460932222606,250,0.0559133977328543,0.01818181818181
29737|6538,29737,6538,Staphylococcus aureus,100.0,11,11,0,0,0.9999090909090907,1.0,1.0,1,9.09090909090909e-05,3.376378572395033e-06,0.0026513173910572,134,0.0701222769259617,0.00909090909090909
29737|6538,29737,6538,Staphylococcus aureus,100.0,30,30,0,0,0.9999090909090907,1.0,1.0,1,9.09090909090909e-05,9.61006069388759e-06,0.0056773515807241,263,0.000357248185046,0.00909090909090909
29737|6538,29737,6538,Staphylococcus aureus,100.0,57,57,0,0,0.9999090909090907,1.0,1.0,1,9.09090909090909e-05,1.0012790301328067e-06,0.0014200678079962,195,0.100913038887489,0.00909090909090909
29737|6538,29737,6538,Staphylococcus aureus,100.0,64,64,0,0,0.9999090909090907,1.0,0.9999090909090907,2,0.0001818181818181,1.7510708651746754e-05,0.0066528455800393,194,0.0137468554239361,0.01818181818181
29737|6538,29737,6538,Staphylococcus aureus,100.0,65,65,0,0,1.0,0.9999090909090907,0.9999090909090907,2,0.0001818181818181,8.621708595946131e-07,0.0013313769556258,257,0.0039633222992242,0.01818181818181
29737|6538,29737,6538,Staphylococcus aureus,100.0,66,66,0,0,1.0,0.9999090909090907,0.9999090909090907,2,0.0001818181818181,2.442654132517319e-06,0.0024666689457887,41,0.036034225415448,0.01818181818181
29737|6538,29737,6538,Staphylococcus aureus,100.0,67,67,0,0,1.0,0.9999090909090907,0.9999090909090907,2,0.0001818181818181,1.3832897938215186e-07,0.0005277600252967,140,0.1021053104809517,0.01818181818181
29737|6538,29737,6538,Staphylococcus aureus,100.0,68,68,0,0,1.0,0.9999090909090907,0.9999090909090907,2,0.0001818181818181,6.830837675497747e-07,0.0011704694038398,259,0.0764973149170515,0.01818181818181
29737|6538,29737,6538,Staphylococcus aureus,100.0,69,69,0,0,1.0,0.9999090909090907,0.9999090909090907,2,0.0001818181818181,5.905660511729138e-07,0.0010935815221384,130,0.0387583110757511,0.01818181818181
29737|6538,29737,6538,Staphylococcus aureus,100.0,70,70,0,0,1.0,0.9999090909090907,0.9999090909090907,2,0.0001818181818181,1.1841367392184663e-06,0.0015900105254581,32,0.0621955640299561,0.01818181818181
29737|6538,29737,6538,Staphylococcus aureus,100.0,71,71,0,0,0.9999090826438768,0.9999090909090907,0.9999090909090907,3,0.0002727272727272,2.70148338632481e-06,0.0025915686446043,155,0.0581747080958899,0.02727272727272
29737|6538,29737,6538,Staphylococcus aureus,100.0,72,72,0,0,1.0,0.9999090909090907,0.9999090909090907,2,0.0001818181818181,1.5939750472870884e-06,0.0018345132572764,121,0.0535172236124714,0.01818181818181
29905|49132,29905,49132,Proteus vulgaris,99.72,0,0,0,0,0.9990909090909093,1.0,1.0,10,0.0009090909090909,4.87151091155269e-06,0.0062883102589736,399,0.0188016846868557,0.09090909090909
29905|6380,29905,6380,Proteus vulgaris,99.99,5,5,0,0,0.9999090909090907,1.0,1.0,1,9.09090909090909e-05,2.8407247871786723e-06,0.0025626721908429,303,0.0177675776124237,0.00909090909090909
29905|6380,29905,6380,Proteus vulgaris,99.99,14,14,0,0,0.9999090909090907,1.0,1.0,1,9.09090909090909e-05,5.8568131344749474e-08,0.0003423238590455,146,0.1235838598797743,0.00909090909090909
29905|6380,29905,6380,Proteus vulgaris,99.99,18,18,0,0,0.9999090909090907,1.0,1.0,1,9.09090909090909e-05,4.186474418244046e-07,0.0009188926770561,142,0.0335952572791957,0.00909090909090909
29905|6380,29905,6380,Proteus vulgaris,99.99,33,33,0,0,0.9990000909008272,0.9993636363636365,1.0,18,0.0016363636363636,4.21853387688742e-06,0.008549617012794,217,0.0009634538067936,0.16363636363636
29905|6380,29905,6380,Proteus vulgaris,99.99,34,34,0,0,1.0,0.9993636363636365,0.9993636363636365,14,0.0012727272727272,1.647590602504856e-06,0.0019136551082655,3,0.0080547010887391,0.12727272727272
29905|6380,29905,6380,Proteus vulgaris,99.99,35,35,0,0,1.0,0.9993636363636365,0.9993636363636365,14,0.0012727272727272,2.9721778564972823e-06,0.0025647004282084,344,0.1009946073083543,0.12727272727272
29905|6380,29905,6380,Proteus vulgaris,99.99,36,36,0,0,0.9993632311470936,0.9987272727272728,0.9993636363636365,28,0.0025454545454545,3.0679409929179613e-06,0.0028195748132642,153,0.0010953542409734,0.25454545454545
29905|6380,29905,6380,Proteus vulgaris,99.99,37,37,0,0,1.0,0.9987272727272728,0.9987272727272728,28,0.0025454545454545,6.42077138945929e-06,0.0058932215871653,289,0.1391063329556229,0.25454545454545
29905|6380,29905,6380,Proteus vulgaris,99.99,38,38,0,0,1.0,0.9987272727272728,0.9987272727272728,28,0.0025454545454545,2.9909550953943764e-05,0.0185137521297086,340,0.1348915415958241,0.25454545454545
29905|6380,29905,6380,Proteus vulgaris,99.99,39,39,0,0,1.0,0.9987272727272728,0.9987272727272728,28,0.0025454545454545,5.05698680641764e-06,0.0039963638703087,290,0.0261611970152313,0.25454545454545
29905|6380,29905,6380,Proteus vulgaris,99.99,40,40,0,0,1.0,0.9987272727272728,0.9987272727272728,28,0.0025454545454545,1.956456650464844e-06,0.0020392923892959,70,0.0013940983220782,0.25454545454545
29905|6380,29905,6380,Proteus vulgaris,99.99,41,41,0,0,1.0,0.9987272727272728,0.9987272727272728,28,0.0025454545454545,4.18771998117462e-05,0.0091618523876501,141,0.0173502923150792,0.25454545454545
29905|6380,29905,6380,Proteus vulgaris,99.99,42,42,0,0,1.0,0.9987272727272728,0.9987272727272728,28,0.0025454545454545,8.604707196768757e-07,0.0013342433224908,349,0.0757502319405625,0.25454545454545
29905|6380,29905,6380,Proteus vulgaris,99.99,43,43,0,0,1.0,0.9987272727272728,0.9987272727272728,28,0.0025454545454545,5.294948076772776e-06,0.0034680989448376,190,0.005607141236932,0.25454545454545
29905|6380,29905,6380,Proteus vulgaris,99.99,44,44,0,0,1.0,0.9987272727272728,0.9987272727272728,28,0.0025454545454545,3.5571084557872723e-06,0.0029329728090034,60,0.0069503661036067,0.25454545454545
29905|6380,29905,6380,Proteus vulgaris,99.99,45,45,0,0,0.9997269251774986,0.9987272727272728,0.9987272727272728,31,0.0028181818181818,5.505127694371836e-06,0.0070487806954687,227,0.0693400347949333,0.28181818181818
29905|6380,29905,6380,Proteus vulgaris,99.99,46,46,0,0,1.0,0.9987272727272728,0.9987272727272728,28,0.0025454545454545,1.4337072887782298e-06,0.0016958350963609,288,0.0144644703440054,0.25454545454545
29905|6380,29905,6380,Proteus vulgaris,99.99,47,47,0,0,1.0,0.9987272727272728,0.9987272727272728,28,0.0025454545454545,4.538020830224809e-06,0.003034772692415,149,0.0039024953012591,0.25454545454545
29905|6380,29905,6380,Proteus vulgaris,99.99,48,48,0,0,1.0,0.9987272727272728,0.9987272727272728,28,0.0025454545454545,2.063144074471168e-06,0.0020447922902914,274,0.0068431528999989,0.25454545454545
29905|6380,29905,6380,Proteus vulgaris,99.99,49,49,0,0,1.0,0.9987272727272728,0.9987272727272728,28,0.0025454545454545,5.679561895455265e-06,0.0053281807064119,21,0.0132744986650807,0.25454545454545
29905|6380,29905,6380,Proteus vulgaris,99.99,50,50,0,0,1.0,0.9987272727272728,0.9987272727272728,28,0.0025454545454545,5.328667920800889e-06,0.0050083233068425,187,0.0005901617489514,0.25454545454545
29905|6380,29905,6380,Proteus vulgaris,99.99,51,51,0,0,1.0,0.9987272727272728,0.9987272727272728,28,0.0025454545454545,2.63624916485572e-06,0.0026156468265079,99,0.0450378965350801,0.25454545454545
29905|6380,29905,6380,Proteus vulgaris,99.99,52,52,0,0,1.0,0.9987272727272728,0.9987272727272728,28,0.0025454545454545,2.356649786317e-06,0.0023011856873231,390,0.0260439446301581,0.25454545454545
29905|6380,29905,6380,Proteus vulgaris,99.99,53,53,0,0,1.0,0.9987272727272728,0.9987272727272728,28,0.0025454545454545,5.069061539630937e-06,0.0041220296213326,152,0.0221057472224049,0.25454545454545
29905|6380,29905,6380,Proteus vulgaris,99.99,54,54,0,0,0.9999089750591662,0.9987272727272728,0.9987272727272728,29,0.0026363636363636,1.3930043376908507e-05,0.0094648673207636,135,0.0069432038991047,0.26363636363636
29905|6380,29905,6380,Proteus vulgaris,99.99,55,55,0,0,1.0,0.9987272727272728,0.9987272727272728,28,0.0025454545454545,5.335307930121047e-06,0.0040640424795774,148,0.0248242430123373,0.25454545454545
29905|6380,29905,6380,Proteus vulgaris,99.99,56,56,0,0,1.0,0.9987272727272728,0.9987272727272728,28,0.0025454545454545,3.91504953656252e-06,0.0027998084942946,92,0.0019726373392756,0.25454545454545
29905|6380,29905,6380,Proteus vulgaris,99.99,57,57,0,0,1.0,0.9987272727272728,0.9987272727272728,28,0.0025454545454545,3.834382285905491e-06,0.0027692534341727,90,0.0183756789132478,0.25454545454545
29905|6380,29905,6380,Proteus vulgaris,99.99,58,58,0,0,1.0,0.9987272727272728,0.9987272727272728,28,0.0025454545454545,2.195987825803769e-06,0.0021215571333921,215,0.004841341001935,0.25454545454545
29905|6380,29905,6380,Proteus vulgaris,99.99,59,59,0,0,1.0,0.9987272727272728,0.9987272727272728,28,0.0025454545454545,3.1799363766626958e-06,0.0025362840995521,342,0.0083092074711356,0.25454545454545
29905|6380,29905,6380,Proteus vulgaris,99.99,60,60,0,0,0.999908983343952,0.9988181818181818,0.9987272727272728,28,0.0025454545454545,3.871365234386914e-06,0.0036536065790627,342,0.003190892448515,0.25454545454545
29905|6380,29905,6380,Proteus vulgaris,99.99,61,61,0,0,1.0,0.9988181818181818,0.9988181818181818,26,0.0023636363636363,1.8301557983102512e-05,0.0060721914136734,106,0.0132195501351157,0.23636363636363
29905|6380,29905,6380,Proteus vulgaris,99.99,62,62,0,0,1.0,0.9988181818181818,0.9988181818181818,26,0.0023636363636363,4.39203822155676e-06,0.0040995125951081,369,0.0859003250595542,0.23636363636363
29905|6380,29905,6380,Proteus vulgaris,99.99,63,63,0,0,0.999908983343952,0.9988181818181818,0.9988181818181818,27,0.0024545454545454,9.218232826846418e-06,0.0054786287295213,199,0.0462848510662817,0.24545454545453999
29905|6380,29905,6380,Proteus vulgaris,99.99,64,64,0,0,1.0,0.9988181818181818,0.9988181818181818,26,0.0023636363636363,3.715479688359835e-06,0.0028885815571254,98,0.0146910208723488,0.23636363636363
29905|6380,29905,6380,Proteus vulgaris,99.99,65,65,0,0,1.0,0.9988181818181818,0.9988181818181818,26,0.0023636363636363,2.0129048799444327e-05,0.0071198362395264,333,0.0721249075459473,0.23636363636363
29905|6380,29905,6380,Proteus vulgaris,99.99,66,66,0,0,1.0,0.9988181818181818,0.9988181818181818,26,0.0023636363636363,8.880931345545129e-06,0.0052115781358589,129,0.0478276598933509,0.23636363636363
29905|6380,29905,6380,Proteus vulgaris,99.99,67,67,0,0,1.0,0.9988181818181818,0.9988181818181818,26,0.0023636363636363,2.218592308311784e-06,0.0022451715514938,299,0.1322760704452485,0.23636363636363
29905|6380,29905,6380,Proteus vulgaris,99.99,68,68,0,0,1.0,0.9988181818181818,0.9988181818181818,26,0.0023636363636363,3.349458930435034e-06,0.0029053800410041,225,0.2902546056158814,0.23636363636363
29905|6380,29905,6380,Proteus vulgaris,99.99,69,69,0,0,1.0,0.9988181818181818,0.9988181818181818,26,0.0023636363636363,5.6127743840450606e-06,0.0033922824985452,17,0.0920180017680718,0.23636363636363
29905|6380,29905,6380,Proteus vulgaris,99.99,70,70,0,0,1.0,0.9988181818181818,0.9988181818181818,26,0.0023636363636363,4.144166681707695e-06,0.0031659444179554,143,0.0019835123395582,0.23636363636363
29905|6380,29905,6380,Proteus vulgaris,99.99,71,71,0,0,1.0,0.9988181818181818,0.9988181818181818,26,0.0023636363636363,6.537829648323168e-06,0.0039069834256296,106,0.0062139347486619,0.23636363636363
29905|6380,29905,6380,Proteus vulgaris,99.99,72,72,0,0,1.0,0.9988181818181818,0.9988181818181818,26,0.0023636363636363,2.753003553679356e-06,0.0023886640263004,318,0.0204231451333439,0.23636363636363
29905|6380,29905,6380,Proteus vulgaris,99.99,73,73,0,0,1.0,0.9988181818181818,0.9988181818181818,26,0.0023636363636363,2.95377247472306e-06,0.0027369163717254,99,0.0414350904015123,0.23636363636363
29905|6380,29905,6380,Proteus vulgaris,99.99,74,74,0,0,1.0,0.9988181818181818,0.9988181818181818,26,0.0023636363636363,1.884477852098776e-06,0.0019709648973183,243,0.0330256587044337,0.23636363636363
29905|6380,29905,6380,Proteus vulgaris,99.99,75,75,0,0,1.0,0.9988181818181818,0.9988181818181818,26,0.0023636363636363,3.763737285389368e-06,0.003334635067858,125,0.0069112909573666,0.23636363636363
29905|6380,29905,6380,Proteus vulgaris,99.99,76,76,0,0,1.0,0.9988181818181818,0.9988181818181818,26,0.0023636363636363,1.1463584859594532e-05,0.0057697159541831,289,0.0053017702324063,0.23636363636363
29905|6380,29905,6380,Proteus vulgaris,99.99,77,77,0,0,1.0,0.9988181818181818,0.9988181818181818,26,0.0023636363636363,3.304266361303654e-06,0.0029731153795054,46,0.0149247869984969,0.23636363636363
29905|6380,29905,6380,Proteus vulgaris,99.99,78,78,0,0,0.999908983343952,0.9988181818181818,0.9988181818181818,27,0.0024545454545454,5.403782815660563e-06,0.0074043923428234,18,0.0201029893991064,0.24545454545453999
29905|6380,29905,6380,Proteus vulgaris,99.99,79,79,0,0,1.0,0.9988181818181818,0.9988181818181818,26,0.0023636363636363,8.39916433670318e-06,0.0056900355953285,291,0.0463150337961653,0.23636363636363
29905|6380,29905,6380,Proteus vulgaris,99.99,80,80,0,0,0.999908983343952,0.9988181818181818,0.9988181818181818,27,0.0024545454545454,5.846799383868451e-05,0.0168999365866926,303,0.0134406449244951,0.24545454545453999
29905|6380,29905,6380,Proteus vulgaris,99.99,81,81,0,0,1.0,0.9988181818181818,0.9988181818181818,26,0.0023636363636363,4.045972187949332e-06,0.0029809878219899,230,0.005126223892886,0.23636363636363
29905|6380,29905,6380,Proteus vulgaris,99.99,82,82,0,0,0.999908983343952,0.9988181818181818,0.9988181818181818,27,0.0024545454545454,4.5316834318409605e-06,0.0038871384752285,134,0.005115030091204,0.24545454545453999
29905|6380,29905,6380,Proteus vulgaris,99.99,83,83,0,0,1.0,0.9988181818181818,0.9988181818181818,26,0.0023636363636363,9.482809907979116e-06,0.0046711590375518,276,0.0341318382549951,0.23636363636363
29905|6380,29905,6380,Proteus vulgaris,99.99,84,84,0,0,1.0,0.9988181818181818,0.9988181818181818,26,0.0023636363636363,1.5443562396688648e-05,0.0069730323554703,314,0.0191966316308807,0.23636363636363
29905|6380,29905,6380,Proteus vulgaris,99.99,85,85,0,0,1.0,0.9988181818181818,0.9988181818181818,26,0.0023636363636363,4.867610906122977e-06,0.0031786083799741,102,0.0215686013829314,0.23636363636363
29905|6380,29905,6380,Proteus vulgaris,99.99,86,86,0,0,1.0,0.9988181818181818,0.9988181818181818,26,0.0023636363636363,3.6324663058584505e-06,0.0026954200318865,360,0.0411786709391174,0.23636363636363
29905|6380,29905,6380,Proteus vulgaris,99.99,87,87,0,0,1.0,0.9988181818181818,0.9988181818181818,26,0.0023636363636363,6.357222311237365e-06,0.0036040551086745,370,0.0050641613566657,0.23636363636363
29905|6380,29905,6380,Proteus vulgaris,99.99,88,88,0,0,1.0,0.9988181818181818,0.9988181818181818,26,0.0023636363636363,1.1323103340177276e-05,0.0049679474496427,315,0.0395844048183645,0.23636363636363
29905|6380,29905,6380,Proteus vulgaris,99.99,89,89,0,0,0.9995451237263464,0.9992727272727272,0.9988181818181818,26,0.0023636363636363,2.2064270950306053e-06,0.0022522034868228,207,0.0157582349883492,0.23636363636363
29905|6380,29905,6380,Proteus vulgaris,99.99,90,90,0,0,1.0,0.9992727272727272,0.9992727272727272,16,0.0014545454545454,1.7203716791147627e-06,0.0018679008085721,383,0.0094056496281922,0.14545454545454
29905|6380,29905,6380,Proteus vulgaris,99.99,91,91,0,0,1.0,0.9992727272727272,0.9992727272727272,16,0.0014545454545454,1.2085990530597002e-06,0.0015577476763691,163,0.0035212321632984,0.14545454545454
29905|6380,29905,6380,Proteus vulgaris,99.99,92,92,0,0,1.0,0.9992727272727272,0.9992727272727272,16,0.0014545454545454,4.039261796484617e-06,0.0038153143149045,0,0.011332077704752,0.14545454545454
29905|6380,29905,6380,Proteus vulgaris,99.99,93,93,0,0,1.0,0.9992727272727272,0.9992727272727272,16,0.0014545454545454,1.1140369105322456e-05,0.0071414814235479,326,0.0024151351402257,0.14545454545454
29905|6380,29905,6380,Proteus vulgaris,99.99,94,94,0,0,1.0,0.9992727272727272,0.9992727272727272,16,0.0014545454545454,8.39517454775951e-06,0.0041043553916525,52,0.000166093090992,0.14545454545454
29905|6380,29905,6380,Proteus vulgaris,99.99,95,95,0,0,1.0,0.9992727272727272,0.9992727272727272,16,0.0014545454545454,1.3808020464800563e-06,0.0017129786644151,177,0.017557424179315,0.14545454545454
29905|6380,29905,6380,Proteus vulgaris,99.99,96,96,0,0,1.0,0.9992727272727272,0.9992727272727272,16,0.0014545454545454,5.147741203193057e-06,0.0035599967602223,128,0.0042451529407323,0.14545454545454
29905|6380,29905,6380,Proteus vulgaris,99.99,97,97,0,0,1.0,0.9992727272727272,0.9992727272727272,16,0.0014545454545454,4.420097147517232e-06,0.0031031993740359,242,0.0534334404164607,0.14545454545454
29905|6380,29905,6380,Proteus vulgaris,99.99,98,98,0,0,1.0,0.9992727272727272,0.9992727272727272,16,0.0014545454545454,1.896463218908906e-06,0.001986779963009,230,0.026698240172792,0.14545454545454
29905|6380,29905,6380,Proteus vulgaris,99.99,99,99,0,0,1.0,0.9992727272727272,0.9992727272727272,16,0.0014545454545454,2.284482502057372e-06,0.0021554949717293,124,0.0141238834081152,0.14545454545454
29905|6380,29905,6380,Proteus vulgaris,99.99,100,100,0,0,1.0,0.9992727272727272,0.9992727272727272,16,0.0014545454545454,2.3862132029206502e-06,0.0023381237678112,314,0.0720675911738718,0.14545454545454
29905|6380,29905,6380,Proteus vulgaris,99.99,101,101,0,0,1.0,0.9992727272727272,0.9992727272727272,16,0.0014545454545454,2.89101407069392e-06,0.0024331300574462,265,0.0161776573017061,0.14545454545454
29905|6380,29905,6380,Proteus vulgaris,99.99,102,102,0,0,1.0,0.9992727272727272,0.9992727272727272,16,0.0014545454545454,4.205732957229813e-06,0.0030428757959104,201,0.0287438591762667,0.14545454545454
29905|6380,29905,6380,Proteus vulgaris,99.99,103,103,0,0,1.0,0.9992727272727272,0.9992727272727272,16,0.0014545454545454,3.7235778561628408e-06,0.0029603613793657,311,0.073797922016092,0.14545454545454
29905|6380,29905,6380,Proteus vulgaris,99.99,104,104,0,0,1.0,0.9992727272727272,0.9992727272727272,16,0.0014545454545454,3.1902879160661257e-06,0.0028200514976405,335,0.0040034495784799,0.14545454545454
29905|6380,29905,6380,Proteus vulgaris,99.99,105,105,0,0,1.0,0.9992727272727272,0.9992727272727272,16,0.0014545454545454,1.2461823039044972e-06,0.0016249244893065,66,0.0732361881224299,0.14545454545454
29905|6380,29905,6380,Proteus vulgaris,99.99,106,106,0,0,1.0,0.9992727272727272,0.9992727272727272,16,0.0014545454545454,4.638407374524256e-06,0.0032294148574746,208,0.0011803364874193,0.14545454545454
29905|6380,29905,6380,Proteus vulgaris,99.99,107,107,0,0,1.0,0.9992727272727272,0.9992727272727272,16,0.0014545454545454,3.885166752315428e-06,0.003375363116746,20,0.0074995863456247,0.14545454545454
29905|6380,29905,6380,Proteus vulgaris,99.99,108,108,0,0,1.0,0.9992727272727272,0.9992727272727272,16,0.0014545454545454,2.9454998089484263e-06,0.0024283797643496,232,0.0043067050030062,0.14545454545454
29905|6380,29905,6380,Proteus vulgaris,99.99,109,109,0,0,1.0,0.9992727272727272,0.9992727272727272,16,0.0014545454545454,3.435868561663113e-06,0.0029760602362602,215,0.0271987368610326,0.14545454545454
29905|6380,29905,6380,Proteus vulgaris,99.99,110,110,0,0,0.9999090247452692,0.9992727272727272,0.9992727272727272,17,0.0015454545454545,1.9028427684641969e-06,0.0020686755913436,279,0.1454424006066353,0.15454545454545002
29905|6380,29905,6380,Proteus vulgaris,99.99,111,111,0,0,1.0,0.9992727272727272,0.9992727272727272,16,0.0014545454545454,1.5959515313745951e-06,0.0017865974174681,376,0.0116652613382364,0.14545454545454
29905|6380,29905,6380,Proteus vulgaris,99.99,112,112,0,0,1.0,0.9992727272727272,0.9992727272727272,16,0.0014545454545454,6.846755327916121e-06,0.0037137154185245,156,0.0120831365274224,0.14545454545454
29905|6380,29905,6380,Proteus vulgaris,99.99,113,113,0,0,1.0,0.9992727272727272,0.9992727272727272,16,0.0014545454545454,1.0338953808641804e-06,0.0014727869403826,117,0.0022462656346357,0.14545454545454
29905|6380,29905,6380,Proteus vulgaris,99.99,114,114,0,0,1.0,0.9992727272727272,0.9992727272727272,16,0.0014545454545454,2.743839264685022e-06,0.0025491685626148,222,0.0056516149724594,0.14545454545454
29905|6380,29905,6380,Proteus vulgaris,99.99,115,115,0,0,0.999727074235808,0.999,0.9992727272727272,22,0.002,3.04695589115056e-05,0.0170170444614059,182,0.0580887231442288,0.2
29905|6380,29905,6380,Proteus vulgaris,99.99,116,116,0,0,1.0,0.999,0.999,22,0.002,1.696865992162344e-06,0.0019265673984894,65,0.0148564589299304,0.2
29905|6380,29905,6380,Proteus vulgaris,99.99,117,117,0,0,1.0,0.999,0.999,22,0.002,6.314615908942223e-06,0.0044139911392015,22,0.0048858810932526,0.2
29905|6380,29905,6380,Proteus vulgaris,99.99,118,118,0,0,1.0,0.999,0.999,22,0.002,3.214528130013328e-06,0.0027633815112996,128,0.0021300093110374,0.2
29905|6380,29905,6380,Proteus vulgaris,99.99,119,119,0,0,1.0,0.999,0.999,22,0.002,3.541037318921525e-06,0.0026648063840995,105,0.0290323005396377,0.2
29905|6380,29905,6380,Proteus vulgaris,99.99,120,120,0,0,1.0,0.999,0.999,22,0.002,2.683741044173793e-06,0.0024663204830464,132,0.0018966906618034,0.2
29905|6380,29905,6380,Proteus vulgaris,99.99,121,121,0,0,1.0,0.999,0.999,22,0.002,5.569360156387759e-06,0.0037127666417427,180,0.0027595842494989,0.2
29905|6380,29905,6380,Proteus vulgaris,99.99,266,266,0,0,1.0,0.9900909090909092,0.9900909090909092,218,0.0198181818181818,6.136279925406107e-06,0.0043401582388628,284,0.0129447448585363,1.9818181818181801
29905|6380,29905,6380,Proteus vulgaris,99.99,267,267,0,0,1.0,0.9900909090909092,0.9900909090909092,218,0.0198181818181818,3.940103794541905e-05,0.0096303234109347,237,0.062502880454293,1.9818181818181801
29905|6380,29905,6380,Proteus vulgaris,99.99,268,268,0,0,1.0,0.9900909090909092,0.9900909090909092,218,0.0198181818181818,6.828867590957799e-06,0.0039142728723223,263,0.0081529040827801,1.9818181818181801
29905|6380,29905,6380,Proteus vulgaris,99.99,269,269,0,0,1.0,0.9900909090909092,0.9900909090909092,218,0.0198181818181818,1.940970109304274e-05,0.0083805022593922,351,0.000301766106822,1.9818181818181801
29905|6380,29905,6380,Proteus vulgaris,99.99,270,270,0,0,1.0,0.9900909090909092,0.9900909090909092,218,0.0198181818181818,5.336966188207448e-06,0.0036403611770167,313,0.0035262284652695,1.9818181818181801
29905|6380,29905,6380,Proteus vulgaris,99.99,271,271,0,0,1.0,0.9900909090909092,0.9900909090909092,218,0.0198181818181818,4.450482775197884e-06,0.004899306987424,364,0.0149958814763324,1.9818181818181801
29905|6380,29905,6380,Proteus vulgaris,99.99,272,272,0,0,1.0,0.9900909090909092,0.9900909090909092,218,0.0198181818181818,1.2577611655850696e-05,0.005114284425674,66,0.0180835253354418,1.9818181818181801
29905|6380,29905,6380,Proteus vulgaris,99.99,273,273,0,0,1.0,0.9900909090909092,0.9900909090909092,218,0.0198181818181818,6.795514564283955e-06,0.0036930073797303,166,0.0783197021623285,1.9818181818181801
29905|6380,29905,6380,Proteus vulgaris,99.99,274,274,0,0,1.0,0.9900909090909092,0.9900909090909092,218,0.0198181818181818,1.3641163616018304e-05,0.0055350921296449,341,0.0200890072711725,1.9818181818181801
29905|6380,29905,6380,Proteus vulgaris,99.99,275,275,0,0,1.0,0.9900909090909092,0.9900909090909092,218,0.0198181818181818,5.596178878741753e-06,0.0045594605024098,306,0.0817263021607754,1.9818181818181801
29905|6380,29905,6380,Proteus vulgaris,99.99,276,276,0,0,1.0,0.9900909090909092,0.9900909090909092,218,0.0198181818181818,4.1039518882124426e-05,0.0099249253771918,142,0.0453951693805316,1.9818181818181801
29905|6380,29905,6380,Proteus vulgaris,99.99,277,277,0,0,1.0,0.9900909090909092,0.9900909090909092,218,0.0198181818181818,0.000139091147599,0.020293439146527,69,0.0442406817005119,1.9818181818181801
29905|6380,29905,6380,Proteus vulgaris,99.99,278,278,0,0,1.0,0.9900909090909092,0.9900909090909092,218,0.0198181818181818,0.0001441966316948,0.0177869385408099,283,0.001259370398799,1.9818181818181801
29905|6380,29905,6380,Proteus vulgaris,99.99,279,279,0,0,1.0,0.9900909090909092,0.9900909090909092,218,0.0198181818181818,8.666260219114541e-06,0.0052574359849644,251,0.0270673575254487,1.9818181818181801
29905|6380,29905,6380,Proteus vulgaris,99.99,280,280,0,0,1.0,0.9900909090909092,0.9900909090909092,218,0.0198181818181818,4.451136292493718e-05,0.0108419991499352,69,0.0281398150830518,1.9818181818181801
29905|6380,29905,6380,Proteus vulgaris,99.99,281,281,0,0,1.0,0.9900909090909092,0.9900909090909092,218,0.0198181818181818,3.2899052297863385e-05,0.0081370909852486,90,0.0176814804825011,1.9818181818181801
29905|6380,29905,6380,Proteus vulgaris,99.99,282,282,0,0,1.0,0.9900909090909092,0.9900909090909092,218,0.0198181818181818,5.472234737746717e-05,0.0114403846381578,396,0.0025800985561285,1.9818181818181801
29905|6380,29905,6380,Proteus vulgaris,99.99,283,283,0,0,1.0,0.9900909090909092,0.9900909090909092,218,0.0198181818181818,6.150123800452434e-06,0.0077573818620461,325,0.0123918159253442,1.9818181818181801
29905|6380,29905,6380,Proteus vulgaris,99.99,284,284,0,0,0.9994493897402956,0.9900909090909092,0.9906363636363636,218,0.0198181818181818,5.806693794019324e-06,0.0050458970913749,252,0.1016049921383187,1.9818181818181801
29905|6380,29905,6380,Proteus vulgaris,99.99,285,285,0,0,0.9999082316233826,0.9906363636363636,0.9906363636363636,207,0.0188181818181818,5.001916052238542e-05,0.0100027891036672,162,0.0352849000978607,1.88181818181818
29905|6380,29905,6380,Proteus vulgaris,99.99,286,286,0,0,1.0,0.9906363636363636,0.9906363636363636,206,0.0187272727272727,2.3921413668803737e-06,0.002367852034837,77,0.0453471017363161,1.87272727272727
29905|6380,29905,6380,Proteus vulgaris,99.99,287,287,0,0,0.9999082316233826,0.9906363636363636,0.9906363636363636,207,0.0188181818181818,2.3644227891583824e-05,0.0118860485978391,393,0.0313478775152165,1.88181818181818
29905|6380,29905,6380,Proteus vulgaris,99.99,288,288,0,0,1.0,0.9906363636363636,0.9906363636363636,206,0.0187272727272727,4.283264461224512e-06,0.005270920453849,234,0.0021902509244283,1.87272727272727
29905|6380,29905,6380,Proteus vulgaris,99.99,289,289,0,0,1.0,0.9906363636363636,0.9906363636363636,206,0.0187272727272727,1.3386792599545672e-05,0.0051775925323316,97,0.0720489990011061,1.87272727272727
29905|6380,29905,6380,Proteus vulgaris,99.99,290,290,0,0,1.0,0.9906363636363636,0.9906363636363636,206,0.0187272727272727,9.535181831665795e-06,0.0074522039334086,367,0.0040264645223412,1.87272727272727
29905|6380,29905,6380,Proteus vulgaris,99.99,291,291,0,0,1.0,0.9906363636363636,0.9906363636363636,206,0.0187272727272727,3.86544728026017e-06,0.0029245704568499,121,0.1215516254964473,1.87272727272727
29905|6380,29905,6380,Proteus vulgaris,99.99,292,292,0,0,1.0,0.9906363636363636,0.9906363636363636,206,0.0187272727272727,2.319929102356788e-05,0.0084578054201268,157,0.0013218585023843,1.87272727272727
29905|6380,29905,6380,Proteus vulgaris,99.99,293,293,0,0,1.0,0.9906363636363636,0.9906363636363636,206,0.0187272727272727,2.031641242494775e-05,0.0065058708356964,365,0.0019507600034482,1.87272727272727
29905|6380,29905,6380,Proteus vulgaris,99.99,294,294,0,0,1.0,0.9906363636363636,0.9906363636363636,206,0.0187272727272727,5.9020480540405984e-05,0.0109009153121848,65,0.0648863282748934,1.87272727272727
29905|6380,29905,6380,Proteus vulgaris,99.99,295,295,0,0,1.0,0.9906363636363636,0.9906363636363636,206,0.0187272727272727,2.960991530698287e-05,0.0087186373698128,185,0.0052313497771968,1.87272727272727
29905|6380,29905,6380,Proteus vulgaris,99.99,296,296,0,0,1.0,0.9906363636363636,0.9906363636363636,206,0.0187272727272727,1.0532323465040072e-05,0.0052651191282678,170,0.0079948310732381,1.87272727272727
29905|6380,29905,6380,Proteus vulgaris,99.99,297,297,0,0,1.0,0.9906363636363636,0.9906363636363636,206,0.0187272727272727,1.0075896427652609e-05,0.0044915198030032,120,0.0764950652075184,1.87272727272727
29905|6380,29905,6380,Proteus vulgaris,99.99,298,298,0,0,1.0,0.9906363636363636,0.9906363636363636,206,0.0187272727272727,0.0001090113561997,0.0148943445978617,233,0.0256287490372192,1.87272727272727
29905|6380,29905,6380,Proteus vulgaris,99.99,299,299,0,0,1.0,0.9906363636363636,0.9906363636363636,206,0.0187272727272727,1.3090992166508997e-05,0.005131445000743,213,0.099098947659275,1.87272727272727
29906|7002,29906,7002,Proteus mirabilis,99.09,399,395,0,0,0.9942236146465636,0.9285454545454546,0.9284545454545454,439,0.0399090909090909,5.390492442391981e-05,0.0136738742042918,380,0.084584543657596,3.9909090909090903
29906|7002,29906,7002,Proteus mirabilis,99.09,400,396,0,0,0.9979835013748856,0.9915454545454544,0.9917272727272728,206,0.0187272727272727,7.304009111752663e-06,0.0067889048603729,193,0.0332327418109272,1.87272727272727
29906|7002,29906,7002,Proteus mirabilis,99.09,401,397,0,0,0.9950490510681214,0.9915454545454544,0.9915454545454544,240,0.0218181818181818,1.73383404584726e-05,0.006038426027254,237,0.0852924028915419,2.18181818181818
29906|7002,29906,7002,Proteus mirabilis,99.09,402,398,0,0,0.9942238929128084,0.9915454545454544,0.9915454545454544,249,0.0226363636363636,2.0984352415265303e-05,0.0098207891236359,385,0.0118095516734108,2.26363636363636
29930|9290,29930,9290,Shigella sonnei,99.97,4,4,0,0,0.9999090909090907,1.0,1.0,1,9.09090909090909e-05,1.1134239938925816e-06,0.0015185974740358,261,0.0348209419613333,0.00909090909090909
29930|9290,29930,9290,Shigella sonnei,99.97,7,7,0,0,0.9999090909090907,1.0,1.0,1,9.09090909090909e-05,5.115523674659173e-07,0.0010207164573064,249,0.0401322407581545,0.00909090909090909
29930|9290,29930,9290,Shigella sonnei,99.97,9,9,0,0,0.9995454545454544,1.0,1.0,5,0.0004545454545454,3.831313015512095e-06,0.0033171748253419,349,0.0091759940370302,0.04545454545454
29930|9290,29930,9290,Shigella sonnei,99.97,13,13,0,0,0.9994545454545456,1.0,1.0,6,0.0005454545454545,2.9943495352124927e-06,0.0028850634948474,386,0.003368559911609,0.054545454545450005
29930|9290,29930,9290,Shigella sonnei,99.97,14,14,0,0,0.9999090909090907,1.0,1.0,1,9.09090909090909e-05,3.7954431880704576e-06,0.0034505641593574,196,0.0020793833854867,0.00909090909090909
33155|33215,33155,33215,Legionella pneumophila,97.07,1,1,0,0,0.9801529497450836,0.9985454545454544,0.9982727272727272,224,0.0203636363636363,3.635593067263798e-06,0.0029936949736774,57,0.0406207009032992,2.03636363636363
33155|33215,33155,33215,Legionella pneumophila,97.07,146,149,0,0,0.9822425629290618,0.9931818181818182,0.9931818181818182,344,0.0312727272727272,9.69933907102316e-06,0.0053364151675344,290,0.006421604062641,3.1272727272727203
33155|33215,33155,33215,Legionella pneumophila,97.07,149,152,0,0,0.9831548109493728,0.9928181818181818,0.993,340,0.0309090909090909,1.1032503368424427e-05,0.0072182396333747,115,0.0067652995810727,3.09090909090909
33155|33215,33155,33215,Legionella pneumophila,97.07,181,184,0,0,0.9767251568324392,0.9999090909090907,0.9998181818181818,259,0.0235454545454545,4.94864495892422e-06,0.0039992703502301,131,0.0253322769192124,2.35454545454545
33186|47077,33186,47077,Enterococcus faecalis,98.97,0,0,0,0,0.9949090909090909,1.0,0.9998181818181818,58,0.0052727272727272,5.679477903086649e-06,0.0037451504859075,241,0.1736190322629202,0.52727272727272
33186|47077,33186,47077,Enterococcus faecalis,98.97,2,2,0,0,0.995545049549959,0.9999090909090907,0.9999090909090907,51,0.0046363636363636,5.974006907938367e-06,0.0034578537573375,168,0.0456748323995882,0.46363636363636
33186|47077,33186,47077,Enterococcus faecalis,98.97,3,3,0,0,0.99363578507137,0.9999090909090907,0.9987272727272728,85,0.0077272727272727,3.8389066685518e-06,0.0036900471163461,105,0.0109061197095341,0.7727272727272699
33186|47077,33186,47077,Enterococcus faecalis,98.97,4,4,0,0,0.9942669942669944,0.9987272727272728,0.999,88,0.008,4.403361328453315e-06,0.0032197832661774,168,0.0692336820889019,0.8
33186|47077,33186,47077,Enterococcus faecalis,98.97,16,15,0,0,0.9994472593274988,0.9868181818181818,0.9867272727272728,297,0.027,1.943693681982772e-05,0.0065088797830944,260,0.023312942139164,2.7
33186|47077,33186,47077,Enterococcus faecalis,98.97,17,16,0,0,0.9977890373099954,0.9868181818181818,0.9867272727272728,315,0.0286363636363636,2.809215988497371e-06,0.0026163592685728,211,0.074988199337701,2.8636363636363598
33186|47077,33186,47077,Enterococcus faecalis,98.97,18,17,0,0,0.9989865487377924,0.9867272727272728,0.9867272727272728,303,0.0275454545454545,1.0510769743010684e-05,0.0048292657183123,158,0.2331216435261756,2.75454545454545
33186|47077,33186,47077,Enterococcus faecalis,98.97,19,18,0,0,0.9928986442866364,0.9857272727272728,0.9855454545454544,371,0.0337272727272727,2.910731880367834e-05,0.0078948337080936,16,0.0353458296455666,3.3727272727272704
33186|47077,33186,47077,Enterococcus faecalis,98.97,20,19,0,0,0.9926294453657638,0.9865454545454544,0.9867272727272728,374,0.034,1.4171862949385884e-05,0.0067459439053636,166,0.0419861275773449,3.4000000000000004
33186|47077,33186,47077,Enterococcus faecalis,98.97,21,20,0,0,0.9929058411645476,0.9867272727272728,0.9867272727272728,369,0.0335454545454545,5.806628301296968e-06,0.0069641384003947,135,0.0007981063905848,3.3545454545454505
33277|49417,33277,49417,Porphyromonas gingivalis,98.35,4,4,0,0,0.9920504120213282,0.9374545454545454,0.9367272727272729,442,0.0401818181818181,6.557602999279766e-06,0.0037193362560948,239,0.0149152604478892,4.0181818181818105
33291|33292,33291,33292,Campylobacter jejuni,99.02,0,0,0,0,0.9954545454545456,1.0,1.0,50,0.0045454545454545,6.794894799488915e-06,0.004253401210372,37,0.0062393492981708,0.45454545454545003
33291|33292,33291,33292,Campylobacter jejuni,99.02,1,1,0,0,0.9996363636363635,1.0,1.0,4,0.0003636363636363,4.716015000849616e-06,0.0035281076605297,70,0.0013448295671061,0.036363636363630006
33291|33292,33291,33292,Campylobacter jejuni,99.02,2,2,0,0,0.9965454545454544,1.0,1.0,38,0.0034545454545454,3.1067656320882264e-06,0.0029140484032745,169,0.0660637492692147,0.34545454545453996
33291|33292,33291,33292,Campylobacter jejuni,99.02,3,3,0,0,0.9951527345893544,0.993909090909091,0.9932727272727272,64,0.0058181818181818,6.676712894448933e-06,0.0061876448269363,1,0.0135491897565573,0.58181818181818
33400|49619,33400,49619,Streptococcus pneumoniae,98.7,0,0,0,0,0.9965454545454544,1.0,1.0,38,0.0034545454545454,5.118352650157476e-06,0.0034204134070542,46,0.0058393537717365,0.34545454545453996
33400|49619,33400,49619,Streptococcus pneumoniae,98.7,67,66,0,0,0.9812863372093024,0.9948181818181818,0.9997272727272728,262,0.0238181818181818,2.0483054531839077e-05,0.0068121948954123,96,0.0046612609833265,2.38181818181818
33400|49619,33400,49619,Streptococcus pneumoniae,98.7,80,80,0,0,0.9815906411535322,0.9995454545454544,0.9921818181818182,283,0.0257272727272727,0.0001068378883218,0.029174230612141,94,0.0019621271047416,2.57272727272727
33400|49619,33400,49619,Streptococcus pneumoniae,98.7,125,126,0,0,0.994244337170442,0.9792727272727272,0.9792727272727272,484,0.044,7.376355331212281e-06,0.0070613159001417,103,0.00232519662418,4.3999999999999995
33400|49619,33400,49619,Streptococcus pneumoniae,98.7,128,129,0,0,0.9941574700918112,0.9801818181818182,0.9801818181818182,498,0.0452727272727272,4.7237502098784745e-06,0.0107677172556749,126,0.0018344953147717,4.52727272727272
33400|49619,33400,49619,Streptococcus pneumoniae,98.7,133,133,0,0,0.9937934228809634,0.9813636363636364,0.9812727272727272,478,0.0434545454545454,2.570620903075138e-05,0.0117673880242028,165,0.0133218317326182,4.3454545454545395
33400|49619,33400,49619,Streptococcus pneumoniae,98.7,135,135,0,0,0.9773226042428677,0.9888181818181818,0.9851818181818182,491,0.0446363636363636,5.25131221833508e-05,0.0170565115673547,89,0.0541977934955575,4.46363636363636
33400|6302,33400,6302,Streptococcus pneumoniae,98.83,0,0,0,0,0.9956363636363637,1.0,1.0,48,0.0043636363636363,7.44525619844616e-06,0.0100592584264419,127,0.009805116408573,0.43636363636362996
33400|6302,33400,6302,Streptococcus pneumoniae,98.83,1,1,0,0,0.9965639112507364,0.9259090909090908,0.925818181818182,460,0.0418181818181818,5.152799872409908e-05,0.0129017941255722,149,0.0134492492865083,4.18181818181818
33400|6302,33400,6302,Streptococcus pneumoniae,98.83,90,86,0,0,0.9937772824370764,0.9784545454545456,0.9787272727272728,536,0.0487272727272727,5.85999594049369e-06,0.0074746023636603,0,0.0037957375920953,4.87272727272727
33400|6303,33400,6303,Streptococcus pneumoniae,98.8,0,0,0,0,0.9958181818181818,1.0,1.0,46,0.0041818181818181,9.57207120078074e-06,0.0083448291927909,80,0.0215424801297681,0.41818181818181
33400|6303,33400,6303,Streptococcus pneumoniae,98.8,1,1,0,0,0.9941749340129244,0.9984545454545456,0.9983636363636365,66,0.006,5.216878152103366e-05,0.0208725769120718,45,0.0543514806865892,0.6
33400|6303,33400,6303,Streptococcus pneumoniae,98.8,56,53,0,0,0.9938077246011756,0.865909090909091,0.8660909090909091,333,0.0302727272727272,1.3080842917068123e-05,0.0056356391094551,10,0.0084483226591839,3.0272727272727202
33400|6303,33400,6303,Streptococcus pneumoniae,98.8,57,54,0,0,0.9929136756856248,0.9878181818181818,0.9876363636363636,316,0.0287272727272727,2.528303865778625e-05,0.0071283782365099,50,0.0287056994331273,2.87272727272727
33400|6303,33400,6303,Streptococcus pneumoniae,98.8,117,117,0,0,0.9786130323989808,0.9871818181818182,0.9989090909090907,388,0.0352727272727272,1.5749091269556814e-05,0.0097512688449627,96,0.1348904124062162,3.52727272727272
33400|6303,33400,6303,Streptococcus pneumoniae,98.8,118,118,0,0,0.9946978902021428,0.8229090909090909,0.823,172,0.0156363636363636,3.7002625577597925e-05,0.0201619878040874,14,0.0051133469444647,1.5636363636363602
33591|33592,33591,33592,Staphylococcus aureus,99.98,1,1,0,0,0.9998181818181818,1.0,1.0,2,0.0001818181818181,2.8254387429704764e-06,0.0059382342294918,169,0.2067053544858387,0.01818181818181
33591|33592,33591,33592,Staphylococcus aureus,99.98,3,3,0,0,0.9999090909090907,1.0,1.0,1,9.09090909090909e-05,1.7139932060317165e-06,0.0019369043750723,225,0.0085880607740708,0.00909090909090909
33591|33592,33591,33592,Staphylococcus aureus,99.98,4,4,0,0,0.9999090909090907,1.0,1.0,1,9.09090909090909e-05,9.492926100751476e-07,0.0013947433306515,55,0.0144541856990878,0.00909090909090909
33591|33592,33591,33592,Staphylococcus aureus,99.98,6,6,0,0,0.9946363636363637,0.9947272727272728,1.0,117,0.0106363636363636,6.13377255898051e-06,0.0046956991251453,182,0.0670545970443371,1.06363636363636
33591|33592,33591,33592,Staphylococcus aureus,99.98,7,7,0,0,0.999908609029428,0.9947272727272728,0.9947272727272728,117,0.0106363636363636,1.3156293577676337e-05,0.0051571758640824,144,0.0468259481011434,1.06363636363636
33591|33592,33591,33592,Staphylococcus aureus,99.98,8,8,0,0,0.999908609029428,0.9947272727272728,0.9947272727272728,117,0.0106363636363636,1.2658100992601897e-05,0.0065189525962141,202,0.0309579451677728,1.06363636363636
33591|33592,33591,33592,Staphylococcus aureus,99.98,9,9,0,0,0.999908609029428,0.9947272727272728,0.9947272727272728,117,0.0106363636363636,6.766071477870561e-06,0.0040886966156564,184,0.0164858740566746,1.06363636363636
33591|33592,33591,33592,Staphylococcus aureus,99.98,10,10,0,0,0.9995430451471394,0.9947272727272728,0.9947272727272728,121,0.011,3.812034625294558e-06,0.0134129523319843,263,0.0066418050196738,1.0999999999999999
33591|33592,33591,33592,Staphylococcus aureus,99.98,11,11,0,0,0.9998172180588558,0.9947272727272728,0.9947272727272728,118,0.0107272727272727,4.072310291758363e-06,0.0045917078098451,208,0.0025832028653878,1.07272727272727
33591|33592,33591,33592,Staphylococcus aureus,99.98,12,12,0,0,0.9998172180588558,0.9947272727272728,0.9947272727272728,118,0.0107272727272727,4.991927966890852e-05,0.0125935784060191,265,0.056965074537556,1.07272727272727
33591|33592,33591,33592,Staphylococcus aureus,99.98,13,13,0,0,1.0,0.9947272727272728,0.9947272727272728,116,0.0105454545454545,3.376955201572773e-05,0.0088243641678935,184,0.0125090224380194,1.05454545454545
33591|33592,33591,33592,Staphylococcus aureus,99.98,14,14,0,0,1.0,0.9947272727272728,0.9947272727272728,116,0.0105454545454545,1.847384701658683e-06,0.0020592081033639,97,0.0138908122156001,1.05454545454545
33591|33592,33591,33592,Staphylococcus aureus,99.98,15,15,0,0,0.9998172180588558,0.9947272727272728,0.9947272727272728,118,0.0107272727272727,1.1067624042793156e-05,0.0047048352456175,145,0.1068022363956724,1.07272727272727
33591|33592,33591,33592,Staphylococcus aureus,99.98,16,16,0,0,0.9996344695238966,0.9948181818181818,0.9947272727272728,119,0.0108181818181818,1.5294037222002288e-05,0.0058707589956742,282,0.1974207194296858,1.08181818181818
33591|33592,33591,33592,Staphylococcus aureus,99.98,17,17,0,0,0.999725902238465,0.995,0.9948181818181818,115,0.0104545454545454,2.679747359635165e-05,0.0073895468223446,188,0.03879352468917,1.04545454545454
33591|33592,33591,33592,Staphylococcus aureus,99.98,18,18,0,0,1.0,0.972909090909091,0.972909090909091,209,0.019,0.0001125786121485,0.0151073656506391,269,0.082100468068793,1.9
33591|33592,33591,33592,Staphylococcus aureus,99.98,175,180,0,0,1.0,0.9932727272727272,0.9932727272727272,148,0.0134545454545454,0.0001191134326478,0.015434674701151,276,0.1739900753699412,1.34545454545454
33591|33592,33591,33592,Staphylococcus aureus,99.98,176,181,0,0,1.0,0.9932727272727272,0.9932727272727272,148,0.0134545454545454,4.734231328962224e-06,0.0030889456627757,27,0.1630746988420636,1.34545454545454
33591|33592,33591,33592,Staphylococcus aureus,99.98,177,182,0,0,1.0,0.9932727272727272,0.9932727272727272,148,0.0134545454545454,1.4263758550292494e-05,0.0061715456513271,7,0.0107383013644033,1.34545454545454
33591|33592,33591,33592,Staphylococcus aureus,99.98,178,183,0,0,1.0,0.9932727272727272,0.9932727272727272,148,0.0134545454545454,1.719987033610426e-05,0.0079973534357785,250,0.0095413513367723,1.34545454545454
33591|33592,33591,33592,Staphylococcus aureus,99.98,179,184,0,0,1.0,0.9932727272727272,0.9932727272727272,148,0.0134545454545454,7.202598925060144e-06,0.0038488685188141,6,0.0485816536151585,1.34545454545454
33591|33592,33591,33592,Staphylococcus aureus,99.98,180,185,0,0,0.9999084751967784,0.9932727272727272,0.9932727272727272,149,0.0135454545454545,7.5443019719179105e-06,0.0048022046458078,44,0.0249795527145624,1.35454545454545
33591|33592,33591,33592,Staphylococcus aureus,99.98,181,186,0,0,1.0,0.9932727272727272,0.9932727272727272,148,0.0134545454545454,8.913140423283394e-06,0.0042311417807173,259,0.0167012760135463,1.34545454545454
33591|33592,33591,33592,Staphylococcus aureus,99.98,182,187,0,0,1.0,0.9932727272727272,0.9932727272727272,148,0.0134545454545454,2.0207006512507064e-05,0.0064965781897601,60,0.0036225210492535,1.34545454545454
33591|33592,33591,33592,Staphylococcus aureus,99.98,183,188,0,0,1.0,0.9932727272727272,0.9932727272727272,148,0.0134545454545454,2.0685622678984217e-05,0.0064336175239777,238,0.0349506332366997,1.34545454545454
33591|33592,33591,33592,Staphylococcus aureus,99.98,184,189,0,0,1.0,0.9932727272727272,0.9932727272727272,148,0.0134545454545454,2.63294519258217e-05,0.0083348421575221,89,0.005152971251553,1.34545454545454
33591|33592,33591,33592,Staphylococcus aureus,99.98,185,190,0,0,0.9996339007871132,0.9932727272727272,0.9932727272727272,152,0.0138181818181818,9.26456503201889e-05,0.0147372818808553,116,0.044456567963363,1.38181818181818
33591|33592,33591,33592,Staphylococcus aureus,99.98,186,191,0,0,1.0,0.9932727272727272,0.9932727272727272,148,0.0134545454545454,9.03230952851164e-05,0.0139545472544956,99,0.0372136435643191,1.34545454545454
33591|33592,33591,33592,Staphylococcus aureus,99.98,187,192,0,0,0.9999084751967784,0.9932727272727272,0.9932727272727272,149,0.0135454545454545,1.064242207404753e-05,0.0059106252714051,279,0.0432916538156322,1.35454545454545
33591|33592,33591,33592,Staphylococcus aureus,99.98,188,193,0,0,0.9999084835728012,0.9932727272727272,0.9933636363636364,148,0.0134545454545454,8.72903144499837e-06,0.0050695481817262,260,0.0401678399423441,1.34545454545454
33591|33592,33591,33592,Staphylococcus aureus,99.98,189,194,0,0,1.0,0.9933636363636364,0.9933636363636364,146,0.0132727272727272,1.9998279992439197e-05,0.0072140530958234,235,0.0056870802916925,1.32727272727272
33591|33592,33591,33592,Staphylococcus aureus,99.98,190,195,0,0,1.0,0.9933636363636364,0.9933636363636364,146,0.0132727272727272,2.0402453212442492e-05,0.0065022449210603,248,0.0369322026904773,1.32727272727272
33591|33592,33591,33592,Staphylococcus aureus,99.98,191,196,0,0,1.0,0.9933636363636364,0.9933636363636364,146,0.0132727272727272,5.722064439939167e-06,0.0048844839644969,154,0.0160675432732981,1.32727272727272
33591|33592,33591,33592,Staphylococcus aureus,99.98,192,197,0,0,0.9999084835728012,0.9933636363636364,0.9933636363636364,147,0.0133636363636363,5.940184711050733e-05,0.0109543638010941,163,0.0080281178490186,1.33636363636363
33591|33592,33591,33592,Staphylococcus aureus,99.98,193,198,0,0,1.0,0.9933636363636364,0.9933636363636364,146,0.0132727272727272,3.0181402847828664e-05,0.007781029520239,254,0.0290586466986839,1.32727272727272
33591|33592,33591,33592,Staphylococcus aureus,99.98,194,199,0,0,0.9999084835728012,0.9933636363636364,0.9933636363636364,147,0.0133636363636363,7.327712533866659e-06,0.0040561600837619,241,0.0150013382519016,1.33636363636363
33591|33592,33591,33592,Staphylococcus aureus,99.98,195,200,0,0,1.0,0.9933636363636364,0.9933636363636364,146,0.0132727272727272,1.273043526039963e-05,0.0050527704956361,20,0.0364196326444935,1.32727272727272
33591|33592,33591,33592,Staphylococcus aureus,99.98,196,201,0,0,0.9999084835728012,0.9933636363636364,0.9933636363636364,147,0.0133636363636363,1.2694043824756918e-05,0.0050665268911197,69,0.0368441348282476,1.33636363636363
33591|33592,33591,33592,Staphylococcus aureus,99.98,197,202,0,0,0.9999084835728012,0.9933636363636364,0.9933636363636364,147,0.0133636363636363,8.320595694777388e-06,0.0043855600731665,57,0.009635455196101,1.33636363636363
33592|33593,33592,33593,Staphylococcus aureus,99.97,130,12,0,0,1.0,0.9972727272727272,0.9972727272727272,60,0.0054545454545454,4.159069127651627e-06,0.003473526835897,251,0.0278938481524058,0.5454545454545401
33592|33593,33592,33593,Staphylococcus aureus,99.97,131,13,0,0,0.999908842297174,0.9972727272727272,0.9972727272727272,61,0.0055454545454545,5.835016209987387e-06,0.0090012202301144,128,0.0105098000675325,0.55454545454545
33592|33593,33592,33593,Staphylococcus aureus,99.97,132,14,0,0,0.999815939628198,0.9878181818181818,0.9878181818181818,92,0.0083636363636363,1.4777689022027474e-05,0.0056586115888136,70,0.0091835051768462,0.8363636363636301
33592|33593,33592,33593,Staphylococcus aureus,99.97,133,15,0,0,0.993527803099362,0.991,0.9972727272727272,200,0.0181818181818181,1.1057897590927013e-05,0.0086173058384209,22,0.0100927755647168,1.8181818181818101
33592|33593,33592,33593,Staphylococcus aureus,99.97,134,16,0,0,1.0,0.991,0.991,198,0.018,1.0650714943216675e-05,0.005028691471972,60,0.032644675442313,1.7999999999999998
33592|33593,33592,33593,Staphylococcus aureus,99.97,135,17,0,0,1.0,0.991,0.991,198,0.018,0.0001028065869584,0.0157726133758661,202,0.0228492284131576,1.7999999999999998
33592|33593,33592,33593,Staphylococcus aureus,99.97,136,18,0,0,1.0,0.991,0.991,198,0.018,6.586432769628559e-06,0.0037286263967624,191,0.0109193355211303,1.7999999999999998
33592|33593,33592,33593,Staphylococcus aureus,99.97,137,19,0,0,1.0,0.991,0.991,198,0.018,3.318915561978386e-05,0.0081585712241926,32,0.0352265360085423,1.7999999999999998
33592|33593,33592,33593,Staphylococcus aureus,99.97,138,20,0,0,1.0,0.991,0.991,198,0.018,0.0001425175307918,0.0169593097954072,23,0.0036070526054661,1.7999999999999998
33592|33593,33592,33593,Staphylococcus aureus,99.97,139,21,0,0,1.0,0.991,0.991,198,0.018,1.1779900762398654e-05,0.0048589368065733,155,0.0296475571207195,1.7999999999999998
33592|33593,33592,33593,Staphylococcus aureus,99.97,140,22,0,0,0.9997247958902852,0.990909090909091,0.991,202,0.0183636363636363,0.0005105173445818,0.0323565619258143,149,0.0861246371639227,1.83636363636363
33592|33593,33592,33593,Staphylococcus aureus,99.97,141,23,0,0,1.0,0.990909090909091,0.990909090909091,200,0.0181818181818181,3.0615266220612725e-05,0.0098561359995794,102,0.01289963068117,1.8181818181818101
33592|33593,33592,33593,Staphylococcus aureus,99.97,142,24,0,0,1.0,0.990909090909091,0.990909090909091,200,0.0181818181818181,4.417298357761723e-06,0.0037600121381675,21,0.0040335223375342,1.8181818181818101
33592|33593,33592,33593,Staphylococcus aureus,99.97,143,25,0,0,0.999908256880734,0.990909090909091,0.990909090909091,201,0.0182727272727272,3.266970684090431e-06,0.0026070334411368,280,0.0009328717209593,1.82727272727272
33592|33593,33592,33593,Staphylococcus aureus,99.97,144,26,0,0,0.999908256880734,0.990909090909091,0.990909090909091,201,0.0182727272727272,3.15070207639323e-05,0.0079692054791346,45,0.057722122092841,1.82727272727272
33592|33593,33592,33593,Staphylococcus aureus,99.97,145,27,0,0,0.9983513464004397,0.9925454545454544,0.990909090909091,200,0.0181818181818181,2.892561785683423e-05,0.0077786891959799,31,0.0410643330442954,1.8181818181818101
33592|33593,33592,33593,Staphylococcus aureus,99.97,146,28,0,0,0.9997252244000732,0.9924545454545456,0.9925454545454544,168,0.0152727272727272,8.517206852909354e-06,0.0053970114295915,222,0.0392758523928156,1.52727272727272
33592|33593,33592,33593,Staphylococcus aureus,99.97,147,29,0,0,0.9998167994870386,0.9924545454545456,0.9924545454545456,168,0.0152727272727272,1.8784858515474845e-05,0.015821765297182,90,0.0778179760058195,1.52727272727272
33592|33593,33592,33593,Staphylococcus aureus,99.97,148,30,0,0,1.0,0.9924545454545456,0.9924545454545456,166,0.015090909090909,2.4317328663592264e-05,0.0069906574642119,53,0.0561410829948956,1.5090909090909
33592|33593,33592,33593,Staphylococcus aureus,99.97,149,31,0,0,1.0,0.9924545454545456,0.9924545454545456,166,0.015090909090909,2.3015700239659157e-05,0.0069032285461513,163,0.0550368985530147,1.5090909090909
33592|33593,33592,33593,Staphylococcus aureus,99.97,150,32,0,0,0.9996335989740772,0.9924545454545456,0.9924545454545456,170,0.0154545454545454,0.0001167505642345,0.0586953651003757,213,0.0471765730276241,1.5454545454545399
33592|33593,33592,33593,Staphylococcus aureus,99.97,151,33,0,0,0.9998167994870386,0.9924545454545456,0.9924545454545456,168,0.0152727272727272,3.744605611144536e-06,0.004375924971677,92,0.0013259162801473,1.52727272727272
33592|33593,33592,33593,Staphylococcus aureus,99.97,152,34,0,0,1.0,0.9924545454545456,0.9924545454545456,166,0.015090909090909,1.0969059894172515e-05,0.0047674925894418,166,0.0071770994465371,1.5090909090909
33592|33593,33592,33593,Staphylococcus aureus,99.97,153,35,0,0,1.0,0.9924545454545456,0.9924545454545456,166,0.015090909090909,4.0661201202718544e-06,0.0036497706201472,120,0.1282872732917368,1.5090909090909
33592|33593,33592,33593,Staphylococcus aureus,99.97,154,36,0,0,1.0,0.9924545454545456,0.9924545454545456,166,0.015090909090909,1.6300005353464542e-05,0.0058464271409921,35,0.0016151328426794,1.5090909090909
35029|51697,35029,51697,Klebsiella aerogenes,98.86,1,1,0,0,0.9904493360014552,0.9994545454545456,0.9994545454545456,116,0.0105454545454545,2.2782947455279867e-06,0.0022651772393015,199,0.0025246959082153,1.05454545454545
35029|51697,35029,51697,Klebsiella aerogenes,98.86,2,2,0,0,0.9829121977822214,0.9965454545454544,0.9994545454545456,218,0.0198181818181818,5.409460994476589e-06,0.0033458243489863,165,0.0109700176180131,1.9818181818181801
35029|51697,35029,51697,Klebsiella aerogenes,98.86,39,39,0,0,0.9889962682996842,0.9498181818181818,0.9489090909090908,350,0.0318181818181818,8.19981771837952e-06,0.0089734475577827,217,0.1314288310556028,3.18181818181818
35029|51697,35029,51697,Klebsiella aerogenes,98.86,40,40,0,0,0.993302752293578,0.990909090909091,0.990909090909091,273,0.0248181818181818,4.3860520639871226e-06,0.0070002804820443,247,0.0144310165166565,2.4818181818181797
35029|51697,35029,51697,Klebsiella aerogenes,98.86,41,41,0,0,0.9938532110091745,0.990909090909091,0.990909090909091,267,0.0242727272727272,2.96978352116728e-05,0.0079463213140349,431,0.004611413239872,2.42727272727272
35029|51697,35029,51697,Klebsiella aerogenes,98.86,42,42,0,0,0.9971559633027522,0.990909090909091,0.990909090909091,231,0.021,6.870971111405666e-06,0.0038816822776925,412,0.0058317802235932,2.1
35029|51697,35029,51697,Klebsiella aerogenes,98.86,43,43,0,0,0.9982568807339448,0.990909090909091,0.990909090909091,219,0.0199090909090909,4.277178773048895e-06,0.0113090878831056,125,0.0271627200788582,1.99090909090909
35029|51697,35029,51697,Klebsiella aerogenes,98.86,44,44,0,0,0.9942709295878766,0.9838181818181818,0.9838181818181818,266,0.0241818181818181,1.5591163598394076e-05,0.0077657775015398,333,0.027911151273799,2.41818181818181
35029|51697,35029,51697,Klebsiella aerogenes,98.86,47,47,0,0,0.9958930364150772,0.9960909090909092,0.996,132,0.012,2.1682631499597704e-05,0.0067638932579402,243,0.0004081043616854,1.2
35029|51697,35029,51697,Klebsiella aerogenes,98.86,48,48,0,0,0.9925155166119022,0.996,0.996,170,0.0154545454545454,4.488111321365729e-06,0.0030900848821512,495,0.0240492653380798,1.5454545454545399
35029|51697,35029,51697,Klebsiella aerogenes,98.86,49,49,0,0,0.9929718875502008,0.996,0.9959090909090909,166,0.015090909090909,3.7725146213585248e-06,0.0028207818121787,210,0.0031644932314456,1.5090909090909
35029|51697,35029,51697,Klebsiella aerogenes,98.86,50,50,0,0,0.9934276586033776,0.9959090909090909,0.9959090909090909,162,0.0147272727272727,6.162633100936787e-06,0.004317142503375,381,0.0039301961321299,1.47272727272727
35029|51697,35029,51697,Klebsiella aerogenes,98.86,51,51,0,0,0.9878594249201278,0.9959090909090909,0.9959090909090909,223,0.0202727272727272,1.4890222762464768e-05,0.0107883095133664,105,0.0752466469841991,2.02727272727272
35029|51697,35029,51697,Klebsiella aerogenes,98.86,52,52,0,0,0.9947060971157357,0.9959090909090909,0.996,147,0.0133636363636363,5.4842757188922064e-06,0.0039323811631323,262,0.0118696756204154,1.33636363636363
35029|51697,35029,51697,Klebsiella aerogenes,98.86,53,53,0,0,0.9936925971008078,0.8215454545454546,0.8215454545454546,173,0.0157272727272727,5.057873452507522e-06,0.0038853648467849,184,0.1154542800037599,1.57272727272727
35029|51697,35029,51697,Klebsiella aerogenes,98.86,54,54,0,0,0.9940671778021176,0.996,0.996,153,0.0139090909090909,9.338839333628002e-06,0.0049254017015004,275,0.0778386394116147,1.39090909090909
35029|51697,35029,51697,Klebsiella aerogenes,98.86,55,55,0,0,0.9937933552391384,0.996,0.996,156,0.0141818181818181,1.0539926432517888e-05,0.0085136328247914,255,0.0263918200587816,1.41818181818181
35029|51697,35029,51697,Klebsiella aerogenes,98.86,57,57,0,0,0.9906284454244764,0.9893636363636364,0.9894545454545456,335,0.0304545454545454,1.5086163698274646e-05,0.0074780546228405,117,0.021872898045428,3.04545454545454
35029|51697,35029,51697,Klebsiella aerogenes,98.86,58,58,0,0,0.9898934215362,0.9894545454545456,0.9891818181818182,345,0.0313636363636363,8.339802159307297e-06,0.0042118219984932,496,0.0036553478236712,3.13636363636363
35029|51697,35029,51697,Klebsiella aerogenes,98.86,59,59,0,0,0.9927396379009282,0.9891818181818182,0.9891818181818182,317,0.0288181818181818,1.1230259750361071e-05,0.0075764450862048,382,0.0098797037176971,2.88181818181818
35029|51697,35029,51697,Klebsiella aerogenes,98.86,60,60,0,0,0.9746524938675388,0.9865454545454544,1.0,412,0.0374545454545454,7.692508925738473e-06,0.0100666204515043,299,0.0050772893257988,3.74545454545454
35029|51697,35029,51697,Klebsiella aerogenes,98.86,61,61,0,0,0.9889709233433598,0.9968181818181818,0.9973636363636365,185,0.0168181818181818,1.860179864399125e-05,0.0084184441530499,257,0.0244370764198247,1.68181818181818
35029|51697,35029,51697,Klebsiella aerogenes,98.86,62,62,0,0,0.9907582231938784,0.914818181818182,0.914818181818182,260,0.0236363636363636,6.999494549853047e-06,0.0078352770095301,235,0.0014594021629201,2.36363636363636
35029|51697,35029,51697,Klebsiella aerogenes,98.86,64,64,0,0,0.992246647815379,0.9966363636363637,0.9966363636363637,159,0.0144545454545454,6.025359269745678e-06,0.003546243736446,511,0.0218758529273721,1.44545454545454
35029|51697,35029,51697,Klebsiella aerogenes,98.86,228,235,0,0,0.9889712696941612,0.980909090909091,0.9791818181818182,538,0.0489090909090909,6.102018476616955e-06,0.0080632116935583,8,0.0001020149916155,4.890909090909091
35029|51697,35029,51697,Klebsiella aerogenes,98.86,229,236,0,0,0.9863901490602722,0.981909090909091,0.9818181818181818,544,0.0494545454545454,8.494296295680215e-05,0.0202530669130613,521,0.0049088531133013,4.94545454545454
35029|51697,35029,51697,Klebsiella aerogenes,98.86,330,335,0,0,0.9855844275089524,0.9900909090909092,0.99,348,0.0316363636363636,1.969496069043064e-05,0.0069151998899166,317,0.0030209988162189,3.16363636363636
35030|BAA-2468,35030,BAA-2468,Enterobacter cloacae,99.02,11,12,0,0,0.9889411114183024,0.9864545454545456,0.9863636363636364,418,0.038,1.9511905961944187e-05,0.0066767365036544,148,0.0018984257288385,3.8
35030|BAA-2468,35030,BAA-2468,Enterobacter cloacae,99.02,12,13,0,0,0.991521518754032,0.9863636363636364,0.9864545454545456,390,0.0354545454545454,0.000103685446946,0.0152193068074193,327,0.0078847809440469,3.5454545454545396
35030|BAA-2468,35030,BAA-2468,Enterobacter cloacae,99.02,13,14,0,0,0.989497927222478,0.9864545454545456,0.9864545454545456,411,0.0373636363636363,2.66758162885683e-05,0.0074067165470515,474,0.0058270108414687,3.73636363636363
35030|BAA-2468,35030,BAA-2468,Enterobacter cloacae,99.02,14,15,0,0,0.9954792877571732,0.9853636363636364,0.9853636363636364,347,0.0315454545454545,0.000107005322226,0.0163047683840091,177,0.0010705875316562,3.1545454545454503
35030|BAA-2468,35030,BAA-2468,Enterobacter cloacae,99.02,154,171,0,0,0.9804445394315024,0.8442727272727273,0.8507272727272728,423,0.0384545454545454,1.0353134854423908e-05,0.0064773371618102,408,0.0012191424890837,3.84545454545454
35030|BAA-2468,35030,BAA-2468,Enterobacter cloacae,99.02,155,172,0,0,0.9950553978573392,0.9928181818181818,0.9927272727272728,181,0.0164545454545454,1.0296644489149465e-05,0.0046048606064134,382,0.0004290588721789,1.64545454545454
35030|BAA-2468,35030,BAA-2468,Enterobacter cloacae,99.02,156,173,0,0,0.9923189465983906,0.9941818181818182,0.9940909090909092,213,0.0193636363636363,6.811786844451717e-05,0.0215406791851928,157,0.0001261216199768,1.93636363636363
35030|BAA-2468,35030,BAA-2468,Enterobacter cloacae,99.02,157,174,0,0,0.9982626188734456,0.9940909090909092,0.9941818181818182,148,0.0134545454545454,9.393389417078346e-06,0.0055671337475681,448,0.0007061627115083,1.34545454545454
35030|BAA-2468,35030,BAA-2468,Enterobacter cloacae,99.02,158,175,0,0,0.9937820043891734,0.9940909090909092,0.9941818181818182,197,0.0179090909090909,1.0780214655614628e-05,0.0054490410229935,126,0.0014216689000019,1.79090909090909
35030|BAA-2468,35030,BAA-2468,Enterobacter cloacae,99.02,159,176,0,0,0.9969824433065106,0.9941818181818182,0.9941818181818182,161,0.0146363636363636,4.451674645800097e-06,0.0063914940695787,153,0.0005898571877598,1.46363636363636
35030|BAA-2468,35030,BAA-2468,Enterobacter cloacae,99.02,160,177,0,0,0.9934162399414777,0.9941818181818182,0.9941818181818182,200,0.0181818181818181,1.1109620513094498e-05,0.0069716938669167,427,0.0039046781031959,1.8181818181818101
35030|BAA-2468,35030,BAA-2468,Enterobacter cloacae,99.02,382,402,0,0,0.9924576894775572,0.9883636363636364,0.9883636363636364,338,0.0307272727272727,7.273882312031077e-06,0.0039257020853301,89,0.0004975981640162,3.07272727272727
35030|BAA-2468,35030,BAA-2468,Enterobacter cloacae,99.02,383,403,0,0,0.9908020603384842,0.9881818181818182,0.9883636363636364,358,0.0325454545454545,5.7747849505962456e-05,0.0136772322588515,271,0.0009400806758594,3.2545454545454504
35030|BAA-2468,35030,BAA-2468,Enterobacter cloacae,99.02,384,404,0,0,0.9946642134314628,0.9881818181818182,0.9881818181818182,318,0.0289090909090909,2.6260345867834545e-05,0.0095314436745706,282,0.000213454057922,2.89090909090909
35030|BAA-2468,35030,BAA-2468,Enterobacter cloacae,99.02,385,405,0,0,0.9880404783808648,0.9880909090909092,0.9881818181818182,391,0.0355454545454545,7.653024778120354e-06,0.0054888362867787,395,0.0016223065422422,3.55454545454545
35030|BAA-2468,35030,BAA-2468,Enterobacter cloacae,99.02,387,407,0,0,0.9943590741100952,0.9347272727272729,0.9347272727272729,457,0.0415454545454545,2.190426800896539e-05,0.0074439664202524,171,0.0024294411264993,4.15454545454545
35030|BAA-2468,35030,BAA-2468,Enterobacter cloacae,99.02,388,408,0,0,0.9910158949550796,0.9207272727272728,0.920818181818182,493,0.0448181818181818,7.646150428997078e-05,0.0204889254981685,491,0.0011492889768165,4.48181818181818
35150|700728,35150,700728,Escherichia coli,99.83,398,0,0,0,0.9999079613437644,0.9876363636363636,0.9877272727272728,272,0.0247272727272727,1.6574820904002863e-05,0.007018292532701,172,0.0028609974277749,2.47272727272727
35150|700728,35150,700728,Escherichia coli,99.83,399,1,0,0,1.0,0.9876363636363636,0.9876363636363636,272,0.0247272727272727,3.4891390930824606e-05,0.0098382154210048,229,0.0131159013653643,2.47272727272727
35150|700728,35150,700728,Escherichia coli,99.83,400,2,0,0,0.9999079528718704,0.9876363636363636,0.9876363636363636,273,0.0248181818181818,7.06610840162103e-06,0.0124592542266868,35,0.0106928340046934,2.4818181818181797
35150|700728,35150,700728,Escherichia coli,99.83,422,17,0,0,0.9997264520835232,0.997,0.997,69,0.0062727272727272,1.8957471083158595e-05,0.0104370441545293,55,0.0026039008235106,0.62727272727272
35150|700728,35150,700728,Escherichia coli,99.83,423,18,0,0,0.9999088173611744,0.997,0.997,67,0.006090909090909,0.0001301697107458,0.0243819821798366,78,0.001842081265002,0.6090909090909
35150|700728,35150,700728,Escherichia coli,99.83,424,19,0,0,0.9999088173611744,0.997,0.997,67,0.006090909090909,2.5756328085879687e-06,0.0023745552369965,242,0.0025877781922862,0.6090909090909
35150|700728,35150,700728,Escherichia coli,99.83,425,20,0,0,0.9999088173611744,0.997,0.997,67,0.006090909090909,5.465709884577841e-06,0.0033495008964061,346,0.0020230490915663,0.6090909090909
35150|700728,35150,700728,Escherichia coli,99.83,426,21,0,0,0.9998176347223487,0.997,0.997,68,0.0061818181818181,2.5105050029949894e-06,0.0024757826161851,121,0.0021874294769533,0.61818181818181
35150|700728,35150,700728,Escherichia coli,99.83,427,22,0,0,1.0,0.997,0.997,66,0.006,3.5156528046531577e-06,0.0029818316420002,197,0.0016944801217148,0.6
35150|700728,35150,700728,Escherichia coli,99.83,428,23,0,0,0.9999088173611744,0.997,0.997,67,0.006090909090909,2.4280082402405867e-06,0.0023027181678451,193,0.0047413714638874,0.6090909090909
35150|700728,35150,700728,Escherichia coli,99.83,429,24,0,0,0.9988146256952676,0.997,0.9959090909090909,90,0.0081818181818181,1.3318314996846324e-05,0.0052274749563165,197,0.0006251746189234,0.8181818181818099
35150|700728,35150,700728,Escherichia coli,99.83,430,25,0,0,0.9999087174806024,0.9959090909090909,0.9959090909090909,91,0.0082727272727272,4.823823740562894e-06,0.0050522054208281,206,0.0005479120126791,0.82727272727272
35150|700728,35150,700728,Escherichia coli,99.83,431,26,0,0,0.99963486992241,0.9959090909090909,0.9959090909090909,94,0.0085454545454545,2.7836782348078515e-06,0.0023622524760451,19,0.0077245690980148,0.8545454545454501
35150|700728,35150,700728,Escherichia coli,99.83,432,27,0,0,0.9993610223642172,0.9959090909090909,0.9959090909090909,97,0.0088181818181818,2.8666550838662985e-06,0.0073015958219918,208,0.011699047216545,0.88181818181818
35150|700728,35150,700728,Escherichia coli,99.83,435,30,0,0,1.0,0.9971818181818182,0.9971818181818182,62,0.0056363636363636,1.1530907576662308e-05,0.0055305219454896,8,0.0086317380993983,0.56363636363636
35151|47085,35151,47085,Pseudomonas aeruginosa,99.45,0,0,0,0,0.9942727272727272,0.999,1.0,74,0.0067272727272727,8.6313153686568e-06,0.004187922293554,363,0.0042961854635232,0.67272727272727
35151|47085,35151,47085,Pseudomonas aeruginosa,99.45,1,1,0,0,0.9983619983619983,0.9989090909090907,0.999,41,0.0037272727272727,3.836605976026419e-06,0.0028715494371141,388,0.0508552071193645,0.37272727272727
35151|47085,35151,47085,Pseudomonas aeruginosa,99.45,2,2,0,0,0.9979961745149832,0.9980909090909093,0.9980909090909093,46,0.0041818181818181,2.337619061765217e-06,0.0023604103200194,479,0.0034498096466557,0.41818181818181
35151|47085,35151,47085,Pseudomonas aeruginosa,99.45,3,3,0,0,0.9954495813614852,0.9989090909090907,0.9989090909090907,74,0.0067272727272727,4.293180232206595e-06,0.002970201153336,258,0.0028754909179384,0.67272727272727
35151|47085,35151,47085,Pseudomonas aeruginosa,99.45,4,4,0,0,0.9896434790578316,0.991909090909091,0.991909090909091,151,0.0137272727272727,3.834405470914959e-06,0.00319902593709,325,0.0059920720397719,1.3727272727272701
35151|47085,35151,47085,Pseudomonas aeruginosa,99.45,6,6,0,0,0.9956015761018968,0.9920909090909092,0.9920909090909092,221,0.020090909090909,1.8705685950193285e-05,0.0065336018065252,547,0.0143627365057974,2.0090909090909
35151|47085,35151,47085,Pseudomonas aeruginosa,99.45,7,7,0,0,0.997709154219738,0.9920909090909092,0.9920909090909092,199,0.018090909090909,8.280662138981931e-06,0.0049408214038105,490,0.0074141327631114,1.8090909090909002
35151|47085,35151,47085,Pseudomonas aeruginosa,99.45,8,8,0,0,0.995418308439476,0.9920909090909092,0.991,236,0.0214545454545454,5.464887121942041e-06,0.0045774096357618,202,0.0085363282779287,2.14545454545454
35218|700928,35218,700928,Escherichia coli,98.86,0,0,0,0,0.9921704297159504,0.9985454545454544,0.9985454545454544,87,0.0079090909090909,4.025275375685311e-06,0.0045490686669344,173,0.0016054700799926,0.79090909090909
35218|700928,35218,700928,Escherichia coli,98.86,2,2,0,0,0.9904536776070552,0.9998181818181818,0.9999090909090907,108,0.0098181818181818,9.604066153467984e-06,0.0051998279186932,456,0.0119097548691408,0.98181818181818
35218|700928,35218,700928,Escherichia coli,98.86,3,3,0,0,0.992909090909091,0.9999090909090907,1.0,79,0.0071818181818181,5.5081509714449695e-06,0.0068107675509396,400,0.0130547688681081,0.71818181818181
35218|700928,35218,700928,Escherichia coli,98.86,62,66,0,0,0.9937545922116092,0.9898181818181818,0.9897272727272728,292,0.0265454545454545,2.1570390321357102e-05,0.0094125049756964,63,0.0012566529632808,2.65454545454545
35218|700928,35218,700928,Escherichia coli,98.86,63,67,0,0,0.997060984570169,0.9898181818181818,0.9898181818181818,256,0.0232727272727272,9.389508345947206e-06,0.0043346258377213,108,0.0023056556067742,2.32727272727272
35218|700928,35218,700928,Escherichia coli,98.86,64,68,0,0,0.9879684055841292,0.9831818181818182,0.9898181818181818,389,0.0353636363636363,5.473835251956771e-06,0.0063206759985824,390,0.0098600475192925,3.53636363636363
35218|700928,35218,700928,Escherichia coli,98.86,164,166,0,0,0.99105562284543,0.9757272727272728,0.9757272727272728,508,0.0461818181818181,8.270149718381248e-06,0.0086899435894487,364,0.0237355797595157,4.61818181818181
35667|700221,35667,700221,Enterococcus faecium,99.52,0,0,0,0,0.9997272727272728,1.0,1.0,3,0.0002727272727272,1.879234946211561e-06,0.0020818105577719,265,0.0418266722642106,0.02727272727272
35667|700221,35667,700221,Enterococcus faecium,99.52,1,1,0,0,0.9998181818181818,1.0,1.0,2,0.0001818181818181,6.697592069837555e-07,0.0011575757954211,103,0.0107922915531685,0.01818181818181
35667|700221,35667,700221,Enterococcus faecium,99.52,2,2,0,0,0.9998181818181818,1.0,1.0,2,0.0001818181818181,1.5821742306298958e-06,0.0018643617487945,55,0.009104030695837,0.01818181818181
35667|700221,35667,700221,Enterococcus faecium,99.52,17,17,0,0,0.9938877569920356,0.9815454545454544,0.9816363636363636,471,0.0428181818181818,3.981990243506761e-05,0.0121353776797202,103,0.0059194474332109,4.2818181818181795
35667|BAA-2316,35667,BAA-2316,Enterococcus faecium,99.44,0,0,0,0,0.9997272727272728,1.0,1.0,3,0.0002727272727272,1.879234946211561e-06,0.0020818105577719,276,0.0377448784667002,0.02727272727272
35667|BAA-2316,35667,BAA-2316,Enterococcus faecium,99.44,1,1,0,0,0.9996363636363635,1.0,1.0,4,0.0003636363636363,2.6256376270961117e-06,0.0023451052664586,18,0.0030073676252988,0.036363636363630006
35667|BAA-2316,35667,BAA-2316,Enterococcus faecium,99.44,2,2,0,0,0.9997272727272728,1.0,0.9999090909090907,4,0.0003636363636363,2.2513415880442977e-06,0.0023402962735193,171,0.0384872863728965,0.036363636363630006
35667|BAA-2316,35667,BAA-2316,Enterococcus faecium,99.44,29,35,0,0,0.9996305532465134,0.9842727272727272,0.9842727272727272,350,0.0318181818181818,9.73529840109233e-06,0.0099527334747703,183,0.0209351200311989,3.18181818181818
35667|BAA-2316,35667,BAA-2316,Enterococcus faecium,99.44,30,36,0,0,0.9997167673716012,0.9629090909090908,0.9629090909090908,405,0.0368181818181818,2.9790222662917643e-05,0.0110792278611359,164,0.0071711858694794,3.68181818181818
35667|BAA-2316,35667,BAA-2316,Enterococcus faecium,99.44,234,266,0,0,1.0,0.97,0.97,397,0.036090909090909,2.7854759934609064e-05,0.0079217691700079,153,0.013523478785111,3.6090909090909
35667|BAA-2316,35667,BAA-2316,Enterococcus faecium,99.44,235,267,0,0,0.9994448042935136,0.9824545454545456,0.9824545454545456,392,0.0356363636363636,8.14762615175546e-06,0.0040955465965162,256,0.1079249505578145,3.56363636363636
43069|49226,43069,49226,Neisseria gonorrhoeae,99.5,1,1,0,0,0.9960258780036968,0.9835454545454544,0.9831818181818182,387,0.0351818181818181,2.414371680936611e-05,0.0100233838533708,21,0.0327394248204404,3.51818181818181
43069|49226,43069,49226,Neisseria gonorrhoeae,99.5,2,2,0,0,0.9960361356932154,0.9842727272727272,0.9860909090909092,369,0.0335454545454545,0.0002106888242192,0.0215802579743072,135,0.0121824488788911,3.3545454545454505
43069|49226,43069,49226,Neisseria gonorrhoeae,99.5,3,3,0,0,0.9978795980455424,0.9860909090909092,0.986,330,0.03,6.660941014757782e-06,0.0041204202858711,196,0.0023122563403388,3.0
43069|49226,43069,49226,Neisseria gonorrhoeae,99.5,114,108,0,0,0.9932321199926832,0.9937272727272728,0.993909090909091,210,0.019090909090909,0.0001724767566957,0.0185737509598385,153,0.0023150152559192,1.9090909090908998
43255|43598,43255,43598,Clostridioides difficile,98.26,144,231,0,0,0.9860011051759072,0.987,0.9846363636363636,437,0.0397272727272727,4.178886035755003e-05,0.0093282359217851,391,0.002858590127037,3.97272727272727
43255|43598,43255,43598,Clostridioides difficile,98.26,145,232,0,0,0.9855592347314202,0.9882727272727272,0.9882727272727272,415,0.0377272727272727,3.408143233851746e-05,0.0084596838079185,415,0.0036735246071125,3.77272727272727
43255|43598,43255,43598,Clostridioides difficile,98.26,147,234,0,0,0.9905077873007097,0.9864545454545456,0.985909090909091,353,0.032090909090909,9.804471276964044e-06,0.0086321226045204,85,0.0418940487354706,3.2090909090909
43255|43598,43255,43598,Clostridioides difficile,98.26,148,235,0,0,0.9917203311867524,0.987909090909091,0.9881818181818182,337,0.0306363636363636,3.153187684457048e-05,0.0080143913018038,192,0.0246768409949209,3.06363636363636
43255|43598,43255,43598,Clostridioides difficile,98.26,149,236,0,0,0.9825043510121828,0.9923636363636364,0.9886363636363636,397,0.036090909090909,7.172204258121262e-05,0.0154191341633427,4,0.144816107893333,3.6090909090909
43255|43598,43255,43598,Clostridioides difficile,98.26,150,237,0,0,0.9852456011730204,0.9914545454545456,0.9918181818181818,332,0.0301818181818181,0.0002387174913301,0.0221502203127431,108,0.0671118605508649,3.01818181818181
43255|43598,43255,43598,Clostridioides difficile,98.26,152,239,0,0,0.9880908757786736,0.992,0.9923636363636364,302,0.0274545454545454,6.612245513393233e-05,0.0118070624933838,197,0.0538132598331504,2.7454545454545403
43255|43598,43255,43598,Clostridioides difficile,98.26,279,369,0,0,0.9865985960433952,0.9965454545454544,0.9969090909090907,218,0.0198181818181818,9.687751017095624e-05,0.014033277188417,395,0.0041962704551947,1.9818181818181801
43504|43526,43504,43526,Helicobacter pylori,100.0,34,34,0,0,0.9999090909090907,0.9999090909090907,1.0,2,0.0001818181818181,1.74195191939841e-05,0.0059024786116963,8,0.0248385551302672,0.01818181818181
43504|43526,43504,43526,Helicobacter pylori,100.0,35,35,0,0,0.9999090909090907,0.9999090909090907,1.0,2,0.0001818181818181,1.5871120024546492e-05,0.0074910482078152,124,0.0274782670628481,0.01818181818181
43504|43526,43504,43526,Helicobacter pylori,100.0,36,36,0,0,1.0,0.9999090909090907,0.9999090909090907,2,0.0001818181818181,3.224450907945986e-06,0.0026765579855657,78,0.0019665789911607,0.01818181818181
43504|43526,43504,43526,Helicobacter pylori,100.0,37,37,0,0,0.9999090826438768,0.9999090909090907,0.9999090909090907,3,0.0002727272727272,2.8677492732720467e-06,0.0024862268253908,95,0.0233434176466006,0.02727272727272
43504|43526,43504,43526,Helicobacter pylori,100.0,38,38,0,0,1.0,0.9999090909090907,0.9999090909090907,2,0.0001818181818181,5.629601884660218e-07,0.0010779315599898,62,0.0079351394642852,0.01818181818181
43504|43526,43504,43526,Helicobacter pylori,100.0,39,39,0,0,1.0,0.9999090909090907,0.9999090909090907,2,0.0001818181818181,1.7140106740587413e-06,0.0019097805497262,89,0.0233862979568051,0.01818181818181
43504|43526,43504,43526,Helicobacter pylori,100.0,40,40,0,0,1.0,0.9999090909090907,0.9999090909090907,2,0.0001818181818181,2.734816722416156e-06,0.0023662451433621,113,0.0128467163217697,0.01818181818181
43504|43526,43504,43526,Helicobacter pylori,100.0,41,41,0,0,1.0,0.9999090909090907,0.9999090909090907,2,0.0001818181818181,1.6337679520361803e-06,0.0018553423948765,48,0.0352498196195919,0.01818181818181
43504|43526,43504,43526,Helicobacter pylori,100.0,42,42,0,0,1.0,0.9999090909090907,0.9999090909090907,2,0.0001818181818181,2.093009545012237e-06,0.0021273233813386,73,0.0366785744351345,0.01818181818181
43504|43526,43504,43526,Helicobacter pylori,100.0,43,43,0,0,1.0,0.9999090909090907,0.9999090909090907,2,0.0001818181818181,1.8459493772438047e-06,0.0019364705586804,89,0.0391870611162015,0.01818181818181
43504|43526,43504,43526,Helicobacter pylori,100.0,44,44,0,0,1.0,0.9999090909090907,0.9999090909090907,2,0.0001818181818181,1.3623487569169868e-06,0.0016976212478306,167,0.0085231743589052,0.01818181818181
43504|43526,43504,43526,Helicobacter pylori,100.0,45,45,0,0,1.0,0.9999090909090907,0.9999090909090907,2,0.0001818181818181,1.2782501103147936e-06,0.0016242958233003,54,0.0262666559627682,0.01818181818181
43504|43526,43504,43526,Helicobacter pylori,100.0,46,46,0,0,1.0,0.9999090909090907,0.9999090909090907,2,0.0001818181818181,9.400401799197766e-07,0.0013924547674111,16,0.0090302940251391,0.01818181818181
43504|43526,43504,43526,Helicobacter pylori,100.0,47,47,0,0,1.0,0.9999090909090907,0.9999090909090907,2,0.0001818181818181,1.0968510354425476e-06,0.0014996818833225,31,0.0042927491762044,0.01818181818181
43504|43526,43504,43526,Helicobacter pylori,100.0,48,48,0,0,1.0,0.9999090909090907,0.9999090909090907,2,0.0001818181818181,3.5684379430245272e-06,0.0031790424300334,29,0.0219331594866418,0.01818181818181
43504|43526,43504,43526,Helicobacter pylori,100.0,49,49,0,0,1.0,0.9999090909090907,0.9999090909090907,2,0.0001818181818181,6.268349507232429e-07,0.0011285874247433,25,0.0784453449487252,0.01818181818181
43504|43526,43504,43526,Helicobacter pylori,100.0,50,50,0,0,1.0,0.9999090909090907,0.9999090909090907,2,0.0001818181818181,1.5785149267699694e-06,0.001776961835076,43,0.0108393302042835,0.01818181818181
43504|43526,43504,43526,Helicobacter pylori,100.0,51,51,0,0,1.0,0.9999090909090907,0.9999090909090907,2,0.0001818181818181,1.4968505412937816e-06,0.0017303497875715,66,0.0346064415614768,0.01818181818181
43504|43526,43504,43526,Helicobacter pylori,100.0,52,52,0,0,1.0,0.9999090909090907,0.9999090909090907,2,0.0001818181818181,1.76177183375259e-06,0.0019823520472417,98,0.0027222004107958,0.01818181818181
43504|43526,43504,43526,Helicobacter pylori,100.0,53,53,0,0,1.0,0.9999090909090907,0.9999090909090907,2,0.0001818181818181,2.321497776680559e-06,0.0022186873402608,160,0.0213779127921018,0.01818181818181
43504|43526,43504,43526,Helicobacter pylori,100.0,55,55,0,0,1.0,0.9990909090909093,0.9990909090909093,20,0.0018181818181818,4.667715675088502e-06,0.0031194935149037,21,0.0027707390553575,0.18181818181818
43504|43526,43504,43526,Helicobacter pylori,100.0,56,56,0,0,1.0,0.9990909090909093,0.9990909090909093,20,0.0018181818181818,1.950237044523462e-06,0.0019783926478746,63,0.0019899564701454,0.18181818181818
43504|43526,43504,43526,Helicobacter pylori,100.0,57,57,0,0,1.0,0.9990909090909093,0.9990909090909093,20,0.0018181818181818,2.655206930990417e-06,0.0024924511444231,76,0.0018622707764797,0.18181818181818
43504|43526,43504,43526,Helicobacter pylori,100.0,58,58,0,0,1.0,0.9990909090909093,0.9990909090909093,20,0.0018181818181818,3.999755450068143e-06,0.0031790971761641,119,0.0309304801001928,0.18181818181818
43504|43526,43504,43526,Helicobacter pylori,100.0,59,59,0,0,1.0,0.9990909090909093,0.9990909090909093,20,0.0018181818181818,8.338959167630833e-07,0.0013024361622277,14,0.1548863260025607,0.18181818181818
43504|43526,43504,43526,Helicobacter pylori,100.0,60,60,0,0,1.0,0.9990909090909093,0.9990909090909093,20,0.0018181818181818,4.362870361873661e-06,0.0031407273934118,24,0.026491497080461,0.18181818181818
43504|43526,43504,43526,Helicobacter pylori,100.0,61,61,0,0,1.0,0.9990909090909093,0.9990909090909093,20,0.0018181818181818,3.269054612786704e-06,0.0027111071447336,1,0.0364967118938858,0.18181818181818
43504|43526,43504,43526,Helicobacter pylori,100.0,62,62,0,0,1.0,0.9990909090909093,0.9990909090909093,20,0.0018181818181818,3.7746119984083393e-06,0.0027640168729778,61,0.0023715583224844,0.18181818181818
43504|43526,43504,43526,Helicobacter pylori,100.0,63,63,0,0,1.0,0.9990909090909093,0.9990909090909093,20,0.0018181818181818,1.903452558016383e-06,0.0019911748483995,165,0.00797694339037,0.18181818181818
43504|43526,43504,43526,Helicobacter pylori,100.0,64,64,0,0,1.0,0.9990909090909093,0.9990909090909093,20,0.0018181818181818,4.063716138480444e-06,0.0028509270247022,110,0.0003363859411266,0.18181818181818
43504|43526,43504,43526,Helicobacter pylori,100.0,65,65,0,0,1.0,0.9990909090909093,0.9990909090909093,20,0.0018181818181818,4.406447363325405e-06,0.0029959446978599,85,0.0594779212112956,0.18181818181818
43504|43526,43504,43526,Helicobacter pylori,100.0,66,66,0,0,1.0,0.9990909090909093,0.9990909090909093,20,0.0018181818181818,4.573591704470914e-06,0.0030682865692658,117,0.0407396117290889,0.18181818181818
43504|43526,43504,43526,Helicobacter pylori,100.0,67,67,0,0,1.0,0.9990909090909093,0.9990909090909093,20,0.0018181818181818,3.10231740752176e-06,0.002843584561052,143,0.0540044786172217,0.18181818181818
43504|43526,43504,43526,Helicobacter pylori,100.0,68,68,0,0,1.0,0.9990909090909093,0.9990909090909093,20,0.0018181818181818,2.0752862284201257e-06,0.0020514903732969,23,0.0154679450110098,0.18181818181818
43504|43526,43504,43526,Helicobacter pylori,100.0,69,69,0,0,1.0,0.9990909090909093,0.9990909090909093,20,0.0018181818181818,4.042567693485211e-06,0.0035578452716178,90,0.0068316847851479,0.18181818181818
43504|43526,43504,43526,Helicobacter pylori,100.0,70,70,0,0,1.0,0.9990909090909093,0.9990909090909093,20,0.0018181818181818,4.696590970132419e-06,0.003307765111021,47,0.0154430040981268,0.18181818181818
43504|43526,43504,43526,Helicobacter pylori,100.0,71,71,0,0,1.0,0.9990909090909093,0.9990909090909093,20,0.0018181818181818,2.6489106326188505e-06,0.0024319567238098,10,0.0402203415132003,0.18181818181818
43504|43526,43504,43526,Helicobacter pylori,100.0,72,72,0,0,1.0,0.9990909090909093,0.9990909090909093,20,0.0018181818181818,1.794152734491128e-06,0.0019540518983511,154,0.0733986182634197,0.18181818181818
43504|43526,43504,43526,Helicobacter pylori,100.0,73,73,0,0,1.0,0.9990909090909093,0.9990909090909093,20,0.0018181818181818,2.4494908281713634e-06,0.0023732006469986,38,0.0437545007124795,0.18181818181818
43504|43526,43504,43526,Helicobacter pylori,100.0,74,74,0,0,1.0,0.9990909090909093,0.9990909090909093,20,0.0018181818181818,4.94177943966001e-06,0.0054760431948333,62,0.0134354399987223,0.18181818181818
43504|43526,43504,43526,Helicobacter pylori,100.0,75,75,0,0,1.0,0.9990909090909093,0.9990909090909093,20,0.0018181818181818,3.5470525896474925e-06,0.0031689731824411,36,0.0565852344702425,0.18181818181818
43504|43526,43504,43526,Helicobacter pylori,100.0,76,76,0,0,1.0,0.9990909090909093,0.9990909090909093,20,0.0018181818181818,4.174936219847325e-06,0.0028966683575903,67,0.0307692009701162,0.18181818181818
43504|43526,43504,43526,Helicobacter pylori,100.0,77,77,0,0,1.0,0.9990909090909093,0.9990909090909093,20,0.0018181818181818,1.9601419330994574e-06,0.0020927108002005,130,0.0030777700170701,0.18181818181818
43504|43526,43504,43526,Helicobacter pylori,100.0,78,78,0,0,1.0,0.9990909090909093,0.9990909090909093,20,0.0018181818181818,7.957215323539657e-06,0.0039937947434858,1,0.026217869558275,0.18181818181818
43504|43526,43504,43526,Helicobacter pylori,100.0,79,79,0,0,1.0,0.9990909090909093,0.9990909090909093,20,0.0018181818181818,4.41993806876706e-06,0.0031587221857513,38,0.0158118304577835,0.18181818181818
43504|43526,43504,43526,Helicobacter pylori,100.0,80,80,0,0,1.0,0.9990909090909093,0.9990909090909093,20,0.0018181818181818,2.3907486402796607e-06,0.002385483167087,13,0.0109769886962185,0.18181818181818
43504|43526,43504,43526,Helicobacter pylori,100.0,81,81,0,0,1.0,0.9990909090909093,0.9990909090909093,20,0.0018181818181818,4.185463852501847e-06,0.0029745831546171,94,0.002718006162115,0.18181818181818
43504|43526,43504,43526,Helicobacter pylori,100.0,82,82,0,0,1.0,0.9990909090909093,0.9990909090909093,20,0.0018181818181818,2.22719496534296e-06,0.0022925728876045,111,0.0154303101359533,0.18181818181818
43504|43526,43504,43526,Helicobacter pylori,100.0,83,83,0,0,0.999909008189263,0.999,0.9990909090909093,22,0.002,3.6960044819123183e-06,0.0032987455365567,127,0.0048539232339236,0.2
43504|43526,43504,43526,Helicobacter pylori,100.0,84,84,0,0,0.999909008189263,0.999,0.9990909090909093,22,0.002,5.383993209484572e-06,0.0045015230914243,60,0.0368702818651018,0.2
43504|43526,43504,43526,Helicobacter pylori,100.0,85,85,0,0,1.0,0.999,0.999,22,0.002,4.611985971569865e-06,0.0038025933151509,107,0.0073230613181379,0.2
43504|43526,43504,43526,Helicobacter pylori,100.0,86,86,0,0,1.0,0.999,0.999,22,0.002,1.8953030647139717e-06,0.0019783557601269,113,0.0163538658996824,0.2
43504|43526,43504,43526,Helicobacter pylori,100.0,87,87,0,0,1.0,0.999,0.999,22,0.002,2.485274875119181e-06,0.0022470585854141,103,0.0379844934185151,0.2
43504|43526,43504,43526,Helicobacter pylori,100.0,88,88,0,0,1.0,0.999,0.999,22,0.002,3.579512268592211e-06,0.0031631499494026,149,0.0066919637194436,0.2
43504|43526,43504,43526,Helicobacter pylori,100.0,89,89,0,0,1.0,0.999,0.999,22,0.002,4.4055436957402e-06,0.0036097612120971,30,0.009384910843563,0.2
43504|43526,43504,43526,Helicobacter pylori,100.0,90,90,0,0,1.0,0.999,0.999,22,0.002,2.183408957634469e-06,0.0022953050912656,142,0.0067617315467178,0.2
43504|43526,43504,43526,Helicobacter pylori,100.0,91,91,0,0,1.0,0.999,0.999,22,0.002,2.9224466314703434e-06,0.0025689643620285,89,0.0506807529112369,0.2
43504|43526,43504,43526,Helicobacter pylori,100.0,92,92,0,0,1.0,0.999,0.999,22,0.002,5.625136539122444e-06,0.0034295571728123,71,0.074700363296404,0.2
43504|43526,43504,43526,Helicobacter pylori,100.0,93,93,0,0,1.0,0.999,0.999,22,0.002,4.865934467357391e-06,0.0038506160642136,12,0.0826477780342567,0.2
43504|43526,43504,43526,Helicobacter pylori,100.0,94,94,0,0,1.0,0.999,0.999,22,0.002,3.855253102980072e-06,0.0032279512190991,72,0.0676820213751405,0.2
43504|43526,43504,43526,Helicobacter pylori,100.0,95,95,0,0,0.999908999909,0.9989090909090907,0.999,24,0.0021818181818181,2.124662530578192e-06,0.002169899889649,21,0.0185445285753578,0.21818181818180998
43504|43526,43504,43526,Helicobacter pylori,100.0,96,96,0,0,1.0,0.9989090909090907,0.9989090909090907,24,0.0021818181818181,3.4137564736136383e-06,0.0026327670653004,154,0.0157873475087889,0.21818181818180998
43504|43526,43504,43526,Helicobacter pylori,100.0,97,97,0,0,1.0,0.9989090909090907,0.9989090909090907,24,0.0021818181818181,1.9937907689282497e-06,0.0020251909552998,36,0.0024240214241377,0.21818181818180998
43504|43526,43504,43526,Helicobacter pylori,100.0,98,98,0,0,1.0,0.9989090909090907,0.9989090909090907,24,0.0021818181818181,2.529788469374239e-06,0.002405756878977,67,0.011291793557984,0.21818181818180998
43504|43526,43504,43526,Helicobacter pylori,100.0,99,99,0,0,1.0,0.9989090909090907,0.9989090909090907,24,0.0021818181818181,7.5779535363418304e-06,0.0039665357989801,61,0.0253830631670584,0.21818181818180998
43504|43526,43504,43526,Helicobacter pylori,100.0,100,100,0,0,1.0,0.9989090909090907,0.9989090909090907,24,0.0021818181818181,3.343807917666197e-06,0.0027540860759741,141,0.003185975582906,0.21818181818180998
43504|43526,43504,43526,Helicobacter pylori,100.0,101,101,0,0,1.0,0.9989090909090907,0.9989090909090907,24,0.0021818181818181,1.8505390704248723e-06,0.0019893194718691,68,0.0156493235821185,0.21818181818180998
43504|43526,43504,43526,Helicobacter pylori,100.0,102,102,0,0,1.0,0.9989090909090907,0.9989090909090907,24,0.0021818181818181,2.782973100523556e-06,0.0023631562050181,29,0.0064762288612618,0.21818181818180998
43504|43526,43504,43526,Helicobacter pylori,100.0,103,103,0,0,1.0,0.9989090909090907,0.9989090909090907,24,0.0021818181818181,1.8789560880527745e-06,0.0019811982042928,47,0.0212039561969323,0.21818181818180998
43504|43526,43504,43526,Helicobacter pylori,100.0,104,104,0,0,0.9999089916272296,0.9988181818181818,0.9989090909090907,26,0.0023636363636363,3.4081631681281976e-06,0.0027770132547635,167,0.0033376784493954,0.23636363636363
43504|43526,43504,43526,Helicobacter pylori,100.0,105,105,0,0,1.0,0.9988181818181818,0.9988181818181818,26,0.0023636363636363,1.2126348334362549e-06,0.0015743980548495,139,0.0020337717543358,0.23636363636363
43504|43526,43504,43526,Helicobacter pylori,100.0,106,106,0,0,1.0,0.9988181818181818,0.9988181818181818,26,0.0023636363636363,1.1553824361687504e-06,0.0015529244374891,15,0.0087090471002945,0.23636363636363
43504|43526,43504,43526,Helicobacter pylori,100.0,107,107,0,0,1.0,0.9988181818181818,0.9988181818181818,26,0.0023636363636363,2.344749636118415e-06,0.002166744000128,108,0.0015029162164714,0.23636363636363
43504|43526,43504,43526,Helicobacter pylori,100.0,108,108,0,0,1.0,0.9988181818181818,0.9988181818181818,26,0.0023636363636363,2.923589673242688e-06,0.0027480142900654,29,0.0059363806344886,0.23636363636363
43504|43526,43504,43526,Helicobacter pylori,100.0,109,109,0,0,1.0,0.9988181818181818,0.9988181818181818,26,0.0023636363636363,3.889095503861739e-06,0.0028670549785595,61,0.0127501106702336,0.23636363636363
43504|43526,43504,43526,Helicobacter pylori,100.0,110,110,0,0,1.0,0.9988181818181818,0.9988181818181818,26,0.0023636363636363,2.6086733586616617e-06,0.0024248691453438,118,0.0112208506936116,0.23636363636363
43504|43526,43504,43526,Helicobacter pylori,100.0,111,111,0,0,1.0,0.9988181818181818,0.9988181818181818,26,0.0023636363636363,2.4532648771335985e-06,0.0024213547878418,102,0.0165080954369096,0.23636363636363
43504|43526,43504,43526,Helicobacter pylori,100.0,112,112,0,0,1.0,0.9988181818181818,0.9988181818181818,26,0.0023636363636363,4.809556608531551e-06,0.0046678919353812,23,0.0028445426447551,0.23636363636363
43504|43526,43504,43526,Helicobacter pylori,100.0,113,113,0,0,1.0,0.9988181818181818,0.9988181818181818,26,0.0023636363636363,5.16114374216059e-06,0.0034195388727739,44,0.0386328661424986,0.23636363636363
43504|43526,43504,43526,Helicobacter pylori,100.0,114,114,0,0,1.0,0.9988181818181818,0.9988181818181818,26,0.0023636363636363,2.5372321377226115e-06,0.0024862362514806,90,0.0199253828682579,0.23636363636363
43504|43526,43504,43526,Helicobacter pylori,100.0,115,115,0,0,1.0,0.9988181818181818,0.9988181818181818,26,0.0023636363636363,3.5524885539928164e-06,0.0027436517081125,162,0.0303278046035095,0.23636363636363
43504|43526,43504,43526,Helicobacter pylori,100.0,116,116,0,0,1.0,0.9988181818181818,0.9988181818181818,26,0.0023636363636363,3.2028826548735623e-06,0.0025552047288755,115,0.0034950918102076,0.23636363636363
43504|43526,43504,43526,Helicobacter pylori,100.0,117,117,0,0,1.0,0.9988181818181818,0.9988181818181818,26,0.0023636363636363,2.258917585651332e-06,0.0022743028789756,61,0.0323676629418119,0.23636363636363
43504|43526,43504,43526,Helicobacter pylori,100.0,118,118,0,0,1.0,0.9988181818181818,0.9988181818181818,26,0.0023636363636363,4.6521084531292445e-06,0.003490642587848,164,0.0005534017789661,0.23636363636363
43504|43526,43504,43526,Helicobacter pylori,100.0,119,119,0,0,1.0,0.9988181818181818,0.9988181818181818,26,0.0023636363636363,1.3910830343633052e-05,0.0052834433656838,166,0.0109381055682262,0.23636363636363
43504|43526,43504,43526,Helicobacter pylori,100.0,120,120,0,0,1.0,0.9988181818181818,0.9988181818181818,26,0.0023636363636363,5.820188978655772e-06,0.0047317237547277,94,0.0059692651176226,0.23636363636363
43504|43526,43504,43526,Helicobacter pylori,100.0,121,121,0,0,1.0,0.9988181818181818,0.9988181818181818,26,0.0023636363636363,1.6952841528361515e-06,0.0018476605919196,94,0.0024741352776099,0.23636363636363
43504|43526,43504,43526,Helicobacter pylori,100.0,122,122,0,0,1.0,0.9988181818181818,0.9988181818181818,26,0.0023636363636363,1.4991936243546888e-06,0.0017346756341023,20,0.0036513259920939,0.23636363636363
43504|43526,43504,43526,Helicobacter pylori,100.0,123,123,0,0,1.0,0.9988181818181818,0.9988181818181818,26,0.0023636363636363,3.617072955153233e-06,0.0029555854423605,121,0.0099299358371746,0.23636363636363
43504|43526,43504,43526,Helicobacter pylori,100.0,124,124,0,0,1.0,0.9988181818181818,0.9988181818181818,26,0.0023636363636363,3.6212775644806072e-06,0.0028326935395158,99,0.0119218454037933,0.23636363636363
43504|43526,43504,43526,Helicobacter pylori,100.0,125,125,0,0,1.0,0.9988181818181818,0.9988181818181818,26,0.0023636363636363,3.1483979038293697e-06,0.0027505480250819,62,0.003346369069727,0.23636363636363
43504|43526,43504,43526,Helicobacter pylori,100.0,126,126,0,0,1.0,0.9988181818181818,0.9988181818181818,26,0.0023636363636363,3.986247069209803e-06,0.002867787577637,40,0.0762144003809458,0.23636363636363
43504|43526,43504,43526,Helicobacter pylori,100.0,127,127,0,0,1.0,0.9988181818181818,0.9988181818181818,26,0.0023636363636363,2.320340200312465e-06,0.0022286380326012,112,0.0247923093876082,0.23636363636363
43504|43526,43504,43526,Helicobacter pylori,100.0,128,128,0,0,1.0,0.9988181818181818,0.9988181818181818,26,0.0023636363636363,5.380146022915255e-06,0.0034049163884213,116,0.0170948500987807,0.23636363636363
43504|43526,43504,43526,Helicobacter pylori,100.0,129,129,0,0,1.0,0.9988181818181818,0.9988181818181818,26,0.0023636363636363,3.714528661658001e-06,0.0027274324622688,0,0.0104639971884812,0.23636363636363
43504|43526,43504,43526,Helicobacter pylori,100.0,130,130,0,0,1.0,0.9988181818181818,0.9988181818181818,26,0.0023636363636363,5.40334862375591e-06,0.0032880188225041,22,0.0159082316131484,0.23636363636363
43504|43526,43504,43526,Helicobacter pylori,100.0,131,131,0,0,1.0,0.9988181818181818,0.9988181818181818,26,0.0023636363636363,5.662632140746027e-06,0.0034680342169696,47,0.0065447837733988,0.23636363636363
43504|43526,43504,43526,Helicobacter pylori,100.0,132,132,0,0,1.0,0.9988181818181818,0.9988181818181818,26,0.0023636363636363,2.5454797029089704e-06,0.002317807265347,4,0.0012958327002439,0.23636363636363
43504|43526,43504,43526,Helicobacter pylori,100.0,133,133,0,0,1.0,0.9988181818181818,0.9988181818181818,26,0.0023636363636363,2.3151107810814864e-06,0.002195798962257,144,0.0576653718153614,0.23636363636363
43504|43526,43504,43526,Helicobacter pylori,100.0,134,134,0,0,1.0,0.9988181818181818,0.9988181818181818,26,0.0023636363636363,1.230080253211696e-06,0.0015860072405518,135,0.0158828230067131,0.23636363636363
43504|43526,43504,43526,Helicobacter pylori,100.0,135,135,0,0,1.0,0.9988181818181818,0.9988181818181818,26,0.0023636363636363,2.572519792520822e-06,0.0023476969365087,62,0.0067285771399104,0.23636363636363
43504|43526,43504,43526,Helicobacter pylori,100.0,136,136,0,0,1.0,0.9988181818181818,0.9988181818181818,26,0.0023636363636363,4.78213578025688e-06,0.0036702549473442,57,0.0135259367528742,0.23636363636363
43504|43526,43504,43526,Helicobacter pylori,100.0,137,137,0,0,1.0,0.9988181818181818,0.9988181818181818,26,0.0023636363636363,5.230729233418607e-06,0.0032520843130398,147,0.023925802131968,0.23636363636363
43504|43526,43504,43526,Helicobacter pylori,100.0,138,138,0,0,1.0,0.9988181818181818,0.9988181818181818,26,0.0023636363636363,1.572025440377267e-06,0.0017743036349432,137,0.0177860959662058,0.23636363636363
43504|43526,43504,43526,Helicobacter pylori,100.0,139,139,0,0,1.0,0.9988181818181818,0.9988181818181818,26,0.0023636363636363,2.920665281846979e-06,0.0027126780232685,86,0.0146385373243399,0.23636363636363
43504|43526,43504,43526,Helicobacter pylori,100.0,140,140,0,0,1.0,0.9988181818181818,0.9988181818181818,26,0.0023636363636363,3.62348974591864e-06,0.0031850884275525,98,0.0063716698376621,0.23636363636363
43504|43526,43504,43526,Helicobacter pylori,100.0,141,141,0,0,1.0,0.9988181818181818,0.9988181818181818,26,0.0023636363636363,1.6318975581963713e-06,0.0018399214072285,15,0.0069443239370796,0.23636363636363
43504|43526,43504,43526,Helicobacter pylori,100.0,142,142,0,0,1.0,0.9988181818181818,0.9988181818181818,26,0.0023636363636363,6.433768141578256e-06,0.0035872443354002,89,0.0287249091603614,0.23636363636363
43504|43526,43504,43526,Helicobacter pylori,100.0,143,143,0,0,1.0,0.9988181818181818,0.9988181818181818,26,0.0023636363636363,2.5435888516556204e-06,0.0023932559318224,46,0.0108214381998335,0.23636363636363
43504|43526,43504,43526,Helicobacter pylori,100.0,144,144,0,0,1.0,0.9988181818181818,0.9988181818181818,26,0.0023636363636363,3.968434003409627e-06,0.0034046261622628,145,0.0223737147985739,0.23636363636363
43504|43526,43504,43526,Helicobacter pylori,100.0,145,145,0,0,1.0,0.9988181818181818,0.9988181818181818,26,0.0023636363636363,3.805423991587453e-06,0.0028517214741475,163,0.0066473625681248,0.23636363636363
43504|43526,43504,43526,Helicobacter pylori,100.0,146,146,0,0,1.0,0.9988181818181818,0.9988181818181818,26,0.0023636363636363,4.142955516428515e-06,0.003122996979353,7,0.0059603771095997,0.23636363636363
43504|43526,43504,43526,Helicobacter pylori,100.0,147,147,0,0,1.0,0.9988181818181818,0.9988181818181818,26,0.0023636363636363,3.853905395367896e-06,0.0028256891335677,14,0.0069366051496158,0.23636363636363
43504|43526,43504,43526,Helicobacter pylori,100.0,149,149,0,0,1.0,0.9979090909090907,0.9979090909090907,46,0.0041818181818181,4.199425821305169e-06,0.0032410727466763,155,0.0108352399950426,0.41818181818181
43504|43526,43504,43526,Helicobacter pylori,100.0,150,150,0,0,0.999908900428168,0.9978181818181818,0.9979090909090907,48,0.0043636363636363,8.901487890122795e-06,0.004776071515395,90,0.0013902713975352,0.43636363636362996
43504|43526,43504,43526,Helicobacter pylori,100.0,151,151,0,0,1.0,0.9978181818181818,0.9978181818181818,48,0.0043636363636363,6.1260670212170965e-06,0.0036793951565233,73,0.0352666331765536,0.43636363636362996
43504|43526,43504,43526,Helicobacter pylori,100.0,152,152,0,0,1.0,0.9978181818181818,0.9978181818181818,48,0.0043636363636363,2.8565983294370767e-06,0.0025607951878613,75,0.0599485156377677,0.43636363636362996
43504|43526,43504,43526,Helicobacter pylori,100.0,153,153,0,0,1.0,0.9978181818181818,0.9978181818181818,48,0.0043636363636363,4.951272725484124e-06,0.0033030670320896,130,0.0107595237569559,0.43636363636362996
43504|43526,43504,43526,Helicobacter pylori,100.0,154,154,0,0,1.0,0.9978181818181818,0.9978181818181818,48,0.0043636363636363,4.439197960781627e-06,0.0029808268916969,160,0.0057200951992439,0.43636363636362996
43504|43526,43504,43526,Helicobacter pylori,100.0,155,155,0,0,1.0,0.9978181818181818,0.9978181818181818,48,0.0043636363636363,5.817332485724691e-06,0.0046161424168631,112,0.0032093805926733,0.43636363636362996
43504|43526,43504,43526,Helicobacter pylori,100.0,156,156,0,0,1.0,0.9978181818181818,0.9978181818181818,48,0.0043636363636363,2.4834647500693308e-06,0.0022299727515061,9,0.075398325087845,0.43636363636362996
43504|43526,43504,43526,Helicobacter pylori,100.0,157,157,0,0,1.0,0.9978181818181818,0.9978181818181818,48,0.0043636363636363,6.237148006738025e-06,0.0036980168043658,57,0.001421303639302,0.43636363636362996
43504|43526,43504,43526,Helicobacter pylori,100.0,158,158,0,0,0.999908900428168,0.9979090909090907,0.9978181818181818,48,0.0043636363636363,1.9483382484031253e-06,0.0020595200192634,1,0.0167323813600065,0.43636363636362996
43504|43526,43504,43526,Helicobacter pylori,100.0,159,159,0,0,1.0,0.9979090909090907,0.9979090909090907,46,0.0041818181818181,3.2861992582677857e-06,0.0028415234565788,10,0.0305175329147011,0.41818181818181
43504|43526,43504,43526,Helicobacter pylori,100.0,160,160,0,0,1.0,0.9979090909090907,0.9979090909090907,46,0.0041818181818181,2.4069674215865252e-05,0.0076557430548329,168,0.0229798714191136,0.41818181818181
43504|43526,43504,43526,Helicobacter pylori,100.0,161,161,0,0,1.0,0.9979090909090907,0.9979090909090907,46,0.0041818181818181,2.5786781554071325e-05,0.0075324974538986,116,0.037342483216485,0.41818181818181
43504|43526,43504,43526,Helicobacter pylori,100.0,162,162,0,0,1.0,0.9979090909090907,0.9979090909090907,46,0.0041818181818181,4.1640453887215045e-06,0.0035707317118401,46,0.0015687729347442,0.41818181818181
43504|43526,43504,43526,Helicobacter pylori,100.0,163,163,0,0,1.0,0.9979090909090907,0.9979090909090907,46,0.0041818181818181,8.234289411879203e-06,0.0045583167846322,33,0.0069161696552171,0.41818181818181
43504|43526,43504,43526,Helicobacter pylori,100.0,164,164,0,0,1.0,0.9979090909090907,0.9979090909090907,46,0.0041818181818181,6.462099704562796e-06,0.0052354188810091,109,0.0014274381146365,0.41818181818181
43504|43526,43504,43526,Helicobacter pylori,100.0,165,165,0,0,1.0,0.9979090909090907,0.9979090909090907,46,0.0041818181818181,3.1050542064203768e-06,0.0027369504060008,115,0.0204383605070743,0.41818181818181
43504|43526,43504,43526,Helicobacter pylori,100.0,166,166,0,0,1.0,0.9979090909090907,0.9979090909090907,46,0.0041818181818181,6.132161630478805e-06,0.0036444273986595,58,0.0103690851594143,0.41818181818181
43504|51653,43504,51653,Helicobacter pylori,95.75,0,0,0,0,0.9600476495922294,0.9920909090909092,0.9918181818181818,448,0.0407272727272727,6.922601475056744e-06,0.005396291085223,138,0.0413140804892994,4.0727272727272705
4356|53544,4356,53544,Lactobacillus acidophilus,99.99,0,0,0,0,0.9999090909090907,1.0,1.0,1,9.09090909090909e-05,3.3771738533472373e-06,0.0030491372871021,10,0.0344693601900643,0.00909090909090909
4356|53544,4356,53544,Lactobacillus acidophilus,99.99,1,1,0,0,0.9998181818181818,1.0,1.0,2,0.0001818181818181,2.110514157882548e-06,0.0020567475520179,58,0.0082383427994116,0.01818181818181
4356|53544,4356,53544,Lactobacillus acidophilus,99.99,2,2,0,0,0.9997272727272728,0.9999090909090907,1.0,4,0.0003636363636363,1.829912310014059e-06,0.0019183509336499,33,0.1640356162648002,0.036363636363630006
4356|53544,4356,53544,Lactobacillus acidophilus,99.99,3,3,0,0,0.9999090826438768,0.9998181818181818,0.9999090909090907,4,0.0003636363636363,4.343995168465398e-06,0.004290721550998,112,0.0049202215993522,0.036363636363630006
4356|53544,4356,53544,Lactobacillus acidophilus,99.99,4,4,0,0,0.9999090743771596,0.9998181818181818,0.9998181818181818,5,0.0004545454545454,1.779118993239237e-06,0.0018936562414996,128,0.0106177842939081,0.04545454545454
4356|53544,4356,53544,Lactobacillus acidophilus,99.99,5,5,0,0,1.0,0.9998181818181818,0.9998181818181818,4,0.0003636363636363,2.449191132236628e-06,0.0024261775457641,115,0.0492143840671688,0.036363636363630006
4356|53544,4356,53544,Lactobacillus acidophilus,99.99,6,6,0,0,0.999818148754319,0.9998181818181818,0.9998181818181818,6,0.0005454545454545,3.967904776080999e-06,0.0031783403999292,138,0.1493872458487796,0.054545454545450005
43971|700408,43971,700408,Salmonella enterica,99.97,249,372,0,0,0.9999088339866896,0.9971818181818182,0.9971818181818182,63,0.0057272727272727,6.188977902832349e-06,0.003529353995302,366,0.088112024167597,0.57272727272727
43971|700408,43971,700408,Salmonella enterica,99.97,250,373,0,0,0.9998176679733796,0.9971818181818182,0.9971818181818182,64,0.0058181818181818,3.7057188567724e-06,0.0027507760979851,64,0.170801453964043,0.58181818181818
49131|700324,49131,700324,Klebsiella oxytoca,99.39,0,0,0,0,0.9959090909090909,1.0,0.9999090909090907,46,0.0041818181818181,1.532740352716555e-05,0.0065125106746125,368,0.0018450367999127,0.41818181818181
49131|700324,49131,700324,Klebsiella oxytoca,99.39,1,1,0,0,0.9929084462223838,0.9999090909090907,0.9999090909090907,80,0.0072727272727272,3.936050619879339e-06,0.0030096320902356,226,0.001727000138522,0.72727272727272
49131|700324,49131,700324,Klebsiella oxytoca,99.39,2,2,0,0,0.9952280444158944,0.9906363636363636,0.9906363636363636,68,0.0061818181818181,2.008000661790632e-05,0.0075843529988066,132,0.0208684967679393,0.61818181818181
49131|700324,49131,700324,Klebsiella oxytoca,99.39,3,3,0,0,0.9858194709571856,0.989,1.0,277,0.0251818181818181,1.4502055363907472e-05,0.0061975627841046,233,0.0005518790785603,2.51818181818181
49131|700324,49131,700324,Klebsiella oxytoca,99.39,9,9,0,0,0.996758659010928,0.9816363636363636,0.9815454545454544,440,0.04,4.067238737415213e-05,0.0102785605755751,466,0.0037376358173298,4.0
49131|700324,49131,700324,Klebsiella oxytoca,99.39,10,10,0,0,0.9987033435213484,0.9815454545454544,0.9815454545454544,420,0.0381818181818181,4.817191148054345e-05,0.0136368905447571,329,0.0031758602904685,3.8181818181818103
49131|700324,49131,700324,Klebsiella oxytoca,99.39,11,11,0,0,0.9963878855237566,0.9815454545454544,0.9815454545454544,445,0.0404545454545454,4.536590843917665e-05,0.0123550399010686,213,0.0024407326906803,4.0454545454545405
49131|700324,49131,700324,Klebsiella oxytoca,99.39,12,12,0,0,0.9981476336019264,0.9815454545454544,0.9814545454545456,427,0.0388181818181818,2.453451593287248e-05,0.0075572173566585,93,0.000673979181001,3.88181818181818
49131|700324,49131,700324,Klebsiella oxytoca,99.39,13,13,0,0,0.9969433123379028,0.9814545454545456,0.9814545454545456,441,0.040090909090909,3.709059522771785e-05,0.0092416106471876,518,0.0032186699387437,4.0090909090909
49131|700324,49131,700324,Klebsiella oxytoca,99.39,14,14,0,0,0.998144023756496,0.9796363636363636,0.9796363636363636,428,0.0389090909090909,1.7514226257286936e-05,0.0101654863112583,446,0.0009631598453373,3.89090909090909
49131|700324,49131,700324,Klebsiella oxytoca,99.39,15,15,0,0,0.9979622082252686,0.9814545454545456,0.9814545454545456,430,0.039090909090909,5.4721838681714985e-05,0.0190370095538017,391,0.0012650581116355,3.9090909090909003
49131|700324,49131,700324,Klebsiella oxytoca,99.39,163,153,0,0,0.9975813953488372,0.9772727272727272,0.9772727272727272,496,0.045090909090909,9.30000820575927e-06,0.0049966631495321,382,0.0031743941830917,4.5090909090909
49131|700324,49131,700324,Klebsiella oxytoca,99.39,164,154,0,0,0.9940548072457036,0.9786363636363636,0.9786363636363636,534,0.0485454545454545,8.359552568615314e-06,0.004155637291085,283,0.0172769338561631,4.85454545454545
49131|700324,49131,700324,Klebsiella oxytoca,99.39,165,155,0,0,0.9965629354389224,0.9786363636363636,0.9783636363636364,510,0.0463636363636363,4.780686385719157e-05,0.012431181260134,77,0.0008911060998915,4.6363636363636305
49131|700324,49131,700324,Klebsiella oxytoca,99.39,166,156,0,0,0.9976770117078608,0.9783636363636364,0.9783636363636364,501,0.0455454545454545,8.220903785161049e-06,0.0047029388423132,560,0.0032183487161492,4.55454545454545
49131|700324,49131,700324,Klebsiella oxytoca,99.39,167,157,0,0,0.9958186210741498,0.9783636363636364,0.9783636363636364,521,0.0473636363636363,9.28632007002328e-06,0.0048814741832687,372,0.0012732043304901,4.73636363636363
49131|700324,49131,700324,Klebsiella oxytoca,99.39,168,158,0,0,0.9956327820107786,0.9783636363636364,0.9783636363636364,523,0.0475454545454545,2.3955401575292967e-05,0.010868362837689,506,0.0040386321085051,4.75454545454545
49131|700324,49131,700324,Klebsiella oxytoca,99.39,169,159,0,0,0.9947035866939232,0.9783636363636364,0.9775454545454544,542,0.0492727272727272,2.9509578417075133e-05,0.0140998534613886,214,0.0030996542771652,4.92727272727272
49131|700324,49131,700324,Klebsiella oxytoca,99.39,170,160,0,0,0.9962801078768716,0.9775454545454544,0.9775454545454544,532,0.0483636363636363,7.867943558004242e-06,0.0042442542997512,542,0.0187967745723064,4.836363636363631
49140|7966,49140,7966,Aeromonas hydrophila,97.14,222,445,0,0,0.9879114948731786,0.8422727272727273,0.8420909090909091,356,0.0323636363636363,1.581388732907474e-05,0.0092769251284791,178,0.0755770179290585,3.23636363636363
49140|7966,49140,7966,Aeromonas hydrophila,97.14,223,446,0,0,0.9888155482214888,0.9913636363636364,0.9916363636363636,256,0.0232727272727272,1.7172350030403294e-05,0.006831230076046,8,0.0056162992105683,2.32727272727272
49140|7966,49140,7966,Aeromonas hydrophila,97.14,224,447,0,0,0.9831563529842549,0.9928181818181818,0.9927272727272728,319,0.029,2.8308444952607204e-06,0.0051528454845115,241,0.0489232366364061,2.9000000000000004
49140|7966,49140,7966,Aeromonas hydrophila,97.14,226,449,0,0,0.9791991203152204,0.992,0.992,364,0.033090909090909,1.2451321080964028e-05,0.0058088394784234,359,0.0120741920997656,3.3090909090908998
49147|9809,49147,9809,Streptococcus gallolyticus,97.57,0,0,0,0,0.9872738841923462,1.0,0.9997272727272728,143,0.013,4.4337409541572725e-06,0.0035809144487319,135,0.1821611076723855,1.3
49147|9809,49147,9809,Streptococcus gallolyticus,97.57,2,2,0,0,0.9895187750637988,0.9954545454545456,0.9963636363636365,130,0.0118181818181818,0.0030485701591935,0.2644855870472165,164,0.0667671755897214,1.18181818181818
49147|9809,49147,9809,Streptococcus gallolyticus,97.57,38,35,0,0,0.9862622164853402,0.985909090909091,0.9857272727272728,413,0.0375454545454545,4.4978388442418193e-05,0.0095177684316365,14,0.0103548728508617,3.75454545454545
49147|9809,49147,9809,Streptococcus gallolyticus,97.57,148,147,0,0,0.9827379303978584,0.9844545454545456,0.9828181818181818,547,0.0497272727272727,3.612507411299149e-05,0.0088695344148484,186,0.0034317480689877,4.97272727272727
49230|BAA-1750,49230,BAA-1750,Staphylococcus aureus,99.98,0,0,0,0,0.9996363636363635,1.0,0.9999090909090907,5,0.0004545454545454,1.1212926219084096e-05,0.0220551438871801,293,0.0076024015997573,0.04545454545454
49230|BAA-1750,49230,BAA-1750,Staphylococcus aureus,99.98,1,1,0,0,0.9998181652877536,0.9999090909090907,0.9999090909090907,4,0.0003636363636363,3.801035621253668e-06,0.0062306092012001,22,0.3049265589084275,0.036363636363630006
49230|BAA-1750,49230,BAA-1750,Staphylococcus aureus,99.98,2,2,0,0,0.9994545454545456,0.9996363636363635,1.0,9,0.0008181818181818,3.1027083195245275e-05,0.0078825045882213,199,0.0460624165169898,0.08181818181818
49230|BAA-1750,49230,BAA-1750,Staphylococcus aureus,99.98,3,3,0,0,1.0,0.9997272727272728,0.9997272727272728,6,0.0005454545454545,1.508387582838111e-06,0.0017528815361261,261,0.0001895496453853,0.054545454545450005
49230|BAA-1750,49230,BAA-1750,Staphylococcus aureus,99.98,4,4,0,0,0.999818148754319,0.9998181818181818,0.9997272727272728,7,0.0006363636363636,2.677136131334912e-06,0.0023454250825162,125,0.0130104372261071,0.06363636363636
49230|BAA-1750,49230,BAA-1750,Staphylococcus aureus,99.98,5,5,0,0,0.9996363636363635,1.0,0.9998181818181818,6,0.0005454545454545,1.9019963733990508e-06,0.0020501981172695,90,0.0304092709194795,0.054545454545450005
49230|BAA-1750,49230,BAA-1750,Staphylococcus aureus,99.98,6,6,0,0,0.9998181818181818,1.0,1.0,2,0.0001818181818181,2.770922785111374e-06,0.0025239826212234,94,0.0552918824422343,0.01818181818181
49230|BAA-1750,49230,BAA-1750,Staphylococcus aureus,99.98,8,8,0,0,0.9999090909090907,1.0,1.0,1,9.09090909090909e-05,5.90606236361424e-06,0.0037948497959558,296,0.0926708885029592,0.00909090909090909
49230|BAA-1750,49230,BAA-1750,Staphylococcus aureus,99.98,29,33,0,0,1.0,0.987,0.987,286,0.026,6.531202136450531e-06,0.005966523431987,257,0.0236478223140266,2.6
49230|BAA-1750,49230,BAA-1750,Staphylococcus aureus,99.98,30,34,0,0,0.9999079020077364,0.9870909090909092,0.987,286,0.026,6.490173572015756e-06,0.0037467515680098,98,0.0242773402196778,2.6
49230|BAA-1750,49230,BAA-1750,Staphylococcus aureus,99.98,31,35,0,0,0.9997237060232088,0.9870909090909092,0.9870909090909092,287,0.026090909090909,5.965631495241652e-06,0.0051351753056718,268,0.0027606142067793,2.6090909090909
49230|BAA-1750,49230,BAA-1750,Staphylococcus aureus,99.98,32,36,0,0,0.9997237060232088,0.9870909090909092,0.9870909090909092,287,0.026090909090909,6.990715191945718e-06,0.004358713697341,274,0.0041328089232575,2.6090909090909
49230|BAA-1750,49230,BAA-1750,Staphylococcus aureus,99.98,33,37,0,0,0.9999079020077364,0.9870909090909092,0.9870909090909092,285,0.0259090909090909,7.801273715468682e-06,0.0051065853209817,246,0.0776936662502694,2.59090909090909
49247|51907,49247,51907,Haemophilus influenzae,97.63,139,136,0,0,0.9786725501011216,0.9886363636363636,0.9883636363636364,479,0.0435454545454545,2.8563584457574898e-05,0.0129774044045928,74,0.0462135405835768,4.35454545454545
49247|51907,49247,51907,Haemophilus influenzae,97.63,156,141,0,0,0.9874499621335064,0.8402727272727273,0.8402727272727273,397,0.036090909090909,0.0001504668374474,0.0251961901772793,85,0.003422928057718,3.6090909090909
49453|49907,49453,49907,Staphylococcus saprophyticus,99.73,0,0,0,0,0.9972729751840742,0.9991818181818182,1.0,38,0.0034545454545454,9.170354565712912e-07,0.0013848057816922,228,0.0187540269052928,0.34545454545453996
49453|49907,49453,49907,Staphylococcus saprophyticus,99.73,1,1,0,0,0.9981804949053856,0.9990909090909093,0.9992727272727272,38,0.0034545454545454,0.0001093295946417,0.023645909619241,27,0.0111229745613399,0.34545454545453996
49453|49907,49453,49907,Staphylococcus saprophyticus,99.73,2,2,0,0,0.9958993985784582,0.9975454545454544,0.9976363636363637,67,0.006090909090909,2.267035705649789e-05,0.0095697114509708,175,0.0026256357167543,0.6090909090909
49453|BAA-750,49453,BAA-750,Staphylococcus saprophyticus,99.66,0,0,0,0,0.9976367933103072,1.0,0.9998181818181818,28,0.0025454545454545,2.365435155748941e-06,0.0023646534032616,177,0.0870260971551091,0.25454545454545
49453|BAA-750,49453,BAA-750,Staphylococcus saprophyticus,99.66,1,1,0,0,0.9981814875431896,0.9997272727272728,0.9997272727272728,26,0.0023636363636363,7.579107074495717e-06,0.0039684537741961,113,0.0049948411086202,0.23636363636363
49453|BAA-750,49453,BAA-750,Staphylococcus saprophyticus,99.66,2,2,0,0,0.9957264957264956,0.9997272727272728,0.9998181818181818,52,0.0047272727272727,5.71988265307688e-06,0.0044703450132939,196,0.0211192117393067,0.47272727272727
49766|51907,49766,51907,Haemophilus influenzae,97.62,0,0,0,0,0.985193019566367,0.858909090909091,0.8595454545454545,218,0.0198181818181818,3.271980400998409e-05,0.0095096756099937,175,0.0129647689233978,1.9818181818181801
49766|51907,49766,51907,Haemophilus influenzae,97.62,67,66,0,0,0.9875617340406072,0.994,0.9938181818181818,270,0.0245454545454545,5.858187925311675e-06,0.0071851212319461,19,0.0025348883932427,2.4545454545454497
49766|51907,49766,51907,Haemophilus influenzae,97.62,68,67,0,0,0.9817990531299317,0.864,0.864,339,0.0308181818181818,2.2996004558351046e-05,0.0120023454922714,89,0.0300996880082664,3.0818181818181802
49766|51907,49766,51907,Haemophilus influenzae,97.62,160,158,0,0,0.981739768764911,0.9905454545454544,0.9907272727272728,405,0.0368181818181818,2.2290433437488488e-05,0.0070703562794757,132,0.0072103974019661,3.68181818181818
49766|51907,49766,51907,Haemophilus influenzae,97.62,162,160,0,0,0.9943846083034152,0.987,0.9875454545454544,327,0.0297272727272727,4.9120889036635695e-05,0.0196816387171419,27,0.0009205665930668,2.97272727272727
49766|51907,49766,51907,Haemophilus influenzae,97.62,163,161,0,0,0.9954921803127876,0.9881818181818182,0.9865454545454544,327,0.0297272727272727,8.73865252726258e-06,0.0051307362412936,19,0.017771731453041,2.97272727272727
49766|51907,49766,51907,Haemophilus influenzae,97.62,164,162,0,0,0.9890352897816272,0.9865454545454544,0.9860909090909092,420,0.0381818181818181,0.0002363987844811,0.032129411919774,110,0.0118073507857443,3.8181818181818103
49766|51907,49766,51907,Haemophilus influenzae,97.62,165,163,0,0,0.9822845543458204,0.9851818181818182,0.9852727272727272,497,0.0451818181818181,4.350288709853434e-05,0.0133087377921206,179,0.0065947747829747,4.5181818181818105
49766|51907,49766,51907,Haemophilus influenzae,97.62,166,164,0,0,0.9866087920206872,0.9838181818181818,0.9813636363636364,427,0.0388181818181818,1.338153053598301e-05,0.0079724677556662,68,0.0003461844153531,3.88181818181818
49766|51907,49766,51907,Haemophilus influenzae,97.62,167,165,0,0,0.9852507374631267,0.9861818181818182,0.9837272727272728,491,0.0446363636363636,4.504130696192377e-06,0.0043369775471822,67,0.014033143570628,4.46363636363636
49766|51907,49766,51907,Haemophilus influenzae,97.62,168,166,0,0,0.9915160457395796,0.9837272727272728,0.9858181818181818,426,0.0387272727272727,1.1464464131583084e-05,0.0125758508762693,117,0.004784403528835,3.87272727272727
49766|51907,49766,51907,Haemophilus influenzae,97.62,169,167,0,0,0.98037875829754,0.9312727272727273,0.9312727272727273,541,0.0491818181818181,1.5227751937962886e-05,0.0083129066897594,88,0.0216885877425474,4.91818181818181
51559|700221,51559,700221,Enterococcus faecium,99.5,0,0,0,0,0.9999090909090907,1.0,1.0,1,9.09090909090909e-05,3.63023426941389e-06,0.0032622366874518,122,0.0075696316299056,0.00909090909090909
51559|700221,51559,700221,Enterococcus faecium,99.5,3,3,0,0,0.9999090909090907,1.0,1.0,1,9.09090909090909e-05,1.599894124515444e-06,0.0018648178824692,252,0.0075639590986652,0.00909090909090909
51559|700221,51559,700221,Enterococcus faecium,99.5,6,6,0,0,0.9999090909090907,1.0,1.0,1,9.09090909090909e-05,1.2088144505373322e-06,0.0016210367033466,51,0.1294083129567085,0.00909090909090909
51559|700221,51559,700221,Enterococcus faecium,99.5,8,8,0,0,0.9999090909090907,1.0,1.0,1,9.09090909090909e-05,1.1658986674989436e-06,0.0015801721477903,113,0.0051170543180008,0.00909090909090909
51559|700221,51559,700221,Enterococcus faecium,99.5,9,9,0,0,0.9999090909090907,1.0,1.0,1,9.09090909090909e-05,1.2783412126626814e-06,0.0016659977145105,14,0.0025686672390279,0.00909090909090909
51559|700221,51559,700221,Enterococcus faecium,99.5,17,17,0,0,0.9999090909090907,1.0,1.0,1,9.09090909090909e-05,6.159841954289647e-07,0.0011099523224627,179,0.0100097440688392,0.00909090909090909
51559|700221,51559,700221,Enterococcus faecium,99.5,23,23,0,0,0.9999075870991592,0.9836363636363636,0.9837272727272728,360,0.0327272727272727,0.000101272674698,0.0178560824698262,220,0.0096711108633604,3.2727272727272703
51559|700221,51559,700221,Enterococcus faecium,99.5,24,24,0,0,0.999815157116451,0.9836363636363636,0.9836363636363636,362,0.0329090909090909,4.9880233283783326e-05,0.0135327289303638,261,0.0028269210254032,3.29090909090909
51559|700221,51559,700221,Enterococcus faecium,99.5,25,25,0,0,1.0,0.9836363636363636,0.9836363636363636,360,0.0327272727272727,5.3934564876345625e-05,0.0108065987266211,186,0.0116677832021447,3.2727272727272703
51559|700221,51559,700221,Enterococcus faecium,99.5,26,26,0,0,1.0,0.9836363636363636,0.9836363636363636,360,0.0327272727272727,0.0001648596018306,0.0186129874644571,86,0.008256211501432,3.2727272727272703
51559|700221,51559,700221,Enterococcus faecium,99.5,27,27,0,0,1.0,0.9836363636363636,0.9836363636363636,360,0.0327272727272727,8.830640803814127e-06,0.0085317774791896,183,0.0257571450333694,3.2727272727272703
51559|700221,51559,700221,Enterococcus faecium,99.5,28,28,0,0,0.999630314232902,0.9832727272727272,0.9836363636363636,368,0.0334545454545454,1.1414988308144912e-05,0.015144210103097,132,0.0426487814773159,3.3454545454545395
51559|700221,51559,700221,Enterococcus faecium,99.5,29,29,0,0,1.0,0.9832727272727272,0.9832727272727272,368,0.0334545454545454,3.975105708686755e-05,0.0089224476846941,106,0.1024529707269948,3.3454545454545395
51559|700221,51559,700221,Enterococcus faecium,99.5,30,30,0,0,1.0,0.9832727272727272,0.9832727272727272,368,0.0334545454545454,1.12732977954888e-05,0.0052055267905149,167,0.199487576307778,3.3454545454545395
51559|700221,51559,700221,Enterococcus faecium,99.5,31,31,0,0,0.9997227100471392,0.9835454545454544,0.9832727272727272,368,0.0334545454545454,2.498792586402842e-06,0.0022463017118153,140,0.0188685127980002,3.3454545454545395
51559|700221,51559,700221,Enterococcus faecium,99.5,32,32,0,0,1.0,0.9835454545454544,0.9835454545454544,362,0.0329090909090909,1.678409884897647e-05,0.0058282272673283,49,0.0546011946397563,3.29090909090909
51559|700221,51559,700221,Enterococcus faecium,99.5,33,33,0,0,1.0,0.9835454545454544,0.9835454545454544,362,0.0329090909090909,7.150021896773495e-05,0.0129119687407666,111,0.002880754082673,3.29090909090909
51559|700221,51559,700221,Enterococcus faecium,99.5,34,34,0,0,1.0,0.9835454545454544,0.9835454545454544,362,0.0329090909090909,0.0002011729138926,0.0208303487314957,181,0.0173908187982223,3.29090909090909
51559|700221,51559,700221,Enterococcus faecium,99.5,35,35,0,0,0.9997227100471392,0.9832727272727272,0.9835454545454544,368,0.0334545454545454,6.9116652041678606e-06,0.0039836250342061,55,0.0309966575381414,3.3454545454545395
51559|700221,51559,700221,Enterococcus faecium,99.5,36,36,0,0,1.0,0.9832727272727272,0.9832727272727272,368,0.0334545454545454,7.255089218038968e-05,0.0154135341705264,81,9.923151136226328e-05,3.3454545454545395
51559|700221,51559,700221,Enterococcus faecium,99.5,37,37,0,0,1.0,0.9832727272727272,0.9832727272727272,368,0.0334545454545454,2.5475137049313368e-05,0.0072146648206219,103,0.0068060095349247,3.3454545454545395
51559|700221,51559,700221,Enterococcus faecium,99.5,38,38,0,0,0.9999075443786982,0.9832727272727272,0.9832727272727272,369,0.0335454545454545,2.700713064451854e-05,0.012196162277393,230,0.0042980060940838,3.3545454545454505
51559|700221,51559,700221,Enterococcus faecium,99.5,39,39,0,0,1.0,0.9832727272727272,0.9832727272727272,368,0.0334545454545454,5.322272574648235e-05,0.0113846426131442,100,0.0008396970288477,3.3454545454545395
51559|700221,51559,700221,Enterococcus faecium,99.5,40,40,0,0,1.0,0.9832727272727272,0.9832727272727272,368,0.0334545454545454,1.656464538668523e-05,0.0069641117364025,162,0.0248377574521511,3.3454545454545395
51559|700221,51559,700221,Enterococcus faecium,99.5,41,41,0,0,1.0,0.9832727272727272,0.9832727272727272,368,0.0334545454545454,1.441785632538828e-05,0.0064820686978539,180,0.0186341407352703,3.3454545454545395
51559|700221,51559,700221,Enterococcus faecium,99.5,42,42,0,0,0.9999075443786982,0.9832727272727272,0.9832727272727272,368,0.0334545454545454,0.0001478183696741,0.0197362046398661,238,0.0700085806826953,3.3454545454545395
51559|700221,51559,700221,Enterococcus faecium,99.5,43,43,0,0,0.9996301775147928,0.9832727272727272,0.9832727272727272,372,0.0338181818181818,8.05346190224654e-06,0.0047375187884344,168,0.007027001400504,3.38181818181818
51559|700221,51559,700221,Enterococcus faecium,99.5,44,44,0,0,0.9999075443786982,0.9832727272727272,0.9832727272727272,369,0.0335454545454545,7.923416189570265e-05,0.0128874329874937,46,0.000458929752116,3.3545454545454505
51559|700221,51559,700221,Enterococcus faecium,99.5,45,45,0,0,0.9999075443786982,0.9832727272727272,0.9832727272727272,369,0.0335454545454545,2.105544998376452e-05,0.0114046424163205,134,0.0056910716122975,3.3545454545454505
51559|700221,51559,700221,Enterococcus faecium,99.5,46,46,0,0,1.0,0.9832727272727272,0.9832727272727272,368,0.0334545454545454,3.304549183580363e-05,0.0089307988728851,283,0.0813114438075601,3.3454545454545395
51559|700221,51559,700221,Enterococcus faecium,99.5,47,47,0,0,0.99990755292595,0.9833636363636364,0.9832727272727272,368,0.0334545454545454,1.7489373167256517e-05,0.0059737368815563,43,0.1065065632686116,3.3454545454545395
51559|700221,51559,700221,Enterococcus faecium,99.5,48,48,0,0,1.0,0.9833636363636364,0.9833636363636364,366,0.0332727272727272,3.3570843307462184e-05,0.00852815667384,273,0.017806018457931,3.3272727272727196
51559|700221,51559,700221,Enterococcus faecium,99.5,49,49,0,0,0.99990755292595,0.9833636363636364,0.9833636363636364,367,0.0333636363636363,4.85507082298442e-05,0.0098930528778001,93,0.2596047096098042,3.3363636363636298
51559|700221,51559,700221,Enterococcus faecium,99.5,50,50,0,0,0.99990755292595,0.9833636363636364,0.9833636363636364,367,0.0333636363636363,7.099718326941673e-05,0.0122406893108982,116,0.0125823898580805,3.3363636363636298
51559|700221,51559,700221,Enterococcus faecium,99.5,51,51,0,0,0.99990755292595,0.9833636363636364,0.9833636363636364,367,0.0333636363636363,7.550801217603986e-05,0.016175048119592,139,0.0115740374295991,3.3363636363636298
51559|700221,51559,700221,Enterococcus faecium,99.5,52,52,0,0,0.994915410927244,0.9832727272727272,0.9833636363636364,422,0.0383636363636363,0.0001785211323452,0.0213155067971434,281,0.0119917185774123,3.83636363636363
51559|700221,51559,700221,Enterococcus faecium,99.5,53,53,0,0,0.9844606946983546,0.9944545454545456,0.9833636363636364,412,0.0374545454545454,1.3774842073766004e-05,0.008971095803271,236,0.0446738171237723,3.74545454545454
51575|700802,51575,700802,Enterococcus faecalis,99.66,2,2,0,0,0.9998181818181818,0.9999090909090907,1.0,3,0.0002727272727272,7.859597304094024e-07,0.00126569923227,321,0.0051038041059361,0.02727272727272
51575|700802,51575,700802,Enterococcus faecalis,99.66,3,3,0,0,1.0,0.9999090909090907,0.9999090909090907,2,0.0001818181818181,1.2099219929284644e-06,0.0016141444176817,269,0.0068983346436946,0.01818181818181
51575|700802,51575,700802,Enterococcus faecalis,99.66,4,4,0,0,0.9999090826438768,0.9999090909090907,0.9999090909090907,3,0.0002727272727272,8.940414137903474e-07,0.0013376022866012,300,0.028452574910569,0.02727272727272
51575|700802,51575,700802,Enterococcus faecalis,99.66,5,5,0,0,0.9999090826438768,0.9999090909090907,0.9999090909090907,3,0.0002727272727272,3.098656488065288e-06,0.0024974194079064,190,0.0308772905299247,0.02727272727272
51575|700802,51575,700802,Enterococcus faecalis,99.66,6,6,0,0,0.9999090826438768,0.9999090909090907,0.9999090909090907,3,0.0002727272727272,1.014013340139286e-05,0.0045213472995283,262,0.0144192593903762,0.02727272727272
51575|700802,51575,700802,Enterococcus faecalis,99.66,7,7,0,0,0.9998181818181818,1.0,0.9998181818181818,4,0.0003636363636363,1.6294387654713915e-06,0.0019230548135948,17,0.0331715756402124,0.036363636363630006
51575|700802,51575,700802,Enterococcus faecalis,99.66,8,8,0,0,1.0,0.9999090909090907,0.9999090909090907,2,0.0001818181818181,1.475102798909056e-06,0.0017282730119006,112,0.1075045210017916,0.01818181818181
51575|700802,51575,700802,Enterococcus faecalis,99.66,9,9,0,0,0.9998181652877536,0.9999090909090907,0.9999090909090907,4,0.0003636363636363,1.3543792234393948e-06,0.0016987467839519,43,0.1549360424504826,0.036363636363630006
51575|700802,51575,700802,Enterococcus faecalis,99.66,10,10,0,0,0.9999090826438768,0.9999090909090907,0.9999090909090907,3,0.0002727272727272,2.291512381358274e-05,0.0089332395578168,11,0.0136636210732232,0.02727272727272
51575|700802,51575,700802,Enterococcus faecalis,99.66,11,11,0,0,0.9998181818181818,0.9999090909090907,1.0,3,0.0002727272727272,3.861779753311367e-06,0.0028207504128077,65,0.0216829448115153,0.02727272727272
51575|700802,51575,700802,Enterococcus faecalis,99.66,142,145,0,0,0.999817301543802,0.9951818181818182,0.9951818181818182,108,0.0098181818181818,1.0714264737754498e-05,0.0068413060624365,275,0.0189841310137621,0.98181818181818
51575|700802,51575,700802,Enterococcus faecalis,99.66,143,146,0,0,0.9994521548575602,0.9951818181818182,0.9956363636363637,107,0.0097272727272727,5.136072870914887e-05,0.0103542506460486,137,0.0015959231133175,0.9727272727272701
51575|700802,51575,700802,Enterococcus faecalis,99.66,144,147,0,0,1.0,0.9956363636363637,0.9956363636363637,96,0.0087272727272727,9.317978412692884e-05,0.0142827910861495,43,0.0080295945241031,0.87272727272727
51575|700802,51575,700802,Enterococcus faecalis,99.66,145,148,0,0,1.0,0.9956363636363637,0.9956363636363637,96,0.0087272727272727,9.673720411496056e-06,0.0058254310173842,25,0.0600556498040685,0.87272727272727
51575|700802,51575,700802,Enterococcus faecalis,99.66,146,149,0,0,0.99981738495252,0.9956363636363637,0.9955454545454544,99,0.009,5.991524224535638e-06,0.0045966661795124,173,0.0106924560725427,0.8999999999999999
51575|700802,51575,700802,Enterococcus faecalis,99.66,147,150,0,0,1.0,0.9955454545454544,0.9955454545454544,98,0.0089090909090909,1.537947441532239e-05,0.0069056528022619,281,0.0100508140925833,0.89090909090909
51575|700802,51575,700802,Enterococcus faecalis,99.66,148,151,0,0,1.0,0.9955454545454544,0.9955454545454544,98,0.0089090909090909,1.4790861109226228e-05,0.0058482533525926,242,0.017040887526838,0.89090909090909
51575|700802,51575,700802,Enterococcus faecalis,99.66,149,152,0,0,0.9995434206921744,0.9955454545454544,0.9955454545454544,103,0.0093636363636363,2.1841509791009628e-05,0.0066336045518343,230,0.0259885416740169,0.93636363636363
51575|700802,51575,700802,Enterococcus faecalis,99.66,150,153,0,0,0.9999086841384348,0.9955454545454544,0.9955454545454544,99,0.009,6.413717951292419e-06,0.004286346749808,77,0.0173857847689589,0.8999999999999999
51575|700802,51575,700802,Enterococcus faecalis,99.66,151,154,0,0,1.0,0.9955454545454544,0.9955454545454544,98,0.0089090909090909,5.422362620466359e-06,0.0034513907816868,281,0.0039843518603891,0.89090909090909
51575|700802,51575,700802,Enterococcus faecalis,99.66,152,155,0,0,1.0,0.9955454545454544,0.9955454545454544,98,0.0089090909090909,3.878918016120281e-06,0.0028047087179604,278,0.072008754697207,0.89090909090909
51575|700802,51575,700802,Enterococcus faecalis,99.66,153,156,0,0,0.9998173682768696,0.9955454545454544,0.9954545454545456,101,0.0091818181818181,8.705335647885004e-05,0.0155615550683723,280,0.0057459051728085,0.91818181818181
51575|700802,51575,700802,Enterococcus faecalis,99.66,154,157,0,0,0.9997260273972602,0.9954545454545456,0.9954545454545456,103,0.0093636363636363,6.150774154556338e-06,0.0059528208911897,73,0.0901940998374872,0.93636363636363
51575|700802,51575,700802,Enterococcus faecalis,99.66,155,158,0,0,1.0,0.9954545454545456,0.9954545454545456,100,0.009090909090909,5.150709177725865e-06,0.0034883767527802,282,0.1082736945841738,0.9090909090909001
51575|700802,51575,700802,Enterococcus faecalis,99.66,156,159,0,0,0.9999086757990868,0.9954545454545456,0.9954545454545456,101,0.0091818181818181,6.067458318548269e-06,0.0041259465731938,61,0.0230880959556974,0.91818181818181
51575|700802,51575,700802,Enterococcus faecalis,99.66,157,160,0,0,0.9999086841384348,0.9954545454545456,0.9955454545454544,100,0.009090909090909,6.455309955466504e-06,0.0044373153244748,80,0.033713223284852,0.9090909090909001
51575|700802,51575,700802,Enterococcus faecalis,99.66,158,161,0,0,1.0,0.9955454545454544,0.9955454545454544,98,0.0089090909090909,1.751514348447003e-06,0.0019647082940026,105,0.0257189845318319,0.89090909090909
51575|700802,51575,700802,Enterococcus faecalis,99.66,159,162,0,0,0.9994523048836148,0.9955454545454544,0.9959090909090909,100,0.009090909090909,1.9246228201375004e-05,0.0078717398004927,26,0.0198996999089611,0.9090909090909001
51575|700802,51575,700802,Enterococcus faecalis,99.66,160,163,0,0,0.9999087174806024,0.9959090909090909,0.9959090909090909,91,0.0082727272727272,5.030546178841355e-06,0.0045082570695804,319,0.0036406115685937,0.82727272727272
51575|700802,51575,700802,Enterococcus faecalis,99.66,161,164,0,0,0.9999087174806024,0.9959090909090909,0.9958181818181818,92,0.0083636363636363,2.9069570373296827e-05,0.0089145070125906,251,0.0068978200856685,0.8363636363636301
51575|700802,51575,700802,Enterococcus faecalis,99.66,162,165,0,0,0.9997261274420304,0.9958181818181818,0.9958181818181818,95,0.0086363636363636,1.7196202659830462e-05,0.0064556740064768,103,0.0172984233577242,0.86363636363636
51575|700802,51575,700802,Enterococcus faecalis,99.66,163,166,0,0,0.9998174182946868,0.9958181818181818,0.9958181818181818,94,0.0085454545454545,5.4598514673820375e-06,0.0050226406649478,290,0.0634608677416861,0.8545454545454501
51575|700802,51575,700802,Enterococcus faecalis,99.66,164,167,0,0,0.9998174182946868,0.9958181818181818,0.9958181818181818,94,0.0085454545454545,7.046658166309783e-06,0.00430292707524,160,0.0021562819844872,0.8545454545454501
51575|700802,51575,700802,Enterococcus faecalis,99.66,279,279,0,0,0.9999082316233826,0.9906363636363636,0.9906363636363636,207,0.0188181818181818,3.0333977886987107e-05,0.0079056841293355,258,0.0161067063563681,1.88181818181818
51625|700565,51625,700565,Staphylococcus epidermidis,99.73,0,0,0,0,0.9998181818181818,1.0,1.0,2,0.0001818181818181,4.160544495146468e-06,0.0051020392981887,17,0.0402198161356185,0.01818181818181
51625|700565,51625,700565,Staphylococcus epidermidis,99.73,2,2,0,0,0.9998181818181818,1.0,1.0,2,0.0001818181818181,2.3521277453530942e-06,0.0022911664191366,61,0.0033912884249829,0.01818181818181
51625|700565,51625,700565,Staphylococcus epidermidis,99.73,114,115,0,0,0.999906846762925,0.975909090909091,0.975909090909091,531,0.0482727272727272,6.332265035280393e-05,0.0181939580320226,184,0.0530393946662267,4.82727272727272
51625|700565,51625,700565,Staphylococcus epidermidis,99.73,115,116,0,0,1.0,0.975909090909091,0.975909090909091,530,0.0481818181818181,3.934784473891284e-05,0.0117224597427718,171,0.0274060643936587,4.8181818181818095
51625|700565,51625,700565,Staphylococcus epidermidis,99.73,116,117,0,0,1.0,0.975909090909091,0.975909090909091,530,0.0481818181818181,4.630587865372959e-05,0.0096426184841006,64,0.0256058822657626,4.8181818181818095
51625|700565,51625,700565,Staphylococcus epidermidis,99.73,117,118,0,0,1.0,0.975909090909091,0.975909090909091,530,0.0481818181818181,5.355945754381697e-05,0.0118585530868567,214,0.0213009457780323,4.8181818181818095
51625|700565,51625,700565,Staphylococcus epidermidis,99.73,118,119,0,0,0.999906846762925,0.975909090909091,0.975909090909091,531,0.0482727272727272,0.0001891764119674,0.0226946313357786,47,0.0170234868294173,4.82727272727272
51625|700565,51625,700565,Staphylococcus epidermidis,99.73,119,120,0,0,0.99981369352585,0.975909090909091,0.975909090909091,532,0.0483636363636363,0.0001125693685634,0.019599826818495,23,0.0528337811536303,4.836363636363631
51625|700565,51625,700565,Staphylococcus epidermidis,99.73,120,121,0,0,0.999906846762925,0.975909090909091,0.975909090909091,531,0.0482727272727272,2.937159774552001e-05,0.0095905154525876,160,0.0289185596201847,4.82727272727272
51625|700565,51625,700565,Staphylococcus epidermidis,99.73,121,122,0,0,0.999720540288775,0.975909090909091,0.975909090909091,533,0.0484545454545454,4.0706755514152704e-05,0.0210312913404138,133,0.0015707007119967,4.84545454545454
51625|700565,51625,700565,Staphylococcus epidermidis,99.73,122,123,0,0,0.999906846762925,0.975909090909091,0.975909090909091,531,0.0482727272727272,1.9503975736689935e-05,0.0100515082661564,131,0.0103892816597647,4.82727272727272
51625|700565,51625,700565,Staphylococcus epidermidis,99.73,123,124,0,0,0.99981369352585,0.975909090909091,0.975909090909091,531,0.0482727272727272,1.893413591924631e-05,0.0069328129277875,139,0.0100984701299047,4.82727272727272
51625|700565,51625,700565,Staphylococcus epidermidis,99.73,124,125,0,0,0.99981369352585,0.975909090909091,0.975909090909091,532,0.0483636363636363,6.875569344022558e-05,0.0140124183370077,220,0.028198728578118,4.836363636363631
51625|700565,51625,700565,Staphylococcus epidermidis,99.73,125,126,0,0,0.9996273870517,0.975909090909091,0.975909090909091,534,0.0485454545454545,4.134983815484716e-05,0.0097310533792931,107,0.0135095235929374,4.85454545454545
51625|700565,51625,700565,Staphylococcus epidermidis,99.73,126,127,0,0,0.999906846762925,0.975909090909091,0.975909090909091,531,0.0482727272727272,1.2709177798386762e-05,0.0050692464221087,218,0.1111051662087247,4.82727272727272
51625|700565,51625,700565,Staphylococcus epidermidis,99.73,127,128,0,0,0.999534233814625,0.975909090909091,0.975909090909091,535,0.0486363636363636,0.0002722249190758,0.024308999487845,241,0.0297359896581994,4.863636363636361
51625|700565,51625,700565,Staphylococcus epidermidis,99.73,128,129,0,0,0.9996273870517,0.975909090909091,0.975909090909091,534,0.0485454545454545,8.597857889203198e-06,0.0141397469250158,107,0.0229901232375363,4.85454545454545
51625|700565,51625,700565,Staphylococcus epidermidis,99.73,129,130,0,0,0.999906846762925,0.975909090909091,0.975909090909091,531,0.0482727272727272,1.447151057887286e-05,0.0117174765474515,136,0.000427247654292,4.82727272727272
51625|700565,51625,700565,Staphylococcus epidermidis,99.73,130,131,0,0,1.0,0.975909090909091,0.975909090909091,530,0.0481818181818181,0.0003015781950707,0.0322532548486301,151,0.0055741660543399,4.8181818181818095
51625|700565,51625,700565,Staphylococcus epidermidis,99.73,131,132,0,0,0.99981369352585,0.975909090909091,0.975909090909091,532,0.0483636363636363,3.0337423729043245e-05,0.0080318048087347,208,0.0353427652020499,4.836363636363631
51625|700565,51625,700565,Staphylococcus epidermidis,99.73,132,133,0,0,1.0,0.975909090909091,0.975909090909091,530,0.0481818181818181,3.0354703781876324e-05,0.0093416090990738,150,0.0400576585734309,4.8181818181818095
51625|700565,51625,700565,Staphylococcus epidermidis,99.73,133,134,0,0,0.999906846762925,0.975909090909091,0.975909090909091,531,0.0482727272727272,2.0253364798050733e-05,0.0064988277643858,226,0.0296756619708939,4.82727272727272
51625|700565,51625,700565,Staphylococcus epidermidis,99.73,134,135,0,0,0.999906846762925,0.975909090909091,0.975909090909091,531,0.0482727272727272,0.0001090791106612,0.0149014153967773,26,0.0083276903635104,4.82727272727272
51625|700565,51625,700565,Staphylococcus epidermidis,99.73,135,136,0,0,0.999906846762925,0.975909090909091,0.975909090909091,531,0.0482727272727272,6.986605450354233e-05,0.0167838800231636,51,0.0204904298000458,4.82727272727272
51625|700565,51625,700565,Staphylococcus epidermidis,99.73,136,137,0,0,1.0,0.975909090909091,0.975909090909091,530,0.0481818181818181,2.538620189818097e-05,0.0076875399512902,20,0.0030074816340346,4.8181818181818095
51625|700565,51625,700565,Staphylococcus epidermidis,99.73,137,138,0,0,0.999906846762925,0.975909090909091,0.975909090909091,531,0.0482727272727272,8.357136475067861e-05,0.0178305572772292,0,0.015267551215066,4.82727272727272
51625|700565,51625,700565,Staphylococcus epidermidis,99.73,138,139,0,0,1.0,0.975909090909091,0.975909090909091,530,0.0481818181818181,4.2816791137823e-05,0.0093712493214648,71,0.0143320205158047,4.8181818181818095
51625|700565,51625,700565,Staphylococcus epidermidis,99.73,139,140,0,0,1.0,0.975909090909091,0.975909090909091,530,0.0481818181818181,0.0001908729632639,0.0221099892250123,200,0.0615126761636838,4.8181818181818095
51625|700565,51625,700565,Staphylococcus epidermidis,99.73,140,141,0,0,0.999906846762925,0.975909090909091,0.975909090909091,531,0.0482727272727272,2.6981415605531467e-05,0.007593077405219,90,0.27714082226415,4.82727272727272
51625|700565,51625,700565,Staphylococcus epidermidis,99.73,145,146,0,0,0.9977783948903084,0.9820909090909092,0.9820909090909092,418,0.038,9.11716026590348e-05,0.0153906025202969,169,0.0329118535942598,3.8
51625|700565,51625,700565,Staphylococcus epidermidis,99.73,146,147,0,0,0.9997222993612884,0.9820909090909092,0.9820909090909092,397,0.036090909090909,5.9196335642441866e-05,0.0128832258226827,167,0.012475119122685,3.6090909090909
51625|700565,51625,700565,Staphylococcus epidermidis,99.73,147,148,0,0,0.999074416882636,0.9821818181818182,0.9820909090909092,403,0.0366363636363636,1.2866789647292263e-05,0.0054071903839958,125,0.0099423930173098,3.66363636363636
51625|700565,51625,700565,Staphylococcus epidermidis,99.73,241,248,0,0,1.0,0.9995454545454544,0.9995454545454544,10,0.0009090909090909,3.070363163937273e-06,0.0026562022962423,16,0.0997320652833568,0.09090909090909
51625|700565,51625,700565,Staphylococcus epidermidis,99.73,242,249,0,0,0.9997271487039564,0.9995454545454544,0.9992727272727272,16,0.0014545454545454,1.8076222253471384e-06,0.0019341191036571,128,0.1248176917927094,0.14545454545454
6207|9614,6207,9614,Propionibacterium freudenreichii,99.02,5,132,0,0,0.9984326018808778,0.986,0.985909090909091,325,0.0295454545454545,3.627841185194214e-05,0.0091241105348783,148,0.0003256422736354,2.95454545454545
6302|BAA-255,6302,BAA-255,Streptococcus pneumoniae,98.87,0,0,0,0,0.9952727272727272,1.0,1.0,52,0.0047272727272727,4.4924875824969845e-06,0.0039280262585144,119,0.2318105248821973,0.47272727272727
6302|BAA-255,6302,BAA-255,Streptococcus pneumoniae,98.87,1,1,0,0,0.995974472263132,0.925818181818182,0.925818181818182,466,0.0423636363636363,3.306138399550296e-05,0.0085815710265314,22,0.0013766054430106,4.23636363636363
6302|BAA-255,6302,BAA-255,Streptococcus pneumoniae,98.87,82,83,0,0,0.9877143119097828,0.991,0.9915454545454544,269,0.0244545454545454,6.722951814475131e-06,0.0088227060085474,122,0.0027948192213276,2.44545454545454
6302|BAA-255,6302,BAA-255,Streptococcus pneumoniae,98.87,161,159,0,0,0.993892847228648,0.980909090909091,0.9822727272727272,471,0.0428181818181818,1.1822949579576305e-05,0.0165467140445449,195,0.0435067390303282,4.2818181818181795
9721|BAA-2108,9721,BAA-2108,Pseudomonas aeruginosa,99.39,571,389,0,0,0.9963299385264704,0.9908181818181818,0.9902727272727272,248,0.0225454545454545,6.693923682687952e-06,0.0040963075226056,203,0.0035337486974723,2.25454545454545
9721|BAA-2108,9721,BAA-2108,Pseudomonas aeruginosa,99.39,572,390,0,0,0.9979803543560084,0.9902727272727272,0.9902727272727272,236,0.0214545454545454,1.865004598078368e-05,0.0061686898836069,544,0.028299147488532,2.14545454545454
9721|BAA-2108,9721,BAA-2108,Pseudomonas aeruginosa,99.39,573,391,0,0,0.997521116415718,0.9901818181818182,0.9901818181818182,241,0.0219090909090909,6.970432857356101e-06,0.0038480808541865,338,0.000721236892444,2.19090909090909
9721|BAA-2108,9721,BAA-2108,Pseudomonas aeruginosa,99.39,574,392,0,0,0.9944873208379272,0.9894545454545456,0.9894545454545456,274,0.0249090909090909,1.1383767524075772e-05,0.0070981527270699,122,0.004330217080374,2.4909090909090903
9721|BAA-2108,9721,BAA-2108,Pseudomonas aeruginosa,99.39,575,393,0,0,0.9962222426978716,0.9866363636363636,0.9866363636363636,255,0.0231818181818181,4.099251152545058e-05,0.0105164566710458,310,0.0160146216415626,2.31818181818181
9721|BAA-2108,9721,BAA-2108,Pseudomonas aeruginosa,99.39,576,394,0,0,0.9955016983383824,0.9902727272727272,0.9902727272727272,263,0.0239090909090909,3.060357125495017e-06,0.0027812180963809,416,0.002778803099577,2.39090909090909
9721|BAA-2108,9721,BAA-2108,Pseudomonas aeruginosa,99.39,577,395,0,0,0.9936697247706422,0.9901818181818182,0.990909090909091,275,0.025,1.6634941767401656e-05,0.00592321630548,382,0.0013213170524579,2.5
9721|BAA-2108,9721,BAA-2108,Pseudomonas aeruginosa,99.39,578,396,0,0,0.9956916307635896,0.9895454545454544,0.9917272727272728,221,0.020090909090909,8.368450338691602e-06,0.006381689868211,11,0.0023983658288417,2.0090909090909
9721|BAA-2108,9721,BAA-2108,Pseudomonas aeruginosa,99.39,579,397,0,0,0.9915130498266108,0.991,0.9953636363636365,243,0.022090909090909,2.793279677448801e-06,0.0023776305836241,84,0.0302277478488474,2.2090909090909
9721|BAA-2108,9721,BAA-2108,Pseudomonas aeruginosa,99.39,580,398,0,0,0.9945200474929218,0.9953636363636365,0.9953636363636365,162,0.0147272727272727,3.4430205794189206e-06,0.0079376539559885,390,0.0053306585876344,1.47272727272727
BAA-1605|BAA-1710,BAA-1605,BAA-1710,Acinetobacter baumannii,99.73,0,0,0,0,0.9909124288599228,0.99,0.9901818181818182,151,0.0137272727272727,2.2645637719254097e-05,0.0071131124227738,88,0.0014530341721932,1.3727272727272701
BAA-1605|BAA-1710,BAA-1605,BAA-1710,Acinetobacter baumannii,99.73,351,339,0,0,0.9999076553698404,0.9844545454545456,0.9844545454545456,343,0.0311818181818181,5.128672792875655e-05,0.0122241036927421,9,0.0583976414988718,3.1181818181818097
BAA-1605|BAA-1710,BAA-1605,BAA-1710,Acinetobacter baumannii,99.73,352,340,0,0,0.9999076553698404,0.9844545454545456,0.9844545454545456,343,0.0311818181818181,6.386622132348307e-05,0.0160597661996,52,0.0052460270228943,3.1181818181818097
BAA-1605|BAA-1710,BAA-1605,BAA-1710,Acinetobacter baumannii,99.73,353,341,0,0,0.9999076553698404,0.9844545454545456,0.9844545454545456,343,0.0311818181818181,6.196737853880752e-05,0.0142221880734649,291,0.0618912187389623,3.1181818181818097
BAA-1605|BAA-1710,BAA-1605,BAA-1710,Acinetobacter baumannii,99.73,354,342,0,0,0.9997229661095208,0.9844545454545456,0.9844545454545456,345,0.0313636363636363,9.222014353271746e-05,0.0152601450181508,110,0.0210231322328254,3.13636363636363
BAA-1605|BAA-1710,BAA-1605,BAA-1710,Acinetobacter baumannii,99.73,355,343,0,0,0.9999076553698404,0.9844545454545456,0.9844545454545456,343,0.0311818181818181,2.6544841628006743e-05,0.0087738172876649,9,0.066932146451802,3.1181818181818097
BAA-1605|BAA-1710,BAA-1605,BAA-1710,Acinetobacter baumannii,99.73,356,344,0,0,1.0,0.9844545454545456,0.9844545454545456,342,0.031090909090909,4.776477204249119e-05,0.0161173428199578,66,0.0028505046527365,3.1090909090909
BAA-1605|BAA-1710,BAA-1605,BAA-1710,Acinetobacter baumannii,99.73,357,345,0,0,0.9998153107396804,0.9844545454545456,0.9844545454545456,344,0.0312727272727272,4.25820634757379e-05,0.0120637320934487,72,0.0027301878071169,3.1272727272727203
BAA-1605|BAA-1710,BAA-1605,BAA-1710,Acinetobacter baumannii,99.73,358,346,0,0,0.9998153107396804,0.9844545454545456,0.9844545454545456,344,0.0312727272727272,2.0141584551547357e-05,0.0068307565300336,236,0.0017930405017134,3.1272727272727203
BAA-1605|BAA-1710,BAA-1605,BAA-1710,Acinetobacter baumannii,99.73,359,347,0,0,0.9999076553698404,0.9844545454545456,0.9844545454545456,343,0.0311818181818181,9.631383720487552e-05,0.0202848338530402,272,0.005043805412503,3.1181818181818097
BAA-1605|BAA-1710,BAA-1605,BAA-1710,Acinetobacter baumannii,99.73,360,348,0,0,0.9999076553698404,0.9844545454545456,0.9844545454545456,343,0.0311818181818181,1.8062549703490305e-05,0.0061145559986908,226,0.0039138366721748,3.1181818181818097
BAA-1605|BAA-1710,BAA-1605,BAA-1710,Acinetobacter baumannii,99.73,361,349,0,0,0.9999076553698404,0.9844545454545456,0.9844545454545456,343,0.0311818181818181,3.880694458580081e-05,0.0104232053301711,182,0.0934524888249793,3.1181818181818097
BAA-1605|BAA-1710,BAA-1605,BAA-1710,Acinetobacter baumannii,99.73,362,350,0,0,1.0,0.9844545454545456,0.9844545454545456,342,0.031090909090909,4.553284982833361e-06,0.0032662637311434,156,0.0527954168511222,3.1090909090909
BAA-1605|BAA-1710,BAA-1605,BAA-1710,Acinetobacter baumannii,99.73,363,351,0,0,1.0,0.9844545454545456,0.9844545454545456,342,0.031090909090909,6.23965779192881e-05,0.0166950670884056,258,0.0030548029011856,3.1090909090909
BAA-1605|BAA-1710,BAA-1605,BAA-1710,Acinetobacter baumannii,99.73,364,352,0,0,1.0,0.9844545454545456,0.9844545454545456,342,0.031090909090909,1.7773080113192563e-05,0.0118055294193473,53,0.0089932167493982,3.1090909090909
BAA-1605|BAA-1710,BAA-1605,BAA-1710,Acinetobacter baumannii,99.73,365,353,0,0,1.0,0.9844545454545456,0.9844545454545456,342,0.031090909090909,1.3053866618206731e-05,0.0091457107890067,360,0.0191210110927381,3.1090909090909
BAA-1605|BAA-1710,BAA-1605,BAA-1710,Acinetobacter baumannii,99.73,366,354,0,0,1.0,0.9844545454545456,0.9844545454545456,342,0.031090909090909,6.505880115637019e-06,0.0076339386357341,75,0.0082081469581154,3.1090909090909
BAA-1605|BAA-1710,BAA-1605,BAA-1710,Acinetobacter baumannii,99.73,367,355,0,0,0.9997230428360414,0.9844545454545456,0.9847272727272728,342,0.031090909090909,3.438517058829138e-05,0.0160330253878422,223,0.0269065131240615,3.1090909090909
BAA-1605|BAA-1710,BAA-1605,BAA-1710,Acinetobacter baumannii,99.73,368,356,0,0,1.0,0.9847272727272728,0.9847272727272728,336,0.0305454545454545,7.510047878567239e-05,0.0181296567178806,240,0.0644977923907722,3.0545454545454502
BAA-1605|BAA-1710,BAA-1605,BAA-1710,Acinetobacter baumannii,99.73,369,357,0,0,0.9999076809453472,0.9847272727272728,0.9847272727272728,337,0.0306363636363636,0.0001186904553545,0.0154115822117086,145,0.0107880594748206,3.06363636363636
BAA-1605|BAA-1710,BAA-1605,BAA-1710,Acinetobacter baumannii,99.73,370,358,0,0,1.0,0.9847272727272728,0.9847272727272728,336,0.0305454545454545,8.508254174666163e-05,0.015193809171083,53,0.0049488078972085,3.0545454545454502
BAA-1605|BAA-1710,BAA-1605,BAA-1710,Acinetobacter baumannii,99.73,371,359,0,0,1.0,0.9847272727272728,0.9847272727272728,336,0.0305454545454545,4.202842775358207e-06,0.0035298871189215,80,0.0016914918335552,3.0545454545454502
BAA-1605|BAA-1710,BAA-1605,BAA-1710,Acinetobacter baumannii,99.73,372,360,0,0,0.9999076809453472,0.9847272727272728,0.9847272727272728,337,0.0306363636363636,4.640298128300024e-06,0.0034914048466971,227,0.0088016387041549,3.06363636363636
BAA-1605|BAA-1710,BAA-1605,BAA-1710,Acinetobacter baumannii,99.73,373,361,0,0,0.9987075332348596,0.9847272727272728,0.9847272727272728,350,0.0318181818181818,1.2664109439786133e-05,0.0051514605455223,343,0.0003812372544692,3.18181818181818
BAA-1605|BAA-1710,BAA-1605,BAA-1710,Acinetobacter baumannii,99.73,374,362,0,0,0.999169205206314,0.9847272727272728,0.9848181818181818,344,0.0312727272727272,2.472514935780712e-05,0.0164387254135797,251,0.111863853427838,3.1272727272727203
BAA-1683|BAA-1707,BAA-1683,BAA-1707,Staphylococcus aureus,99.99,1,1,0,0,0.9999090909090907,1.0,1.0,1,9.09090909090909e-05,4.165604765349329e-06,0.0069484655708957,267,0.0828430626229698,0.00909090909090909
BAA-1683|BAA-1707,BAA-1683,BAA-1707,Staphylococcus aureus,99.99,126,126,0,0,1.0,0.976,0.976,528,0.048,7.72441013285885e-06,0.0064618149567381,167,0.128555292390925,4.8
BAA-1683|BAA-1707,BAA-1683,BAA-1707,Staphylococcus aureus,99.99,127,127,0,0,1.0,0.976,0.976,528,0.048,7.327689999403475e-05,0.0123838128179985,181,0.0143776532193726,4.8
BAA-1683|BAA-1707,BAA-1683,BAA-1707,Staphylococcus aureus,99.99,128,128,0,0,1.0,0.976,0.976,528,0.048,4.031944289129008e-05,0.0121596325596536,227,0.0070706063822129,4.8
BAA-1683|BAA-1707,BAA-1683,BAA-1707,Staphylococcus aureus,99.99,129,129,0,0,0.9999068641147434,0.976,0.9760909090909092,528,0.048,0.0002010406658881,0.0227117740199495,4,0.0097995117064835,4.8
BAA-1683|BAA-1707,BAA-1683,BAA-1707,Staphylococcus aureus,99.99,130,130,0,0,0.9999068641147434,0.976,0.9760909090909092,528,0.048,4.841654437037768e-06,0.0052392729297807,156,0.0045780251115078,4.8
BAA-1683|BAA-1707,BAA-1683,BAA-1707,Staphylococcus aureus,99.99,131,131,0,0,1.0,0.9760909090909092,0.9760909090909092,526,0.0478181818181818,0.000176012955752,0.0209013759558946,261,0.0068257538603979,4.78181818181818
BAA-1683|BAA-1707,BAA-1683,BAA-1707,Staphylococcus aureus,99.99,132,132,0,0,1.0,0.9760909090909092,0.9760909090909092,526,0.0478181818181818,7.254074635043573e-05,0.0122278659949105,92,0.0046987422724333,4.78181818181818
BAA-1683|BAA-1707,BAA-1683,BAA-1707,Staphylococcus aureus,99.99,133,133,0,0,1.0,0.9760909090909092,0.9760909090909092,526,0.0478181818181818,0.0002463156446399,0.0224559293886561,69,0.0125686903651904,4.78181818181818
BAA-1683|BAA-1707,BAA-1683,BAA-1707,Staphylococcus aureus,99.99,134,134,0,0,0.9999068641147434,0.9760909090909092,0.9760909090909092,527,0.0479090909090909,4.496926577501892e-05,0.0104510450704342,120,0.009936160908593,4.79090909090909
BAA-1683|BAA-1707,BAA-1683,BAA-1707,Staphylococcus aureus,99.99,135,135,0,0,0.9996274564589736,0.9760909090909092,0.9757272727272728,534,0.0485454545454545,7.373388300213612e-05,0.0198208232537888,155,0.0323106866515905,4.85454545454545
BAA-1683|BAA-1707,BAA-1683,BAA-1707,Staphylococcus aureus,99.99,136,136,0,0,0.9996274564589736,0.9760909090909092,0.9757272727272728,534,0.0485454545454545,0.0002015087777704,0.0224964690980789,240,0.0154472193276136,4.85454545454545
BAA-1683|BAA-1707,BAA-1683,BAA-1707,Staphylococcus aureus,99.99,137,137,0,0,0.99990682940464,0.9757272727272728,0.9757272727272728,535,0.0486363636363636,1.7769051417371173e-05,0.0069653785271193,154,0.0188809025898208,4.863636363636361
BAA-1683|BAA-1707,BAA-1683,BAA-1707,Staphylococcus aureus,99.99,138,138,0,0,0.99990682940464,0.9757272727272728,0.9757272727272728,535,0.0486363636363636,6.250114199446433e-05,0.0115683420081845,227,0.002319549121415,4.863636363636361
BAA-1683|BAA-1707,BAA-1683,BAA-1707,Staphylococcus aureus,99.99,139,139,0,0,0.99990682940464,0.9757272727272728,0.9757272727272728,535,0.0486363636363636,0.0001675417983041,0.0186406289911293,89,0.0335402318454417,4.863636363636361
BAA-1683|BAA-1707,BAA-1683,BAA-1707,Staphylococcus aureus,99.99,140,140,0,0,1.0,0.9757272727272728,0.9757272727272728,534,0.0485454545454545,3.5274579907373926e-05,0.0099378822653154,124,0.020424219859218,4.85454545454545
BAA-1683|BAA-1707,BAA-1683,BAA-1707,Staphylococcus aureus,99.99,141,141,0,0,1.0,0.9757272727272728,0.9757272727272728,534,0.0485454545454545,0.0001658661680467,0.0195542227016263,273,0.0104135311076127,4.85454545454545
BAA-1683|BAA-1707,BAA-1683,BAA-1707,Staphylococcus aureus,99.99,142,142,0,0,1.0,0.9757272727272728,0.9757272727272728,534,0.0485454545454545,2.081965404121533e-05,0.008801675379392,124,0.0288558809606978,4.85454545454545
BAA-1683|BAA-1707,BAA-1683,BAA-1707,Staphylococcus aureus,99.99,143,143,0,0,0.99990682940464,0.9757272727272728,0.9757272727272728,535,0.0486363636363636,3.265051206013947e-05,0.0091896532280277,47,0.1255976386053561,4.863636363636361
BAA-1683|BAA-1707,BAA-1683,BAA-1707,Staphylococcus aureus,99.99,144,144,0,0,1.0,0.9757272727272728,0.9757272727272728,534,0.0485454545454545,7.238480030258287e-06,0.004702708057054,279,0.0485278015307326,4.85454545454545
BAA-1683|BAA-1707,BAA-1683,BAA-1707,Staphylococcus aureus,99.99,145,145,0,0,1.0,0.9757272727272728,0.9757272727272728,534,0.0485454545454545,3.4661459414664364e-05,0.0083511994963981,235,0.0075365270238298,4.85454545454545
BAA-1683|BAA-1707,BAA-1683,BAA-1707,Staphylococcus aureus,99.99,146,146,0,0,0.9998136588092796,0.9757272727272728,0.9757272727272728,536,0.0487272727272727,9.179247061019692e-05,0.013558926325181,204,0.0073761816896573,4.87272727272727
BAA-1696|BAA-1707,BAA-1696,BAA-1707,Staphylococcus aureus,99.98,1,1,0,0,0.9998181818181818,1.0,1.0,2,0.0001818181818181,1.8536418535664008e-06,0.0020631923416355,132,0.1213228199698895,0.01818181818181
BAA-1696|BAA-1707,BAA-1696,BAA-1707,Staphylococcus aureus,99.98,236,236,0,0,1.0,0.9932727272727272,0.9932727272727272,148,0.0134545454545454,3.7979181486180735e-05,0.0087595118096038,116,0.0078844067767496,1.34545454545454
BAA-1696|BAA-1707,BAA-1696,BAA-1707,Staphylococcus aureus,99.98,237,237,0,0,1.0,0.9932727272727272,0.9932727272727272,148,0.0134545454545454,1.234096607549695e-05,0.0053068917764583,229,0.0017924776464723,1.34545454545454
BAA-1696|BAA-1707,BAA-1696,BAA-1707,Staphylococcus aureus,99.98,238,238,0,0,0.9999084751967784,0.9932727272727272,0.9932727272727272,149,0.0135454545454545,1.7819248600892124e-05,0.0060175162732112,98,0.044065250396268,1.35454545454545
BAA-1696|BAA-1707,BAA-1696,BAA-1707,Staphylococcus aureus,99.98,239,239,0,0,0.999725450718404,0.9933636363636364,0.9932727272727272,150,0.0136363636363636,4.325084565848236e-05,0.0102650015092642,271,0.0093538024056696,1.36363636363636
BAA-1696|BAA-1707,BAA-1696,BAA-1707,Staphylococcus aureus,99.98,240,240,0,0,0.9996339677891656,0.9934545454545456,0.9933636363636364,149,0.0135454545454545,2.1503560212798867e-05,0.0088482538368755,1,0.1207050041851842,1.35454545454545
BAA-1696|BAA-1707,BAA-1696,BAA-1707,Staphylococcus aureus,99.98,241,241,0,0,0.9999084919472914,0.9934545454545456,0.9933636363636364,146,0.0132727272727272,9.562101117510656e-05,0.014302800796356,87,0.0410694120385317,1.32727272727272
BAA-1696|BAA-1707,BAA-1696,BAA-1707,Staphylococcus aureus,99.98,242,242,0,0,0.9998169838945828,0.9934545454545456,0.9934545454545456,146,0.0132727272727272,1.6255334420733902e-05,0.006425167353567,74,0.0199811629012622,1.32727272727272
BAA-1696|BAA-1707,BAA-1696,BAA-1707,Staphylococcus aureus,99.98,243,243,0,0,0.98781707427948,0.9943636363636364,0.9934545454545456,268,0.0243636363636363,3.199594383263005e-05,0.0080454938194803,54,0.0290600642293665,2.43636363636363
BAA-1696|BAA-1707,BAA-1696,BAA-1707,Staphylococcus aureus,99.98,244,244,0,0,0.9999085756079722,0.9943636363636364,0.9943636363636364,125,0.0113636363636363,8.130655458016278e-06,0.0041629913088174,236,0.0066691917276955,1.13636363636363
BAA-1696|BAA-1707,BAA-1696,BAA-1707,Staphylococcus aureus,99.98,245,245,0,0,0.9997257268239166,0.9943636363636364,0.9943636363636364,127,0.0115454545454545,6.822972601572275e-06,0.0037021654749518,171,0.0200064853411596,1.1545454545454499
BAA-1696|BAA-1707,BAA-1696,BAA-1707,Staphylococcus aureus,99.98,246,246,0,0,0.9998171512159444,0.9943636363636364,0.9943636363636364,126,0.0114545454545454,6.658669215564572e-06,0.0041150427204537,229,0.0121537075627219,1.14545454545454
BAA-1696|BAA-1707,BAA-1696,BAA-1707,Staphylococcus aureus,99.98,247,247,0,0,1.0,0.9943636363636364,0.9943636363636364,124,0.0112727272727272,1.2350604758459838e-05,0.0054597582143963,166,0.010395595072984,1.12727272727272
BAA-1696|BAA-1707,BAA-1696,BAA-1707,Staphylococcus aureus,99.98,248,248,0,0,0.993874565734138,0.9883636363636364,0.9943636363636364,225,0.0204545454545454,1.2972182109827202e-05,0.0050939195290545,94,0.0834688526059805,2.04545454545454
BAA-1696|BAA-1707,BAA-1696,BAA-1707,Staphylococcus aureus,99.98,249,249,0,0,0.99378314134211,0.9883636363636364,0.9943636363636364,258,0.0234545454545454,1.1736594441202897e-05,0.0057901812836435,35,0.0187631692802151,2.3454545454545404
BAA-1696|BAA-1707,BAA-1696,BAA-1707,Staphylococcus aureus,99.98,250,250,0,0,1.0,0.9883636363636364,0.9883636363636364,256,0.0232727272727272,1.0420836759172936e-05,0.0052579392051997,177,0.0279226995722983,2.32727272727272
BAA-1696|BAA-1707,BAA-1696,BAA-1707,Staphylococcus aureus,99.98,251,251,0,0,0.9999080206033848,0.9882727272727272,0.9883636363636364,258,0.0234545454545454,0.0001109489364116,0.0175040941084867,208,0.0086460986064635,2.3454545454545404
BAA-1696|BAA-1707,BAA-1696,BAA-1707,Staphylococcus aureus,99.98,252,252,0,0,1.0,0.9882727272727272,0.9882727272727272,258,0.0234545454545454,2.8839259363588887e-05,0.0078173576549182,115,0.0466730673608558,2.3454545454545404
BAA-1696|BAA-1707,BAA-1696,BAA-1707,Staphylococcus aureus,99.98,253,253,0,0,1.0,0.9882727272727272,0.9882727272727272,258,0.0234545454545454,4.385683022356535e-05,0.0095226370959706,241,0.0118313115509829,2.3454545454545404
BAA-1696|BAA-1707,BAA-1696,BAA-1707,Staphylococcus aureus,99.98,254,254,0,0,1.0,0.9882727272727272,0.9882727272727272,258,0.0234545454545454,5.758752305795589e-06,0.0036912018917674,7,0.0001689294158435,2.3454545454545404
BAA-1696|BAA-1707,BAA-1696,BAA-1707,Staphylococcus aureus,99.98,255,255,0,0,1.0,0.9882727272727272,0.9882727272727272,258,0.0234545454545454,3.6489775900094834e-05,0.0087462422671974,198,0.0387962311051384,2.3454545454545404
BAA-1696|BAA-1707,BAA-1696,BAA-1707,Staphylococcus aureus,99.98,256,256,0,0,1.0,0.9882727272727272,0.9882727272727272,258,0.0234545454545454,1.4361806817575484e-05,0.0075969384110704,233,0.029315074775485,2.3454545454545404
BAA-1696|BAA-1707,BAA-1696,BAA-1707,Staphylococcus aureus,99.98,257,257,0,0,1.0,0.9882727272727272,0.9882727272727272,258,0.0234545454545454,7.228898476485668e-06,0.0039640080996117,184,0.0415113459062934,2.3454545454545404
BAA-1696|BAA-1707,BAA-1696,BAA-1707,Staphylococcus aureus,99.98,258,258,0,0,1.0,0.9882727272727272,0.9882727272727272,258,0.0234545454545454,5.555153407077462e-05,0.0110613227684064,245,0.1180719620228806,2.3454545454545404
BAA-1696|BAA-1707,BAA-1696,BAA-1707,Staphylococcus aureus,99.98,259,259,0,0,0.9998160242847944,0.9882727272727272,0.9882727272727272,260,0.0236363636363636,3.656612465152698e-05,0.0109190387285531,35,0.067220099276009,2.36363636363636
BAA-1696|BAA-1707,BAA-1696,BAA-1707,Staphylococcus aureus,99.98,260,260,0,0,0.9997240364271917,0.9882727272727272,0.9882727272727272,261,0.0237272727272727,3.369625288018874e-05,0.0144233867499878,267,0.0069552131145889,2.37272727272727
BAA-1696|BAA-1707,BAA-1696,BAA-1707,Staphylococcus aureus,99.98,261,261,0,0,0.9998160242847944,0.9882727272727272,0.9882727272727272,260,0.0236363636363636,0.0001586113166278,0.0178540716581956,44,0.0059288904350449,2.36363636363636
BAA-1696|BAA-1707,BAA-1696,BAA-1707,Staphylococcus aureus,99.98,262,262,0,0,1.0,0.9882727272727272,0.9882727272727272,258,0.0234545454545454,4.2874750689647634e-05,0.009387127004148,135,0.0277154535942223,2.3454545454545404
BAA-1696|BAA-1707,BAA-1696,BAA-1707,Staphylococcus aureus,99.98,263,263,0,0,1.0,0.9882727272727272,0.9882727272727272,258,0.0234545454545454,2.2648223347854213e-05,0.0136638656981408,276,0.0116158866098093,2.3454545454545404
BAA-1696|BAA-1707,BAA-1696,BAA-1707,Staphylococcus aureus,99.98,264,264,0,0,0.9999080121423972,0.9882727272727272,0.9882727272727272,259,0.0235454545454545,7.348696504305696e-05,0.0179772260243679,18,0.084775766262411,2.35454545454545
BAA-1696|BAA-1707,BAA-1696,BAA-1707,Staphylococcus aureus,99.98,265,265,0,0,1.0,0.9882727272727272,0.9882727272727272,258,0.0234545454545454,9.488546939007136e-05,0.0137876158672712,260,0.0205670846070661,2.3454545454545404
BAA-1696|BAA-1707,BAA-1696,BAA-1707,Staphylococcus aureus,99.98,266,266,0,0,0.9999080121423972,0.9882727272727272,0.9882727272727272,259,0.0235454545454545,1.4892453593651211e-05,0.0054579581341223,37,0.0462181832558508,2.35454545454545
BAA-1696|BAA-1707,BAA-1696,BAA-1707,Staphylococcus aureus,99.98,267,267,0,0,0.9999080121423972,0.9882727272727272,0.9882727272727272,259,0.0235454545454545,4.192572128958183e-05,0.0099704472651416,215,0.0121948405865661,2.35454545454545
BAA-1696|BAA-1707,BAA-1696,BAA-1707,Staphylococcus aureus,99.98,268,268,0,0,0.9998160242847944,0.9882727272727272,0.9882727272727272,260,0.0236363636363636,3.267335100498592e-05,0.0096630103342927,32,0.0181238580866882,2.36363636363636
BAA-1696|BAA-1707,BAA-1696,BAA-1707,Staphylococcus aureus,99.98,269,269,0,0,1.0,0.9882727272727272,0.9882727272727272,258,0.0234545454545454,4.152823612546541e-06,0.0067845483069398,38,0.0007978820475008,2.3454545454545404
BAA-1696|BAA-1707,BAA-1696,BAA-1707,Staphylococcus aureus,99.98,270,270,0,0,0.9999080121423972,0.9882727272727272,0.9882727272727272,259,0.0235454545454545,5.792359190293084e-06,0.0051274121900446,182,0.0440895533013223,2.35454545454545
BAA-1696|BAA-1707,BAA-1696,BAA-1707,Staphylococcus aureus,99.98,271,271,0,0,1.0,0.9882727272727272,0.9882727272727272,258,0.0234545454545454,4.196709806669752e-05,0.0103558114342073,37,0.0230575107189653,2.3454545454545404
BAA-1696|BAA-1707,BAA-1696,BAA-1707,Staphylococcus aureus,99.98,272,272,0,0,0.9999080121423972,0.9882727272727272,0.9882727272727272,259,0.0235454545454545,7.071404247316337e-05,0.0144144620545591,72,0.0153715387367505,2.35454545454545
BAA-1696|BAA-1707,BAA-1696,BAA-1707,Staphylococcus aureus,99.98,273,273,0,0,0.9999080121423972,0.9882727272727272,0.9882727272727272,259,0.0235454545454545,2.901492722806598e-05,0.0082273129058274,167,0.01718602406357,2.35454545454545
BAA-1696|BAA-1707,BAA-1696,BAA-1707,Staphylococcus aureus,99.98,274,274,0,0,0.9994480728543832,0.9881818181818182,0.9882727272727272,265,0.024090909090909,5.908753443795156e-05,0.0169630655618132,56,0.0064189571502969,2.4090909090909
BAA-1696|BAA-1707,BAA-1696,BAA-1707,Staphylococcus aureus,99.98,275,275,0,0,0.9999080036798528,0.9881818181818182,0.9881818181818182,261,0.0237272727272727,6.257197100234535e-06,0.0096120815400395,27,0.0389536187815729,2.37272727272727
BAA-1696|BAA-1707,BAA-1696,BAA-1707,Staphylococcus aureus,99.98,276,276,0,0,1.0,0.9881818181818182,0.9881818181818182,260,0.0236363636363636,4.519443659645184e-06,0.0058531813627033,15,0.2043549363585612,2.36363636363636
BAA-1696|BAA-1707,BAA-1696,BAA-1707,Staphylococcus aureus,99.98,277,277,0,0,0.9999080036798528,0.9881818181818182,0.9881818181818182,261,0.0237272727272727,8.583916627946664e-06,0.0050517857146221,115,0.0136805809410526,2.37272727272727
BAA-1696|BAA-1707,BAA-1696,BAA-1707,Staphylococcus aureus,99.98,278,278,0,0,0.9999080036798528,0.9881818181818182,0.9881818181818182,261,0.0237272727272727,2.24568161586447e-05,0.0084335057101769,86,0.0314420012288687,2.37272727272727
BAA-1696|BAA-1707,BAA-1696,BAA-1707,Staphylococcus aureus,99.98,279,279,0,0,0.9999080036798528,0.9881818181818182,0.9881818181818182,261,0.0237272727272727,2.5091557344980583e-05,0.0073449273168712,228,0.0053363478481075,2.37272727272727
BAA-1696|BAA-1707,BAA-1696,BAA-1707,Staphylococcus aureus,99.98,280,280,0,0,0.9999080036798528,0.9881818181818182,0.9881818181818182,261,0.0237272727272727,4.882104051495695e-05,0.0102226530494124,192,0.023944757376396,2.37272727272727
BAA-1705|BAA-2146,BAA-1705,BAA-2146,Klebsiella pneumoniae,99.63,3,191,0,0,0.9932607090103396,0.9846363636363636,0.9847272727272728,409,0.0371818181818181,5.842124165722496e-05,0.0120379846904013,365,0.0054392709506576,3.7181818181818103
BAA-1705|BAA-2146,BAA-1705,BAA-2146,Klebsiella pneumoniae,99.63,4,192,0,0,0.9957533234859676,0.9847272727272728,0.9846363636363636,383,0.0348181818181818,1.1206914729555706e-05,0.0051227266539028,388,0.001517635462409,3.4818181818181797
BAA-1705|BAA-2146,BAA-1705,BAA-2146,Klebsiella pneumoniae,99.63,5,193,0,0,0.9934453471196456,0.9846363636363636,0.9847272727272728,407,0.037,1.5755172241171955e-05,0.0084979964792476,165,0.0061443722339447,3.6999999999999997
BAA-1705|BAA-2146,BAA-1705,BAA-2146,Klebsiella pneumoniae,99.63,6,194,0,0,0.994362292051756,0.9836363636363636,0.9835454545454544,397,0.036090909090909,3.58828246354026e-05,0.0144996084008031,253,0.0316488444968851,3.6090909090909
BAA-1705|BAA-2146,BAA-1705,BAA-2146,Klebsiella pneumoniae,99.63,7,195,0,0,0.9950143107746284,0.9846363636363636,0.9846363636363636,390,0.0354545454545454,4.3687914006440565e-06,0.0030105891315304,250,0.0145496840564854,3.5454545454545396
BAA-1705|BAA-2146,BAA-1705,BAA-2146,Klebsiella pneumoniae,99.63,8,196,0,0,0.9960299141353522,0.9846363636363636,0.9846363636363636,381,0.0346363636363636,8.612199829172162e-06,0.0045817377419577,408,0.0118930809939449,3.46363636363636
BAA-1705|BAA-2146,BAA-1705,BAA-2146,Klebsiella pneumoniae,99.63,9,197,0,0,0.9959375865571046,0.9846363636363636,0.9845454545454544,383,0.0348181818181818,4.888117026269345e-05,0.013935842136094,250,0.010258961322625,3.4818181818181797
BAA-1705|BAA-2146,BAA-1705,BAA-2146,Klebsiella pneumoniae,99.63,10,198,0,0,0.9961218836565096,0.9845454545454544,0.9844545454545456,383,0.0348181818181818,7.019644041372786e-06,0.0047731335508007,73,0.0120206996680656,3.4818181818181797
BAA-1705|BAA-2146,BAA-1705,BAA-2146,Klebsiella pneumoniae,99.63,11,199,0,0,0.9975990396158464,0.9844545454545456,0.9844545454545456,368,0.0334545454545454,8.22211643369819e-06,0.0042105044534643,285,0.0031405327548829,3.3454545454545395
BAA-1705|BAA-2146,BAA-1705,BAA-2146,Klebsiella pneumoniae,99.63,12,200,0,0,0.9957544993077988,0.9844545454545456,0.985,381,0.0346363636363636,5.390544789873886e-06,0.0107871117309714,165,5.449889936148811e-05,3.46363636363636
BAA-1705|BAA-2146,BAA-1705,BAA-2146,Klebsiella pneumoniae,99.63,13,201,0,0,0.9949238578680204,0.985,0.985,385,0.035,3.694789572805668e-05,0.0126906831653536,287,0.0014515000717502,3.5000000000000004
BAA-1705|BAA-2146,BAA-1705,BAA-2146,Klebsiella pneumoniae,99.63,14,202,0,0,0.9967697277341948,0.985,0.984909090909091,366,0.0332727272727272,4.257316472355832e-06,0.0037549970818013,456,0.0016378790816673,3.3272727272727196
BAA-1705|BAA-2146,BAA-1705,BAA-2146,Klebsiella pneumoniae,99.63,15,203,0,0,0.99593871146391,0.984909090909091,0.984909090909091,376,0.0341818181818181,0.0001113077726525,0.0161632627417214,208,0.0829079258121433,3.41818181818181
BAA-1705|BAA-2146,BAA-1705,BAA-2146,Klebsiella pneumoniae,99.63,16,204,0,0,0.991785120915636,0.984909090909091,0.9843636363636364,426,0.0387272727272727,1.839088052313365e-05,0.0166255789292751,65,0.0159421549327306,3.87272727272727
BAA-1705|BAA-2146,BAA-1705,BAA-2146,Klebsiella pneumoniae,99.63,17,205,0,0,0.9931557528671846,0.9820909090909092,0.982909090909091,408,0.037090909090909,1.7159946419376126e-05,0.0059433682269364,527,0.0205939400944057,3.7090909090909
BAA-1705|BAA-2146,BAA-1705,BAA-2146,Klebsiella pneumoniae,99.63,18,206,0,0,0.992988283051942,0.9851818181818182,0.9852727272727272,401,0.0364545454545454,1.247088820011122e-05,0.0051814014714359,342,0.0437689362588112,3.6454545454545397
BAA-1705|BAA-2146,BAA-1705,BAA-2146,Klebsiella pneumoniae,99.63,19,207,0,0,0.9871818517152342,0.9851818181818182,0.9857272727272728,459,0.0417272727272727,1.0134080221879673e-05,0.0057463517200972,16,0.144771448772258,4.17272727272727
BAA-1705|BAA-2814,BAA-1705,BAA-2814,Klebsiella pneumoniae,99.98,372,23,0,0,1.0,0.9864545454545456,0.9864545454545456,298,0.027090909090909,1.659465759340506e-05,0.008137510748065,33,0.0036880013774841,2.7090909090909
BAA-1705|BAA-2814,BAA-1705,BAA-2814,Klebsiella pneumoniae,99.98,373,24,0,0,1.0,0.9864545454545456,0.9864545454545456,298,0.027090909090909,1.4281303732599504e-05,0.005958491780647,18,0.0022085681609979,2.7090909090909
BAA-1705|BAA-2814,BAA-1705,BAA-2814,Klebsiella pneumoniae,99.98,374,25,0,0,1.0,0.9864545454545456,0.9864545454545456,298,0.027090909090909,3.280669330296693e-05,0.0084927713637774,236,0.0007287105794893,2.7090909090909
BAA-1705|BAA-2814,BAA-1705,BAA-2814,Klebsiella pneumoniae,99.98,375,26,0,0,0.9999078425951524,0.9864545454545456,0.9864545454545456,299,0.0271818181818181,2.31836259318996e-05,0.0068516788490771,534,0.001121189457572,2.71818181818181
BAA-1705|BAA-2814,BAA-1705,BAA-2814,Klebsiella pneumoniae,99.98,376,27,0,0,1.0,0.9864545454545456,0.9864545454545456,298,0.027090909090909,1.5609420953133224e-05,0.0056824295800865,243,0.0021592729780037,2.7090909090909
BAA-1705|BAA-2814,BAA-1705,BAA-2814,Klebsiella pneumoniae,99.98,377,28,0,0,1.0,0.9864545454545456,0.9864545454545456,298,0.027090909090909,3.089840719483483e-05,0.0117251026106354,35,0.0014424725702485,2.7090909090909
BAA-1705|BAA-2814,BAA-1705,BAA-2814,Klebsiella pneumoniae,99.98,378,29,0,0,1.0,0.9864545454545456,0.9864545454545456,298,0.027090909090909,2.326983025668916e-05,0.0068589751165998,380,0.0013859667053555,2.7090909090909
BAA-1705|BAA-2814,BAA-1705,BAA-2814,Klebsiella pneumoniae,99.98,379,30,0,0,1.0,0.9864545454545456,0.9864545454545456,298,0.027090909090909,2.1086788927093814e-05,0.0069644912213766,168,0.0032285069707425,2.7090909090909
BAA-1705|BAA-2814,BAA-1705,BAA-2814,Klebsiella pneumoniae,99.98,380,31,0,0,1.0,0.9864545454545456,0.9864545454545456,298,0.027090909090909,3.0821916008783035e-05,0.0078545355288446,414,0.0053740043619217,2.7090909090909
BAA-1705|BAA-2814,BAA-1705,BAA-2814,Klebsiella pneumoniae,99.98,381,32,0,0,0.9999078425951524,0.9864545454545456,0.9864545454545456,299,0.0271818181818181,1.040752108694143e-05,0.0064462619859487,385,0.0128047094207166,2.71818181818181
BAA-1705|BAA-2814,BAA-1705,BAA-2814,Klebsiella pneumoniae,99.98,382,33,0,0,1.0,0.9864545454545456,0.9864545454545456,298,0.027090909090909,5.903924464978338e-06,0.004071780751416,62,0.0005995225452444,2.7090909090909
BAA-1705|BAA-2814,BAA-1705,BAA-2814,Klebsiella pneumoniae,99.98,383,34,0,0,1.0,0.9864545454545456,0.9864545454545456,298,0.027090909090909,1.03756375505748e-05,0.0046204012050031,12,0.0345261226447174,2.7090909090909
BAA-1705|BAA-2814,BAA-1705,BAA-2814,Klebsiella pneumoniae,99.98,384,35,0,0,0.9999078425951524,0.9864545454545456,0.9864545454545456,299,0.0271818181818181,9.161111590438864e-06,0.0086585165388002,61,0.0005722829909939,2.71818181818181
BAA-1705|BAA-2814,BAA-1705,BAA-2814,Klebsiella pneumoniae,99.98,385,36,0,0,1.0,0.9864545454545456,0.9864545454545456,298,0.027090909090909,2.6054779553419397e-05,0.0111533234782126,460,0.0005524179866978,2.7090909090909
BAA-1705|BAA-2814,BAA-1705,BAA-2814,Klebsiella pneumoniae,99.98,386,37,0,0,1.0,0.9864545454545456,0.9864545454545456,298,0.027090909090909,2.562703290454049e-05,0.0100161386750273,113,0.005691204009774,2.7090909090909
BAA-1705|BAA-2814,BAA-1705,BAA-2814,Klebsiella pneumoniae,99.98,387,38,0,0,1.0,0.9864545454545456,0.9864545454545456,298,0.027090909090909,1.0317655067315634e-05,0.006555352420295,87,0.0232184795552589,2.7090909090909
BAA-1705|BAA-2814,BAA-1705,BAA-2814,Klebsiella pneumoniae,99.98,388,39,0,0,1.0,0.9864545454545456,0.9864545454545456,298,0.027090909090909,7.642913794070338e-06,0.006762951108015,271,0.0871411848043388,2.7090909090909
BAA-1705|BAA-2814,BAA-1705,BAA-2814,Klebsiella pneumoniae,99.98,389,40,0,0,1.0,0.9864545454545456,0.9864545454545456,298,0.027090909090909,2.4044184974147957e-06,0.0022764607631231,416,0.0073391967115378,2.7090909090909
BAA-1705|BAA-2814,BAA-1705,BAA-2814,Klebsiella pneumoniae,99.98,390,41,0,0,1.0,0.9864545454545456,0.9864545454545456,298,0.027090909090909,1.8734781500939768e-05,0.0068911993269793,73,0.037039585266333,2.7090909090909
BAA-1705|BAA-2814,BAA-1705,BAA-2814,Klebsiella pneumoniae,99.98,391,42,0,0,1.0,0.9864545454545456,0.9864545454545456,298,0.027090909090909,9.444805921243749e-06,0.0098641852959698,289,0.0357471653565979,2.7090909090909
BAA-1705|BAA-2814,BAA-1705,BAA-2814,Klebsiella pneumoniae,99.98,392,43,0,0,1.0,0.9864545454545456,0.9864545454545456,298,0.027090909090909,5.9139825530074575e-06,0.0043507851433717,365,0.0359894348486439,2.7090909090909
BAA-1705|BAA-2814,BAA-1705,BAA-2814,Klebsiella pneumoniae,99.98,393,44,0,0,1.0,0.9864545454545456,0.9864545454545456,298,0.027090909090909,5.077579654511055e-06,0.0036348010258996,99,0.0263799309333808,2.7090909090909
BAA-1705|BAA-2814,BAA-1705,BAA-2814,Klebsiella pneumoniae,99.98,394,45,0,0,0.9995392129757626,0.9864545454545456,0.9864545454545456,303,0.0275454545454545,1.6982880151061863e-05,0.0087674376562197,494,0.0058453868303671,2.75454545454545
BAA-1705|BAA-2814,BAA-1705,BAA-2814,Klebsiella pneumoniae,99.98,395,46,0,0,1.0,0.9864545454545456,0.9864545454545456,298,0.027090909090909,6.270806157449016e-06,0.0076104503304496,39,0.0251537689463636,2.7090909090909
BAA-1705|BAA-2814,BAA-1705,BAA-2814,Klebsiella pneumoniae,99.98,396,47,0,0,0.9999078425951524,0.9864545454545456,0.9864545454545456,299,0.0271818181818181,6.55311944126602e-05,0.0119296328777237,115,0.001330435520119,2.71818181818181
BAA-1705|BAA-2814,BAA-1705,BAA-2814,Klebsiella pneumoniae,99.98,397,48,0,0,0.9999078425951524,0.9864545454545456,0.9864545454545456,299,0.0271818181818181,5.9872202217148285e-06,0.0061515928236005,180,0.0200940178062229,2.71818181818181
BAA-1705|BAA-2814,BAA-1705,BAA-2814,Klebsiella pneumoniae,99.98,398,49,0,0,1.0,0.9864545454545456,0.9864545454545456,298,0.027090909090909,5.110431437360674e-06,0.0034134079278165,408,0.0011687091773915,2.7090909090909
BAA-1705|BAA-2814,BAA-1705,BAA-2814,Klebsiella pneumoniae,99.98,399,50,0,0,1.0,0.9864545454545456,0.9864545454545456,298,0.027090909090909,5.150422874145022e-05,0.0138699737419679,142,0.0143050142621726,2.7090909090909
BAA-1705|BAA-2814,BAA-1705,BAA-2814,Klebsiella pneumoniae,99.98,400,51,0,0,1.0,0.9864545454545456,0.9864545454545456,298,0.027090909090909,3.240300884721492e-06,0.0027048035542399,188,0.0886438692511337,2.7090909090909
BAA-1705|BAA-2814,BAA-1705,BAA-2814,Klebsiella pneumoniae,99.98,401,52,0,0,1.0,0.9864545454545456,0.9864545454545456,298,0.027090909090909,3.028389479631244e-06,0.0056445202713675,341,0.0057149115430719,2.7090909090909
BAA-1705|BAA-2814,BAA-1705,BAA-2814,Klebsiella pneumoniae,99.98,402,53,0,0,1.0,0.9864545454545456,0.9864545454545456,298,0.027090909090909,1.6862362038461143e-05,0.0062398925942309,365,0.0025096968131677,2.7090909090909
BAA-1705|BAA-2814,BAA-1705,BAA-2814,Klebsiella pneumoniae,99.98,403,54,0,0,1.0,0.9864545454545456,0.9864545454545456,298,0.027090909090909,1.327201548984025e-05,0.0053478306645143,8,0.0083351834469416,2.7090909090909
BAA-1705|BAA-2814,BAA-1705,BAA-2814,Klebsiella pneumoniae,99.98,404,55,0,0,1.0,0.9864545454545456,0.9864545454545456,298,0.027090909090909,6.67873287600873e-05,0.0138886162049516,123,0.0066339838971711,2.7090909090909
BAA-1705|BAA-2814,BAA-1705,BAA-2814,Klebsiella pneumoniae,99.98,405,56,0,0,0.9999078425951524,0.9864545454545456,0.9864545454545456,299,0.0271818181818181,3.525113028368665e-05,0.0116049052574755,519,0.0002429229025052,2.71818181818181
BAA-1705|BAA-2814,BAA-1705,BAA-2814,Klebsiella pneumoniae,99.98,406,57,0,0,0.9999078425951524,0.9864545454545456,0.9864545454545456,299,0.0271818181818181,1.782435020991624e-05,0.0115624025866973,40,0.0016137641612281,2.71818181818181
BAA-1705|BAA-2814,BAA-1705,BAA-2814,Klebsiella pneumoniae,99.98,407,58,0,0,1.0,0.9864545454545456,0.9864545454545456,298,0.027090909090909,1.398295732069066e-05,0.0072540747908081,421,0.0041588841410752,2.7090909090909
BAA-1705|BAA-2814,BAA-1705,BAA-2814,Klebsiella pneumoniae,99.98,408,59,0,0,1.0,0.9864545454545456,0.9864545454545456,298,0.027090909090909,1.0985404301333546e-05,0.0052313889784132,361,0.0306918217863501,2.7090909090909
BAA-1705|BAA-2814,BAA-1705,BAA-2814,Klebsiella pneumoniae,99.98,409,60,0,0,1.0,0.9864545454545456,0.9864545454545456,298,0.027090909090909,6.060512373295968e-05,0.0125461314609685,505,0.0048933787230271,2.7090909090909
BAA-1705|BAA-2814,BAA-1705,BAA-2814,Klebsiella pneumoniae,99.98,410,61,0,0,1.0,0.9864545454545456,0.9864545454545456,298,0.027090909090909,4.962594528645781e-06,0.0038434831584331,485,0.0250347139261079,2.7090909090909
BAA-1705|BAA-2814,BAA-1705,BAA-2814,Klebsiella pneumoniae,99.98,411,62,0,0,0.9999078425951524,0.9864545454545456,0.9864545454545456,299,0.0271818181818181,4.470268739953376e-06,0.0045716128511772,124,0.0074364619299314,2.71818181818181
BAA-1705|BAA-2814,BAA-1705,BAA-2814,Klebsiella pneumoniae,99.98,412,63,0,0,0.9999078425951524,0.9864545454545456,0.9864545454545456,299,0.0271818181818181,2.968441001449662e-06,0.0025957496290481,369,0.0047233724867062,2.71818181818181
BAA-1705|BAA-2814,BAA-1705,BAA-2814,Klebsiella pneumoniae,99.98,413,64,0,0,1.0,0.9864545454545456,0.9864545454545456,298,0.027090909090909,6.0027753023050856e-05,0.0134327537869881,543,0.0023593780393744,2.7090909090909
BAA-1705|BAA-2814,BAA-1705,BAA-2814,Klebsiella pneumoniae,99.98,414,65,0,0,1.0,0.9864545454545456,0.9864545454545456,298,0.027090909090909,1.9379943017372447e-05,0.0090160449148603,130,0.0090386861845918,2.7090909090909
BAA-1705|BAA-2814,BAA-1705,BAA-2814,Klebsiella pneumoniae,99.98,415,66,0,0,1.0,0.9864545454545456,0.9864545454545456,298,0.027090909090909,3.510170510212518e-05,0.0141402622406974,286,0.0018075745130177,2.7090909090909
BAA-1705|BAA-2814,BAA-1705,BAA-2814,Klebsiella pneumoniae,99.98,416,67,0,0,1.0,0.9864545454545456,0.9864545454545456,298,0.027090909090909,2.2512931315166185e-05,0.0095662655140582,536,0.0007096891198492,2.7090909090909
BAA-1705|BAA-2814,BAA-1705,BAA-2814,Klebsiella pneumoniae,99.98,417,68,0,0,1.0,0.9864545454545456,0.9864545454545456,298,0.027090909090909,3.962775749544178e-06,0.0037024259775158,57,0.0130197100536255,2.7090909090909
BAA-1705|BAA-2814,BAA-1705,BAA-2814,Klebsiella pneumoniae,99.98,418,69,0,0,1.0,0.9864545454545456,0.9864545454545456,298,0.027090909090909,6.946013059838663e-06,0.0041509378476663,318,0.0023179950380407,2.7090909090909
BAA-1705|BAA-2814,BAA-1705,BAA-2814,Klebsiella pneumoniae,99.98,419,70,0,0,1.0,0.9864545454545456,0.9864545454545456,298,0.027090909090909,2.150388344390741e-06,0.0020791207572031,55,0.0003684403913173,2.7090909090909
BAA-1705|BAA-2814,BAA-1705,BAA-2814,Klebsiella pneumoniae,99.98,420,71,0,0,1.0,0.9864545454545456,0.9864545454545456,298,0.027090909090909,5.15718849292135e-06,0.0033425859846222,214,0.002435369575821,2.7090909090909
BAA-1705|BAA-2814,BAA-1705,BAA-2814,Klebsiella pneumoniae,99.98,421,72,0,0,1.0,0.9864545454545456,0.9864545454545456,298,0.027090909090909,4.577266247585143e-05,0.0134254200014066,4,0.0004459682843291,2.7090909090909
BAA-1705|BAA-2814,BAA-1705,BAA-2814,Klebsiella pneumoniae,99.98,422,73,0,0,0.9999078425951524,0.9864545454545456,0.9864545454545456,299,0.0271818181818181,3.13161289142716e-05,0.0115460250562416,382,0.0026505554828363,2.71818181818181
BAA-1705|BAA-2814,BAA-1705,BAA-2814,Klebsiella pneumoniae,99.98,423,74,0,0,0.9991709653647752,0.9866363636363636,0.9864545454545456,305,0.0277272727272727,1.631672022772701e-05,0.0057912184005953,342,0.1166693517083048,2.7727272727272703
BAA-1705|BAA-2814,BAA-1705,BAA-2814,Klebsiella pneumoniae,99.98,424,75,0,0,1.0,0.9866363636363636,0.9866363636363636,294,0.0267272727272727,3.792514167111349e-05,0.0205449654230347,310,0.0323829113765685,2.67272727272727
BAA-1705|BAA-2814,BAA-1705,BAA-2814,Klebsiella pneumoniae,99.98,425,76,0,0,1.0,0.9866363636363636,0.9866363636363636,294,0.0267272727272727,3.424775906202271e-06,0.0027438130082024,37,0.1493928354497486,2.67272727272727
BAA-1705|BAA-2814,BAA-1705,BAA-2814,Klebsiella pneumoniae,99.98,426,77,0,0,1.0,0.9866363636363636,0.9866363636363636,294,0.0267272727272727,5.486815323307859e-06,0.0034903598778469,326,0.1705126045422144,2.67272727272727
BAA-1705|BAA-2814,BAA-1705,BAA-2814,Klebsiella pneumoniae,99.98,427,78,0,0,1.0,0.9866363636363636,0.9866363636363636,294,0.0267272727272727,1.165487710563795e-05,0.0050454015889519,450,0.2283647243272477,2.67272727272727
BAA-1705|BAA-2814,BAA-1705,BAA-2814,Klebsiella pneumoniae,99.98,428,79,0,0,1.0,0.9866363636363636,0.9866363636363636,294,0.0267272727272727,0.0001194684855054,0.0165959898092748,31,0.0420979854829782,2.67272727272727
BAA-1705|BAA-2814,BAA-1705,BAA-2814,Klebsiella pneumoniae,99.98,429,80,0,0,1.0,0.9866363636363636,0.9866363636363636,294,0.0267272727272727,1.2207364533889375e-05,0.0058148584368772,399,0.0052296380452863,2.67272727272727
BAA-1705|BAA-2814,BAA-1705,BAA-2814,Klebsiella pneumoniae,99.98,430,81,0,0,1.0,0.9866363636363636,0.9866363636363636,294,0.0267272727272727,5.11950759847224e-05,0.0110445343161524,473,0.0139759675437021,2.67272727272727
BAA-1705|BAA-2814,BAA-1705,BAA-2814,Klebsiella pneumoniae,99.98,431,82,0,0,1.0,0.9866363636363636,0.9866363636363636,294,0.0267272727272727,1.1432640168451693e-05,0.0100375862360545,477,0.0050389610491445,2.67272727272727
BAA-1705|BAA-2814,BAA-1705,BAA-2814,Klebsiella pneumoniae,99.98,432,83,0,0,1.0,0.9866363636363636,0.9866363636363636,294,0.0267272727272727,7.929778700344059e-06,0.008324131505905,498,0.0004689461400118,2.67272727272727
BAA-1705|BAA-2814,BAA-1705,BAA-2814,Klebsiella pneumoniae,99.98,433,84,0,0,1.0,0.9866363636363636,0.9866363636363636,294,0.0267272727272727,4.244317044488355e-06,0.0041532153765568,312,0.0059879103908264,2.67272727272727
BAA-1705|BAA-2814,BAA-1705,BAA-2814,Klebsiella pneumoniae,99.98,434,85,0,0,1.0,0.9866363636363636,0.9866363636363636,294,0.0267272727272727,6.523412261172368e-05,0.0161161940176263,461,0.0021409631894528,2.67272727272727
BAA-1705|BAA-2814,BAA-1705,BAA-2814,Klebsiella pneumoniae,99.98,435,86,0,0,1.0,0.9866363636363636,0.9866363636363636,294,0.0267272727272727,1.264905495956814e-05,0.0050318174857053,325,0.0012036788652017,2.67272727272727
BAA-1705|BAA-2814,BAA-1705,BAA-2814,Klebsiella pneumoniae,99.98,436,87,0,0,1.0,0.9866363636363636,0.9866363636363636,294,0.0267272727272727,8.496754350550972e-06,0.0043800141137288,232,0.0259899359729959,2.67272727272727
BAA-1705|BAA-2814,BAA-1705,BAA-2814,Klebsiella pneumoniae,99.98,437,88,0,0,1.0,0.9866363636363636,0.9866363636363636,294,0.0267272727272727,3.481029600793661e-06,0.0028362755547225,416,0.0018875517424244,2.67272727272727
BAA-1705|BAA-2814,BAA-1705,BAA-2814,Klebsiella pneumoniae,99.98,438,89,0,0,1.0,0.9866363636363636,0.9866363636363636,294,0.0267272727272727,4.622983586832774e-06,0.0042179577640565,226,0.001915507647427,2.67272727272727
BAA-1705|BAA-2814,BAA-1705,BAA-2814,Klebsiella pneumoniae,99.98,439,90,0,0,0.9999078595779968,0.9865454545454544,0.9866363636363636,296,0.0269090909090909,2.410876699288078e-05,0.0070560518513669,436,0.0301770224068782,2.69090909090909
BAA-1705|BAA-2814,BAA-1705,BAA-2814,Klebsiella pneumoniae,99.98,440,91,0,0,1.0,0.9865454545454544,0.9865454545454544,296,0.0269090909090909,6.026980291462536e-05,0.0111280272768969,108,0.0010782056840263,2.69090909090909
BAA-1705|BAA-2814,BAA-1705,BAA-2814,Klebsiella pneumoniae,99.98,441,92,0,0,1.0,0.9865454545454544,0.9865454545454544,296,0.0269090909090909,3.026603547195972e-05,0.0090666423679593,439,0.0485412737034407,2.69090909090909
BAA-1705|BAA-2814,BAA-1705,BAA-2814,Klebsiella pneumoniae,99.98,442,93,0,0,1.0,0.9865454545454544,0.9865454545454544,296,0.0269090909090909,7.90361861180422e-06,0.0073256463728,85,0.0006217856593009,2.69090909090909
BAA-1705|BAA-2814,BAA-1705,BAA-2814,Klebsiella pneumoniae,99.98,443,94,0,0,1.0,0.9865454545454544,0.9865454545454544,296,0.0269090909090909,9.459507802178637e-06,0.006628409505948,519,0.0031392580417736,2.69090909090909
BAA-1705|BAA-2814,BAA-1705,BAA-2814,Klebsiella pneumoniae,99.98,444,95,0,0,1.0,0.9865454545454544,0.9865454545454544,296,0.0269090909090909,7.101689322830396e-06,0.0052120409930584,405,0.1121579933132785,2.69090909090909
BAA-1705|BAA-2814,BAA-1705,BAA-2814,Klebsiella pneumoniae,99.98,445,96,0,0,1.0,0.9865454545454544,0.9865454545454544,296,0.0269090909090909,3.388730288378383e-06,0.0028072951777605,369,0.0003744802223417,2.69090909090909
BAA-1705|BAA-2814,BAA-1705,BAA-2814,Klebsiella pneumoniae,99.98,446,97,0,0,1.0,0.9865454545454544,0.9865454545454544,296,0.0269090909090909,6.500650886254178e-06,0.0039656516473123,273,0.005679446122863,2.69090909090909
BAA-1705|BAA-2814,BAA-1705,BAA-2814,Klebsiella pneumoniae,99.98,447,98,0,0,1.0,0.9865454545454544,0.9865454545454544,296,0.0269090909090909,2.675462390910877e-05,0.0112583188727749,485,0.0057080117835651,2.69090909090909
BAA-1705|BAA-2814,BAA-1705,BAA-2814,Klebsiella pneumoniae,99.98,463,114,0,0,0.9999078510873572,0.9865454545454544,0.9865454545454544,297,0.027,5.907935107907214e-06,0.0042204160549775,196,0.0010569235489226,2.7
BAA-1705|BAA-2814,BAA-1705,BAA-2814,Klebsiella pneumoniae,99.98,464,115,0,0,0.9999078510873572,0.9865454545454544,0.9865454545454544,297,0.027,4.287574881134404e-06,0.003224631234183,9,0.0007284444437434,2.7
BAA-1705|BAA-2814,BAA-1705,BAA-2814,Klebsiella pneumoniae,99.98,465,116,0,0,1.0,0.9865454545454544,0.9865454545454544,296,0.0269090909090909,1.0195017160818942e-05,0.0082752170657509,0,0.0009134023211054,2.69090909090909
BAA-1705|BAA-2814,BAA-1705,BAA-2814,Klebsiella pneumoniae,99.98,466,117,0,0,0.9999078510873572,0.9865454545454544,0.9865454545454544,297,0.027,1.1203194266951044e-05,0.0048090046434973,540,0.0108225304697597,2.7
BAA-1705|BAA-2814,BAA-1705,BAA-2814,Klebsiella pneumoniae,99.98,467,118,0,0,1.0,0.9865454545454544,0.9865454545454544,296,0.0269090909090909,7.278548957323494e-06,0.0047002230398005,123,0.006683979351685,2.69090909090909
BAA-1705|BAA-2814,BAA-1705,BAA-2814,Klebsiella pneumoniae,99.98,468,119,0,0,1.0,0.9865454545454544,0.9865454545454544,296,0.0269090909090909,5.270162840687043e-06,0.0046620870170316,503,0.011627550161787,2.69090909090909
BAA-1705|BAA-2814,BAA-1705,BAA-2814,Klebsiella pneumoniae,99.98,469,120,0,0,1.0,0.9865454545454544,0.9865454545454544,296,0.0269090909090909,5.220497167957028e-05,0.0103275798794133,498,0.0581360227434476,2.69090909090909
BAA-1705|BAA-2814,BAA-1705,BAA-2814,Klebsiella pneumoniae,99.98,470,121,0,0,0.9999078510873572,0.9865454545454544,0.9865454545454544,297,0.027,7.022162994185788e-05,0.0121178603780714,132,0.1000625210728953,2.7
BAA-1705|BAA-2814,BAA-1705,BAA-2814,Klebsiella pneumoniae,99.98,471,122,0,0,0.9999078510873572,0.9865454545454544,0.9865454545454544,297,0.027,8.121209721823064e-06,0.0120589788642895,305,0.0342350653512385,2.7
BAA-1705|BAA-2814,BAA-1705,BAA-2814,Klebsiella pneumoniae,99.98,472,123,0,0,1.0,0.9865454545454544,0.9865454545454544,296,0.0269090909090909,7.0040000641480304e-06,0.006807468879598,434,0.0072540946080683,2.69090909090909
BAA-1705|BAA-2814,BAA-1705,BAA-2814,Klebsiella pneumoniae,99.98,473,124,0,0,1.0,0.9865454545454544,0.9865454545454544,296,0.0269090909090909,3.964630001629388e-06,0.0053334046186919,357,0.0128740424740162,2.69090909090909
BAA-1705|BAA-2814,BAA-1705,BAA-2814,Klebsiella pneumoniae,99.98,474,125,0,0,1.0,0.9865454545454544,0.9865454545454544,296,0.0269090909090909,6.426514041069087e-05,0.0150194929437291,308,0.0059209168024384,2.69090909090909
BAA-1705|BAA-2814,BAA-1705,BAA-2814,Klebsiella pneumoniae,99.98,475,126,0,0,1.0,0.9865454545454544,0.9865454545454544,296,0.0269090909090909,3.848893232127892e-06,0.0030493050821643,447,0.0175354802762921,2.69090909090909
BAA-1705|BAA-2814,BAA-1705,BAA-2814,Klebsiella pneumoniae,99.98,476,127,0,0,1.0,0.9865454545454544,0.9865454545454544,296,0.0269090909090909,5.460481489971691e-06,0.0074409175566121,324,0.0046739917291079,2.69090909090909
BAA-1705|BAA-2814,BAA-1705,BAA-2814,Klebsiella pneumoniae,99.98,477,128,0,0,1.0,0.9865454545454544,0.9865454545454544,296,0.0269090909090909,2.943452592329976e-06,0.002426790794315,360,0.0048672227123869,2.69090909090909
BAA-1705|BAA-2814,BAA-1705,BAA-2814,Klebsiella pneumoniae,99.98,478,129,0,0,0.9998157021747144,0.9865454545454544,0.9865454545454544,298,0.027090909090909,1.4031735570907422e-05,0.0105534166359101,528,0.0004240763896348,2.7090909090909
BAA-1705|BAA-2814,BAA-1705,BAA-2814,Klebsiella pneumoniae,99.98,479,130,0,0,0.9996314043494288,0.9865454545454544,0.9865454545454544,300,0.0272727272727272,7.425589332754612e-06,0.0057801642549771,154,0.0075862469082235,2.72727272727272
BAA-1705|BAA-2814,BAA-1705,BAA-2814,Klebsiella pneumoniae,99.98,480,131,0,0,1.0,0.9865454545454544,0.9865454545454544,296,0.0269090909090909,9.731707441229531e-06,0.0054756079583421,69,0.0002205030739076,2.69090909090909
BAA-1705|BAA-2814,BAA-1705,BAA-2814,Klebsiella pneumoniae,99.98,481,132,0,0,1.0,0.9865454545454544,0.9865454545454544,296,0.0269090909090909,2.01976826212924e-05,0.0078784483764449,23,0.0101674145511228,2.69090909090909
BAA-1705|BAA-2814,BAA-1705,BAA-2814,Klebsiella pneumoniae,99.98,482,133,0,0,1.0,0.9865454545454544,0.9865454545454544,296,0.0269090909090909,7.128943006806665e-06,0.0048033679076128,228,0.004523953322417,2.69090909090909
BAA-1705|BAA-2814,BAA-1705,BAA-2814,Klebsiella pneumoniae,99.98,483,134,0,0,1.0,0.9865454545454544,0.9865454545454544,296,0.0269090909090909,2.928663546086785e-05,0.0082790539372559,88,0.0012617959559542,2.69090909090909
BAA-1705|BAA-2814,BAA-1705,BAA-2814,Klebsiella pneumoniae,99.98,484,135,0,0,1.0,0.9865454545454544,0.9865454545454544,296,0.0269090909090909,1.7195004184511475e-05,0.0058643264429129,84,0.0134858592262978,2.69090909090909
BAA-1705|BAA-2814,BAA-1705,BAA-2814,Klebsiella pneumoniae,99.98,485,136,0,0,1.0,0.9865454545454544,0.9865454545454544,296,0.0269090909090909,5.331720517975924e-06,0.003642714255894,484,0.0092655662311226,2.69090909090909
BAA-1705|BAA-2814,BAA-1705,BAA-2814,Klebsiella pneumoniae,99.98,486,137,0,0,1.0,0.9865454545454544,0.9865454545454544,296,0.0269090909090909,6.482750829484019e-06,0.0041002782327384,282,0.0060033081698317,2.69090909090909
BAA-1705|BAA-2814,BAA-1705,BAA-2814,Klebsiella pneumoniae,99.98,487,138,0,0,1.0,0.9865454545454544,0.9865454545454544,296,0.0269090909090909,1.7556031756793544e-05,0.0062933183415188,56,0.0013036792388921,2.69090909090909
BAA-1705|BAA-2814,BAA-1705,BAA-2814,Klebsiella pneumoniae,99.98,488,139,0,0,0.9998157021747144,0.9864545454545456,0.9865454545454544,299,0.0271818181818181,8.410865538377443e-06,0.0042063924306414,338,0.0078637080897213,2.71818181818181
BAA-1705|BAA-2814,BAA-1705,BAA-2814,Klebsiella pneumoniae,99.98,492,143,0,0,1.0,0.9992727272727272,0.9992727272727272,16,0.0014545454545454,3.942549937518969e-06,0.0028233412825962,295,0.0200329738561136,0.14545454545454
BAA-1705|BAA-2814,BAA-1705,BAA-2814,Klebsiella pneumoniae,99.98,493,144,0,0,1.0,0.9992727272727272,0.9992727272727272,16,0.0014545454545454,4.10940019679451e-06,0.0031624355742446,221,0.0108478472905788,0.14545454545454
BAA-1705|BAA-2814,BAA-1705,BAA-2814,Klebsiella pneumoniae,99.98,494,145,0,0,1.0,0.9992727272727272,0.9992727272727272,16,0.0014545454545454,2.072447808698641e-06,0.002197707560563,176,0.0025278081672752,0.14545454545454
BAA-1705|BAA-2814,BAA-1705,BAA-2814,Klebsiella pneumoniae,99.98,495,146,0,0,1.0,0.9992727272727272,0.9992727272727272,16,0.0014545454545454,4.151253411022182e-06,0.0029670689461898,91,0.0005528733760542,0.14545454545454
BAA-1705|BAA-2814,BAA-1705,BAA-2814,Klebsiella pneumoniae,99.98,496,147,0,0,1.0,0.9992727272727272,0.9992727272727272,16,0.0014545454545454,3.134493954060069e-06,0.0028797689857319,395,0.0094744982651802,0.14545454545454
BAA-1705|BAA-2814,BAA-1705,BAA-2814,Klebsiella pneumoniae,99.98,497,148,0,0,1.0,0.9992727272727272,0.9992727272727272,16,0.0014545454545454,4.403292645394075e-06,0.0036576323952515,265,0.0050810009356218,0.14545454545454
BAA-1705|BAA-2814,BAA-1705,BAA-2814,Klebsiella pneumoniae,99.98,498,149,0,0,1.0,0.9992727272727272,0.9992727272727272,16,0.0014545454545454,9.242468308467976e-07,0.0013710252473611,538,0.010779808132423,0.14545454545454
BAA-1705|BAA-2814,BAA-1705,BAA-2814,Klebsiella pneumoniae,99.98,499,150,0,0,1.0,0.9992727272727272,0.9992727272727272,16,0.0014545454545454,3.944743807049456e-06,0.0033748569505944,368,0.0070530005519378,0.14545454545454
BAA-1705|BAA-2814,BAA-1705,BAA-2814,Klebsiella pneumoniae,99.98,500,151,0,0,1.0,0.9992727272727272,0.9992727272727272,16,0.0014545454545454,4.148966755712635e-06,0.0031207455120236,152,0.0008868523277636,0.14545454545454
BAA-1705|BAA-2814,BAA-1705,BAA-2814,Klebsiella pneumoniae,99.98,501,152,0,0,1.0,0.9992727272727272,0.9992727272727272,16,0.0014545454545454,4.722543416435521e-06,0.003159858417893,301,0.0528236210305406,0.14545454545454
BAA-1705|BAA-2814,BAA-1705,BAA-2814,Klebsiella pneumoniae,99.98,502,153,0,0,1.0,0.9992727272727272,0.9992727272727272,16,0.0014545454545454,1.168721862065958e-06,0.0015618426467739,271,0.0282346819056475,0.14545454545454
BAA-1705|BAA-2814,BAA-1705,BAA-2814,Klebsiella pneumoniae,99.98,503,154,0,0,1.0,0.9992727272727272,0.9992727272727272,16,0.0014545454545454,3.4168756972707826e-06,0.002949915081163,149,0.0009880246664233,0.14545454545454
BAA-1705|BAA-2814,BAA-1705,BAA-2814,Klebsiella pneumoniae,99.98,504,155,0,0,1.0,0.9992727272727272,0.9992727272727272,16,0.0014545454545454,3.467333433926356e-06,0.0026898228617025,217,0.0041202762888192,0.14545454545454
BAA-1705|BAA-2814,BAA-1705,BAA-2814,Klebsiella pneumoniae,99.98,505,156,0,0,1.0,0.9992727272727272,0.9992727272727272,16,0.0014545454545454,9.650112899883825e-07,0.0014266409476319,115,0.0031162557780372,0.14545454545454
BAA-1705|BAA-2814,BAA-1705,BAA-2814,Klebsiella pneumoniae,99.98,506,157,0,0,1.0,0.9992727272727272,0.9992727272727272,16,0.0014545454545454,2.097369758424783e-06,0.0020491314789926,504,0.0151704004122315,0.14545454545454
BAA-1705|BAA-2814,BAA-1705,BAA-2814,Klebsiella pneumoniae,99.98,507,158,0,0,1.0,0.9992727272727272,0.9992727272727272,16,0.0014545454545454,2.0207701895147423e-06,0.0020203412240992,168,0.0012460864829283,0.14545454545454
BAA-1705|BAA-2814,BAA-1705,BAA-2814,Klebsiella pneumoniae,99.98,508,159,0,0,1.0,0.9992727272727272,0.9992727272727272,16,0.0014545454545454,3.695373488321607e-07,0.000859998109509,362,0.0115048475971497,0.14545454545454
BAA-1705|BAA-2814,BAA-1705,BAA-2814,Klebsiella pneumoniae,99.98,509,160,0,0,1.0,0.9992727272727272,0.9992727272727272,16,0.0014545454545454,9.424253166745444e-07,0.0013883060098583,236,0.0104434016979767,0.14545454545454
BAA-1705|BAA-2814,BAA-1705,BAA-2814,Klebsiella pneumoniae,99.98,510,161,0,0,1.0,0.9992727272727272,0.9992727272727272,16,0.0014545454545454,2.478924296611673e-06,0.0024074643160472,529,0.0066244585932335,0.14545454545454
BAA-1705|BAA-2814,BAA-1705,BAA-2814,Klebsiella pneumoniae,99.98,511,162,0,0,0.9999090247452692,0.9992727272727272,0.9992727272727272,17,0.0015454545454545,4.282649055387111e-06,0.0042467335779756,424,0.001135627878938,0.15454545454545002
BAA-1705|BAA-2814,BAA-1705,BAA-2814,Klebsiella pneumoniae,99.98,512,163,0,0,1.0,0.9992727272727272,0.9992727272727272,16,0.0014545454545454,1.4062681052973147e-06,0.0017553563556769,172,0.010365640945777,0.14545454545454
BAA-1705|BAA-2814,BAA-1705,BAA-2814,Klebsiella pneumoniae,99.98,513,164,0,0,0.9838270034526622,1.0,0.984909090909091,344,0.0312727272727272,6.893397846652327e-06,0.005168814889514,323,0.011003706154859,3.1272727272727203
BAA-1705|BAA-2814,BAA-1705,BAA-2814,Klebsiella pneumoniae,99.98,514,165,0,0,1.0,0.9856363636363636,0.9856363636363636,316,0.0287272727272727,7.260009941445489e-06,0.0058509617129815,0,0.001617369143392,2.87272727272727
BAA-1705|BAA-2814,BAA-1705,BAA-2814,Klebsiella pneumoniae,99.98,515,166,0,0,1.0,0.9856363636363636,0.9856363636363636,316,0.0287272727272727,5.997437552140994e-06,0.0034654644867749,164,0.0008092550662522,2.87272727272727
BAA-1705|BAA-2814,BAA-1705,BAA-2814,Klebsiella pneumoniae,99.98,516,167,0,0,1.0,0.9856363636363636,0.9856363636363636,316,0.0287272727272727,5.585379186712203e-06,0.0041157118752008,303,0.0155209921318366,2.87272727272727
BAA-1705|BAA-2814,BAA-1705,BAA-2814,Klebsiella pneumoniae,99.98,517,168,0,0,1.0,0.9856363636363636,0.9856363636363636,316,0.0287272727272727,1.2419286427811649e-05,0.0049863624748701,421,0.0017638379478663,2.87272727272727
BAA-1705|BAA-2814,BAA-1705,BAA-2814,Klebsiella pneumoniae,99.98,518,169,0,0,1.0,0.9856363636363636,0.9856363636363636,316,0.0287272727272727,1.1135908656534356e-05,0.0047335599246148,83,0.000781670499757,2.87272727272727
BAA-1705|BAA-2814,BAA-1705,BAA-2814,Klebsiella pneumoniae,99.98,519,170,0,0,1.0,0.9856363636363636,0.9856363636363636,316,0.0287272727272727,8.183347071644143e-06,0.0045678888431855,330,0.0434342104642262,2.87272727272727
BAA-1705|BAA-2814,BAA-1705,BAA-2814,Klebsiella pneumoniae,99.98,520,171,0,0,1.0,0.9856363636363636,0.9856363636363636,316,0.0287272727272727,1.2519389516074677e-05,0.0063693834384246,206,0.000736101002739,2.87272727272727
BAA-1705|BAA-2814,BAA-1705,BAA-2814,Klebsiella pneumoniae,99.98,521,172,0,0,1.0,0.9856363636363636,0.9856363636363636,316,0.0287272727272727,3.0476906918486257e-05,0.0088835122164853,446,0.0072385797224543,2.87272727272727
BAA-1705|BAA-2814,BAA-1705,BAA-2814,Klebsiella pneumoniae,99.98,522,173,0,0,1.0,0.9856363636363636,0.9856363636363636,316,0.0287272727272727,3.820690834821505e-06,0.0049353271208915,30,0.0092056818440749,2.87272727272727
BAA-1705|BAA-2814,BAA-1705,BAA-2814,Klebsiella pneumoniae,99.98,523,174,0,0,1.0,0.9856363636363636,0.9856363636363636,316,0.0287272727272727,4.463561542156214e-06,0.0035615760332187,488,0.0001789148951041,2.87272727272727
BAA-1705|BAA-2814,BAA-1705,BAA-2814,Klebsiella pneumoniae,99.98,524,175,0,0,0.99981556621173,0.9856363636363636,0.9858181818181818,316,0.0287272727272727,6.194923707747435e-05,0.0218823336202438,39,0.0024053382415651,2.87272727272727
BAA-1705|BAA-2814,BAA-1705,BAA-2814,Klebsiella pneumoniae,99.98,525,176,0,0,1.0,0.9858181818181818,0.9858181818181818,312,0.0283636363636363,7.953775237989902e-06,0.0050979299124693,68,0.0054174786231407,2.8363636363636298
BAA-1705|BAA-2814,BAA-1705,BAA-2814,Klebsiella pneumoniae,99.98,526,177,0,0,1.0,0.9858181818181818,0.9858181818181818,312,0.0283636363636363,5.791193917081827e-06,0.0034037570240612,58,0.007084636738841,2.8363636363636298
BAA-1705|BAA-2814,BAA-1705,BAA-2814,Klebsiella pneumoniae,99.98,527,178,0,0,0.9966911764705882,0.9858181818181818,0.9890909090909092,312,0.0283636363636363,0.0001363980171497,0.0184031687478548,242,0.007983747567209,2.8363636363636298
BAA-1705|BAA-2814,BAA-1705,BAA-2814,Klebsiella pneumoniae,99.98,528,179,0,0,0.999908088235294,0.9890909090909092,0.9890909090909092,241,0.0219090909090909,4.126567531304026e-05,0.0101803452961373,379,0.0055557818165836,2.19090909090909
BAA-1705|BAA-2814,BAA-1705,BAA-2814,Klebsiella pneumoniae,99.98,529,180,0,0,1.0,0.9890909090909092,0.9890909090909092,240,0.0218181818181818,4.5994234540991386e-06,0.0107736752904864,250,0.0027525720823236,2.18181818181818
BAA-1708|BAA-41,BAA-1708,BAA-41,Staphylococcus aureus,99.86,1,1,0,0,0.9998181818181818,1.0,1.0,2,0.0001818181818181,1.8634225379399183e-05,0.0149015733825738,148,0.1422770997178577,0.01818181818181
BAA-1708|BAA-41,BAA-1708,BAA-41,Staphylococcus aureus,99.86,2,2,0,0,0.9992727933824198,1.0,0.9997272727272728,11,0.001,7.68950237006738e-06,0.0041787634389712,219,0.0139601685747206,0.1
BAA-1708|BAA-41,BAA-1708,BAA-41,Staphylococcus aureus,99.86,3,3,0,0,0.9999090661089388,0.9997272727272728,0.9997272727272728,7,0.0006363636363636,2.90642516609374e-06,0.0024121660931756,39,0.020008169327937,0.06363636363636
BAA-1708|BAA-41,BAA-1708,BAA-41,Staphylococcus aureus,99.86,4,4,0,0,1.0,0.9997272727272728,0.9997272727272728,6,0.0005454545454545,8.944025843282688e-07,0.0013382815833873,183,0.0061285803166879,0.054545454545450005
BAA-1708|BAA-41,BAA-1708,BAA-41,Staphylococcus aureus,99.86,5,5,0,0,1.0,0.9997272727272728,0.9997272727272728,6,0.0005454545454545,2.925193514524693e-06,0.0026224975833447,71,0.0065875602639439,0.054545454545450005
BAA-1708|BAA-41,BAA-1708,BAA-41,Staphylococcus aureus,99.86,6,6,0,0,0.9999090661089388,0.9997272727272728,0.9997272727272728,7,0.0006363636363636,2.866345988339347e-06,0.0026334744055238,9,0.0363086126735747,0.06363636363636
BAA-1708|BAA-41,BAA-1708,BAA-41,Staphylococcus aureus,99.86,7,7,0,0,0.9999090661089388,0.9997272727272728,0.9997272727272728,7,0.0006363636363636,4.411359395772863e-06,0.0033098845547289,284,0.0027392261144321,0.06363636363636
BAA-1708|BAA-41,BAA-1708,BAA-41,Staphylococcus aureus,99.86,8,8,0,0,0.9998181322178776,0.9997272727272728,0.9997272727272728,8,0.0007272727272727,2.4167182812728782e-06,0.0022034192608453,250,0.0123543773378667,0.07272727272727
BAA-1708|BAA-41,BAA-1708,BAA-41,Staphylococcus aureus,99.86,9,9,0,0,1.0,0.9997272727272728,0.9997272727272728,6,0.0005454545454545,8.135063964243017e-06,0.0041211409277613,173,0.0213564931372209,0.054545454545450005
BAA-1708|BAA-41,BAA-1708,BAA-41,Staphylococcus aureus,99.86,10,10,0,0,0.9997271983268164,0.9997272727272728,0.9997272727272728,9,0.0008181818181818,1.200482102070577e-05,0.0155917784780339,13,0.0616326231977764,0.08181818181818
BAA-1708|BAA-41,BAA-1708,BAA-41,Staphylococcus aureus,99.86,11,11,0,0,0.9999090661089388,0.9997272727272728,0.9997272727272728,7,0.0006363636363636,1.1577886030900151e-05,0.0122027766843031,23,0.0416843449815546,0.06363636363636
BAA-1708|BAA-41,BAA-1708,BAA-41,Staphylococcus aureus,99.86,12,12,0,0,0.9997271983268164,0.9997272727272728,0.9997272727272728,9,0.0008181818181818,3.460259661802745e-06,0.0028293888294994,190,0.0855098134094495,0.08181818181818
BAA-1708|BAA-41,BAA-1708,BAA-41,Staphylococcus aureus,99.86,13,13,0,0,0.9997271983268164,0.9997272727272728,0.9997272727272728,9,0.0008181818181818,1.4141347881579946e-05,0.007178020844773,71,0.0201310692029932,0.08181818181818
BAA-1708|BAA-41,BAA-1708,BAA-41,Staphylococcus aureus,99.86,14,14,0,0,0.9998181322178776,0.9997272727272728,0.9997272727272728,8,0.0007272727272727,2.3458348551885777e-05,0.0112016776322593,240,0.0006661405916581,0.07272727272727
BAA-1708|BAA-41,BAA-1708,BAA-41,Staphylococcus aureus,99.86,15,15,0,0,0.9999090661089388,0.9997272727272728,0.9997272727272728,7,0.0006363636363636,5.0092351586705774e-06,0.0038829947945143,251,0.0677018209650124,0.06363636363636
BAA-1708|BAA-41,BAA-1708,BAA-41,Staphylococcus aureus,99.86,16,16,0,0,0.9992149165848871,0.9263636363636364,0.9263636363636364,415,0.0377272727272727,0.0014045020353763,0.0554351497039415,40,0.103247729317549,3.77272727272727
BAA-1708|BAA-41,BAA-1708,BAA-41,Staphylococcus aureus,99.86,64,64,0,0,0.999630416705165,0.983909090909091,0.9838181818181818,359,0.0326363636363636,6.638780509882203e-05,0.0116137705030159,55,0.0030649894393632,3.26363636363636
BAA-1708|BAA-41,BAA-1708,BAA-41,Staphylococcus aureus,99.86,65,65,0,0,0.9997228125288736,0.983909090909091,0.9838181818181818,358,0.0325454545454545,2.5771011438413535e-05,0.0080033762921656,67,0.0266747919127839,3.2545454545454504
BAA-1708|BAA-41,BAA-1708,BAA-41,Staphylococcus aureus,99.86,66,66,0,0,0.9999076127124908,0.984,0.983909090909091,354,0.0321818181818181,7.751331194749689e-05,0.0129671662059753,239,0.0699730874955226,3.2181818181818103
BAA-1708|BAA-41,BAA-1708,BAA-41,Staphylococcus aureus,99.86,67,67,0,0,0.9998152254249816,0.984,0.984,354,0.0321818181818181,1.672385780482344e-05,0.0067074430421947,162,0.0075108362964346,3.2181818181818103
BAA-1708|BAA-41,BAA-1708,BAA-41,Staphylococcus aureus,99.86,68,68,0,0,0.9998152254249816,0.984,0.984,354,0.0321818181818181,3.830463307685772e-05,0.0099674623455186,199,0.0383991123634863,3.2181818181818103
BAA-1708|BAA-41,BAA-1708,BAA-41,Staphylococcus aureus,99.86,70,70,0,0,0.9997242140099284,0.988909090909091,0.988909090909091,247,0.0224545454545454,1.3240664951896797e-05,0.0070641497548336,138,0.0157175392475439,2.2454545454545403
BAA-1708|BAA-41,BAA-1708,BAA-41,Staphylococcus aureus,99.86,71,71,0,0,0.9997242140099284,0.988909090909091,0.988909090909091,247,0.0224545454545454,3.3796313443357207e-05,0.0089450796751646,189,0.1107403209967327,2.2454545454545403
BAA-1708|BAA-41,BAA-1708,BAA-41,Staphylococcus aureus,99.86,72,72,0,0,0.9999080713366428,0.988909090909091,0.988909090909091,245,0.0222727272727272,1.78329595648119e-05,0.0088238752401264,187,0.0052696960990193,2.22727272727272
BAA-1708|BAA-41,BAA-1708,BAA-41,Staphylococcus aureus,99.86,73,73,0,0,1.0,0.988909090909091,0.988909090909091,244,0.0221818181818181,1.3314092561556023e-05,0.0061515997232574,221,0.0196513324480493,2.2181818181818103
BAA-1708|BAA-41,BAA-1708,BAA-41,Staphylococcus aureus,99.86,74,74,0,0,0.9988968560397132,0.988909090909091,0.9878181818181818,268,0.0243636363636363,6.527702472292063e-05,0.0134961975054994,256,0.0405060176047604,2.43636363636363
BAA-1708|BAA-41,BAA-1708,BAA-41,Staphylococcus aureus,99.86,75,75,0,0,0.999907969814099,0.9878181818181818,0.9878181818181818,269,0.0244545454545454,4.104608192134762e-05,0.0132063289079427,263,0.1903538643138747,2.44545454545454
BAA-1708|BAA-41,BAA-1708,BAA-41,Staphylococcus aureus,99.86,76,76,0,0,0.999631879256396,0.9878181818181818,0.9878181818181818,272,0.0247272727272727,1.6714754652147334e-05,0.0059056957706808,247,0.0239897230898029,2.47272727272727
BAA-1708|BAA-41,BAA-1708,BAA-41,Staphylococcus aureus,99.86,77,77,0,0,0.999907969814099,0.9878181818181818,0.9878181818181818,269,0.0244545454545454,5.273331526889358e-06,0.0039770715582979,214,0.0241726337600842,2.44545454545454
BAA-1708|BAA-41,BAA-1708,BAA-41,Staphylococcus aureus,99.86,78,78,0,0,0.999815939628198,0.9878181818181818,0.9878181818181818,270,0.0245454545454545,1.576194784780327e-05,0.0058593169801392,189,0.1586513985133308,2.4545454545454497
BAA-1708|BAA-41,BAA-1708,BAA-41,Staphylococcus aureus,99.86,79,79,0,0,0.999815939628198,0.9878181818181818,0.9878181818181818,270,0.0245454545454545,1.1521997175689693e-05,0.0054018473317809,6,0.0306714785693146,2.4545454545454497
BAA-1708|BAA-41,BAA-1708,BAA-41,Staphylococcus aureus,99.86,80,80,0,0,1.0,0.9878181818181818,0.9878181818181818,268,0.0243636363636363,5.212323097858462e-05,0.0106027519047143,158,0.0081836510241622,2.43636363636363
BAA-1708|BAA-41,BAA-1708,BAA-41,Staphylococcus aureus,99.86,81,81,0,0,1.0,0.9878181818181818,0.9878181818181818,268,0.0243636363636363,1.2978349687164936e-05,0.0065703698124051,226,0.0547640087405288,2.43636363636363
BAA-1708|BAA-41,BAA-1708,BAA-41,Staphylococcus aureus,99.86,82,82,0,0,0.999815939628198,0.9878181818181818,0.9878181818181818,270,0.0245454545454545,5.517242957941981e-06,0.0074097585683096,19,0.0982237580676061,2.4545454545454497
BAA-1708|BAA-41,BAA-1708,BAA-41,Staphylococcus aureus,99.86,83,83,0,0,1.0,0.9878181818181818,0.9878181818181818,268,0.0243636363636363,1.158209798357568e-05,0.0048560290109606,264,0.0244016388749775,2.43636363636363
BAA-1708|BAA-41,BAA-1708,BAA-41,Staphylococcus aureus,99.86,84,84,0,0,1.0,0.9878181818181818,0.9878181818181818,268,0.0243636363636363,2.3232309840581777e-05,0.0075871542733985,205,0.0402183991643032,2.43636363636363
BAA-1708|BAA-41,BAA-1708,BAA-41,Staphylococcus aureus,99.86,85,85,0,0,1.0,0.9878181818181818,0.9878181818181818,268,0.0243636363636363,7.186909862344493e-06,0.0050625040053673,111,0.0027350728800851,2.43636363636363
BAA-1708|BAA-41,BAA-1708,BAA-41,Staphylococcus aureus,99.86,86,86,0,0,0.999723909442297,0.9878181818181818,0.9878181818181818,271,0.0246363636363636,2.616891454321202e-05,0.0079087024222754,54,0.0465558816081927,2.46363636363636
BAA-1708|BAA-41,BAA-1708,BAA-41,Staphylococcus aureus,99.86,87,87,0,0,1.0,0.9878181818181818,0.9878181818181818,268,0.0243636363636363,2.1053263329795516e-05,0.0067958160809037,242,0.018397607063504,2.43636363636363
BAA-1708|BAA-41,BAA-1708,BAA-41,Staphylococcus aureus,99.86,88,88,0,0,1.0,0.9878181818181818,0.9878181818181818,268,0.0243636363636363,8.615241693044062e-06,0.009329750871815,62,0.1526114080364209,2.43636363636363
BAA-1708|BAA-41,BAA-1708,BAA-41,Staphylococcus aureus,99.86,89,89,0,0,0.999907969814099,0.9878181818181818,0.9878181818181818,269,0.0244545454545454,3.783112279043266e-05,0.0108286650978279,113,0.0079257818978126,2.44545454545454
BAA-1708|BAA-41,BAA-1708,BAA-41,Staphylococcus aureus,99.86,90,90,0,0,0.999815939628198,0.9878181818181818,0.9878181818181818,270,0.0245454545454545,3.623930171559042e-05,0.0085874675913614,30,0.0334149934519594,2.4545454545454497
BAA-1708|BAA-41,BAA-1708,BAA-41,Staphylococcus aureus,99.86,91,91,0,0,0.999723909442297,0.9878181818181818,0.9878181818181818,271,0.0246363636363636,8.029701991718596e-05,0.0176133547638249,24,0.0316770756759762,2.46363636363636
BAA-1708|BAA-41,BAA-1708,BAA-41,Staphylococcus aureus,99.86,92,92,0,0,0.999723909442297,0.9878181818181818,0.9878181818181818,271,0.0246363636363636,2.207559174127738e-05,0.0092586255147245,149,0.0140906834236262,2.46363636363636
BAA-1708|BAA-41,BAA-1708,BAA-41,Staphylococcus aureus,99.86,93,93,0,0,0.9945970695970696,0.9876363636363636,0.9927272727272728,271,0.0246363636363636,1.1838046835688232e-05,0.0059645037945226,105,0.0783989509830986,2.46363636363636
BAA-1708|BAA-41,BAA-1708,BAA-41,Staphylococcus aureus,99.86,94,94,0,0,0.999816883354697,0.992909090909091,0.992909090909091,158,0.0143636363636363,2.037401155319252e-05,0.0068370288554352,43,0.0180378162846015,1.43636363636363
BAA-1708|BAA-41,BAA-1708,BAA-41,Staphylococcus aureus,99.86,95,95,0,0,0.9997253250320454,0.992909090909091,0.992909090909091,159,0.0144545454545454,1.356485905712468e-05,0.0066492800961882,175,0.0234183904726315,1.44545454545454
BAA-1708|BAA-41,BAA-1708,BAA-41,Staphylococcus aureus,99.86,96,96,0,0,1.0,0.9355454545454546,0.9355454545454546,421,0.0382727272727272,2.4934482391825163e-05,0.0070765636349182,79,0.1129669480964592,3.82727272727272
BAA-1720|BAA-1750,BAA-1720,BAA-1750,Staphylococcus aureus,99.99,0,0,0,0,0.9998181818181818,1.0,1.0,2,0.0001818181818181,4.963841158223126e-06,0.0091966821484835,241,0.1665395725298127,0.01818181818181
BAA-1720|BAA-1750,BAA-1720,BAA-1750,Staphylococcus aureus,99.99,1,1,0,0,0.9999090909090907,1.0,1.0,1,9.09090909090909e-05,4.173324862133399e-06,0.0052136731922606,144,0.0154699877292978,0.00909090909090909
BAA-1720|BAA-1750,BAA-1720,BAA-1750,Staphylococcus aureus,99.99,5,5,0,0,0.9999090909090907,1.0,1.0,1,9.09090909090909e-05,9.745219645695968e-07,0.0014321881203347,264,0.0012670057576917,0.00909090909090909
BAA-1720|BAA-1750,BAA-1720,BAA-1750,Staphylococcus aureus,99.99,6,6,0,0,0.9998181818181818,1.0,1.0,2,0.0001818181818181,3.513040956026892e-06,0.0030065368720362,106,0.0346306016056014,0.01818181818181
BAA-1794|BAA-1800,BAA-1794,BAA-1800,Acinetobacter baumannii,99.99,1,1,0,0,0.9999090909090907,1.0,1.0,1,9.09090909090909e-05,1.5132646454807386e-06,0.0018235285213904,122,0.0055467819529739,0.00909090909090909
BAA-1794|BAA-1800,BAA-1794,BAA-1800,Acinetobacter baumannii,99.99,2,2,0,0,0.9999090909090907,1.0,1.0,1,9.09090909090909e-05,2.0269668387085105e-06,0.0021545268754436,293,0.0159784049648646,0.00909090909090909
BAA-1794|BAA-1800,BAA-1794,BAA-1800,Acinetobacter baumannii,99.99,357,359,0,0,1.0,0.9828181818181818,0.9828181818181818,378,0.0343636363636363,1.2209266962326382e-05,0.0127653800893788,231,0.0011958826060847,3.43636363636363
BAA-1794|BAA-1800,BAA-1794,BAA-1800,Acinetobacter baumannii,99.99,358,360,0,0,1.0,0.9828181818181818,0.9828181818181818,378,0.0343636363636363,1.8060778251172135e-05,0.0123277818593855,330,0.0065481628647297,3.43636363636363
BAA-1794|BAA-1800,BAA-1794,BAA-1800,Acinetobacter baumannii,99.99,359,361,0,0,1.0,0.9828181818181818,0.9828181818181818,378,0.0343636363636363,5.868427682687027e-06,0.0035672739058076,301,0.0036690883623338,3.43636363636363
BAA-1794|BAA-1800,BAA-1794,BAA-1800,Acinetobacter baumannii,99.99,360,362,0,0,1.0,0.9828181818181818,0.9828181818181818,378,0.0343636363636363,1.206854476842878e-05,0.0063299414056193,113,0.0409901875021916,3.43636363636363
BAA-1794|BAA-747,BAA-1794,BAA-747,Acinetobacter baumannii,97.82,35,36,0,0,0.9862539827036868,0.9985454545454544,0.9984545454545456,184,0.0167272727272727,6.406563797467513e-06,0.004619668751472,16,0.0015667138837793,1.6727272727272697
BAA-1794|BAA-747,BAA-1794,BAA-747,Acinetobacter baumannii,97.82,227,234,0,0,0.9864815491413956,0.9952727272727272,0.9949090909090909,255,0.0231818181818181,4.387266355765362e-06,0.0031959003632519,352,0.0417332514836151,2.31818181818181
BAA-1794|BAA-747,BAA-1794,BAA-747,Acinetobacter baumannii,97.82,228,235,0,0,0.9778024417314096,0.901,0.8997272727272727,364,0.033090909090909,2.332138508231996e-05,0.0072925775875934,224,0.0011258237149325,3.3090909090908998
BAA-1794|BAA-747,BAA-1794,BAA-747,Acinetobacter baumannii,97.82,229,236,0,0,0.9792011779863796,0.9878181818181818,0.9877272727272728,314,0.0285454545454545,1.1132735562857654e-05,0.0066150922016086,165,0.0026449878912588,2.85454545454545
BAA-1794|BAA-747,BAA-1794,BAA-747,Acinetobacter baumannii,97.82,230,237,0,0,0.9756352609013909,0.8693636363636363,0.8693636363636363,406,0.0369090909090909,1.0514539654171706e-05,0.0058958951655886,49,0.0027990885608026,3.69090909090909
BAA-1794|BAA-747,BAA-1794,BAA-747,Acinetobacter baumannii,97.82,363,377,0,0,0.987866927592955,0.929,0.9289090909090908,423,0.0384545454545454,2.0587605606969817e-06,0.0020870345112459,159,0.0149621154505026,3.84545454545454
BAA-1794|BAA-747,BAA-1794,BAA-747,Acinetobacter baumannii,97.82,366,380,0,0,0.9859129162092938,0.9937272727272728,0.9934545454545456,295,0.0268181818181818,0.0002150359089597,0.0269851336961268,225,0.0009566628840835,2.68181818181818
BAA-1798|BAA-1800,BAA-1798,BAA-1800,Acinetobacter baumannii,99.57,50,296,0,0,1.0,0.9876363636363636,0.9876363636363636,272,0.0247272727272727,8.436682132240136e-06,0.0053247741811935,73,0.0119800738857173,2.47272727272727
BAA-1798|BAA-1800,BAA-1798,BAA-1800,Acinetobacter baumannii,99.57,51,297,0,0,0.9999079528718704,0.9876363636363636,0.9876363636363636,273,0.0248181818181818,1.4578551345456605e-05,0.0174692061827832,282,0.021766904693645,2.4818181818181797
BAA-1798|BAA-1800,BAA-1798,BAA-1800,Acinetobacter baumannii,99.57,52,298,0,0,0.9998159057437408,0.9876363636363636,0.9876363636363636,273,0.0248181818181818,0.000119293332442,0.0210192386037156,70,0.0288956836621016,2.4818181818181797
BAA-1798|BAA-1800,BAA-1798,BAA-1800,Acinetobacter baumannii,99.57,53,299,0,0,1.0,0.9876363636363636,0.9876363636363636,272,0.0247272727272727,3.147029709249516e-05,0.0082856439971215,312,0.1388575442393209,2.47272727272727
BAA-1798|BAA-1800,BAA-1798,BAA-1800,Acinetobacter baumannii,99.57,54,300,0,0,1.0,0.9876363636363636,0.9876363636363636,272,0.0247272727272727,5.8264154298992565e-06,0.0034728899337768,171,0.0077316753971143,2.47272727272727
BAA-1798|BAA-1800,BAA-1798,BAA-1800,Acinetobacter baumannii,99.57,55,301,0,0,0.9999079613437644,0.9876363636363636,0.9877272727272728,272,0.0247272727272727,5.284145376316385e-05,0.0152805859524023,14,0.002638034281623,2.47272727272727
BAA-1798|BAA-1800,BAA-1798,BAA-1800,Acinetobacter baumannii,99.57,74,320,0,0,1.0,0.9845454545454544,0.9845454545454544,340,0.0309090909090909,2.60979059345523e-05,0.0116255595435935,253,0.002931651862831,3.09090909090909
BAA-1798|BAA-1800,BAA-1798,BAA-1800,Acinetobacter baumannii,99.57,75,321,0,0,1.0,0.9845454545454544,0.9845454545454544,340,0.0309090909090909,1.0777556003982449e-05,0.0066679325905356,132,0.000636620851351,3.09090909090909
BAA-1798|BAA-1800,BAA-1798,BAA-1800,Acinetobacter baumannii,99.57,76,322,0,0,1.0,0.9845454545454544,0.9845454545454544,340,0.0309090909090909,8.282615680421657e-06,0.0044211635579375,263,0.0026945469121341,3.09090909090909
BAA-1798|BAA-1800,BAA-1798,BAA-1800,Acinetobacter baumannii,99.57,77,323,0,0,1.0,0.9845454545454544,0.9845454545454544,340,0.0309090909090909,6.584133839693251e-06,0.0037820261656419,65,0.0010593325973258,3.09090909090909
BAA-1798|BAA-1800,BAA-1798,BAA-1800,Acinetobacter baumannii,99.57,78,324,0,0,1.0,0.9845454545454544,0.9845454545454544,340,0.0309090909090909,1.7367074836904806e-05,0.0072244523478519,300,0.0072291364471771,3.09090909090909
BAA-1798|BAA-1800,BAA-1798,BAA-1800,Acinetobacter baumannii,99.57,88,334,0,0,1.0,0.9845454545454544,0.9845454545454544,340,0.0309090909090909,5.61046641947005e-05,0.0116689700322046,127,0.0027795021500337,3.09090909090909
BAA-1798|BAA-1800,BAA-1798,BAA-1800,Acinetobacter baumannii,99.57,89,335,0,0,0.9999076638965836,0.9845454545454544,0.9845454545454544,341,0.031,0.0001282941251402,0.0183905801980586,113,0.0295212512223137,3.1
BAA-1798|BAA-1800,BAA-1798,BAA-1800,Acinetobacter baumannii,99.57,90,336,0,0,0.9997230172652573,0.9846363636363636,0.9845454545454544,342,0.031090909090909,9.309827189429852e-05,0.0138072755010679,168,0.0104353758134525,3.1090909090909
BAA-1798|BAA-1800,BAA-1798,BAA-1800,Acinetobacter baumannii,99.57,91,337,0,0,1.0,0.9846363636363636,0.9846363636363636,338,0.0307272727272727,4.2329377494265685e-06,0.0033359916504249,384,0.0058825738098162,3.07272727272727
BAA-1798|BAA-1800,BAA-1798,BAA-1800,Acinetobacter baumannii,99.57,92,338,0,0,1.0,0.9846363636363636,0.9846363636363636,338,0.0307272727272727,6.16450326640372e-06,0.0044254769970007,259,0.0011102031276228,3.07272727272727
BAA-1798|BAA-1800,BAA-1798,BAA-1800,Acinetobacter baumannii,99.57,93,339,0,0,0.9999076724217524,0.9846363636363636,0.9846363636363636,339,0.0308181818181818,4.968770523949839e-05,0.0101048387471443,372,0.0606477214649217,3.0818181818181802
BAA-1798|BAA-1800,BAA-1798,BAA-1800,Acinetobacter baumannii,99.57,94,340,0,0,1.0,0.9846363636363636,0.9846363636363636,338,0.0307272727272727,1.0648953068459475e-05,0.0086974981814133,182,0.0075889590477769,3.07272727272727
BAA-1798|BAA-1800,BAA-1798,BAA-1800,Acinetobacter baumannii,99.57,95,341,0,0,1.0,0.9846363636363636,0.9846363636363636,338,0.0307272727272727,5.321934371260717e-05,0.0185860978834519,307,0.0269893207272492,3.07272727272727
BAA-1798|BAA-1800,BAA-1798,BAA-1800,Acinetobacter baumannii,99.57,96,342,0,0,1.0,0.9846363636363636,0.9846363636363636,338,0.0307272727272727,1.779016768743702e-05,0.006258084153877,150,0.0059890929319317,3.07272727272727
BAA-1798|BAA-1800,BAA-1798,BAA-1800,Acinetobacter baumannii,99.57,97,343,0,0,0.9999076724217524,0.9846363636363636,0.9846363636363636,339,0.0308181818181818,2.451203623832221e-05,0.0097491849398974,294,0.0091101631141248,3.0818181818181802
BAA-1798|BAA-1800,BAA-1798,BAA-1800,Acinetobacter baumannii,99.57,98,344,0,0,1.0,0.9846363636363636,0.9846363636363636,338,0.0307272727272727,2.9310373283242264e-05,0.0076885141235208,114,0.0311532282040263,3.07272727272727
BAA-1798|BAA-1800,BAA-1798,BAA-1800,Acinetobacter baumannii,99.57,99,345,0,0,1.0,0.9846363636363636,0.9846363636363636,338,0.0307272727272727,6.4028854731224e-05,0.0173521210594364,213,0.0066165341919905,3.07272727272727
BAA-1798|BAA-1800,BAA-1798,BAA-1800,Acinetobacter baumannii,99.57,100,346,0,0,1.0,0.9846363636363636,0.9846363636363636,338,0.0307272727272727,8.536239687328973e-06,0.0074529505738938,194,0.0079833282681237,3.07272727272727
BAA-1798|BAA-1800,BAA-1798,BAA-1800,Acinetobacter baumannii,99.57,101,347,0,0,0.9999076724217524,0.9845454545454544,0.9846363636363636,340,0.0309090909090909,1.9050421671606976e-05,0.0103228224267236,214,0.0051950834863273,3.09090909090909
BAA-1798|BAA-1800,BAA-1798,BAA-1800,Acinetobacter baumannii,99.57,102,348,0,0,0.9999076638965836,0.9845454545454544,0.9845454545454544,341,0.031,4.931238372107849e-05,0.0101801841676127,375,0.0017431982948246,3.1
BAA-1798|BAA-1800,BAA-1798,BAA-1800,Acinetobacter baumannii,99.57,103,349,0,0,1.0,0.9845454545454544,0.9845454545454544,340,0.0309090909090909,6.804097341261972e-05,0.013377527542704,103,0.0440825265210502,3.09090909090909
BAA-1798|BAA-1800,BAA-1798,BAA-1800,Acinetobacter baumannii,99.57,104,350,0,0,1.0,0.9845454545454544,0.9845454545454544,340,0.0309090909090909,8.931375224285887e-06,0.0044229911465129,57,0.0114071842152719,3.09090909090909
BAA-1798|BAA-1800,BAA-1798,BAA-1800,Acinetobacter baumannii,99.57,105,351,0,0,1.0,0.9845454545454544,0.9845454545454544,340,0.0309090909090909,4.2585530359628976e-05,0.0139189234770043,335,0.0009995189940866,3.09090909090909
BAA-1798|BAA-1800,BAA-1798,BAA-1800,Acinetobacter baumannii,99.57,106,352,0,0,1.0,0.9845454545454544,0.9845454545454544,340,0.0309090909090909,5.478813762715973e-05,0.0106967738763594,234,0.0032700504904847,3.09090909090909
BAA-1798|BAA-1800,BAA-1798,BAA-1800,Acinetobacter baumannii,99.57,107,353,0,0,1.0,0.9845454545454544,0.9845454545454544,340,0.0309090909090909,7.19319596920176e-06,0.0116852836068684,35,0.0236785495865561,3.09090909090909
BAA-1798|BAA-1800,BAA-1798,BAA-1800,Acinetobacter baumannii,99.57,109,355,0,0,0.9999076638965836,0.9845454545454544,0.9845454545454544,341,0.031,3.92211836190981e-05,0.0186937479573169,173,0.0053420458905627,3.1
BAA-2110|BAA-2111,BAA-2110,BAA-2111,Pseudomonas aeruginosa,99.39,0,134,0,0,0.9928446931474176,0.99,0.991,287,0.026090909090909,5.4203059836499534e-05,0.0129641846471329,33,0.019483984905132,2.6090909090909
BAA-2110|BAA-2111,BAA-2110,BAA-2111,Pseudomonas aeruginosa,99.39,1,135,0,0,0.9932966023875116,0.9894545454545456,0.99,299,0.0271818181818181,8.76802744631533e-05,0.0146631460294274,89,0.0041645778314726,2.71818181818181
BAA-2110|BAA-2111,BAA-2110,BAA-2111,Pseudomonas aeruginosa,99.39,2,136,0,0,0.9977933063626332,0.9887272727272728,0.9887272727272728,256,0.0232727272727272,5.494468840350208e-05,0.0105427564362265,269,0.0093426353502519,2.32727272727272
BAA-2110|BAA-2111,BAA-2110,BAA-2111,Pseudomonas aeruginosa,99.39,3,137,0,0,0.9960357702590578,0.9860909090909092,0.9860909090909092,275,0.025,2.5634102517768653e-05,0.0072531238485137,215,0.0018950009301885,2.5
BAA-2110|BAA-2111,BAA-2110,BAA-2111,Pseudomonas aeruginosa,99.39,4,138,0,0,0.9893421536199928,0.9894545454545456,0.9894545454545456,348,0.0316363636363636,7.144311574558415e-06,0.0038161900982299,77,0.020568819086156,3.16363636363636
BAA-2110|BAA-2114,BAA-2110,BAA-2114,Pseudomonas aeruginosa,99.48,0,0,0,0,0.9979090909090907,0.9999090909090907,1.0,24,0.0021818181818181,4.187036137914824e-06,0.0037939583807755,467,0.00983275609449,0.21818181818180998
BAA-2110|BAA-2114,BAA-2110,BAA-2114,Pseudomonas aeruginosa,99.48,1,1,0,0,0.9870920825379512,0.9979090909090907,0.9999090909090907,165,0.015,1.1036490238147678e-05,0.005022096966837,407,0.0599863874700787,1.5
BAA-2110|BAA-2114,BAA-2110,BAA-2114,Pseudomonas aeruginosa,99.48,2,2,0,0,0.9978120156805544,0.9971818181818182,0.9971818181818182,70,0.0063636363636363,5.6099860001879165e-06,0.004103793596497,453,0.0066409642110822,0.6363636363636299
BAA-2110|BAA-2114,BAA-2110,BAA-2114,Pseudomonas aeruginosa,99.48,3,3,0,0,0.9959005192675594,0.9979090909090907,0.9979090909090907,91,0.0082727272727272,8.690874894079492e-06,0.0048308573019705,532,0.0568692147275178,0.82727272727272
BAA-2110|BAA-2114,BAA-2110,BAA-2114,Pseudomonas aeruginosa,99.48,4,4,0,0,0.9899488304093568,0.9949090909090909,0.9949090909090909,162,0.0147272727272727,7.263270094037821e-06,0.0042808866903232,607,0.0201808477717126,1.47272727272727
BAA-2340|BAA-2469,BAA-2340,BAA-2469,Escherichia coli,99.95,71,71,0,0,1.0,0.9943636363636364,0.9943636363636364,124,0.0112727272727272,9.412241965600645e-06,0.0053695666028195,176,0.0015635835682046,1.12727272727272
BAA-2340|BAA-2469,BAA-2340,BAA-2469,Escherichia coli,99.95,72,72,0,0,1.0,0.9943636363636364,0.9943636363636364,124,0.0112727272727272,5.80600414021859e-05,0.0116028517717952,112,0.0101697203486278,1.12727272727272
BAA-2340|BAA-2469,BAA-2340,BAA-2469,Escherichia coli,99.95,73,73,0,0,1.0,0.9943636363636364,0.9943636363636364,124,0.0112727272727272,2.002439166137737e-05,0.00671952505449,9,0.0286152655195853,1.12727272727272
BAA-2340|BAA-2469,BAA-2340,BAA-2469,Escherichia coli,99.95,74,74,0,0,1.0,0.9943636363636364,0.9943636363636364,124,0.0112727272727272,3.7863832157536415e-05,0.0091703243423936,393,0.0272526585556782,1.12727272727272
BAA-2340|BAA-2469,BAA-2340,BAA-2469,Escherichia coli,99.95,75,75,0,0,1.0,0.9943636363636364,0.9943636363636364,124,0.0112727272727272,5.711965508803374e-06,0.0034963374962269,496,0.1105193054306371,1.12727272727272
BAA-2340|BAA-2469,BAA-2340,BAA-2469,Escherichia coli,99.95,76,76,0,0,1.0,0.9943636363636364,0.9943636363636364,124,0.0112727272727272,1.1285864190746508e-05,0.0047611575780249,410,0.0035068698399945,1.12727272727272
BAA-2340|BAA-2469,BAA-2340,BAA-2469,Escherichia coli,99.95,78,78,0,0,1.0,0.9940909090909092,0.9940909090909092,130,0.0118181818181818,2.57564636685359e-06,0.0023754923551283,236,0.0055198643445141,1.18181818181818
BAA-2340|BAA-2469,BAA-2340,BAA-2469,Escherichia coli,99.95,79,79,0,0,1.0,0.9940909090909092,0.9940909090909092,130,0.0118181818181818,3.6425147258434265e-06,0.0031538657995501,430,0.0143937892687964,1.18181818181818
BAA-2340|BAA-2469,BAA-2340,BAA-2469,Escherichia coli,99.95,80,80,0,0,1.0,0.9940909090909092,0.9940909090909092,130,0.0118181818181818,7.725510118183898e-06,0.006619867241952,376,0.034178362075862,1.18181818181818
BAA-2340|BAA-2469,BAA-2340,BAA-2469,Escherichia coli,99.95,81,81,0,0,0.9999085505258344,0.9940909090909092,0.9940909090909092,131,0.0119090909090909,1.9249435681101268e-05,0.0064005115350555,352,0.0729986353654728,1.19090909090909
BAA-2340|BAA-2469,BAA-2340,BAA-2469,Escherichia coli,99.95,82,82,0,0,1.0,0.9940909090909092,0.9940909090909092,130,0.0118181818181818,6.293809188595567e-06,0.0067192794310519,91,0.000391489865041,1.18181818181818
BAA-2340|BAA-2469,BAA-2340,BAA-2469,Escherichia coli,99.95,83,83,0,0,0.9999085505258344,0.9940909090909092,0.9940909090909092,131,0.0119090909090909,4.400331030440796e-06,0.0033429223077964,227,0.0069637365832863,1.19090909090909
BAA-2340|BAA-2469,BAA-2340,BAA-2469,Escherichia coli,99.95,84,84,0,0,1.0,0.9940909090909092,0.9940909090909092,130,0.0118181818181818,9.369793643632107e-06,0.0046748520729146,397,0.0192519109403888,1.18181818181818
BAA-2340|BAA-2469,BAA-2340,BAA-2469,Escherichia coli,99.95,85,85,0,0,1.0,0.9940909090909092,0.9940909090909092,130,0.0118181818181818,5.9791250159868525e-06,0.0053172388014819,353,0.034081189232874,1.18181818181818
BAA-2340|BAA-2469,BAA-2340,BAA-2469,Escherichia coli,99.95,86,86,0,0,1.0,0.9940909090909092,0.9940909090909092,130,0.0118181818181818,1.007215893378266e-05,0.0084507809714982,23,0.0087111220381993,1.18181818181818
BAA-2340|BAA-2469,BAA-2340,BAA-2469,Escherichia coli,99.95,87,87,0,0,1.0,0.9940909090909092,0.9940909090909092,130,0.0118181818181818,3.552864155986768e-06,0.0054220189969933,148,0.0004597713170129,1.18181818181818
BAA-2340|BAA-2469,BAA-2340,BAA-2469,Escherichia coli,99.95,88,88,0,0,0.9999085505258344,0.9940909090909092,0.9940909090909092,131,0.0119090909090909,1.2307452297410926e-05,0.0053549831672933,230,0.001302351541359,1.19090909090909
BAA-2340|BAA-2469,BAA-2340,BAA-2469,Escherichia coli,99.95,89,89,0,0,1.0,0.9940909090909092,0.9940909090909092,130,0.0118181818181818,6.331854452756858e-06,0.0041972045326289,4,0.0265815440513784,1.18181818181818
BAA-2340|BAA-2469,BAA-2340,BAA-2469,Escherichia coli,99.95,90,90,0,0,1.0,0.9940909090909092,0.9940909090909092,130,0.0118181818181818,6.80348371262518e-06,0.0074595250820516,91,0.0251352825959996,1.18181818181818
BAA-2340|BAA-2469,BAA-2340,BAA-2469,Escherichia coli,99.95,91,91,0,0,1.0,0.9940909090909092,0.9940909090909092,130,0.0118181818181818,4.380786631230649e-06,0.0038354179391295,391,0.0036824735042833,1.18181818181818
BAA-2340|BAA-2469,BAA-2340,BAA-2469,Escherichia coli,99.95,92,92,0,0,1.0,0.9940909090909092,0.9940909090909092,130,0.0118181818181818,3.704292447226365e-06,0.002910310583756,87,0.0001095378754667,1.18181818181818
BAA-2340|BAA-2469,BAA-2340,BAA-2469,Escherichia coli,99.95,93,93,0,0,1.0,0.9940909090909092,0.9940909090909092,130,0.0118181818181818,1.1501812369862918e-05,0.0063699619194834,166,0.0482273790204297,1.18181818181818
BAA-2340|BAA-2469,BAA-2340,BAA-2469,Escherichia coli,99.95,94,94,0,0,1.0,0.9940909090909092,0.9940909090909092,130,0.0118181818181818,9.609457374382124e-06,0.0060012444249581,172,0.0080842941402456,1.18181818181818
BAA-2340|BAA-2469,BAA-2340,BAA-2469,Escherichia coli,99.95,95,95,0,0,1.0,0.9940909090909092,0.9940909090909092,130,0.0118181818181818,1.3703529399000658e-05,0.0087688065507664,428,0.0003467372036413,1.18181818181818
BAA-2340|BAA-2469,BAA-2340,BAA-2469,Escherichia coli,99.95,96,96,0,0,0.9999085505258344,0.9940909090909092,0.9940909090909092,131,0.0119090909090909,7.16907682152268e-06,0.0052858940981577,323,0.242732284954394,1.19090909090909
BAA-2340|BAA-2469,BAA-2340,BAA-2469,Escherichia coli,99.95,97,97,0,0,1.0,0.9940909090909092,0.9940909090909092,130,0.0118181818181818,1.3838823031742107e-05,0.0053348569673701,421,0.0129343641119799,1.18181818181818
BAA-2340|BAA-2469,BAA-2340,BAA-2469,Escherichia coli,99.95,98,98,0,0,0.9999085505258344,0.9940909090909092,0.9940909090909092,131,0.0119090909090909,7.664211556290823e-06,0.0042557878982558,442,0.0004693073947776,1.19090909090909
BAA-2340|BAA-2469,BAA-2340,BAA-2469,Escherichia coli,99.95,99,99,0,0,0.9999085505258344,0.9940909090909092,0.9940909090909092,131,0.0119090909090909,1.7724758063053514e-05,0.0172973350523311,215,0.0040240626440882,1.19090909090909
BAA-2340|BAA-2469,BAA-2340,BAA-2469,Escherichia coli,99.95,100,100,0,0,0.9999085505258344,0.9940909090909092,0.9940909090909092,131,0.0119090909090909,1.888607749900295e-05,0.0067348081469916,33,0.0007284558117236,1.19090909090909
BAA-2340|BAA-2469,BAA-2340,BAA-2469,Escherichia coli,99.95,101,101,0,0,1.0,0.9940909090909092,0.9940909090909092,130,0.0118181818181818,7.38801011035406e-06,0.0038542095588154,464,0.0038222419213185,1.18181818181818
BAA-2340|BAA-2469,BAA-2340,BAA-2469,Escherichia coli,99.95,102,102,0,0,1.0,0.9940909090909092,0.9940909090909092,130,0.0118181818181818,4.612681898219506e-06,0.0030768835904708,304,0.0019365144470262,1.18181818181818
BAA-2340|BAA-2469,BAA-2340,BAA-2469,Escherichia coli,99.95,103,103,0,0,0.9999085505258344,0.9940909090909092,0.9940909090909092,131,0.0119090909090909,5.346272777373429e-06,0.0056977813799467,62,0.002667863123213,1.19090909090909
BAA-2340|BAA-2469,BAA-2340,BAA-2469,Escherichia coli,99.95,104,104,0,0,1.0,0.9940909090909092,0.9940909090909092,130,0.0118181818181818,1.0991912867908129e-05,0.0063086799485972,257,0.0108748535196231,1.18181818181818
BAA-2340|BAA-2469,BAA-2340,BAA-2469,Escherichia coli,99.95,105,105,0,0,1.0,0.9940909090909092,0.9940909090909092,130,0.0118181818181818,4.131194125567284e-06,0.0028789936045941,27,0.0034526989488814,1.18181818181818
BAA-2340|BAA-2469,BAA-2340,BAA-2469,Escherichia coli,99.95,106,106,0,0,0.9999085505258344,0.9940909090909092,0.9940909090909092,131,0.0119090909090909,4.086932679614463e-06,0.0043685642569417,98,0.0074025711975047,1.19090909090909
BAA-2340|BAA-2469,BAA-2340,BAA-2469,Escherichia coli,99.95,107,107,0,0,0.9999085505258344,0.9940909090909092,0.9940909090909092,131,0.0119090909090909,1.656568305785644e-05,0.0057683317303054,138,0.0018364145266543,1.19090909090909
BAA-2340|BAA-2469,BAA-2340,BAA-2469,Escherichia coli,99.95,108,108,0,0,0.999817101051669,0.9940909090909092,0.9940909090909092,132,0.012,7.959237766308469e-06,0.0081285172065897,117,0.0023671694825133,1.2
BAA-2340|BAA-2469,BAA-2340,BAA-2469,Escherichia coli,99.95,109,109,0,0,0.999817101051669,0.9940909090909092,0.9940909090909092,132,0.012,4.057989185679567e-06,0.0035352887308386,256,0.0048976405839622,1.2
BAA-2340|BAA-2469,BAA-2340,BAA-2469,Escherichia coli,99.95,110,110,0,0,1.0,0.9940909090909092,0.9940909090909092,130,0.0118181818181818,3.463399134373546e-06,0.0030732244883333,316,0.0122029597549122,1.18181818181818
BAA-2340|BAA-2469,BAA-2340,BAA-2469,Escherichia coli,99.95,111,111,0,0,1.0,0.9940909090909092,0.9940909090909092,130,0.0118181818181818,6.174313698426026e-06,0.0072111755204899,226,0.0006306225345917,1.18181818181818
BAA-2340|BAA-2469,BAA-2340,BAA-2469,Escherichia coli,99.95,112,112,0,0,1.0,0.9940909090909092,0.9940909090909092,130,0.0118181818181818,1.1851814562646725e-05,0.0085212075097056,116,0.0161199133200724,1.18181818181818
BAA-2340|BAA-2469,BAA-2340,BAA-2469,Escherichia coli,99.95,113,113,0,0,1.0,0.9940909090909092,0.9940909090909092,130,0.0118181818181818,3.1353856720928164e-06,0.0025210520393993,314,0.002499642034959,1.18181818181818
BAA-2340|BAA-2469,BAA-2340,BAA-2469,Escherichia coli,99.95,114,114,0,0,0.999817134497577,0.9940909090909092,0.9942727272727272,130,0.0118181818181818,9.004957318259343e-06,0.0086631171217938,488,0.0389252102278481,1.18181818181818
BAA-2340|BAA-2469,BAA-2340,BAA-2469,Escherichia coli,99.95,115,115,0,0,1.0,0.9942727272727272,0.9942727272727272,126,0.0114545454545454,4.320412582914379e-06,0.0034906247205138,16,2.5032575077466035e-05,1.14545454545454
BAA-2340|BAA-2469,BAA-2340,BAA-2469,Escherichia coli,99.95,116,116,0,0,0.9980800877674164,0.9942727272727272,0.9925454545454544,166,0.015090909090909,1.4293502236695232e-05,0.0063951887686678,81,0.0096438250255621,1.5090909090909
BAA-2340|BAA-2469,BAA-2340,BAA-2469,Escherichia coli,99.95,117,117,0,0,1.0,0.9925454545454544,0.9925454545454544,164,0.0149090909090909,3.95377544093467e-06,0.0036051079923151,446,0.0125295865269532,1.4909090909090899
BAA-2340|BAA-2469,BAA-2340,BAA-2469,Escherichia coli,99.95,118,118,0,0,0.9999084081333578,0.9925454545454544,0.9925454545454544,165,0.015,4.054388915486484e-06,0.004452870121959,113,0.0004368899143246,1.5
BAA-2340|BAA-2469,BAA-2340,BAA-2469,Escherichia coli,99.95,119,119,0,0,1.0,0.9925454545454544,0.9925454545454544,164,0.0149090909090909,5.688994200614417e-06,0.0036071098068856,442,0.0006829384691304,1.4909090909090899
BAA-2340|BAA-2469,BAA-2340,BAA-2469,Escherichia coli,99.95,120,120,0,0,0.9999084081333578,0.9925454545454544,0.9925454545454544,165,0.015,6.389671890483228e-06,0.0040394658477724,270,0.0046170946574006,1.5
BAA-2340|BAA-2469,BAA-2340,BAA-2469,Escherichia coli,99.95,121,121,0,0,1.0,0.9925454545454544,0.9925454545454544,164,0.0149090909090909,3.974861338962299e-06,0.0033502118170582,305,0.0061466830732836,1.4909090909090899
BAA-2340|BAA-2469,BAA-2340,BAA-2469,Escherichia coli,99.95,122,122,0,0,1.0,0.9925454545454544,0.9925454545454544,164,0.0149090909090909,6.748074132811865e-06,0.0048516547287037,485,0.0070760343558965,1.4909090909090899
BAA-2340|BAA-2469,BAA-2340,BAA-2469,Escherichia coli,99.95,123,123,0,0,1.0,0.9925454545454544,0.9925454545454544,164,0.0149090909090909,6.538189325278054e-06,0.0038019512441247,164,0.0899994211535054,1.4909090909090899
BAA-2340|BAA-2469,BAA-2340,BAA-2469,Escherichia coli,99.95,124,124,0,0,0.9894669353361422,0.9925454545454544,0.9822727272727272,367,0.0333636363636363,3.002710695343413e-05,0.0086259172783338,311,0.0423127214905773,3.3363636363636298
BAA-2340|BAA-2469,BAA-2340,BAA-2469,Escherichia coli,99.95,125,125,0,0,0.998798299131078,0.9834545454545456,0.9822727272727272,390,0.0354545454545454,0.0002656898271828,0.0490920045980311,379,0.0009642901759785,3.5454545454545396
BAA-2340|BAA-2469,BAA-2340,BAA-2469,Escherichia coli,99.95,126,126,0,0,1.0,0.9822727272727272,0.9822727272727272,390,0.0354545454545454,8.302870250775918e-06,0.0077742467744115,320,0.0021476258962226,3.5454545454545396
BAA-2340|BAA-2469,BAA-2340,BAA-2469,Escherichia coli,99.95,127,127,0,0,1.0,0.9822727272727272,0.9822727272727272,390,0.0354545454545454,3.4806624250594e-06,0.0028455442145235,397,0.0269477517437369,3.5454545454545396
BAA-2340|BAA-2469,BAA-2340,BAA-2469,Escherichia coli,99.95,128,128,0,0,1.0,0.9822727272727272,0.9822727272727272,390,0.0354545454545454,4.3334280293683136e-05,0.0116365295008347,116,0.0167285667199119,3.5454545454545396
BAA-2340|BAA-2469,BAA-2340,BAA-2469,Escherichia coli,99.95,203,194,0,0,0.9903618839789052,0.9998181818181818,0.9998181818181818,110,0.01,8.935018080413748e-06,0.005517290561271,475,0.0017642366383729,1.0
BAA-2340|BAA-2469,BAA-2340,BAA-2469,Escherichia coli,99.95,204,195,0,0,1.0,0.9998181818181818,0.9998181818181818,4,0.0003636363636363,2.396786345282287e-06,0.0023790998475018,235,0.0019888775508907,0.036363636363630006
BAA-2340|BAA-2469,BAA-2340,BAA-2469,Escherichia coli,99.95,205,196,0,0,1.0,0.9998181818181818,0.9998181818181818,4,0.0003636363636363,7.926311715866774e-07,0.0012792876385489,316,0.0052190963598968,0.036363636363630006
BAA-2340|BAA-2469,BAA-2340,BAA-2469,Escherichia coli,99.95,206,197,0,0,0.9940903718519866,0.9998181818181818,0.9999090909090907,68,0.0061818181818181,2.426669891475441e-06,0.0023868815951761,132,0.0082196860986958,0.61818181818181
BAA-2340|BAA-2469,BAA-2340,BAA-2469,Escherichia coli,99.95,207,198,0,0,0.9975452313846712,0.9999090909090907,0.9999090909090907,29,0.0026363636363636,3.1529946771247097e-06,0.0027324785438687,75,0.0003607045371126,0.26363636363636
BAA-2340|BAA-2469,BAA-2340,BAA-2469,Escherichia coli,99.95,208,199,0,0,1.0,0.9999090909090907,0.9999090909090907,2,0.0001818181818181,2.401150102859795e-06,0.0023103023879017,164,0.0564383042006493,0.01818181818181
BAA-2340|BAA-2469,BAA-2340,BAA-2469,Escherichia coli,99.95,209,200,0,0,1.0,0.9999090909090907,0.9999090909090907,2,0.0001818181818181,1.1107730029102925e-06,0.0015340541635741,43,0.0125004991974464,0.01818181818181
BAA-2340|BAA-2469,BAA-2340,BAA-2469,Escherichia coli,99.95,210,201,0,0,1.0,0.9999090909090907,0.9999090909090907,2,0.0001818181818181,1.72706041268178e-06,0.001973413350002,68,0.0007452663798838,0.01818181818181
BAA-2340|BAA-2469,BAA-2340,BAA-2469,Escherichia coli,99.95,211,202,0,0,1.0,0.9999090909090907,0.9999090909090907,2,0.0001818181818181,1.6147175480041298e-06,0.0018008569847668,285,0.006968190954314,0.01818181818181
BAA-2340|BAA-2469,BAA-2340,BAA-2469,Escherichia coli,99.95,212,203,0,0,1.0,0.9999090909090907,0.9999090909090907,2,0.0001818181818181,7.277600173605236e-07,0.0012322657662882,208,0.0072132079885804,0.01818181818181
BAA-2340|BAA-2469,BAA-2340,BAA-2469,Escherichia coli,99.95,213,204,0,0,0.9999090826438768,0.9999090909090907,0.9999090909090907,3,0.0002727272727272,7.341853228703954e-07,0.0012400798872574,169,0.0003527537167954,0.02727272727272
BAA-2340|BAA-2469,BAA-2340,BAA-2469,Escherichia coli,99.95,214,205,0,0,1.0,0.9999090909090907,0.9999090909090907,2,0.0001818181818181,4.340514172085364e-06,0.0031918438228853,128,0.0013235319596113,0.01818181818181
BAA-2340|BAA-2469,BAA-2340,BAA-2469,Escherichia coli,99.95,215,206,0,0,0.9999090826438768,0.9999090909090907,0.9999090909090907,3,0.0002727272727272,4.250368309977048e-06,0.0036350474580059,430,0.0072708409019092,0.02727272727272
BAA-2340|BAA-2469,BAA-2340,BAA-2469,Escherichia coli,99.95,216,207,0,0,1.0,0.9999090909090907,0.9999090909090907,2,0.0001818181818181,3.119110663751812e-06,0.0027559242162308,239,0.0022791566396787,0.01818181818181
BAA-2340|BAA-2469,BAA-2340,BAA-2469,Escherichia coli,99.95,217,208,0,0,1.0,0.9999090909090907,0.9999090909090907,2,0.0001818181818181,1.147979888038719e-06,0.0015375600478465,159,0.0008055164712807,0.01818181818181
BAA-2340|BAA-3051,BAA-2340,BAA-3051,Escherichia coli,99.97,0,0,0,0,0.9852727272727272,1.0,0.9852727272727272,324,0.0294545454545454,2.371528880273921e-06,0.0058392633066469,486,0.0003261250350903,2.94545454545454
BAA-2340|BAA-3051,BAA-2340,BAA-3051,Escherichia coli,99.97,1,1,0,0,1.0,0.9852727272727272,0.9852727272727272,324,0.0294545454545454,4.726042831304511e-06,0.0079097868958128,341,0.0351385646680006,2.94545454545454
BAA-2469|BAA-3054,BAA-2469,BAA-3054,Escherichia coli,99.78,332,50,0,0,0.9999068987989944,0.9764545454545456,0.9764545454545456,519,0.0471818181818181,6.444182700793277e-06,0.0049412289695898,500,0.0181153504942025,4.71818181818181
BAA-2469|BAA-3054,BAA-2469,BAA-3054,Escherichia coli,99.78,333,51,0,0,1.0,0.9764545454545456,0.9764545454545456,518,0.047090909090909,1.0251578622111346e-05,0.0068988784435485,172,0.0001635951071279,4.7090909090909
BAA-2469|BAA-3054,BAA-2469,BAA-3054,Escherichia coli,99.78,334,52,0,0,1.0,0.9764545454545456,0.9764545454545456,518,0.047090909090909,3.207044088271438e-05,0.0102141252420303,364,0.0436729590264483,4.7090909090909
BAA-2469|BAA-3054,BAA-2469,BAA-3054,Escherichia coli,99.78,335,53,0,0,1.0,0.9764545454545456,0.9764545454545456,518,0.047090909090909,6.141251820523941e-06,0.0039873487863943,495,0.0006035449496475,4.7090909090909
BAA-2469|BAA-3054,BAA-2469,BAA-3054,Escherichia coli,99.78,336,54,0,0,0.9999068987989944,0.9764545454545456,0.9764545454545456,519,0.0471818181818181,6.272718864774873e-06,0.0038809798346677,494,0.0003043144041178,4.71818181818181
BAA-2469|BAA-3054,BAA-2469,BAA-3054,Escherichia coli,99.78,337,55,0,0,1.0,0.9764545454545456,0.9764545454545456,518,0.047090909090909,2.85915031700279e-05,0.0093784906574744,412,0.0003056125335081,4.7090909090909
BAA-2523|BAA-3170,BAA-2523,BAA-3170,Escherichia coli,97.62,1,1,0,0,0.9844093910491564,0.9912727272727272,0.9912727272727272,362,0.0329090909090909,2.3461834954163763e-05,0.0069913110500992,390,0.0040428723712504,3.29090909090909
BAA-2523|BAA-3170,BAA-2523,BAA-3170,Escherichia coli,97.62,385,365,0,0,0.990741589513246,0.9917272727272728,0.9916363636363636,284,0.0258181818181818,6.5179528555558974e-06,0.0036317325552555,406,0.0023117252895421,2.58181818181818
